"","KEGGID","Pvalue","OddsRatio","ExpCount","Count","Size","Term","Symbols"
"1","00190",0.000222667759488831,57.28125,0.150316455696203,3,5,"Oxidative phosphorylation","SDHB;SDHC;SDHD"
"2","05010",0.000849388966879419,13.3555555555556,0.481012658227848,4,16,"Alzheimer's disease","CACNA1D;SDHB;SDHC;SDHD"
"3","00020",0.00173172990691669,18.96875,0.270569620253165,3,9,"Citrate cycle (TCA cycle)","SDHB;SDHC;SDHD"
"4","05012",0.00173172990691669,18.96875,0.270569620253165,3,9,"Parkinson's disease","SDHB;SDHC;SDHD"
"5","05016",0.00303828584677194,8.81481481481481,0.661392405063291,4,22,"Huntington's disease","SDHB;SDHC;SDHD;TP53"
"6","04970",0.00681551222573483,10.2613636363636,0.420886075949367,3,14,"Salivary secretion","ATP1A1;ATP2B3;PRKACA"
"7","04010",0.010131029598588,4.1765447667087,2.01424050632911,6,67,"MAPK signaling pathway","CACNA1D;FGFR3;FGFR2;MAX;PRKACA;TP53"
"8","04310",0.0186203730018119,4.84166666666667,1.08227848101266,4,36,"Wnt signaling pathway","CTNNB1;PRKACA;TP53;WIF1"
"9","05200",0.0190901882630851,3.01276595744681,4.50949367088608,9,150,"Pathways in cancer","CTNNB1;EPAS1;FGFR3;FGFR2;MTOR;MAX;RET;TP53;VHL"
"10","05216",0.0278902474588476,5.559375,0.691455696202532,3,23,"Thyroid cancer","CTNNB1;RET;TP53"
"11","04260",0.0333946328681271,8.89705882352941,0.300632911392405,2,10,"Cardiac muscle contraction","ATP1A1;CACNA1D"
"12","04971",0.0400883047715325,7.89542483660131,0.330696202531646,2,11,"Gastric acid secretion","ATP1A1;PRKACA"
"13","04973",0.0400883047715325,7.89542483660131,0.330696202531646,2,11,"Carbohydrate digestion and absorption","ATP1A1;CACNA1D"
"14","04020",0.0426583357932365,4.6015625,0.811708860759494,3,27,"Calcium signaling pathway","ATP2B3;CACNA1D;PRKACA"
"15","04930",0.0472497791879939,7.09411764705882,0.360759493670886,2,12,"Type II diabetes mellitus","CACNA1D;MTOR"
