"","KEGGID","Pvalue","OddsRatio","ExpCount","Count","Size","Term","Symbols"
"1","05223",7.79211329408165e-06,22.8461538461538,0.607594936708861,6,32,"Non-small cell lung cancer","BRAF;CDKN2A;HRAS;KRAS;NRAS;PIK3CA"
"2","05214",1.91544836369233e-05,19,0.70253164556962,6,37,"Glioma","BRAF;CDKN2A;HRAS;KRAS;NRAS;PIK3CA"
"3","05218",4.77039267416595e-05,15.7567567567568,0.816455696202532,6,43,"Melanoma","BRAF;CDKN2A;HRAS;KRAS;NRAS;PIK3CA"
"4","05219",5.16544313671257e-05,20.3741496598639,0.493670886075949,5,26,"Bladder cancer","BRAF;CDKN2A;HRAS;KRAS;NRAS"
"5","05220",7.14166911664884e-05,14.5,0.873417721518987,6,46,"Chronic myeloid leukemia","BRAF;CDKN2A;HRAS;KRAS;NRAS;PIK3CA"
"6","04810",8.11610794142975e-05,14.1219512195122,0.892405063291139,6,47,"Regulation of actin cytoskeleton","BRAF;FGFR2;HRAS;KRAS;NRAS;PIK3CA"
"7","04650",9.06124705245256e-05,17.7380952380952,0.550632911392405,5,29,"Natural killer cell mediated cytotoxicity","BRAF;HRAS;KRAS;NRAS;PIK3CA"
"8","05160",0.000107696304784289,17,0.569620253164557,5,30,"Hepatitis C","BRAF;HRAS;KRAS;NRAS;PIK3CA"
"9","05215",0.000183663598734548,11.9166666666667,1.0253164556962,6,54,"Prostate cancer","BRAF;FGFR2;HRAS;KRAS;NRAS;PIK3CA"
"10","05211",0.000233801710746353,14.047619047619,0.664556962025316,5,35,"Renal cell carcinoma","BRAF;HRAS;KRAS;NRAS;PIK3CA"
"11","05221",0.000233801710746353,14.047619047619,0.664556962025316,5,35,"Acute myeloid leukemia","BRAF;HRAS;KRAS;NRAS;PIK3CA"
"12","04720",0.000249639143535253,20.1666666666667,0.360759493670886,4,19,"Long-term potentiation","BRAF;HRAS;KRAS;NRAS"
"13","04730",0.000249639143535253,20.1666666666667,0.360759493670886,4,19,"Long-term depression","BRAF;HRAS;KRAS;NRAS"
"14","05213",0.000268900961008979,13.5714285714286,0.683544303797468,5,36,"Endometrial cancer","BRAF;HRAS;KRAS;NRAS;PIK3CA"
"15","04722",0.000351162041707563,12.7056277056277,0.721518987341772,5,38,"Neurotrophin signaling pathway","BRAF;HRAS;KRAS;NRAS;PIK3CA"
"16","04062",0.000351162041707563,12.7056277056277,0.721518987341772,5,38,"Chemokine signaling pathway","BRAF;HRAS;KRAS;NRAS;PIK3CA"
"17","04910",0.000451502774399311,11.9387755102041,0.759493670886076,5,40,"Insulin signaling pathway","BRAF;HRAS;KRAS;NRAS;PIK3CA"
"18","05216",0.000547090461192724,15.8157894736842,0.436708860759494,4,23,"Thyroid cancer","BRAF;HRAS;KRAS;NRAS"
"19","04012",0.000798493312414512,10.3571428571429,0.854430379746835,5,45,"ErbB signaling pathway","BRAF;HRAS;KRAS;NRAS;PIK3CA"
"20","04370",0.000895212784277944,13.5909090909091,0.493670886075949,4,26,"VEGF signaling pathway","HRAS;KRAS;NRAS;PIK3CA"
"21","04664",0.000895212784277944,13.5909090909091,0.493670886075949,4,26,"Fc epsilon RI signaling pathway","HRAS;KRAS;NRAS;PIK3CA"
"22","04360",0.00103998187454647,12.9782608695652,0.512658227848101,4,27,"Axon guidance","DCC;HRAS;KRAS;NRAS"
"23","05200",0.00175025295082621,6.73239436619718,2.84810126582278,8,150,"Pathways in cancer","BRAF;CDKN2A;DCC;FGFR2;HRAS;KRAS;NRAS;PIK3CA"
"24","04662",0.00202221250085672,10.5714285714286,0.607594936708861,4,32,"B cell receptor signaling pathway","HRAS;KRAS;NRAS;PIK3CA"
"25","04146",0.00320604075273639,41.1333333333333,0.0949367088607595,2,5,"Peroxisome","IDH1;IDH2"
"26","05212",0.00352376449778258,8.89393939393939,0.70253164556962,4,37,"Pancreatic cancer","BRAF;CDKN2A;KRAS;PIK3CA"
"27","04660",0.00389701184555612,8.61764705882353,0.721518987341772,4,38,"T cell receptor signaling pathway","HRAS;KRAS;NRAS;PIK3CA"
"28","00480",0.00475819578115006,30.8,0.113924050632911,2,6,"Glutathione metabolism","IDH1;IDH2"
"29","04010",0.00507842358549074,6.42857142857143,1.27215189873418,5,67,"MAPK signaling pathway","BRAF;FGFR2;HRAS;KRAS;NRAS"
"30","05210",0.00517970363144371,7.87837837837838,0.778481012658228,4,41,"Colorectal cancer","BRAF;DCC;KRAS;PIK3CA"
"31","04530",0.00658495880697302,10.5438596491228,0.417721518987342,3,22,"Tight junction","HRAS;KRAS;NRAS"
"32","04540",0.00749063905884006,10,0.436708860759494,3,23,"Gap junction","HRAS;KRAS;NRAS"
"33","04914",0.00749063905884006,10,0.436708860759494,3,23,"Progesterone-mediated oocyte maturation","BRAF;KRAS;PIK3CA"
"34","04912",0.00951825372514408,9.06060606060606,0.474683544303797,3,25,"GnRH signaling pathway","HRAS;KRAS;NRAS"
"35","00020",0.0110612589399153,17.5142857142857,0.170886075949367,2,9,"Citrate cycle (TCA cycle)","IDH1;IDH2"
"36","04916",0.0159088740980895,7.32098765432099,0.569620253164557,3,30,"Melanogenesis","HRAS;KRAS;NRAS"
"37","04960",0.0165438504286132,13.5777777777778,0.208860759493671,2,11,"Aldosterone-regulated sodium reabsorption","KRAS;PIK3CA"
