"","KEGGID","Pvalue","OddsRatio","ExpCount","Count","Size","Term","Symbols"
"1","05215",2.08374477778287e-05,6.78516057585825,2.73417721518987,11,54,"Prostate cancer","ERBB2;FGFR1;FGFR2;MTOR;HRAS;KRAS;NRAS;PIK3CA;PTEN;RB1;TP53"
"2","05218",0.000117249400923123,6.51406649616368,2.17721518987342,9,43,"Melanoma","FGFR1;HGF;HRAS;KRAS;NRAS;PIK3CA;PTEN;RB1;TP53"
"3","05219",0.000144843940465135,8.56210526315789,1.31645569620253,7,26,"Bladder cancer","ERBB2;FGFR3;HRAS;KRAS;NRAS;RB1;TP53"
"4","05214",0.000241836762160957,6.5632183908046,1.87341772151899,8,37,"Glioma","MTOR;HRAS;KRAS;NRAS;PIK3CA;PTEN;RB1;TP53"
"5","04910",0.000432660904463034,5.91666666666667,2.0253164556962,8,40,"Insulin signaling pathway","MTOR;HRAS;KRAS;NRAS;PIK3CA;PRKAR2B;TSC1;TSC2"
"6","05223",0.00059628478007372,6.44,1.62025316455696,7,32,"Non-small cell lung cancer","ERBB2;HRAS;KRAS;NRAS;PIK3CA;RB1;TP53"
"7","05213",0.00127858998079781,5.51310344827586,1.82278481012658,7,36,"Endometrial cancer","ERBB2;HRAS;KRAS;NRAS;PIK3CA;PTEN;TP53"
"8","05200",0.00276782717149268,3.03921568627451,7.59493670886076,15,150,"Pathways in cancer","ERBB2;FGFR1;FGFR3;FGFR2;MTOR;MSH6;HGF;HRAS;KRAS;MSH2;NRAS;PIK3CA;PTEN;RB1;TP53"
"9","04115",0.00344100893758917,6.35076252723312,1.11392405063291,5,22,"p53 signaling pathway","ATM;MDM4;PTEN;TP53;TSC2"
"10","04540",0.00423854648091888,5.98765432098765,1.16455696202532,5,23,"Gap junction","GNAS;HRAS;KRAS;NRAS;TUBB3"
"11","04012",0.00500286367602519,4.14105263157895,2.27848101265823,7,45,"ErbB signaling pathway","ERBB2;ERBB3;MTOR;HRAS;KRAS;NRAS;PIK3CA"
"12","04810",0.00644323486486093,3.92,2.37974683544304,7,47,"Regulation of actin cytoskeleton","FGFR1;FGFR3;FGFR2;HRAS;KRAS;NRAS;PIK3CA"
"13","04320",0.00806119779253998,10.2413793103448,0.455696202531646,3,9,"Dorso-ventral axis formation","KRAS;NOTCH1;NOTCH2"
"14","04730",0.0122912231189375,5.57142857142857,0.962025316455696,4,19,"Long-term depression","GNAS;HRAS;KRAS;NRAS"
"15","05160",0.0138864964179537,4.25925925925926,1.51898734177215,5,30,"Hepatitis C","HRAS;KRAS;NRAS;PIK3CA;TP53"
"16","04530",0.0208159339887003,4.61904761904762,1.11392405063291,4,22,"Tight junction","HRAS;KRAS;NRAS;PTEN"
"17","05220",0.0227001761420075,3.23076923076923,2.32911392405063,6,46,"Chronic myeloid leukemia","HRAS;KRAS;NRAS;PIK3CA;RB1;TP53"
"18","05216",0.024305910306128,4.36842105263158,1.16455696202532,4,23,"Thyroid cancer","HRAS;KRAS;NRAS;TP53"
"19","05211",0.0263351332018168,3.51851851851852,1.77215189873418,5,35,"Renal cell carcinoma","HGF;HRAS;KRAS;NRAS;PIK3CA"
"20","05221",0.0263351332018168,3.51851851851852,1.77215189873418,5,35,"Acute myeloid leukemia","MTOR;HRAS;KRAS;NRAS;PIK3CA"
"21","04912",0.0323092696165225,3.93877551020408,1.26582278481013,4,25,"GnRH signaling pathway","GNAS;HRAS;KRAS;NRAS"
"22","04150",0.0323092696165225,3.93877551020408,1.26582278481013,4,25,"mTOR signaling pathway","MTOR;PIK3CA;TSC1;TSC2"
"23","04210",0.0323092696165225,3.93877551020408,1.26582278481013,4,25,"Apoptosis","ATM;PIK3CA;PRKAR2B;TP53"
"24","03430",0.0328145311385305,9.93333333333333,0.30379746835443,2,6,"Mismatch repair","MSH6;MSH2"
"25","05212",0.0328620694564325,3.28703703703704,1.87341772151899,5,37,"Pancreatic cancer","ERBB2;KRAS;PIK3CA;RB1;TP53"
"26","04722",0.0364797559151957,3.18181818181818,1.92405063291139,5,38,"Neurotrophin signaling pathway","HRAS;KRAS;NRAS;PIK3CA;TP53"
"27","04370",0.0368341043527006,3.75324675324675,1.31645569620253,4,26,"VEGF signaling pathway","HRAS;KRAS;NRAS;PIK3CA"
"28","04664",0.0368341043527006,3.75324675324675,1.31645569620253,4,26,"Fc epsilon RI signaling pathway","HRAS;KRAS;NRAS;PIK3CA"
"29","04010",0.0426090990585518,2.52,3.39240506329114,7,67,"MAPK signaling pathway","FGFR1;FGFR3;FGFR2;HRAS;KRAS;NRAS;TP53"
"30","05210",0.0487969128226014,2.90123456790123,2.07594936708861,5,41,"Colorectal cancer","MSH6;KRAS;MSH2;PIK3CA;TP53"
