"","KEGGID","Pvalue","OddsRatio","ExpCount","Count","Size","Term","Symbols"
"1","05221",6.46326434390624e-06,4.99847172694855,9.58069620253165,22,35,"Acute myeloid leukemia","ARAF;CCND1;BRAF;RUNX1;RUNX1T1;CEBPA;FLT3;MTOR;HRAS;KIT;KRAS;MYC;NRAS;PIK3CA;PML;MAPK1;MAP2K1;RARA;STAT3;STAT5B;ZBTB16;LEF1"
"2","04630",0.0013887824312167,2.86928104575163,10.9493670886076,20,40,"Jak-STAT signaling pathway","CCND1;CBL;CBLB;CCND2;CCND3;CREBBP;CSF3R;EP300;IL7R;JAK1;JAK2;JAK3;MPL;MYC;PIK3CA;PTPN11;STAT3;STAT5B;CBLC;CRLF2"
"3","05220",0.00168505359142721,2.64072847682119,12.5917721518987,22,46,"Chronic myeloid leukemia","ABL1;ARAF;CCND1;BCR;BRAF;RUNX1;CBL;CBLB;CDK6;CDKN2A;MECOM;HRAS;KRAS;MYC;NRAS;PIK3CA;MAPK1;MAP2K1;PTPN11;STAT5B;TP53;CBLC"
"4","05216",0.00255371114508434,3.648125,6.29588607594937,13,23,"Thyroid cancer","CCND1;BRAF;CTNNB1;HRAS;KRAS;MYC;NRAS;NTRK1;MAPK1;MAP2K1;TP53;CCDC6;LEF1"
"5","05214",0.00364562217968574,2.6893039049236,10.128164556962,18,37,"Glioma","ARAF;CCND1;BRAF;CAMK2D;CDK6;CDKN2A;MTOR;HRAS;KRAS;NRAS;PDGFRA;PDGFRB;PIK3CA;PLCG2;MAPK1;MAP2K1;PTEN;TP53"
"6","04650",0.00381400421937162,3.01763110307414,7.93829113924051,15,29,"Natural killer cell mediated cytotoxicity","FAS;ARAF;BRAF;HRAS;KRAS;LCK;NFATC2;NRAS;PIK3CA;PLCG2;MAPK1;MAP2K1;PTPN11;SYK;VAV3"
"7","05200",0.00509965808951868,1.71586134453782,41.0601265822785,54,150,"Pathways in cancer","ABL1;BIRC3;FAS;ARAF;ARNT;CCND1;BCL2;BCR;BRAF;CASP8;RUNX1;RUNX1T1;CBL;CBLB;CDK6;CDKN2A;CDKN2B;CEBPA;CREBBP;CSF1R;CSF3R;CTNNB1;DCC;EP300;MECOM;FGF2;FGFR1;FGFR3;FLT3;MTOR;HRAS;JAK1;KIT;KRAS;MYC;NRAS;NTRK1;PDGFRA;PDGFRB;PIK3CA;PLCG2;PML;MAPK1;MAP2K1;PTEN;RARA;STAT3;STAT5B;TP53;VHL;ZBTB16;CCDC6;CBLC;LEF1"
"8","05340",0.00658446953082794,8.20958083832335,2.18987341772152,6,8,"Primary immunodeficiency","BTK;IL7R;JAK3;LCK;PTPRC;TNFRSF13B"
"9","04110",0.00697545071368477,2.52361673414305,9.85443037974684,17,36,"Cell cycle","ABL1;ATM;ATR;CCND1;CCND2;CCND3;CDC20;CDK6;CDKN2A;CDKN2B;CDKN2C;CREBBP;EP300;MYC;RAD21;TP53;STAG2"
"10","05223",0.0122382737344764,2.46835443037975,8.75949367088608,15,32,"Non-small cell lung cancer","ARAF;CCND1;BRAF;CDK6;CDKN2A;FHIT;FOXO3;HRAS;KRAS;NRAS;PIK3CA;PLCG2;MAPK1;MAP2K1;TP53"
"11","04722",0.0134851522381791,2.27289377289377,10.4018987341772,17,38,"Neurotrophin signaling pathway","ABL1;BCL2;BRAF;CAMK2D;FOXO3;HRAS;KRAS;NFKBIE;NRAS;NTRK1;PIK3CA;PLCG2;MAPK1;MAP2K1;PTPN11;TP53;SH2B3"
"12","04320",0.0152819648067961,5.46107784431138,2.46360759493671,6,9,"Dorso-ventral axis formation","ETV6;KRAS;NOTCH1;NOTCH2;MAPK1;MAP2K1"
"13","04720",0.0157975068806134,3.06748466257669,5.20094936708861,10,19,"Long-term potentiation","ARAF;BRAF;CAMK2D;CREBBP;EP300;HRAS;KRAS;NRAS;MAPK1;MAP2K1"
"14","04115",0.0181466453856158,2.76543209876543,6.02215189873418,11,22,"p53 signaling pathway","FAS;ATM;ATR;CCND1;CASP8;CCND2;CCND3;CDK6;CDKN2A;PTEN;TP53"
"15","04120",0.0210426909382703,3.09375,4.65348101265823,9,17,"Ubiquitin mediated proteolysis","BIRC3;CBL;CBLB;CDC20;PML;VHL;HERC2;CBLC;FBXW7"
"16","04330",0.0224741080600415,3.8289156626506,3.28481012658228,7,12,"Notch signaling pathway","CREBBP;EP300;NOTCH1;NOTCH2;KAT2B;NCOR2;MAML2"
"17","05219",0.0283680889969756,2.36912156166815,7.11708860759494,12,26,"Bladder cancer","ARAF;CCND1;BRAF;CDKN2A;FGFR3;HRAS;KRAS;MYC;NRAS;MAPK1;MAP2K1;TP53"
"18","04012",0.039318795841068,1.85806451612903,12.3180379746835,18,45,"ErbB signaling pathway","ABL1;ABL2;ARAF;BRAF;CAMK2D;CBL;CBLB;MTOR;HRAS;KRAS;MYC;NRAS;PIK3CA;PLCG2;MAPK1;MAP2K1;STAT5B;CBLC"
"19","05213",0.0404654821606083,1.98010849909584,9.85443037974684,15,36,"Endometrial cancer","ARAF;CCND1;BRAF;CTNNB1;FOXO3;HRAS;KRAS;MYC;NRAS;PIK3CA;MAPK1;MAP2K1;PTEN;TP53;LEF1"
"20","04530",0.0497405968004446,2.28527607361963,6.02215189873418,10,22,"Tight junction","CTNNB1;HRAS;KRAS;MLLT4;MYH11;NRAS;PRKCH;PTEN;MAGI2;PARD3"
