"","KEGGID","Pvalue","OddsRatio","ExpCount","Count","Size","Term","Symbols"
"1","00534",0.00280418291812703,67.8888888888889,0.0949367088607595,2,3,"Glycosaminoglycan biosynthesis - heparan sulfate / heparin","EXT1;EXT2"
"2","05218",0.00830658614812007,5.03508771929825,1.36075949367089,5,43,"Melanoma","CDKN2A;EGFR;FGFR1;PDGFRA;RAF1"
"3","04010",0.0132766114601207,3.8711943793911,2.12025316455696,6,67,"MAPK signaling pathway","EGFR;FGFR1;NF1;NFATC2;PDGFRA;RAF1"
"4","04974",0.023781750453689,11.2222222222222,0.253164556962025,2,8,"Protein digestion and absorption","COL1A1;COL2A1"
"5","05214",0.024527046007869,4.38636363636364,1.17088607594937,4,37,"Glioma","CDKN2A;EGFR;PDGFRA;RAF1"
"6","04510",0.0251633892949464,3.66666666666667,1.77215189873418,5,56,"Focal adhesion","COL1A1;COL2A1;EGFR;PDGFRA;RAF1"
"7","04540",0.0320357025005554,5.22352941176471,0.727848101265823,3,23,"Gap junction","EGFR;PDGFRA;RAF1"
"8","05219",0.0442428936511283,4.51918158567775,0.822784810126582,3,26,"Bladder cancer","CDKN2A;EGFR;RAF1"
