"","KEGGID","Pvalue","OddsRatio","ExpCount","Count","Size","Term","Symbols"
"1","05210",2.63688576498841e-09,7.82061579651941,6.87658227848101,23,41,"Colorectal cancer","AKT1;APC;ARAF;BRAF;CTNNB1;FOS;MSH6;JUN;KRAS;SMAD2;SMAD3;SMAD4;MLH1;MSH2;PIK3CA;PIK3R1;MAP2K1;TCF7L2;TGFB1;TGFBR2;TP53;AXIN1;AXIN2"
"2","05200",1.58752584095729e-08,3.6173354177523,25.1582278481013,49,150,"Pathways in cancer","AKT1;APC;ARAF;BMP4;BRAF;BRCA2;CDH1;CDKN1A;CDKN1B;CTNNB1;DVL1;EGFR;EP300;EPAS1;ERBB2;FGFR1;FGFR2;FOS;GSTP1;MSH6;HIF1A;HRAS;JUN;KRAS;LAMA5;LAMC1;SMAD2;SMAD3;SMAD4;MAX;MDM2;MET;MLH1;MMP2;MSH2;NRAS;NTRK1;PIK3CA;PIK3R1;MAP2K1;PTEN;PTGS2;TCF7L2;TGFB1;TGFBR2;TP53;VEGFA;AXIN1;AXIN2"
"3","05213",4.45124962241681e-08,7.41279069767442,6.0379746835443,20,36,"Endometrial cancer","AKT1;APC;ARAF;BRAF;CDH1;CTNNB1;EGFR;ERBB2;HRAS;KRAS;MLH1;NRAS;PIK3CA;PIK3R1;MAP2K1;PTEN;TCF7L2;TP53;AXIN1;AXIN2"
"4","04012",1.0224768661724e-06,5.16764705882353,7.54746835443038,21,45,"ErbB signaling pathway","AKT1;ARAF;AREG;BRAF;CDKN1A;CDKN1B;EGFR;EIF4EBP1;ERBB2;ERBB3;EREG;NRG1;HRAS;JUN;KRAS;NRAS;PIK3CA;PIK3R1;MAP2K1;MAP2K4;SRC"
"5","05215",9.38077590279501e-06,4.04315476190476,9.05696202531646,22,54,"Prostate cancer","AKT1;ARAF;BRAF;CDKN1A;CDKN1B;CTNNB1;EGFR;EP300;ERBB2;FGFR1;FGFR2;GSTP1;HRAS;KRAS;MDM2;NRAS;PIK3CA;PIK3R1;MAP2K1;PTEN;TCF7L2;TP53"
"6","05219",1.04558693219048e-05,6.51811594202899,4.36075949367089,14,26,"Bladder cancer","ARAF;BRAF;CDH1;CDKN1A;EGFR;ERBB2;HRAS;KRAS;MDM2;MMP2;NRAS;MAP2K1;TP53;VEGFA"
"7","05212",1.7211430243068e-05,4.83258426966292,6.20569620253165,17,37,"Pancreatic cancer","AKT1;ARAF;BRAF;BRCA2;EGFR;ERBB2;KRAS;SMAD2;SMAD3;SMAD4;PIK3CA;PIK3R1;MAP2K1;TGFB1;TGFBR2;TP53;VEGFA"
"8","05211",3.43679395653672e-05,4.74385964912281,5.87025316455696,16,35,"Renal cell carcinoma","AKT1;ARAF;BRAF;EP300;EPAS1;HIF1A;HRAS;JUN;KRAS;MET;NRAS;PIK3CA;PIK3R1;MAP2K1;TGFB1;VEGFA"
"9","04310",5.32163811434132e-05,4.49777777777778,6.0379746835443,16,36,"Wnt signaling pathway","APC;CCND2;CTNNB1;DVL1;EP300;JUN;SMAD2;SMAD3;SMAD4;SFRP4;TCF7L2;TP53;AXIN1;AXIN2;DKK1;TBL1XR1"
"10","04520",0.000170219063483591,4.76200716845878,4.69620253164557,13,28,"Adherens junction","CDH1;CTNNB1;EGFR;EP300;ERBB2;FGFR1;SMAD2;SMAD3;SMAD4;MET;SRC;TCF7L2;TGFBR2"
"11","05218",0.000184970993821069,3.6732929991357,7.2120253164557,17,43,"Melanoma","AKT1;ARAF;BRAF;CDH1;CDKN1A;EGFR;FGFR1;HRAS;KRAS;MDM2;MET;NRAS;PIK3CA;PIK3R1;MAP2K1;PTEN;TP53"
"12","04510",0.000247185348716098,3.16537467700258,9.39240506329114,20,56,"Focal adhesion","AKT1;BRAF;CCND2;CTNNB1;EGFR;ERBB2;HRAS;JUN;KDR;LAMA5;LAMC1;MET;PIK3CA;PIK3R1;MAP2K1;PTEN;SRC;THBS2;VEGFA;PARVG"
"13","04350",0.000289387640439606,5.9837962962963,3.18670886075949,10,19,"TGF-beta signaling pathway","ACVR2A;BMP4;EP300;SMAD2;SMAD3;SMAD4;SMAD7;TGFB1;TGFBR2;THBS2"
"14","05220",0.000488751446875707,3.27353738860907,7.71518987341772,17,46,"Chronic myeloid leukemia","AKT1;ARAF;BRAF;CDKN1A;CDKN1B;HRAS;KRAS;SMAD3;SMAD4;MDM2;NRAS;PIK3CA;PIK3R1;MAP2K1;TGFB1;TGFBR2;TP53"
"15","03430",0.00063652994821584,25.990099009901,1.00632911392405,5,6,"Mismatch repair","MSH6;MLH1;MSH2;PMS2;POLD3"
"16","05214",0.00125142020961998,3.32797731568998,6.20569620253165,14,37,"Glioma","AKT1;ARAF;BRAF;CDKN1A;EGFR;HRAS;KRAS;MDM2;NRAS;PIK3CA;PIK3R1;MAP2K1;PTEN;TP53"
"17","04370",0.00150539219087861,3.94456140350877,4.36075949367089,11,26,"VEGF signaling pathway","AKT1;HRAS;KDR;KRAS;NRAS;PIK3CA;PIK3R1;MAP2K1;PTGS2;SRC;VEGFA"
"18","04720",0.0016053406698508,4.78762886597938,3.18670886075949,9,19,"Long-term potentiation","ARAF;BRAF;EP300;GRIA1;GRIN2A;HRAS;KRAS;NRAS;MAP2K1"
"19","04730",0.0016053406698508,4.78762886597938,3.18670886075949,9,19,"Long-term depression","ARAF;BRAF;GNAS;GRIA1;HRAS;KRAS;NOS1;NRAS;MAP2K1"
"20","05160",0.00163824611148591,3.60283687943262,5.03164556962025,12,30,"Hepatitis C","AKT1;ARAF;BRAF;CDKN1A;EGFR;HRAS;EIF3E;KRAS;NRAS;PIK3CA;PIK3R1;TP53"
"21","05217",0.00193711540649153,5.28571428571429,2.68354430379747,8,16,"Basal cell carcinoma","APC;BMP4;CTNNB1;DVL1;TCF7L2;TP53;AXIN1;AXIN2"
"22","05216",0.00195913392046595,4.11057692307692,3.85759493670886,10,23,"Thyroid cancer","BRAF;CDH1;CTNNB1;HRAS;KRAS;NRAS;NTRK1;MAP2K1;TCF7L2;TP53"
"23","05223",0.00315848508016077,3.22978723404255,5.36708860759494,12,32,"Non-small cell lung cancer","AKT1;ARAF;BRAF;EGFR;ERBB2;HRAS;KRAS;NRAS;PIK3CA;PIK3R1;MAP2K1;TP53"
"24","04912",0.00414028148460791,3.54861111111111,4.19303797468354,10,25,"GnRH signaling pathway","EGFR;GNAS;HRAS;JUN;KRAS;MMP2;NRAS;MAP2K1;MAP2K4;SRC"
"25","05142",0.00774675479041116,2.92947368421053,5.19936708860759,11,31,"Chagas disease (American trypanosomiasis)","AKT1;FOS;GNAS;JUN;SMAD2;SMAD3;PIK3CA;PIK3R1;MAP2K4;TGFB1;TGFBR2"
"26","04320",0.00870025717319579,6.46039603960396,1.50949367088608,5,9,"Dorso-ventral axis formation","EGFR;ETV6;KRAS;NOTCH1;MAP2K1"
"27","04110",0.00955268004833641,2.67021276595745,6.0379746835443,12,36,"Cell cycle","ATM;CCND2;CDKN1A;CDKN1B;EP300;SMAD2;SMAD3;SMAD4;MDM2;RAD21;TGFB1;TP53"
"28","04144",0.0136965724040798,2.24358974358974,8.55379746835443,15,51,"Endocytosis","EGFR;ERBB3;FGFR2;HLA-C;HRAS;KDR;SMAD2;SMAD3;SMAD7;MDM2;MET;NTRK1;SRC;TGFB1;TGFBR2"
"29","05222",0.0138972044938556,2.77960526315789,4.86392405063291,10,29,"Small cell lung cancer","AKT1;CDKN1B;LAMA5;LAMC1;MAX;PIK3CA;PIK3R1;PTEN;PTGS2;TP53"
"30","04722",0.0152666327282776,2.45499181669394,6.37341772151899,12,38,"Neurotrophin signaling pathway","AKT1;BRAF;HRAS;JUN;KRAS;NRAS;NTRK1;PIK3CA;PIK3R1;MAP2K1;TP53;SH2B3"
"31","05221",0.0208771737377547,2.4219298245614,5.87025316455696,11,35,"Acute myeloid leukemia","AKT1;ARAF;BRAF;EIF4EBP1;HRAS;KRAS;NRAS;PIK3CA;PIK3R1;MAP2K1;TCF7L2"
"32","04540",0.0260799895940857,2.78095238095238,3.85759493670886,8,23,"Gap junction","EGFR;GNAS;HRAS;KRAS;NRAS;MAP2K1;SRC;TUBA1C"
"33","03030",0.0279092860438524,Inf,0.335443037974684,2,2,"DNA replication","POLE;POLD3"
"34","05014",0.0304026958399572,5.11764705882353,1.34177215189873,4,8,"Amyotrophic lateral sclerosis (ALS)","GRIA1;GRIN2A;NOS1;TP53"
"35","05020",0.0304026958399572,5.11764705882353,1.34177215189873,4,8,"Prion diseases","HSPA5;LAMC1;NOTCH1;MAP2K1"
"36","03410",0.0354910082138241,7.63106796116505,0.838607594936709,3,5,"Base excision repair","MUTYH;POLE;POLD3"
"37","05120",0.0357736108277779,3.67043847241867,2.0126582278481,5,12,"Epithelial cell signaling in Helicobacter pylori infection","EGFR;JUN;MET;MAP2K4;SRC"
"38","04810",0.0358717017959197,2.02277039848197,7.88291139240506,13,47,"Regulation of actin cytoskeleton","APC;ARAF;BRAF;EGFR;FGFR1;FGFR2;HRAS;KRAS;NRAS;PIK3CA;PIK3R1;MAP2K1;ARHGEF4"
"39","04010",0.0388118136784573,1.81842696629213,11.2373417721519,17,67,"MAPK signaling pathway","AKT1;BRAF;EGFR;FGFR1;FGFR2;FOS;HRAS;JUN;KRAS;MAX;NRAS;NTRK1;MAP2K1;MAP2K4;TGFB1;TGFBR2;TP53"
"40","04650",0.039024946638642,2.34742268041237,4.86392405063291,9,29,"Natural killer cell mediated cytotoxicity","ARAF;BRAF;HLA-C;HRAS;KRAS;NRAS;PIK3CA;PIK3R1;MAP2K1"
"41","04916",0.0480616470830357,2.23122238586156,5.03164556962025,9,30,"Melanogenesis","CTNNB1;DVL1;EP300;GNAS;HRAS;KRAS;NRAS;MAP2K1;TCF7L2"
