"","KEGGID","Pvalue","OddsRatio","ExpCount","Count","Size","Term","Symbols"
"1","05214",4.37171130360068e-06,6.3561872909699,3.86392405063291,14,37,"Glioma","BRAF;CDKN2A;EGFR;MTOR;KRAS;MDM2;NRAS;PDGFRA;PIK3CA;PIK3R1;PTEN;RAF1;RB1;TP53"
"2","05218",6.1752637849577e-06,5.65126050420168,4.49050632911392,15,43,"Melanoma","BRAF;CDKN2A;EGFR;HGF;KRAS;MDM2;MET;NRAS;PDGFRA;PIK3CA;PIK3R1;PTEN;RAF1;RB1;TP53"
"3","05200",9.98936546910973e-06,3.32701080432173,15.6645569620253,31,150,"Pathways in cancer","APC;BRAF;CASP8;CDKN2A;CDKN2B;CTNNB1;EGFR;EPAS1;FGFR3;MTOR;GLI2;HGF;HIF1A;KRAS;MDM2;MET;MLH1;MMP2;NRAS;PDGFRA;PIK3CA;PIK3R1;PTCH1;PTEN;RAF1;RB1;SMO;TP53;ZBTB16;AXIN1;SUFU"
"4","05219",1.56811980947517e-05,7.34666666666667,2.71518987341772,11,26,"Bladder cancer","BRAF;CDKN2A;EGFR;FGFR3;KRAS;MDM2;MMP2;NRAS;RAF1;RB1;TP53"
"5","04115",1.86990649992658e-05,8.24404761904762,2.29746835443038,10,22,"p53 signaling pathway","ATM;ATR;CASP8;CDKN2A;MDM2;MDM4;PTEN;TP53;TSC2;PPM1D"
"6","05213",1.88839938461672e-05,5.79081214109926,3.75949367088608,13,36,"Endometrial cancer","APC;BRAF;CTNNB1;EGFR;KRAS;MLH1;NRAS;PIK3CA;PIK3R1;PTEN;RAF1;TP53;AXIN1"
"7","05217",6.13717537845408e-05,9.62068965517241,1.67088607594937,8,16,"Basal cell carcinoma","APC;CTNNB1;GLI2;PTCH1;SMO;TP53;AXIN1;SUFU"
"8","00020",6.82937747362873e-05,18.7666666666667,0.939873417721519,6,9,"Citrate cycle (TCA cycle)","IDH1;IDH2;SDHA;SDHB;SDHC;SDHD"
"9","00190",0.00050405604569964,36.4516129032258,0.522151898734177,4,5,"Oxidative phosphorylation","SDHA;SDHB;SDHC;SDHD"
"10","05215",0.000551199057669706,3.54038461538462,5.63924050632911,14,54,"Prostate cancer","BRAF;CTNNB1;EGFR;MTOR;KRAS;MDM2;NRAS;PDGFRA;PIK3CA;PIK3R1;PTEN;RAF1;RB1;TP53"
"11","05223",0.000787054566891124,4.41558441558442,3.34177215189873,10,32,"Non-small cell lung cancer","BRAF;CDKN2A;EGFR;KRAS;NRAS;PIK3CA;PIK3R1;RAF1;RB1;TP53"
"12","05211",0.00172746343412797,3.86428571428571,3.65506329113924,10,35,"Renal cell carcinoma","BRAF;EPAS1;HGF;HIF1A;KRAS;MET;NRAS;PIK3CA;PIK3R1;RAF1"
"13","04110",0.00219339726440631,3.70879120879121,3.75949367088608,10,36,"Cell cycle","ATM;ATR;CDKN2A;CDKN2B;CDKN2C;MDM2;RB1;TP53;PTTG1;STAG2"
"14","05016",0.00472264449813304,4.35819209039548,2.29746835443038,7,22,"Huntington's disease","CASP8;POLR2A;SDHA;SDHB;SDHC;SDHD;TP53"
"15","05210",0.00627091290711349,3.08179723502304,4.28164556962025,10,41,"Colorectal cancer","APC;BRAF;CTNNB1;KRAS;MLH1;PIK3CA;PIK3R1;RAF1;TP53;AXIN1"
"16","05160",0.00832604140402671,3.41065830721003,3.13291139240506,8,30,"Hepatitis C","BRAF;EGFR;KRAS;NRAS;PIK3CA;PIK3R1;RAF1;TP53"
"17","05012",0.0091586639970062,7.23870967741935,0.939873417721519,4,9,"Parkinson's disease","SDHA;SDHB;SDHC;SDHD"
"18","05212",0.00978971515084117,3.03383458646617,3.86392405063291,9,37,"Pancreatic cancer","BRAF;CDKN2A;EGFR;KRAS;PIK3CA;PIK3R1;RAF1;RB1;TP53"
"19","04150",0.0102898048663757,3.6120527306968,2.61075949367089,7,25,"mTOR signaling pathway","BRAF;MTOR;HIF1A;PIK3CA;PIK3R1;TSC1;TSC2"
"20","05220",0.0147731312873151,2.62896825396825,4.80379746835443,10,46,"Chronic myeloid leukemia","BRAF;CDKN2A;KRAS;MDM2;NRAS;PIK3CA;PIK3R1;RAF1;RB1;TP53"
"21","04910",0.0165935498808274,2.72495755517827,4.17721518987342,9,40,"Insulin signaling pathway","BRAF;MTOR;KRAS;NRAS;PIK3CA;PIK3R1;RAF1;TSC1;TSC2"
"22","04810",0.0172050983491,2.5530888030888,4.90822784810127,10,47,"Regulation of actin cytoskeleton","APC;BRAF;EGFR;FGFR3;KRAS;NRAS;PDGFRA;PIK3CA;PIK3R1;RAF1"
"23","05010",0.0187458470040112,4.13561847988078,1.67088607594937,5,16,"Alzheimer's disease","CASP8;SDHA;SDHB;SDHC;SDHD"
"24","04340",0.0203950348407429,5.15207373271889,1.14873417721519,4,11,"Hedgehog signaling pathway","GLI2;PTCH1;SMO;SUFU"
"25","05221",0.0217524707568531,2.75351213282248,3.65506329113924,8,35,"Acute myeloid leukemia","BRAF;MTOR;KRAS;NRAS;PIK3CA;PIK3R1;RAF1;ZBTB16"
"26","04540",0.0249263327743309,3.22941176470588,2.40189873417722,6,23,"Gap junction","EGFR;GNAS;KRAS;NRAS;PDGFRA;RAF1"
"27","03020",0.0300868145609264,17.65625,0.313291139240506,2,3,"RNA polymerase","POLR2A;POLR3B"
"28","04912",0.036940580031047,2.87894736842105,2.61075949367089,6,25,"GnRH signaling pathway","EGFR;GNAS;KRAS;MMP2;NRAS;RAF1"
"29","04730",0.0389107561824615,3.23185011709602,1.98417721518987,5,19,"Long-term depression","BRAF;GNAS;KRAS;NRAS;RAF1"
