"","KEGGID","Pvalue","OddsRatio","ExpCount","Count","Size","Term","Symbols"
"1","05223",1.629250150719e-06,6.59493670886076,4.81012658227848,16,32,"Non-small cell lung cancer","AKT1;AKT2;CCND1;CDK4;CDK6;CDKN2A;ERBB2;FHIT;PDPK1;PIK3CA;PIK3CB;PIK3R1;PLCG2;RB1;TP53;AKT3"
"2","05218",1.66672862071943e-06,5.34375,6.46360759493671,19,43,"Melanoma","AKT1;AKT2;CCND1;CDH1;CDK4;CDK6;CDKN2A;FGF3;FGF4;FGFR1;HGF;MET;PIK3CA;PIK3CB;PIK3R1;PTEN;RB1;TP53;AKT3"
"3","05222",2.07894078108252e-06,7.00446428571429,4.35917721518987,15,29,"Small cell lung cancer","AKT1;AKT2;CCND1;CCNE1;CDK4;CDK6;CDKN1B;FHIT;PIK3CA;PIK3CB;PIK3R1;PTEN;RB1;TP53;AKT3"
"4","05215",2.35523179241563e-05,3.94509803921569,8.11708860759494,20,54,"Prostate cancer","AKT1;AKT2;AR;CCND1;CCNE1;CDKN1B;EP300;ERBB2;FGFR1;FGFR2;MTOR;PDPK1;PIK3CA;PIK3CB;PIK3R1;PTEN;RB1;TCF7L2;TP53;AKT3"
"5","04115",8.67942276393018e-05,6.26190476190476,3.30696202531646,11,22,"p53 signaling pathway","CCND1;CASP8;CCNE1;CDK4;CDK6;CDKN2A;MDM4;PTEN;TP53;PPM1D;CHEK2"
"6","05212",8.74844358213944e-05,4.38920454545455,5.56170886075949,15,37,"Pancreatic cancer","AKT1;AKT2;CCND1;BRCA2;CDK4;CDK6;CDKN2A;ERBB2;PIK3CA;PIK3CB;PIK3R1;RB1;TGFBR2;TP53;AKT3"
"7","05214",8.74844358213944e-05,4.38920454545455,5.56170886075949,15,37,"Glioma","AKT1;AKT2;CCND1;CDK4;CDK6;CDKN2A;MTOR;PIK3CA;PIK3CB;PIK3R1;PLCG2;PTEN;RB1;TP53;AKT3"
"8","05200",0.000228674372387857,2.39365273115655,22.5474683544304,37,150,"Pathways in cancer","AKT1;AKT2;BIRC5;AR;CCND1;BRCA2;CASP8;CCNE1;CDH1;CDK4;CDK6;CDKN1B;CDKN2A;CTNNA2;DVL1;EP300;ERBB2;FGF3;FGF4;FGFR1;FGFR2;MTOR;HGF;MET;MMP2;MMP9;PIK3CA;PIK3CB;PIK3R1;PLCG2;PTEN;RB1;RET;TCF7L2;TGFBR2;TP53;AKT3"
"9","04620",0.000235411755050681,5.27838827838828,3.60759493670886,11,24,"Toll-like receptor signaling pathway","AKT1;AKT2;CASP8;CD80;MYD88;PIK3CA;PIK3CB;PIK3R1;MAP2K4;AKT3;TAB2"
"10","05213",0.000266266970611764,4.04601571268238,5.41139240506329,14,36,"Endometrial cancer","AKT1;AKT2;CCND1;CDH1;CTNNA2;ERBB2;PDPK1;PIK3CA;PIK3CB;PIK3R1;PTEN;TCF7L2;TP53;AKT3"
"11","04210",0.00172804653840638,4.09411764705882,3.75791139240506,10,25,"Apoptosis","AKT1;AKT2;CASP8;MYD88;PIK3CA;PIK3CB;PIK3R1;PRKACB;TP53;AKT3"
"12","04973",0.00243147950335345,7.17303370786517,1.65348101265823,6,11,"Carbohydrate digestion and absorption","AKT1;AKT2;PIK3CA;PIK3CB;PIK3R1;AKT3"
"13","04070",0.00322606676082889,5.25994318181818,2.25474683544304,7,15,"Phosphatidylinositol signaling system","ITPR1;PIK3CA;PIK3CB;PIK3R1;PLCG2;PTEN;INPP4B"
"14","04666",0.00342018384755135,3.59861591695502,4.05854430379747,10,27,"Fc gamma R-mediated phagocytosis","AKT1;AKT2;FCGR2A;FCGR2B;FCGR3A;PIK3CA;PIK3CB;PIK3R1;PLCG2;AKT3"
"15","05220",0.00444733455884525,2.72762345679012,6.91455696202532,14,46,"Chronic myeloid leukemia","AKT1;AKT2;CCND1;CDK4;CDK6;CDKN1B;CDKN2A;PIK3CA;PIK3CB;PIK3R1;RB1;TGFBR2;TP53;AKT3"
"16","04380",0.0077742743057022,2.73092369477912,5.8623417721519,12,39,"Osteoclast differentiation","AKT1;AKT2;FCGR2A;FCGR2B;FCGR3A;PIK3CA;PIK3CB;PIK3R1;PLCG2;TGFBR2;AKT3;TAB2"
"17","05219",0.00923183585807166,3.20109439124487,3.90822784810127,9,26,"Bladder cancer","CCND1;CDH1;CDK4;CDKN2A;ERBB2;MMP2;MMP9;RB1;TP53"
"18","05142",0.0105810675063033,2.89075630252101,4.65981012658228,10,31,"Chagas disease (American trypanosomiasis)","AKT1;AKT2;CASP8;MYD88;PIK3CA;PIK3CB;PIK3R1;MAP2K4;TGFBR2;AKT3"
"19","04914",0.0136835177668613,3.2,3.45727848101266,8,23,"Progesterone-mediated oocyte maturation","AKT1;AKT2;PGR;PIK3CA;PIK3CB;PIK3R1;PRKACB;AKT3"
"20","04960",0.0151546799663398,4.91666666666667,1.65348101265823,5,11,"Aldosterone-regulated sodium reabsorption","PDPK1;PIK3CA;PIK3CB;PIK3R1;SGK1"
"21","00562",0.0151546799663398,4.91666666666667,1.65348101265823,5,11,"Inositol phosphate metabolism","PIK3CA;PIK3CB;PLCG2;PTEN;INPP4B"
"22","04722",0.0176419240671436,2.47354497354497,5.7120253164557,11,38,"Neurotrophin signaling pathway","AKT1;AKT2;MAP3K1;NTRK3;PIK3CA;PIK3CB;PIK3R1;PLCG2;TP53;AKT3;SH2B3"
"23","04330",0.0229255787998409,4.20634920634921,1.80379746835443,5,12,"Notch signaling pathway","DVL1;EP300;NOTCH1;NOTCH2;MAML2"
"24","04150",0.0232445458781326,2.81271129141312,3.75791139240506,8,25,"mTOR signaling pathway","AKT1;AKT2;MTOR;PDPK1;PIK3CA;PIK3CB;PIK3R1;AKT3"
"25","04012",0.0257199260417131,2.20810514786418,6.76424050632911,12,45,"ErbB signaling pathway","AKT1;AKT2;CDKN1B;ERBB2;ERBB4;MTOR;PIK3CA;PIK3CB;PIK3R1;PLCG2;MAP2K4;AKT3"
"26","02010",0.0262238354998874,8.72282608695652,0.751582278481013,3,5,"ABC transporters","ABCB1;ABCC3;ABCC4"
"27","04510",0.0283263267051484,2.03703703703704,8.41772151898734,14,56,"Focal adhesion","AKT1;AKT2;CCND1;COL1A1;ERBB2;HGF;MET;PDPK1;PIK3CA;PIK3CB;PIK3R1;PTEN;AKT3;PARVB"
"28","04664",0.0294724169981595,2.65134099616858,3.90822784810127,8,26,"Fc epsilon RI signaling pathway","AKT1;AKT2;PIK3CA;PIK3CB;PIK3R1;PLCG2;MAP2K4;AKT3"
"29","05210",0.0311132152632102,2.21309523809524,6.1629746835443,11,41,"Colorectal cancer","AKT1;AKT2;BIRC5;CCND1;PIK3CA;PIK3CB;PIK3R1;TCF7L2;TGFBR2;TP53;AKT3"
"30","04110",0.031309168061051,2.31221719457014,5.41139240506329,10,36,"Cell cycle","CCND1;CCNE1;CDK4;CDK6;CDKN1B;CDKN2A;EP300;RB1;TP53;CHEK2"
"31","05100",0.0345134455040268,2.76818181818182,3.30696202531646,7,22,"Bacterial invasion of epithelial cells","CDH1;CTNNA2;MET;PIK3CA;PIK3CB;PIK3R1;ELMO1"
"32","04520",0.0452077601020177,2.37701149425287,4.20886075949367,8,28,"Adherens junction","CDH1;CTNNA2;EP300;ERBB2;FGFR1;MET;TCF7L2;TGFBR2"
