"","KEGGID","Pvalue","OddsRatio","ExpCount","Count","Size","Term","Symbols"
"1","05160",9.32648493371572e-06,21.25,0.617088607594937,6,30,"Hepatitis C","EGFR;HRAS;KRAS;PIK3CA;MAPK1;TP53"
"2","05223",1.39540279927832e-05,19.5494505494506,0.658227848101266,6,32,"Non-small cell lung cancer","EGFR;HRAS;KRAS;PIK3CA;MAPK1;TP53"
"3","05213",2.88220892126158e-05,16.8285714285714,0.740506329113924,6,36,"Endometrial cancer","EGFR;HRAS;KRAS;PIK3CA;MAPK1;TP53"
"4","05214",3.40587088994493e-05,16.258064516129,0.761075949367089,6,37,"Glioma","EGFR;HRAS;KRAS;PIK3CA;MAPK1;TP53"
"5","04370",8.15871471155742e-05,17.797619047619,0.534810126582278,5,26,"VEGF signaling pathway","HRAS;KRAS;PIK3CA;MAPK1;SPHK1"
"6","05219",8.15871471155742e-05,17.797619047619,0.534810126582278,5,26,"Bladder cancer","EGFR;HRAS;KRAS;MAPK1;TP53"
"7","05218",8.40983722551453e-05,13.4826254826255,0.884493670886076,6,43,"Melanoma","EGFR;HRAS;KRAS;PIK3CA;MAPK1;TP53"
"8","04650",0.000142535615981367,15.4947916666667,0.596518987341772,5,29,"Natural killer cell mediated cytotoxicity","HLA-B;HRAS;KRAS;PIK3CA;MAPK1"
"9","05215",0.000318692103862706,10.1964285714286,1.11075949367089,6,54,"Prostate cancer","EGFR;HRAS;KRAS;PIK3CA;MAPK1;TP53"
"10","05211",0.000364765788288778,12.2708333333333,0.719936708860759,5,35,"Renal cell carcinoma","HIF1A;HRAS;KRAS;PIK3CA;MAPK1"
"11","05212",0.000479089560097685,11.46484375,0.761075949367089,5,37,"Pancreatic cancer","EGFR;KRAS;PIK3CA;MAPK1;TP53"
"12","04320",0.000533846535082143,30.65,0.185126582278481,3,9,"Dorso-ventral axis formation","EGFR;KRAS;MAPK1"
"13","04722",0.000545611869660549,11.0984848484848,0.781645569620253,5,38,"Neurotrophin signaling pathway","HRAS;KRAS;PIK3CA;MAPK1;TP53"
"14","04540",0.000771075899826511,14.0350877192982,0.473101265822785,4,23,"Gap junction","EGFR;HRAS;KRAS;MAPK1"
"15","05216",0.000771075899826511,14.0350877192982,0.473101265822785,4,23,"Thyroid cancer","HRAS;KRAS;MAPK1;TP53"
"16","04960",0.00102369642920391,22.9125,0.22626582278481,3,11,"Aldosterone-regulated sodium reabsorption","KRAS;PIK3CA;MAPK1"
"17","04912",0.00107601848142513,12.6560846560847,0.514240506329114,4,25,"GnRH signaling pathway","EGFR;HRAS;KRAS;MAPK1"
"18","04010",0.00107730448646529,7.84074941451991,1.37816455696203,6,67,"MAPK signaling pathway","EGFR;HRAS;KRAS;MAX;MAPK1;TP53"
"19","04012",0.00122872917599575,9.046875,0.925632911392405,5,45,"ErbB signaling pathway","EGFR;HRAS;KRAS;PIK3CA;MAPK1"
"20","04664",0.00125682417857233,12.0606060606061,0.534810126582278,4,26,"Fc epsilon RI signaling pathway","HRAS;KRAS;PIK3CA;MAPK1"
"21","05220",0.00136328626018472,8.8109756097561,0.94620253164557,5,46,"Chronic myeloid leukemia","HRAS;KRAS;PIK3CA;MAPK1;TP53"
"22","04810",0.00150864639972707,8.58630952380952,0.966772151898734,5,47,"Regulation of actin cytoskeleton","EGFR;HRAS;KRAS;PIK3CA;MAPK1"
"23","04662",0.00281703066901787,9.38095238095238,0.658227848101266,4,32,"B cell receptor signaling pathway","HRAS;KRAS;PIK3CA;MAPK1"
"24","05200",0.00363751597230851,5.37464788732394,3.08544303797468,8,150,"Pathways in cancer","EGFR;HIF1A;HRAS;KRAS;MAX;PIK3CA;MAPK1;TP53"
"25","03410",0.00377683324705625,37.3333333333333,0.102848101265823,2,5,"Base excision repair","POLE;XRCC1"
"26","05221",0.00395900213861975,8.43010752688172,0.719936708860759,4,35,"Acute myeloid leukemia","HRAS;KRAS;PIK3CA;MAPK1"
"27","04062",0.00538652294595413,7.64705882352941,0.781645569620253,4,38,"Chemokine signaling pathway","HRAS;KRAS;PIK3CA;MAPK1"
"28","04660",0.00538652294595413,7.64705882352941,0.781645569620253,4,38,"T cell receptor signaling pathway","HRAS;KRAS;PIK3CA;MAPK1"
"29","04720",0.00545911073838523,11.30625,0.390822784810127,3,19,"Long-term potentiation","HRAS;KRAS;MAPK1"
"30","04730",0.00545911073838523,11.30625,0.390822784810127,3,19,"Long-term depression","HRAS;KRAS;MAPK1"
"31","04910",0.00651269865319718,7.19753086419753,0.822784810126582,4,40,"Insulin signaling pathway","HRAS;KRAS;PIK3CA;MAPK1"
"32","05210",0.00713158919901128,6.99099099099099,0.843354430379747,4,41,"Colorectal cancer","KRAS;PIK3CA;MAPK1;TP53"
"33","04914",0.00950650800654412,8.985,0.473101265822785,3,23,"Progesterone-mediated oocyte maturation","KRAS;PIK3CA;MAPK1"
"34","04150",0.0120509242982598,8.14090909090909,0.514240506329114,3,25,"mTOR signaling pathway","HIF1A;PIK3CA;MAPK1"
"35","04360",0.0149589344826066,7.4375,0.555379746835443,3,27,"Axon guidance","HRAS;KRAS;MAPK1"
"36","04666",0.0149589344826066,7.4375,0.555379746835443,3,27,"Fc gamma R-mediated phagocytosis","PIK3CA;MAPK1;SPHK1"
"37","05222",0.0182397133487413,6.84230769230769,0.596518987341772,3,29,"Small cell lung cancer","MAX;PIK3CA;TP53"
"38","04916",0.0200221198345337,6.57777777777778,0.617088607594937,3,30,"Melanogenesis","HRAS;KRAS;MAPK1"
"39","04510",0.0216216841089332,4.84615384615385,1.15189873417722,4,56,"Focal adhesion","EGFR;HRAS;PIK3CA;MAPK1"
"40","04930",0.0229691169357615,11.0727272727273,0.246835443037975,2,12,"Type II diabetes mellitus","PIK3CA;MAPK1"
"41","00600",0.0407480591385988,51.5,0.0411392405063291,1,2,"Sphingolipid metabolism","SPHK1"
"42","03030",0.0407480591385988,51.5,0.0411392405063291,1,2,"DNA replication","POLE"
"43","04114",0.0496492434051963,6.85227272727273,0.370253164556962,2,18,"Oocyte meiosis","MAPK1;AURKA"
