"","KEGGID","Pvalue","OddsRatio","ExpCount","Count","Size","Term","Symbols"
"1","05218",5.01409545188925e-08,10.0485312899106,2.78955696202532,14,43,"Melanoma","AKT1;CCND1;CDKN2A;EGF;EGFR;FGFR1;KRAS;MDM2;MET;PIK3CA;PIK3CB;MAPK1;PTEN;TP53"
"2","05212",6.06217174130933e-08,10.96875,2.4003164556962,13,37,"Pancreatic cancer","AKT1;CCND1;CDKN2A;EGF;EGFR;KRAS;SMAD3;SMAD4;PIK3CA;PIK3CB;MAPK1;TGFA;TP53"
"3","05214",6.06217174130933e-08,10.96875,2.4003164556962,13,37,"Glioma","AKT1;CCND1;CDKN2A;EGF;EGFR;KRAS;MDM2;PIK3CA;PIK3CB;MAPK1;PTEN;TGFA;TP53"
"4","05220",1.34738768988899e-07,9.05787037037037,2.98417721518987,14,46,"Chronic myeloid leukemia","AKT1;CCND1;CDKN1B;CDKN2A;MECOM;KRAS;SMAD3;SMAD4;MDM2;PIK3CA;PIK3CB;MAPK1;PTPN11;TP53"
"5","05215",1.64758877886865e-07,8.16568047337278,3.50316455696203,15,54,"Prostate cancer","AKT1;CCND1;CDKN1B;EGF;EGFR;FGFR1;FGFR2;KRAS;MDM2;PIK3CA;PIK3CB;MAPK1;PTEN;TGFA;TP53"
"6","05223",1.05581306720628e-06,9.95238095238095,2.07594936708861,11,32,"Non-small cell lung cancer","AKT1;CCND1;CDKN2A;EGF;EGFR;KRAS;PIK3CA;PIK3CB;MAPK1;TGFA;TP53"
"7","05200",1.72371721756365e-05,4.18832236842105,9.73101265822785,22,150,"Pathways in cancer","AKT1;CCND1;CASP8;CDKN1B;CDKN2A;EGF;EGFR;MECOM;FGFR1;FGFR2;KRAS;SMAD3;SMAD4;MDM2;MET;NTRK1;PIK3CA;PIK3CB;MAPK1;PTEN;TGFA;TP53"
"8","05213",3.21975227085982e-05,7.00992555831265,2.33544303797468,10,36,"Endometrial cancer","AKT1;CCND1;EGF;EGFR;KRAS;PIK3CA;PIK3CB;MAPK1;PTEN;TP53"
"9","04012",4.52448633767369e-05,6.00686274509804,2.91930379746835,11,45,"ErbB signaling pathway","AKT1;AREG;CDKN1B;EGF;EGFR;NRG1;KRAS;PIK3CA;PIK3CB;MAPK1;TGFA"
"10","04722",5.44339071110675e-05,6.48617511520737,2.46518987341772,10,38,"Neurotrophin signaling pathway","AKT1;KRAS;NTRK1;NTRK2;NTRK3;PIK3CA;PIK3CB;MAPK1;PTPN11;TP53"
"11","05219",0.000103301482520264,7.71717171717172,1.68670886075949,8,26,"Bladder cancer","CCND1;CDKN2A;EGF;EGFR;KRAS;MDM2;MAPK1;TP53"
"12","04010",0.000111557650559789,4.61706349206349,4.34651898734177,13,67,"MAPK signaling pathway","AKT1;CACNA2D1;EGF;EGFR;MECOM;FGFR1;FGFR2;KRAS;NF1;NTRK1;NTRK2;MAPK1;TP53"
"13","04115",0.000237975079572446,7.90588235294118,1.42721518987342,7,22,"p53 signaling pathway","CCND1;CASP8;CDKN2A;MDM2;PTEN;TP53;TSC2"
"14","05160",0.000318280411689324,6.26997245179063,1.94620253164557,8,30,"Hepatitis C","AKT1;EGF;EGFR;KRAS;PIK3CA;PIK3CB;MAPK1;TP53"
"15","05210",0.00063056578445096,4.9130859375,2.65981012658228,9,41,"Colorectal cancer","AKT1;CCND1;KRAS;SMAD3;SMAD4;PIK3CA;PIK3CB;MAPK1;TP53"
"16","05211",0.00100162503336194,5.06397306397306,2.27056962025316,8,35,"Renal cell carcinoma","AKT1;KRAS;MET;PIK3CA;PIK3CB;MAPK1;PTPN11;TGFA"
"17","04320",0.00152283356686329,12.6702702702703,0.583860759493671,4,9,"Dorso-ventral axis formation","EGFR;KRAS;NOTCH1;MAPK1"
"18","05222",0.00154280586902772,5.32486631016043,1.88132911392405,7,29,"Small cell lung cancer","AKT1;CCND1;CDKN1B;PIK3CA;PIK3CB;PTEN;TP53"
"19","04510",0.00172347098053269,3.8218793828892,3.63291139240506,10,56,"Focal adhesion","AKT1;CCND1;EGF;EGFR;ITGA9;MET;PIK3CA;PIK3CB;MAPK1;PTEN"
"20","04810",0.00182984770270114,4.09292763157895,3.04905063291139,9,47,"Regulation of actin cytoskeleton","EGF;EGFR;FGFR1;FGFR2;ITGA9;KRAS;PIK3CA;PIK3CB;MAPK1"
"21","04210",0.00361629013101015,5.1609022556391,1.62183544303797,6,25,"Apoptosis","AKT1;CASP8;NTRK1;PIK3CA;PIK3CB;TP53"
"22","04960",0.00362288238115395,9.01930501930502,0.713607594936709,4,11,"Aldosterone-regulated sodium reabsorption","KRAS;PIK3CA;PIK3CB;MAPK1"
"23","04110",0.00583979277403195,3.98985801217039,2.33544303797468,7,36,"Cell cycle","CCND1;CDKN1B;CDKN2A;SMAD3;SMAD4;MDM2;TP53"
"24","04520",0.00663514277092463,4.43376623376623,1.81645569620253,6,28,"Adherens junction","EGFR;FGFR1;SMAD3;SMAD4;MET;MAPK1"
"25","04650",0.00796357848446294,4.23354037267081,1.88132911392405,6,29,"Natural killer cell mediated cytotoxicity","HLA-A;KRAS;PIK3CA;PIK3CB;MAPK1;PTPN11"
"26","05142",0.0111845385509325,3.88114285714286,2.01107594936709,6,31,"Chagas disease (American trypanosomiasis)","AKT1;CASP8;SMAD3;PIK3CA;PIK3CB;MAPK1"
"27","04144",0.0123078313214958,3.08949964763918,3.30854430379747,8,51,"Endocytosis","EGF;EGFR;FGFR2;HLA-A;SMAD3;MDM2;MET;NTRK1"
"28","04914",0.0126345401166707,4.4212962962963,1.49208860759494,5,23,"Progesterone-mediated oocyte maturation","AKT1;KRAS;PIK3CA;PIK3CB;MAPK1"
"29","05216",0.0126345401166707,4.4212962962963,1.49208860759494,5,23,"Thyroid cancer","CCND1;KRAS;NTRK1;MAPK1;TP53"
"30","04620",0.0151996112203766,4.1812865497076,1.55696202531646,5,24,"Toll-like receptor signaling pathway","AKT1;CASP8;PIK3CA;PIK3CB;MAPK1"
"31","04150",0.0180954414927182,3.96527777777778,1.62183544303797,5,25,"mTOR signaling pathway","AKT1;PIK3CA;PIK3CB;MAPK1;TSC2"
"32","05221",0.020244848783766,3.32216748768473,2.27056962025316,6,35,"Acute myeloid leukemia","AKT1;CCND1;KRAS;PIK3CA;PIK3CB;MAPK1"
"33","04370",0.0213383988268106,3.76984126984127,1.68670886075949,5,26,"VEGF signaling pathway","AKT1;KRAS;PIK3CA;PIK3CB;MAPK1"
"34","04664",0.0213383988268106,3.76984126984127,1.68670886075949,5,26,"Fc epsilon RI signaling pathway","AKT1;KRAS;PIK3CA;PIK3CB;MAPK1"
"35","04973",0.0290646191293102,5.75328947368421,0.713607594936709,3,11,"Carbohydrate digestion and absorption","AKT1;PIK3CA;PIK3CB"
"36","00562",0.0290646191293102,5.75328947368421,0.713607594936709,3,11,"Inositol phosphate metabolism","PIK3CA;PIK3CB;PTEN"
"37","05120",0.037026257628599,5.10526315789474,0.778481012658228,3,12,"Epithelial cell signaling in Helicobacter pylori infection","EGFR;MET;PTPN11"
"38","04930",0.037026257628599,5.10526315789474,0.778481012658228,3,12,"Type II diabetes mellitus","PIK3CA;PIK3CB;MAPK1"
"39","04910",0.0374245090549307,2.80840336134454,2.59493670886076,6,40,"Insulin signaling pathway","AKT1;KRAS;PIK3CA;PIK3CB;MAPK1;TSC2"
"40","04630",0.0374245090549307,2.80840336134454,2.59493670886076,6,40,"Jak-STAT signaling pathway","AKT1;CCND1;LIFR;PIK3CA;PIK3CB;PTPN11"
"41","04662",0.0487969128226014,2.90123456790123,2.07594936708861,5,32,"B cell receptor signaling pathway","AKT1;KRAS;PIK3CA;PIK3CB;MAPK1"
