"","KEGGID","Pvalue","OddsRatio","ExpCount","Count","Size","Term","Symbols"
"1","05200",6.77930116834492e-64,8.94886363636364,35.1051286420174,150,326,"Pathways in cancer","ABL1;AKT1;AKT2;APC;BIRC3;BIRC5;KLK3;FAS;AR;ARAF;RHOA;ARNT;CCND1;BCL2;BCR;BMP4;BRAF;BRCA2;CASP8;RUNX1;RUNX1T1;CBL;CBLB;CCNE1;CDH1;CDK4;CDK6;CDKN1A;CDKN1B;CDKN2A;CDKN2B;CEBPA;CREBBP;CSF1R;CSF3R;CTBP2;CTNNA2;CTNNB1;DAPK1;DCC;DVL1;EGF;EGFR;EP300;EPAS1;ERBB2;MECOM;FGF2;FGF3;FGF4;FGF10;FGF12;FGF13;FGFR1;FGFR3;FGFR2;FH;FOXO1;FLT3;FOS;MTOR;GLI1;GLI2;GSTP1;MSH6;HDAC2;HGF;HIF1A;HRAS;HSP90AA1;HSP90AB1;IGF1R;IKBKB;ITGA6;JAK1;JUN;KIT;KRAS;LAMA5;LAMC1;SMAD2;SMAD3;SMAD4;MAX;MDM2;MET;KITLG;MITF;MLH1;MMP2;MMP9;MSH2;MSH3;MYC;NFKB2;NFKBIA;NRAS;NTRK1;PDGFB;PDGFRA;PDGFRB;PIK3CA;PIK3CB;PIK3CD;PIK3R1;PIK3R2;PLCG1;PLCG2;PML;PPARG;MAPK1;MAP2K1;MAP2K2;PTCH1;PTEN;PTGS2;RAC1;RAF1;RALGDS;RARA;RB1;RET;SMO;STAT3;STAT5B;TCF7L2;TGFA;TGFB1;TGFBR1;TGFBR2;TP53;TPM3;TPR;VEGFA;VHL;WNT2B;ZBTB16;PAX8;CCDC6;NCOA4;AXIN1;AXIN2;AKT3;TFG;CBLC;CTNNA3;LEF1;SUFU;WNT4;LAMA1"
"2","05215",1.27565232984011e-30,13.8857142857143,9.58391548815812,54,89,"Prostate cancer","AKT1;AKT2;KLK3;AR;ARAF;CCND1;BCL2;BRAF;CCNE1;CDKN1A;CDKN1B;CREB1;CREBBP;CTNNB1;EGF;EGFR;EP300;ERBB2;FGFR1;FGFR2;FOXO1;MTOR;GSTP1;HRAS;HSP90AA1;HSP90AB1;IGF1R;IKBKB;KRAS;MDM2;NFKBIA;NRAS;PDGFB;PDGFRA;PDGFRB;PDPK1;PIK3CA;PIK3CB;PIK3CD;PIK3R1;PIK3R2;MAPK1;MAP2K1;MAP2K2;PTEN;RAF1;RB1;TCF7L2;TGFA;TP53;AKT3;LEF1;CREB3L2;CREB3L1"
"3","05220",3.03293870146853e-27,15.1472633042599,7.8609643891634,46,73,"Chronic myeloid leukemia","ABL1;AKT1;AKT2;ARAF;CCND1;BCR;BRAF;RUNX1;CBL;CBLB;CDK4;CDK6;CDKN1A;CDKN1B;CDKN2A;CTBP2;MECOM;HDAC2;HRAS;IKBKB;KRAS;SMAD3;SMAD4;MDM2;MYC;NFKBIA;NRAS;PIK3CA;PIK3CB;PIK3CD;PIK3R1;PIK3R2;MAPK1;MAP2K1;MAP2K2;PTPN11;RAF1;RB1;STAT5B;TGFB1;TGFBR1;TGFBR2;TP53;GAB2;AKT3;CBLC"
"4","05210",1.3078525388657e-25,17.2311659012167,6.67643550860453,41,62,"Colorectal cancer","AKT1;AKT2;APC;BIRC5;ARAF;RHOA;CCND1;BCL2;BRAF;CTNNB1;DCC;FOS;MSH6;JUN;KRAS;SMAD2;SMAD3;SMAD4;MLH1;MSH2;MSH3;MYC;PIK3CA;PIK3CB;PIK3CD;PIK3R1;PIK3R2;MAPK1;MAP2K1;RAC1;RAF1;RALGDS;TCF7L2;TGFB1;TGFBR1;TGFBR2;TP53;AXIN1;AXIN2;AKT3;LEF1"
"5","05218",1.62949185806684e-24,13.5815546931846,7.64559550178906,43,71,"Melanoma","AKT1;AKT2;ARAF;CCND1;BRAF;CDH1;CDK4;CDK6;CDKN1A;CDKN2A;EGF;EGFR;FGF2;FGF3;FGF4;FGF10;FGF12;FGF13;FGFR1;HGF;HRAS;IGF1R;KRAS;MDM2;MET;MITF;NRAS;PDGFB;PDGFRA;PDGFRB;PIK3CA;PIK3CB;PIK3CD;PIK3R1;PIK3R2;MAPK1;MAP2K1;MAP2K2;PTEN;RAF1;RB1;TP53;AKT3"
"6","05213",1.12295290009851e-23,19.7101510067114,5.59959107173283,36,52,"Endometrial cancer","AKT1;AKT2;APC;ARAF;CCND1;BRAF;CDH1;CTNNA2;CTNNB1;EGF;EGFR;ERBB2;FOXO3;HRAS;KRAS;MLH1;MYC;NRAS;PDPK1;PIK3CA;PIK3CB;PIK3CD;PIK3R1;PIK3R2;MAPK1;MAP2K1;MAP2K2;PTEN;RAF1;TCF7L2;TP53;AXIN1;AXIN2;AKT3;CTNNA3;LEF1"
"7","04012",1.05622378304238e-21,9.4822341202239,9.36854660078378,45,87,"ErbB signaling pathway","ABL1;ABL2;AKT1;AKT2;ARAF;AREG;BRAF;CAMK2D;CBL;CBLB;CDKN1A;CDKN1B;EGF;EGFR;EIF4EBP1;ERBB2;ERBB3;ERBB4;EREG;MTOR;NRG1;HRAS;JUN;KRAS;MYC;NRAS;PAK1;PIK3CA;PIK3CB;PIK3CD;PIK3R1;PIK3R2;PLCG1;PLCG2;MAPK1;MAP2K1;MAP2K2;MAP2K7;RAF1;MAP2K4;SRC;STAT5B;TGFA;AKT3;CBLC"
"8","05221",1.96607269183403e-20,13.8971372011573,6.13801329016868,35,57,"Acute myeloid leukemia","AKT1;AKT2;ARAF;CCND1;BRAF;RUNX1;RUNX1T1;CEBPA;EIF4EBP1;FLT3;MTOR;HRAS;IKBKB;KIT;KRAS;MYC;NRAS;PIK3CA;PIK3CB;PIM1;PIK3CD;PIK3R1;PIK3R2;PML;MAPK1;MAP2K1;MAP2K2;RAF1;RARA;STAT3;STAT5B;TCF7L2;ZBTB16;AKT3;LEF1"
"9","05214",6.19340470044165e-20,11.5686074429772,6.99948883966604,37,65,"Glioma","AKT1;AKT2;ARAF;CCND1;BRAF;CAMK2D;CDK4;CDK6;CDKN1A;CDKN2A;EGF;EGFR;MTOR;HRAS;IGF1R;KRAS;MDM2;NRAS;PDGFB;PDGFRA;PDGFRB;PIK3CA;PIK3CB;PIK3CD;PIK3R1;PIK3R2;PLCG1;PLCG2;MAPK1;MAP2K1;MAP2K2;PTEN;RAF1;RB1;TGFA;TP53;AKT3"
"10","05212",1.86925658582016e-18,9.80636618283677,7.53791105810189,37,70,"Pancreatic cancer","AKT1;AKT2;ARAF;CCND1;BRAF;BRCA2;CDK4;CDK6;CDKN2A;EGF;EGFR;ERBB2;IKBKB;JAK1;KRAS;SMAD2;SMAD3;SMAD4;PIK3CA;PIK3CB;PIK3CD;PIK3R1;PIK3R2;MAPK1;MAP2K1;RAC1;RAF1;RALGDS;RB1;STAT3;TGFA;TGFB1;TGFBR1;TGFBR2;TP53;VEGFA;AKT3"
"11","05223",4.05037754717251e-18,12.6424242424242,5.81495995910717,32,54,"Non-small cell lung cancer","AKT1;AKT2;ARAF;CCND1;BRAF;CDK4;CDK6;CDKN2A;EGF;EGFR;ERBB2;FHIT;FOXO3;HRAS;KRAS;NRAS;PDPK1;PIK3CA;PIK3CB;PIK3CD;PIK3R1;PIK3R2;PLCG1;PLCG2;MAPK1;MAP2K1;MAP2K2;RAF1;RB1;TGFA;TP53;AKT3"
"12","05216",9.66007660753789e-18,32.9263820470717,3.12284886692793,23,29,"Thyroid cancer","CCND1;BRAF;CDH1;CTNNB1;HRAS;KRAS;MYC;NRAS;NTRK1;PPARG;MAPK1;MAP2K1;MAP2K2;RET;TCF7L2;TP53;TPM3;TPR;PAX8;CCDC6;NCOA4;TFG;LEF1"
"13","05211",1.61389459470157e-16,8.71356783919598,7.53791105810189,35,70,"Renal cell carcinoma","AKT1;AKT2;ARAF;ARNT;BRAF;CREBBP;EP300;EPAS1;FH;HGF;HIF1A;HRAS;JUN;KRAS;MET;NRAS;PAK1;PDGFB;PIK3CA;PIK3CB;PIK3CD;PIK3R1;PIK3R2;MAPK1;MAP2K1;MAP2K2;PTPN11;RAC1;RAF1;TGFA;TGFB1;VEGFA;VHL;AKT3;FLCN"
"14","05219",1.33024700795201e-15,14.0002062706271,4.52274663486113,26,42,"Bladder cancer","ARAF;CCND1;BRAF;CDH1;CDK4;CDKN1A;CDKN2A;DAPK1;EGF;EGFR;ERBB2;FGFR3;HRAS;KRAS;MDM2;MMP2;MMP9;MYC;NRAS;MAPK1;MAP2K1;MAP2K2;RAF1;RB1;TP53;VEGFA"
"15","04662",8.89387564000977e-13,6.44217054263566,8.07633327653774,32,75,"B cell receptor signaling pathway","AKT1;AKT2;BTK;CD79A;CD79B;FCGR2B;FOS;HRAS;IKBKB;JUN;KRAS;NFATC2;NFKBIA;NFKBIE;NRAS;PIK3CA;PIK3CB;PIK3CD;PIK3R1;PIK3R2;PLCG2;MAPK1;MAP2K1;MAP2K2;RAC1;RAF1;SYK;BCL10;AKT3;VAV3;MALT1;CARD11"
"16","04510",4.5439663860679e-12,3.43856095679012,21.536888737434,56,200,"Focal adhesion","AKT1;AKT2;BIRC3;RHOA;CCND1;BCL2;BRAF;CCND2;CCND3;COL1A1;COL2A1;CTNNB1;EGF;EGFR;ERBB2;FLNB;FLT1;FLT4;ARHGAP35;HGF;HRAS;TNC;IGF1R;ITGA6;ITGA9;ITGB7;JUN;KDR;LAMA5;LAMC1;MET;PAK1;PDGFB;PDGFRA;PDGFRB;PDPK1;PIK3CA;PIK3CB;PIK3CD;PIK3R1;PIK3R2;MAPK1;MAP2K1;PTEN;RAC1;RAF1;SRC;THBS2;THBS3;VEGFA;BCAR1;AKT3;VAV3;PARVB;PARVG;LAMA1"
"17","04660",8.29031705744781e-12,4.72212602212602,11.6299199182143,38,108,"T cell receptor signaling pathway","AKT1;AKT2;RHOA;CBL;CBLB;CDK4;CTLA4;FOS;HRAS;IKBKB;IL2;ITK;JUN;KRAS;LCK;NFATC2;NFKBIA;NFKBIE;NRAS;PAK1;PIK3CA;PIK3CB;PIK3CD;PIK3R1;PIK3R2;PLCG1;MAPK1;MAP2K1;MAP2K2;MAP2K7;PTPRC;RAF1;BCL10;AKT3;VAV3;MALT1;CBLC;CARD11"
"18","04010",1.01433454475454e-11,2.97109144542773,28.8594309081615,67,268,"MAPK signaling pathway","AKT1;AKT2;FAS;BRAF;CACNA1B;CACNA1D;CACNA2D1;CACNB4;DAXX;GADD45A;DDIT3;DUSP6;EGF;EGFR;ELK4;MECOM;FGF2;FGF3;FGF4;FGF10;FGF12;FGF13;FGFR1;FGFR3;FGFR2;FGFR4;FLNB;FOS;HRAS;HSPB1;IKBKB;JUN;KRAS;STMN1;MAX;MAP3K1;MYC;NF1;NFATC2;NFKB2;NRAS;NTRK1;NTRK2;PAK1;PDGFB;PDGFRA;PDGFRB;PRKACA;PRKACB;MAPK1;MAP2K1;MAP2K2;MAP2K7;RAC1;RAF1;RASA1;MAP2K4;TGFB1;TGFBR1;TGFBR2;TNFRSF1A;TP53;PLA2G6;MAP3K13;AKT3;TAB2;CACNA2D3"
"19","04150",1.15512003243996e-11,7.94740374641528,5.59959107173283,25,52,"mTOR signaling pathway","AKT1;AKT2;BRAF;EIF4EBP1;MTOR;HIF1A;PDPK1;PIK3CA;PIK3CB;PIK3CD;PIK3R1;PIK3R2;PRKAA1;PRKAA2;MAPK1;RHEB;RPS6;STK11;TSC1;TSC2;VEGFA;EIF4E2;AKT3;ULK3;RICTOR"
"20","04520",4.97297991198126e-10,5.3486387049301,7.8609643891634,28,73,"Adherens junction","RHOA;CDH1;CREBBP;CTNNA2;CTNNB1;EGFR;EP300;ERBB2;FGFR1;IGF1R;SMAD2;SMAD3;SMAD4;MET;MLLT4;MAPK1;PTPRB;PTPRJ;RAC1;SRC;TCF7L2;TGFBR1;TGFBR2;WAS;FARP2;CTNNA3;LEF1;PARD3"
"21","04380",6.23942634379566e-10,3.80415711389431,13.7836087919577,39,128,"Osteoclast differentiation","AKT1;AKT2;BTK;CREB1;CSF1R;CYLD;FCGR2A;FCGR2B;FCGR3A;FOS;IKBKB;JAK1;JUN;LCK;MITF;NFATC2;NFKB2;NFKBIA;PIK3CA;PIK3CB;PIK3CD;PIK3R1;PIK3R2;PLCG2;PPARG;MAPK1;MAP2K1;MAP2K7;RAC1;SYK;TGFB1;TGFBR1;TGFBR2;TNFRSF1A;SOCS1;GAB2;AKT3;LILRB4;TAB2"
"22","04722",1.85450177543983e-09,3.70037453183521,13.6759243482706,38,127,"Neurotrophin signaling pathway","ABL1;AKT1;AKT2;RHOA;BCL2;BRAF;CAMK2D;FOXO3;HRAS;IKBKB;JUN;KRAS;MAP3K1;NFKBIA;NFKBIE;NRAS;NTRK1;NTRK2;NTRK3;PIK3CA;PIK3CB;PIK3CD;PIK3R1;PIK3R2;PLCG1;PLCG2;MAPK1;MAP2K1;MAP2K2;MAP2K7;PTPN11;RAC1;RAF1;TP53;YWHAE;AKT3;SH2B3;FRS2"
"23","04910",1.94754016378773e-09,3.54316050744622,14.8604532288294,40,138,"Insulin signaling pathway","AKT1;AKT2;ARAF;BRAF;CBL;CBLB;EIF4EBP1;FOXO1;MTOR;HRAS;IKBKB;KRAS;NRAS;PDE3A;PDPK1;PIK3CA;PIK3CB;PIK3CD;PIK3R1;PIK3R2;PRKAA1;PRKAA2;PRKACA;PRKACB;PRKAR1A;PRKAR2B;PRKCI;MAPK1;MAP2K1;MAP2K2;PYGL;RAF1;RHEB;RPS6;TSC1;TSC2;SOCS1;EIF4E2;AKT3;CBLC"
"24","04144",2.0389777295359e-09,2.97690189328744,21.6445731811211,51,201,"Endocytosis","RHOA;CBL;CBLB;CLTC;CSF1R;DAB2;DNM2;EGF;EGFR;EPS15;ERBB3;ERBB4;FGFR3;FGFR2;FGFR4;FLT1;HLA-A;HLA-B;HLA-C;HRAS;IGF1R;KDR;KIT;LDLR;SMAD2;SMAD3;SMAD7;MDM2;MET;NTRK1;PDGFRA;PML;PRKCI;RET;SH3GL1;SRC;TFRC;TGFB1;TGFBR1;TGFBR2;CXCR4;CLTCL1;USP8;RABEP1;STAM2;PSD3;CBLC;PARD3;ARAP3;CHMP4C;ARAP2"
"25","05222",5.91011922203617e-09,4.44944918265814,9.15317771340944,29,85,"Small cell lung cancer","AKT1;AKT2;BIRC3;CCND1;BCL2;CCNE1;CDK4;CDK6;CDKN1B;CDKN2B;FHIT;IKBKB;ITGA6;LAMA5;LAMC1;MAX;MYC;NFKBIA;PIK3CA;PIK3CB;PIK3CD;PIK3R1;PIK3R2;PTEN;PTGS2;RB1;TP53;AKT3;LAMA1"
"26","04110",1.22312070213684e-08,3.53424344112264,13.3528710172091,36,124,"Cell cycle","ABL1;ATM;ATR;CCND1;BUB1B;CCND2;CCND3;CCNE1;CDC20;CDK4;CDK6;CDKN1A;CDKN1B;CDKN2A;CDKN2B;CDKN2C;CREBBP;GADD45A;EP300;HDAC2;SMAD2;SMAD3;SMAD4;MDM2;MYC;RAD21;RB1;TFDP2;TGFB1;TP53;WEE1;YWHAE;MAD1L1;PTTG1;STAG2;CHEK2"
"27","04370",3.43725644689772e-08,4.45089108910891,8.18401772022491,26,76,"VEGF signaling pathway","AKT1;AKT2;HRAS;HSPB1;KDR;KRAS;NFATC2;NRAS;PIK3CA;PIK3CB;PIK3CD;PIK3R1;PIK3R2;PLCG1;PLCG2;MAPK1;MAP2K1;MAP2K2;PTGS2;RAC1;RAF1;SRC;VEGFA;PLA2G6;SPHK1;AKT3"
"28","05142",6.5847323935204e-08,3.64880450390901,11.1991821434657,31,104,"Chagas disease (American trypanosomiasis)","AKT1;AKT2;FAS;CALR;CASP8;FOS;GNA11;GNAQ;GNAS;IKBKB;IL2;JUN;SMAD2;SMAD3;MYD88;NFKBIA;PIK3CA;PIK3CB;PIK3CD;PIK3R1;PIK3R2;PPP2R1A;MAPK1;MAP2K4;TGFB1;TGFBR1;TGFBR2;TNFRSF1A;CFLAR;AKT3;PLCB1"
"29","04630",7.26205735397503e-08,3.00940070505288,16.6910887715113,40,155,"Jak-STAT signaling pathway","AKT1;AKT2;CCND1;CBL;CBLB;CCND2;CCND3;CREBBP;CSF3R;EP300;IL2;IL6ST;IL7R;IL13;JAK1;JAK2;JAK3;LEPR;LIFR;MPL;MYC;PIK3CA;PIK3CB;PIM1;PIK3CD;PIK3R1;PIK3R2;PTPN11;STAT3;STAT4;STAT5B;STAT6;SOCS1;AKT3;STAM2;CBLC;IL21R;CRLF2;IFNLR1;IFNL3"
"30","04664",8.46587808795593e-08,4.19652531290865,8.50707105128642,26,79,"Fc epsilon RI signaling pathway","AKT1;AKT2;BTK;HRAS;IL13;KRAS;NRAS;PIK3CA;PIK3CB;PIK3CD;PIK3R1;PIK3R2;PLCG1;PLCG2;MAPK1;MAP2K1;MAP2K2;MAP2K7;RAC1;RAF1;MAP2K4;SYK;PLA2G6;GAB2;AKT3;VAV3"
"31","04916",1.17446333431441e-07,3.62594169669178,10.8761288124042,30,101,"Melanogenesis","ADCY2;CAMK2D;CREB1;CREBBP;CTNNB1;DVL1;EP300;GNAQ;GNAS;HRAS;KIT;KRAS;MC1R;KITLG;MITF;NRAS;PRKACA;PRKACB;MAPK1;MAP2K1;MAP2K2;RAF1;TCF7L2;TYR;WNT2B;PLCB1;LEF1;WNT4;CREB3L2;CREB3L1"
"32","05145",7.43000320096525e-07,2.98146884171729,14.2143465667064,34,132,"Toxoplasmosis","AKT1;AKT2;BIRC3;BCL2;CASP8;HLA-DPB1;HLA-DQA1;HLA-DQB1;HLA-DRA;HLA-DRB1;IKBKB;ITGA6;JAK1;JAK2;LAMA5;LAMC1;LDLR;CIITA;MYD88;NFKBIA;PIK3CA;PIK3CB;PIK3CD;PIK3R1;PIK3R2;MAPK1;STAT3;TGFB1;TNFRSF1A;PLA2G6;SOCS1;AKT3;TAB2;LAMA1"
"33","04810",8.54067097351981e-07,2.45429924827515,22.9367865053672,47,213,"Regulation of actin cytoskeleton","APC;ARAF;RHOA;BRAF;EGF;EGFR;FGF2;FGF3;FGF4;FGF10;FGF12;FGF13;FGFR1;FGFR3;FGFR2;FGFR4;ARHGAP35;HRAS;ITGA6;ITGA9;ITGB7;KRAS;LIMK2;MSN;MYH9;NRAS;PAK1;PDGFB;PDGFRA;PDGFRB;PIK3CA;PIK3CB;PIK3CD;PIK3R1;PIK3R2;PIP4K2A;MAPK1;MAP2K1;MAP2K2;RAC1;RAF1;EZR;WAS;BCAR1;VAV3;ARHGEF12;ARHGEF4"
"34","04666",1.0623620654138e-06,3.44369063772049,10.122337706594,27,94,"Fc gamma R-mediated phagocytosis","AKT1;AKT2;DNM2;FCGR2A;FCGR2B;FCGR3A;LIMK2;PAK1;PIK3CA;PIK3CB;PIK3CD;PIK3R1;PIK3R2;PLCG1;PLCG2;MAPK1;MAP2K1;PTPRC;RAC1;RAF1;SYK;WAS;PLA2G6;SPHK1;GAB2;AKT3;VAV3"
"35","04115",1.17700986374943e-06,4.06992159657876,7.32254217072755,22,68,"p53 signaling pathway","FAS;ATM;ATR;CCND1;CASP8;CCND2;CCND3;CCNE1;CDK4;CDK6;CDKN1A;CDKN2A;DDB2;GADD45A;MDM2;MDM4;PTEN;RRM2;TP53;TSC2;PPM1D;CHEK2"
"36","05100",2.04419913519547e-06,3.89883879781421,7.53791105810189,22,70,"Bacterial invasion of epithelial cells","RHOA;CBL;CBLB;CDH1;CLTC;CTNNA2;CTNNB1;DNM2;MET;PIK3CA;PIK3CB;PIK3CD;PIK3R1;PIK3R2;RAC1;SRC;WAS;CLTCL1;BCAR1;ELMO1;CBLC;CTNNA3"
"37","04310",2.18994755379789e-06,2.71441186859767,16.1526665530755,36,150,"Wnt signaling pathway","APC;RHOA;CCND1;CAMK2D;CCND2;CCND3;CREBBP;CSNK1A1;CTBP2;CTNNB1;DVL1;EP300;JUN;SMAD2;SMAD3;SMAD4;MMP7;MYC;NFATC2;PPP2R1A;PPP2R5E;PRKACA;PRKACB;RAC1;SFRP4;TCF7L2;TP53;WNT2B;AXIN1;AXIN2;WIF1;DKK1;PLCB1;LEF1;WNT4;TBL1XR1"
"38","04210",2.6443358067651e-06,3.43771589520115,9.36854660078378,25,87,"Apoptosis","AKT1;AKT2;BIRC3;FAS;ATM;BCL2;CASP8;IKBKB;IL1RAP;MYD88;NFKBIA;NTRK1;PIK3CA;PIK3CB;PIK3CD;PIK3R1;PIK3R2;PRKACA;PRKACB;PRKAR1A;PRKAR2B;TNFRSF1A;TP53;CFLAR;AKT3"
"39","04914",2.43200558004929e-05,3.10167591940991,9.26086215709661,23,86,"Progesterone-mediated oocyte maturation","ADCY2;AKT1;AKT2;ARAF;BRAF;HSP90AA1;HSP90AB1;IGF1R;KRAS;PDE3A;PGR;PIK3CA;PIK3CB;PIK3CD;PIK3R1;PIK3R2;PRKACA;PRKACB;MAPK1;MAP2K1;RAF1;MAD1L1;AKT3"
"40","04912",4.55388339916568e-05,2.7968655163444,10.8761288124042,25,101,"GnRH signaling pathway","ADCY2;CACNA1D;CAMK2D;EGFR;GNA11;GNAQ;GNAS;HRAS;ITPR1;JUN;KRAS;MAP3K1;MMP2;NRAS;PRKACA;PRKACB;MAPK1;MAP2K1;MAP2K2;MAP2K7;RAF1;MAP2K4;SRC;PLA2G6;PLCB1"
"41","04540",5.33865756993083e-05,2.91424650148273,9.69159993184529,23,90,"Gap junction","ADCY2;EGF;EGFR;GNA11;GNAQ;GNAS;HRAS;ITPR1;KRAS;NRAS;PDGFB;PDGFRA;PDGFRB;PRKACA;PRKACB;MAPK1;MAP2K1;MAP2K2;RAF1;SRC;TUBB3;PLCB1;TUBA1C"
"42","05160",6.38872081265082e-05,2.45958982877588,14.4297154540808,30,134,"Hepatitis C","AKT1;AKT2;ARAF;BRAF;SCARB1;CDKN1A;EGF;EGFR;HRAS;IKBKB;EIF3E;JAK1;KRAS;LDLR;NFKBIA;NRAS;PIK3CA;PIK3CB;PIK3CD;PIK3R1;PIK3R2;PPP2R1A;MAPK1;RAF1;STAT3;TNFRSF1A;TP53;AKT3;TBK1;EIF2AK4"
"43","05330",7.09147464995621e-05,4.56172590199246,3.98432441642529,13,37,"Allograft rejection","FAS;CD80;CD86;HLA-A;HLA-B;HLA-C;HLA-DPB1;HLA-DQA1;HLA-DQB1;HLA-DRA;HLA-DRB1;IL2;PRF1"
"44","03440",7.96330520488934e-05,5.43904518329071,3.01516442324076,11,28,"Homologous recombination","BLM;BRCA2;NBN;RAD51C;RAD51B;RAD51D;RAD52;XRCC2;RAD54L;RAD50;POLD3"
"45","04062",8.77455714417873e-05,2.1547483666689,20.3523598568751,38,189,"Chemokine signaling pathway","ADCY2;AKT1;AKT2;RHOA;BRAF;FOXO3;HRAS;IKBKB;ITK;JAK2;JAK3;KRAS;NFKBIA;NRAS;PAK1;PIK3CA;PIK3CB;PIK3CD;PIK3R1;PIK3R2;PRKACA;PRKACB;MAPK1;MAP2K1;RAC1;RAF1;STAT3;STAT5B;WAS;CXCR4;BCAR1;ELMO1;AKT3;VAV3;PLCB1;GNG2;PARD3;PREX1"
"46","04720",9.89716070799125e-05,3.1517768608259,7.53791105810189,19,70,"Long-term potentiation","ARAF;BRAF;CAMK2D;CREBBP;EP300;GNAQ;GRIA1;GRIN2A;HRAS;ITPR1;KRAS;NRAS;PRKACA;PRKACB;MAPK1;MAP2K1;MAP2K2;RAF1;PLCB1"
"47","04730",9.89716070799125e-05,3.1517768608259,7.53791105810189,19,70,"Long-term depression","ARAF;BRAF;GNA11;GNAQ;GNAS;GRIA1;HRAS;IGF1R;ITPR1;KRAS;NOS1;NRAS;PPP2R1A;MAPK1;MAP2K1;MAP2K2;RAF1;PLA2G6;PLCB1"
"48","05217",0.000143539300166824,3.46187146187146,5.92264440279434,16,55,"Basal cell carcinoma","APC;BMP4;CTNNB1;DVL1;GLI1;GLI2;PTCH1;SMO;TCF7L2;TP53;WNT2B;AXIN1;AXIN2;LEF1;SUFU;WNT4"
"49","04620",0.000151914589796926,2.61082995951417,10.9838132560913,24,102,"Toll-like receptor signaling pathway","AKT1;AKT2;CASP8;CD80;CD86;FOS;IKBKB;JUN;MYD88;NFKBIA;PIK3CA;PIK3CB;PIK3CD;PIK3R1;PIK3R2;MAPK1;MAP2K1;MAP2K2;MAP2K7;RAC1;MAP2K4;AKT3;TAB2;TBK1"
"50","04650",0.000209559960937233,2.30576091505091,14.6450843414551,29,136,"Natural killer cell mediated cytotoxicity","FAS;ARAF;BRAF;FCGR3A;HLA-A;HLA-B;HLA-C;HRAS;KRAS;LCK;NFATC2;NRAS;PAK1;PIK3CA;PIK3CB;PIK3CD;PIK3R1;PIK3R2;PLCG1;PLCG2;PRF1;MAPK1;MAP2K1;MAP2K2;PTPN11;RAC1;RAF1;SYK;VAV3"
"51","05332",0.000233320650369534,3.90705054234941,4.41506219117396,13,41,"Graft-versus-host disease","FAS;CD80;CD86;HLA-A;HLA-B;HLA-C;HLA-DPB1;HLA-DQA1;HLA-DQB1;HLA-DRA;HLA-DRB1;IL2;PRF1"
"52","05320",0.000255708460801719,3.41670682027246,5.59959107173283,15,52,"Autoimmune thyroid disease","FAS;CD80;CD86;CTLA4;HLA-A;HLA-B;HLA-C;HLA-DPB1;HLA-DQA1;HLA-DQB1;HLA-DRA;HLA-DRB1;IL2;PRF1;TSHR"
"53","05416",0.000314794426424279,2.92313956401904,7.53791105810189,18,70,"Viral myocarditis","ABL1;ABL2;CCND1;CASP8;CD80;CD86;HLA-A;HLA-B;HLA-C;HLA-DPB1;HLA-DQA1;HLA-DQB1;HLA-DRA;HLA-DRB1;MYH9;MYH11;PRF1;RAC1"
"54","04940",0.000395196795551748,3.64518039849219,4.6304310785483,13,43,"Type I diabetes mellitus","FAS;CD80;CD86;HLA-A;HLA-B;HLA-C;HLA-DPB1;HLA-DQA1;HLA-DQB1;HLA-DRA;HLA-DRB1;IL2;PRF1"
"55","04360",0.000470435294682531,2.24671852211959,13.8912932356449,27,129,"Axon guidance","ABL1;RHOA;DCC;EPHA2;EPHA3;EPHB4;FES;HRAS;KRAS;ABLIM1;LIMK2;MET;NFATC2;NRAS;PAK1;MAPK1;RAC1;RASA1;ROBO2;CXCR4;NTN1;SRGAP3;PLXNC1;ARHGEF12;SEMA5B;SRGAP1;LRRC4C"
"56","03420",0.000506737010305448,3.52691646255667,4.73811552223547,13,44,"Nucleotide excision repair","DDB2;ERCC1;ERCC2;ERCC3;ERCC4;ERCC5;ERCC6;GTF2H1;POLE;RAD23B;XPA;XPC;POLD3"
"57","04320",0.000541062922781104,5.02921348314607,2.58442664849208,9,24,"Dorso-ventral axis formation","EGFR;ETS2;ETV6;KRAS;NOTCH1;NOTCH2;NOTCH4;MAPK1;MAP2K1"
"58","04920",0.000653735320079073,2.81084010840108,7.32254217072755,17,68,"Adipocytokine signaling pathway","AKT1;AKT2;ACSL3;MTOR;IKBKB;JAK2;LEPR;NFKBIA;NFKBIE;PRKAA1;PRKAA2;PTPN11;STAT3;STK11;TNFRSF1A;AKT3;ACSL6"
"59","04670",0.00113472367327091,2.20752288329519,12.4913954677117,24,116,"Leukocyte transendothelial migration","RHOA;RHOH;CTNNA2;CTNNB1;ARHGAP35;ITK;MLLT4;MMP2;MMP9;MSN;PIK3CA;PIK3CB;PIK3CD;PIK3R1;PIK3R2;PLCG1;PLCG2;PTPN11;RAC1;EZR;CXCR4;BCAR1;VAV3;CTNNA3"
"60","04350",0.00121008311821139,2.46625674488643,9.04549326972227,19,84,"TGF-beta signaling pathway","ACVR1;ACVR2A;RHOA;BMP4;CDKN2B;CREBBP;EP300;SMAD2;SMAD3;SMAD4;SMAD7;MYC;PPP2R1A;MAPK1;TGFB1;TGFBR1;TGFBR2;THBS2;THBS3"
"61","04672",0.00125522892871138,3.12144011077775,5.16885329698415,13,48,"Intestinal immune network for IgA production","TNFRSF17;CD80;CD86;HLA-DPB1;HLA-DQA1;HLA-DQB1;HLA-DRA;HLA-DRB1;IL2;ITGB7;TGFB1;CXCR4;TNFRSF13B"
"62","05140",0.0013073723566904,2.60440502586844,7.75327994547623,17,72,"Leishmaniasis","FCGR2A;FCGR3A;FOS;HLA-DPB1;HLA-DQA1;HLA-DQB1;HLA-DRA;HLA-DRB1;JAK1;JAK2;JUN;MYD88;NFKBIA;MAPK1;PTGS2;TGFB1;TAB2"
"63","04270",0.00256888517662051,2.08895245157759,12.4913954677117,23,116,"Vascular smooth muscle contraction","ACTA2;ADCY2;ARAF;RHOA;BRAF;CACNA1D;EDNRA;GNA11;GNAQ;GNAS;ITPR1;MYH11;PRKACA;PRKACB;PRKCH;MAPK1;MAP2K1;MAP2K2;RAF1;PLA2G6;KCNMB2;PLCB1;ARHGEF12"
"64","00020",0.00327692989924372,3.58816785141023,3.2305333106151,9,30,"Citrate cycle (TCA cycle)","DLST;FH;IDH1;IDH2;SDHA;SDHB;SDHC;SDHD;SUCLG2"
"65","04330",0.0032889896676238,2.87668202764977,5.06116885329698,12,47,"Notch signaling pathway","CREBBP;CTBP2;DVL1;EP300;HDAC2;NOTCH1;NOTCH2;NOTCH4;KAT2B;NUMBL;NCOR2;MAML2"
"66","04060",0.00353770104377197,1.64919163645819,28.5363775771,43,265,"Cytokine-cytokine receptor interaction","ACVR1;ACVR1B;ACVR2A;FAS;TNFRSF17;CSF1R;CSF3R;EGF;EGFR;FLT1;FLT3;FLT4;HGF;IL1RAP;IL2;IL6ST;IL7R;IL13;KDR;KIT;LEPR;LIFR;MET;KITLG;MPL;PDGFB;PDGFRA;PDGFRB;TGFB1;TGFBR1;TGFBR2;TNFRSF1A;VEGFA;CXCR4;TNFRSF14;TNFRSF6B;TNFRSF13B;IL21R;TNFRSF19;ACKR3;CRLF2;IFNLR1;IFNL3"
"67","04960",0.00389540057468213,2.97470261285128,4.52274663486113,11,42,"Aldosterone-regulated sodium reabsorption","ATP1A1;ATP1B2;KRAS;PDPK1;PIK3CA;PIK3CB;PIK3CD;PIK3R1;PIK3R2;MAPK1;SGK1"
"68","04930",0.00396690991392794,2.79623655913979,5.16885329698415,12,48,"Type II diabetes mellitus","CACNA1B;CACNA1D;MTOR;IKBKB;PDX1;PIK3CA;PIK3CB;PIK3CD;PIK3R1;PIK3R2;MAPK1;SOCS1"
"69","04973",0.00571956273275918,2.79334406870639,4.73811552223547,11,44,"Carbohydrate digestion and absorption","AKT1;AKT2;ATP1A1;ATP1B2;CACNA1D;PIK3CA;PIK3CB;PIK3CD;PIK3R1;PIK3R2;AKT3"
"70","04612",0.00608881994918705,2.24112554112554,8.18401772022491,16,76,"Antigen processing and presentation","B2M;CALR;CD74;CREB1;HLA-A;HLA-B;HLA-C;HLA-DPB1;HLA-DQA1;HLA-DQB1;HLA-DRA;HLA-DRB1;HSPA5;HSP90AA1;HSP90AB1;CIITA"
"71","04976",0.00752856256948127,2.24921856911322,7.64559550178906,15,71,"Bile secretion","ADCY2;ATP1A1;ATP1B2;SCARB1;GNAS;LDLR;ABCB1;PRKACA;PRKACB;SLCO1A2;SLC22A1;ABCC3;ABCG2;ABCC4;SLCO1B1"
"72","05146",0.00842649953976538,1.95736434108527,11.41455103084,20,106,"Amoebiasis","COL1A1;COL2A1;GNA11;GNAQ;GNAS;HSPB1;LAMA5;LAMC1;SERPINB6;PIK3CA;PIK3CB;PIK3CD;PIK3R1;PIK3R2;PRKACA;PRKACB;SERPINB3;TGFB1;PLCB1;LAMA1"
"73","04070",0.0177333859852486,1.99660415219572,8.39938660759925,15,78,"Phosphatidylinositol signaling system","DGKB;ITPR1;PIK3CA;PIK3CB;PIK3CD;PIK3R1;PIK3R2;PIP4K2A;PLCG1;PLCG2;PTEN;INPP4B;SYNJ2;PLCB1;PLCE1"
"74","04530",0.0240635191833659,1.68098360655738,14.2143465667064,22,132,"Tight junction","AKT1;AKT2;RHOA;CDK4;CTNNA2;CTNNB1;HRAS;KRAS;MLLT4;MYH9;MYH11;NRAS;PPP2R1A;PRKCH;PRKCI;PTEN;SRC;MAGI2;AKT3;CTNNA3;ASH1L;PARD3"
"75","05412",0.0245923673698207,1.95463861920173,7.96864883285057,14,74,"Arrhythmogenic right ventricular cardiomyopathy (ARVC)","CACNA1D;CACNA2D1;CACNB4;CTNNA2;CTNNB1;ITGA6;ITGA9;ITGB7;LMNA;RYR2;TCF7L2;CTNNA3;LEF1;CACNA2D3"
"76","04514",0.0260265360318241,1.66551469502289,14.3220310103936,22,133,"Cell adhesion molecules (CAMs)","ALCAM;CD80;CD86;CDH1;VCAN;CTLA4;HLA-A;HLA-B;HLA-C;HLA-DPB1;HLA-DQA1;HLA-DQB1;HLA-DRA;HLA-DRB1;ITGA6;ITGA9;ITGB7;PTPRC;SDC4;NRXN3;CD274;PDCD1LG2"
"77","05414",0.029274182004921,1.81221481221481,9.69159993184529,16,90,"Dilated cardiomyopathy","ADCY2;CACNA1D;CACNA2D1;CACNB4;GNAS;ITGA6;ITGA9;ITGB7;LMNA;PRKACA;PRKACB;RYR2;TGFB1;TPM3;TPM4;CACNA2D3"
"78","05340",0.0293518156600699,2.47388414055081,3.76895552905095,8,35,"Primary immunodeficiency","BTK;CD79A;IL7R;JAK3;LCK;CIITA;PTPRC;TNFRSF13B"
"79","05020",0.0293518156600699,2.47388414055081,3.76895552905095,8,35,"Prion diseases","HSPA5;LAMC1;NOTCH1;PRKACA;PRKACB;MAPK1;MAP2K1;MAP2K2"
"80","03430",0.0310470189677814,2.94305581657583,2.47674220480491,6,23,"Mismatch repair","MSH6;MLH1;MSH2;MSH3;PMS2;POLD3"
"81","04340",0.0339814658324028,2.0437287529075,6.03032884648151,11,56,"Hedgehog signaling pathway","BMP4;CSNK1A1;GLI1;GLI2;PRKACA;PRKACB;PTCH1;SMO;WNT2B;SUFU;WNT4"
"82","04020",0.0381352908455852,1.51348760330579,19.0601465326291,27,177,"Calcium signaling pathway","ADCY2;ATP2B3;CACNA1B;CACNA1D;CAMK2D;EDNRA;EGFR;ERBB2;ERBB3;ERBB4;GNA11;GNAQ;GNAS;GRIN2A;ITPR1;NOS1;PDE1A;PDGFRA;PDGFRB;PLCG1;PLCG2;PRKACA;PRKACB;RYR2;SPHK1;PLCB1;PLCE1"
"83","00562",0.0381835408057003,1.99891479381082,6.13801329016868,11,57,"Inositol phosphate metabolism","PIK3CA;PIK3CB;PIK3CD;PIP4K2A;PLCG1;PLCG2;PTEN;INPP4B;SYNJ2;PLCB1;PLCE1"
"84","04950",0.0453221176238667,2.63225155540609,2.69211109217925,6,25,"Maturity onset diabetes of the young","NR5A2;MNX1;HNF4G;PDX1;HNF1A;HNF1B"
