"","KEGGID","Pvalue","OddsRatio","ExpCount","Count","Size","Term","Symbols"
"1","04115",0.00129194435507818,8.24929971988795,0.905063291139241,5,22,"p53 signaling pathway","CCND1;CDKN2A;PTEN;TP53;TSC2"
"2","05211",0.00191583193481355,5.96896551724138,1.43987341772152,6,35,"Renal cell carcinoma","EPAS1;FH;HIF1A;MET;VHL;FLCN"
"3","05214",0.00259252356114049,5.56451612903226,1.52215189873418,6,37,"Glioma","CCND1;CDKN2A;MTOR;PDGFRA;PTEN;TP53"
"4","05200",0.00263013571598165,3.42335766423358,6.17088607594937,13,150,"Pathways in cancer","CCND1;CDKN2A;CDKN2B;EPAS1;FH;FLT3;MTOR;HIF1A;MET;PDGFRA;PTEN;TP53;VHL"
"5","04977",0.00476558253544752,50.4166666666667,0.123417721518987,2,3,"Vitamin digestion and absorption","SCARB1;TCN2"
"6","05218",0.0057313502228651,4.61351351351351,1.76898734177215,6,43,"Melanoma","CCND1;CDKN2A;MET;PDGFRA;PTEN;TP53"
"7","04150",0.0158074184714144,5.06493506493506,1.02848101265823,4,25,"mTOR signaling pathway","MTOR;HIF1A;TSC1;TSC2"
"8","05222",0.0264910549252992,4.22545454545455,1.19303797468354,4,29,"Small cell lung cancer","CCND1;CDKN2B;PTEN;TP53"
"9","00052",0.0411392405063292,Inf,0.0411392405063291,1,1,"Galactose metabolism","B4GALT1"
