"","KEGGID","Pvalue","OddsRatio","ExpCount","Count","Size","Term","Symbols"
"1","05210",1.71669090099197e-05,10.7785547785548,1.3623417721519,8,41,"Colorectal cancer","APC;CTNNB1;KRAS;SMAD2;SMAD3;PIK3CA;AXIN1;AXIN2"
"2","05213",7.01062391073509e-05,10.0344827586207,1.19620253164557,7,36,"Endometrial cancer","APC;CTNNB1;KRAS;NRAS;PIK3CA;AXIN1;AXIN2"
"3","04310",7.01062391073509e-05,10.0344827586207,1.19620253164557,7,36,"Wnt signaling pathway","APC;CTNNB1;SMAD2;SMAD3;PRKACA;AXIN1;AXIN2"
"4","05212",8.47152283475999e-05,9.68333333333333,1.22943037974684,7,37,"Pancreatic cancer","CDKN2A;JAK1;KRAS;SMAD2;SMAD3;PIK3CA;VEGFA"
"5","05200",0.000162367238966481,5.62226277372263,4.98417721518987,13,150,"Pathways in cancer","APC;CASP8;CDKN2A;CTNNB1;JAK1;KRAS;SMAD2;SMAD3;NRAS;PIK3CA;VEGFA;AXIN1;AXIN2"
"6","05217",0.00127136433822813,11.7450980392157,0.531645569620253,4,16,"Basal cell carcinoma","APC;CTNNB1;AXIN1;AXIN2"
"7","04370",0.00837951132125248,6.29946524064171,0.863924050632911,4,26,"VEGF signaling pathway","KRAS;NRAS;PIK3CA;VEGFA"
"8","05219",0.00837951132125248,6.29946524064171,0.863924050632911,4,26,"Bladder cancer","CDKN2A;KRAS;NRAS;VEGFA"
"9","05220",0.0138010358764454,4.34451219512195,1.52848101265823,5,46,"Chronic myeloid leukemia","CDKN2A;KRAS;SMAD3;NRAS;PIK3CA"
"10","04916",0.0140634668033313,5.29411764705882,0.996835443037975,4,30,"Melanogenesis","CTNNB1;KRAS;NRAS;PRKACA"
"11","05160",0.0140634668033313,5.29411764705882,0.996835443037975,4,30,"Hepatitis C","JAK1;KRAS;NRAS;PIK3CA"
"12","05142",0.0157945318810123,5.08932461873638,1.03006329113924,4,31,"Chagas disease (American trypanosomiasis)","CASP8;SMAD2;SMAD3;PIK3CA"
"13","05223",0.0176568567066801,4.89915966386555,1.06329113924051,4,32,"Non-small cell lung cancer","CDKN2A;KRAS;NRAS;PIK3CA"
"14","04720",0.0217658859484584,6.19791666666667,0.631329113924051,3,19,"Long-term potentiation","KRAS;NRAS;PRKACA"
"15","05211",0.0240617855034131,4.4022770398482,1.1629746835443,4,35,"Renal cell carcinoma","KRAS;NRAS;PIK3CA;VEGFA"
"16","05214",0.0290391672332915,4.12121212121212,1.22943037974684,4,37,"Glioma","CDKN2A;KRAS;NRAS;PIK3CA"
"17","04062",0.031746439968545,3.99307958477509,1.2626582278481,4,38,"Chemokine signaling pathway","KRAS;NRAS;PIK3CA;PRKACA"
"18","04530",0.0324231404382099,5.19298245614035,0.731012658227848,3,22,"Tight junction","CTNNB1;KRAS;NRAS"
"19","04610",0.0332278481012659,Inf,0.0332278481012658,1,1,"Complement and coagulation cascades","C2"
"20","04540",0.0364912387835819,4.925,0.764240506329114,3,23,"Gap junction","KRAS;NRAS;PRKACA"
"21","04914",0.0364912387835819,4.925,0.764240506329114,3,23,"Progesterone-mediated oocyte maturation","KRAS;PIK3CA;PRKACA"
"22","05216",0.0364912387835819,4.925,0.764240506329114,3,23,"Thyroid cancer","CTNNB1;KRAS;NRAS"
"23","04910",0.0376061053321859,3.75816993464052,1.32911392405063,4,40,"Insulin signaling pathway","KRAS;NRAS;PIK3CA;PRKACA"
"24","04630",0.0376061053321859,3.75816993464052,1.32911392405063,4,40,"Jak-STAT signaling pathway","IL6ST;JAK1;PIK3CA;STAT4"
"25","04912",0.0453923610334961,4.46212121212121,0.830696202531646,3,25,"GnRH signaling pathway","KRAS;NRAS;PRKACA"
"26","04210",0.0453923610334961,4.46212121212121,0.830696202531646,3,25,"Apoptosis","CASP8;PIK3CA;PRKACA"
"27","05218",0.0475245153466382,3.45098039215686,1.42879746835443,4,43,"Melanoma","CDKN2A;KRAS;NRAS;PIK3CA"
"28","04960",0.0482990851657814,7.04093567251462,0.365506329113924,2,11,"Aldosterone-regulated sodium reabsorption","KRAS;PIK3CA"
