"","KEGGID","Pvalue","OddsRatio","ExpCount","Count","Size","Term","Symbols"
"1","05216",3.37032651494577e-08,12.2222222222222,3.49367088607595,15,23,"Thyroid cancer","CCND1;BRAF;CTNNB1;KRAS;NRAS;NTRK1;MAPK1;MAP2K1;MAP2K2;RET;TP53;TPM3;TPR;CCDC6;TFG"
"2","05218",5.58376309856794e-08,6.54181818181818,6.53164556962025,21,43,"Melanoma","AKT1;AKT2;ARAF;CCND1;BRAF;CDKN2A;EGFR;FGF13;FGFR1;IGF1R;KRAS;MET;NRAS;PIK3CA;MAPK1;MAP2K1;MAP2K2;PTEN;RAF1;RB1;TP53"
"3","05214",9.60975566443385e-08,7.1010101010101,5.62025316455696,19,37,"Glioma","AKT1;AKT2;ARAF;CCND1;BRAF;CAMK2D;CDKN2A;EGFR;IGF1R;KRAS;NRAS;PIK3CA;MAPK1;MAP2K1;MAP2K2;PTEN;RAF1;RB1;TP53"
"4","04012",1.54922448499158e-07,5.97333333333333,6.83544303797468,21,45,"ErbB signaling pathway","AKT1;AKT2;ARAF;AREG;BRAF;CAMK2D;CBLB;EGFR;ERBB2;ERBB3;ERBB4;EREG;NRG1;KRAS;NRAS;PIK3CA;MAPK1;MAP2K1;MAP2K2;MAP2K7;RAF1"
"5","05223",2.692151719062e-07,7.47426160337553,4.86075949367089,17,32,"Non-small cell lung cancer","AKT1;AKT2;ARAF;CCND1;BRAF;CDKN2A;EGFR;ERBB2;KRAS;NRAS;PIK3CA;MAPK1;MAP2K1;MAP2K2;RAF1;RB1;TP53"
"6","05219",3.56881711241727e-07,8.83838383838384,3.9493670886076,15,26,"Bladder cancer","ARAF;CCND1;BRAF;CDKN2A;EGFR;ERBB2;FGFR3;KRAS;NRAS;MAPK1;MAP2K1;MAP2K2;RAF1;RB1;TP53"
"7","05213",2.41551980087988e-06,5.85542971352432,5.46835443037975,17,36,"Endometrial cancer","AKT1;AKT2;ARAF;CCND1;BRAF;CTNNB1;EGFR;ERBB2;KRAS;NRAS;PIK3CA;MAPK1;MAP2K1;MAP2K2;PTEN;RAF1;TP53"
"8","05212",3.91579471249388e-06,5.55189873417722,5.62025316455696,17,37,"Pancreatic cancer","AKT1;AKT2;ARAF;CCND1;BRAF;BRCA2;CDKN2A;EGFR;ERBB2;JAK1;KRAS;PIK3CA;MAPK1;MAP2K1;RAF1;RB1;TP53"
"9","05215",6.67119912542828e-06,4.26787878787879,8.20253164556962,21,54,"Prostate cancer","AKT1;AKT2;ARAF;CCND1;BRAF;CTNNB1;EGFR;ERBB2;FGFR1;FGFR2;IGF1R;KRAS;NRAS;PIK3CA;MAPK1;MAP2K1;MAP2K2;PTEN;RAF1;RB1;TP53"
"10","04720",1.5437394226756e-05,8.54117647058824,2.88607594936709,11,19,"Long-term potentiation","ARAF;BRAF;CAMK2D;GRIN2A;KRAS;NRAS;MAPK1;MAP2K1;MAP2K2;RAF1;PLCB1"
"11","05200",4.52650739414993e-05,2.61972498814604,22.7848101265823,39,150,"Pathways in cancer","AKT1;AKT2;BIRC5;ARAF;CCND1;BRAF;BRCA2;CBLB;CDKN2A;CTNNB1;DVL1;EGFR;ERBB2;FGF13;FGFR1;FGFR3;FGFR2;HIF1A;IGF1R;JAK1;KIT;KRAS;MET;NRAS;NTRK1;PIK3CA;MAPK1;MAP2K1;MAP2K2;PTEN;RAF1;RB1;RET;TP53;TPM3;TPR;CCDC6;TFG;LAMA1"
"12","04730",0.000119152626977304,6.80878552971576,2.88607594936709,10,19,"Long-term depression","ARAF;BRAF;IGF1R;KRAS;NRAS;MAPK1;MAP2K1;MAP2K2;RAF1;PLCB1"
"13","04722",0.000144219054969871,4.1304347826087,5.77215189873418,15,38,"Neurotrophin signaling pathway","AKT1;AKT2;BRAF;CAMK2D;KRAS;NRAS;NTRK1;PIK3CA;MAPK1;MAP2K1;MAP2K2;MAP2K7;RAF1;TP53;SH2B3"
"14","05221",0.000209804484415838,4.1869918699187,5.31645569620253,14,35,"Acute myeloid leukemia","AKT1;AKT2;ARAF;CCND1;BRAF;KIT;KRAS;NRAS;PIK3CA;PIM1;MAPK1;MAP2K1;MAP2K2;RAF1"
"15","04910",0.00028676095030258,3.78518518518519,6.07594936708861,15,40,"Insulin signaling pathway","AKT1;AKT2;ARAF;BRAF;CBLB;KRAS;NRAS;PIK3CA;MAPK1;MAP2K1;MAP2K2;RAF1;TSC1;TSC2;EIF4E2"
"16","04150",0.00040602183131379,4.82521008403361,3.79746835443038,11,25,"mTOR signaling pathway","AKT1;AKT2;BRAF;HIF1A;PIK3CA;MAPK1;STK11;TSC1;TSC2;EIF4E2;RICTOR"
"17","05220",0.000485031812505742,3.37333333333333,6.9873417721519,16,46,"Chronic myeloid leukemia","AKT1;AKT2;ARAF;CCND1;BRAF;CBLB;CDKN2A;KRAS;NRAS;PIK3CA;MAPK1;MAP2K1;MAP2K2;RAF1;RB1;TP53"
"18","04320",0.000607709187596108,11.8444444444444,1.36708860759494,6,9,"Dorso-ventral axis formation","EGFR;ETS2;KRAS;NOTCH1;MAPK1;MAP2K1"
"19","05160",0.000631872446787306,4.11111111111111,4.55696202531646,12,30,"Hepatitis C","AKT1;AKT2;ARAF;BRAF;EGFR;JAK1;KRAS;NRAS;PIK3CA;MAPK1;RAF1;TP53"
"20","05211",0.000859599265311606,3.65936473165389,5.31645569620253,13,35,"Renal cell carcinoma","AKT1;AKT2;ARAF;BRAF;HIF1A;KRAS;MET;NRAS;PIK3CA;MAPK1;MAP2K1;MAP2K2;RAF1"
"21","04914",0.000861751064745122,4.67799642218247,3.49367088607595,10,23,"Progesterone-mediated oocyte maturation","AKT1;AKT2;ARAF;BRAF;IGF1R;KRAS;PIK3CA;MAPK1;MAP2K1;RAF1"
"22","04912",0.00188177034155669,4.03875968992248,3.79746835443038,10,25,"GnRH signaling pathway","CAMK2D;EGFR;KRAS;NRAS;MAPK1;MAP2K1;MAP2K2;MAP2K7;RAF1;PLCB1"
"23","04810",0.00209010703962455,2.91666666666667,7.13924050632911,15,47,"Regulation of actin cytoskeleton","ARAF;BRAF;EGFR;FGF13;FGFR1;FGFR3;FGFR2;KRAS;NRAS;PIK3CA;MAPK1;MAP2K1;MAP2K2;RAF1;EZR"
"24","04010",0.00250004274922276,2.50865800865801,10.1772151898734,19,67,"MAPK signaling pathway","AKT1;AKT2;BRAF;CACNA2D1;EGFR;FGF13;FGFR1;FGFR3;FGFR2;KRAS;NF1;NRAS;NTRK1;MAPK1;MAP2K1;MAP2K2;MAP2K7;RAF1;TP53"
"25","04916",0.00253779280680033,3.52136222910217,4.55696202531646,11,30,"Melanogenesis","CAMK2D;CTNNB1;DVL1;KIT;KRAS;NRAS;MAPK1;MAP2K1;MAP2K2;RAF1;PLCB1"
"26","04370",0.002673435265194,3.77906976744186,3.9493670886076,10,26,"VEGF signaling pathway","AKT1;AKT2;KDR;KRAS;NRAS;PIK3CA;MAPK1;MAP2K1;MAP2K2;RAF1"
"27","04664",0.002673435265194,3.77906976744186,3.9493670886076,10,26,"Fc epsilon RI signaling pathway","AKT1;AKT2;KRAS;NRAS;PIK3CA;MAPK1;MAP2K1;MAP2K2;MAP2K7;RAF1"
"28","04540",0.00386979017374597,3.85714285714286,3.49367088607595,9,23,"Gap junction","EGFR;KRAS;NRAS;MAPK1;MAP2K1;MAP2K2;RAF1;PLCB1;TUBA1C"
"29","05210",0.00456738530377021,2.84165232358003,6.22784810126582,13,41,"Colorectal cancer","AKT1;AKT2;BIRC5;ARAF;CCND1;BRAF;CTNNB1;KRAS;PIK3CA;MAPK1;MAP2K1;RAF1;TP53"
"30","04510",0.00530613254350739,2.48,8.50632911392405,16,56,"Focal adhesion","AKT1;AKT2;CCND1;BRAF;CTNNB1;EGFR;ERBB2;IGF1R;KDR;MET;PIK3CA;MAPK1;MAP2K1;PTEN;RAF1;LAMA1"
"31","04270",0.0145756748207808,3.15757575757576,3.49367088607595,8,23,"Vascular smooth muscle contraction","ACTA2;ARAF;BRAF;MAPK1;MAP2K1;MAP2K2;RAF1;PLCB1"
"32","04062",0.0190544604575754,2.439651416122,5.77215189873418,11,38,"Chemokine signaling pathway","AKT1;AKT2;BRAF;KRAS;NRAS;PIK3CA;MAPK1;MAP2K1;RAF1;PLCB1;GNG2"
"33","04660",0.0190544604575754,2.439651416122,5.77215189873418,11,38,"T cell receptor signaling pathway","AKT1;AKT2;CBLB;KRAS;NRAS;PIK3CA;MAPK1;MAP2K1;MAP2K2;MAP2K7;RAF1"
"34","04650",0.0212981041783258,2.66896551724138,4.40506329113924,9,29,"Natural killer cell mediated cytotoxicity","ARAF;BRAF;KRAS;NRAS;PIK3CA;MAPK1;MAP2K1;MAP2K2;RAF1"
"35","05020",0.0215244219710839,5.78260869565217,1.21518987341772,4,8,"Prion diseases","NOTCH1;MAPK1;MAP2K1;MAP2K2"
"36","02010",0.0269979300487028,8.61290322580645,0.759493670886076,3,5,"ABC transporters","ABCB1;ABCC4;ABCC10"
"37","04020",0.0389314448595474,2.47368421052632,4.10126582278481,8,27,"Calcium signaling pathway","CAMK2D;EGFR;ERBB2;ERBB3;ERBB4;GRIN2A;RYR2;PLCB1"
"38","04662",0.0400462414814726,2.30734632683658,4.86075949367089,9,32,"B cell receptor signaling pathway","AKT1;AKT2;KRAS;NRAS;PIK3CA;MAPK1;MAP2K1;MAP2K2;RAF1"
