"","KEGGID","Pvalue","OddsRatio","ExpCount","Count","Size","Term","Symbols"
"1","05216",0.0014414346044104,4.57714285714286,3.05696202531646,9,23,"Thyroid cancer","CCND1;BRAF;KRAS;MYC;MAP2K1;TP53;TPM3;TFG;LEF1"
"2","04662",0.00146353073064561,3.78147423352903,4.25316455696202,11,32,"B cell receptor signaling pathway","BTK;CD79A;CD79B;IKBKB;KRAS;PIK3CA;MAP2K1;SYK;BCL10;MALT1;CARD11"
"3","04660",0.00204933189543146,3.34615384615385,5.05063291139241,12,38,"T cell receptor signaling pathway","RHOA;CDK4;CTLA4;IKBKB;IL2;ITK;KRAS;PIK3CA;MAP2K1;BCL10;MALT1;CARD11"
"4","05215",0.00236560470886531,2.83723522853958,7.17721518987342,15,54,"Prostate cancer","CCND1;BCL2;BRAF;CREBBP;EP300;FGFR1;HSP90AA1;HSP90AB1;IKBKB;KRAS;PIK3CA;MAP2K1;PTEN;TP53;LEF1"
"5","05222",0.0023939789020986,3.7624466571835,3.85443037974684,10,29,"Small cell lung cancer","BIRC3;CCND1;BCL2;CDK4;CDK6;IKBKB;MYC;PIK3CA;PTEN;TP53"
"6","04621",0.00302240483446027,8.60759493670886,1.19620253164557,5,9,"NOD-like receptor signaling pathway","BIRC3;HSP90AA1;HSP90AB1;IKBKB;TNFAIP3"
"7","04630",0.00335869639017873,3.0952380952381,5.31645569620253,12,40,"Jak-STAT signaling pathway","CCND1;CCND2;CREBBP;EP300;IL2;IL13;JAK3;MYC;PIK3CA;PIM1;SOCS1;IL21R"
"8","04115",0.00465517425619268,4.01503759398496,2.92405063291139,8,22,"p53 signaling pathway","FAS;ATM;CCND1;CCND2;CDK4;CDK6;PTEN;TP53"
"9","05320",0.008565577213953,4.60683760683761,1.99367088607595,6,15,"Autoimmune thyroid disease","FAS;CD86;CTLA4;HLA-B;IL2;PRF1"
"10","05221",0.0110102794641739,2.82702702702703,4.65189873417722,10,35,"Acute myeloid leukemia","CCND1;BRAF;FLT3;IKBKB;KRAS;MYC;PIK3CA;PIM1;MAP2K1;LEF1"
"11","04210",0.0111893332848285,3.28792569659443,3.32278481012658,8,25,"Apoptosis","BIRC3;FAS;ATM;BCL2;IKBKB;MYD88;PIK3CA;TP53"
"12","05210",0.0127140457631343,2.60182648401826,5.44936708860759,11,41,"Colorectal cancer","RHOA;CCND1;BCL2;BRAF;KRAS;MYC;PIK3CA;MAP2K1;RALGDS;TP53;LEF1"
"13","05340",0.0133763643367461,6.8,1.06329113924051,4,8,"Primary immunodeficiency","BTK;CD79A;JAK3;CIITA"
"14","04110",0.013591169614117,2.71309771309771,4.78481012658228,10,36,"Cell cycle","ABL1;ATM;CCND1;CCND2;CDK4;CDK6;CREBBP;EP300;MYC;TP53"
"15","05219",0.0144257981435935,3.09941520467836,3.45569620253165,8,26,"Bladder cancer","CCND1;BRAF;CDK4;FGFR3;KRAS;MYC;MAP2K1;TP53"
"16","05212",0.0166050950241176,2.60760760760761,4.91772151898734,10,37,"Pancreatic cancer","CCND1;BRAF;CDK4;CDK6;IKBKB;KRAS;PIK3CA;MAP2K1;RALGDS;TP53"
"17","04940",0.0199242849340611,4.27215189873418,1.72784810126582,5,13,"Type I diabetes mellitus","FAS;CD86;HLA-B;IL2;PRF1"
"18","05330",0.0199242849340611,4.27215189873418,1.72784810126582,5,13,"Allograft rejection","FAS;CD86;HLA-B;IL2;PRF1"
"19","05332",0.0199242849340611,4.27215189873418,1.72784810126582,5,13,"Graft-versus-host disease","FAS;CD86;HLA-B;IL2;PRF1"
"20","04062",0.0200924563763735,2.50965250965251,5.05063291139241,10,38,"Chemokine signaling pathway","RHOA;BRAF;IKBKB;ITK;JAK3;KRAS;PIK3CA;MAP2K1;WAS;CXCR4"
"21","05200",0.0209372765515654,1.74590163934426,19.9367088607595,28,150,"Pathways in cancer","ABL1;BIRC3;FAS;RHOA;CCND1;BCL2;BRAF;CDK4;CDK6;CREBBP;EP300;FGFR1;FGFR3;FLT3;HSP90AA1;HSP90AB1;IKBKB;KRAS;MYC;NFKB2;PIK3CA;MAP2K1;PTEN;RALGDS;TP53;TPM3;TFG;LEF1"
"22","04320",0.0216595319385747,5.43,1.19620253164557,4,9,"Dorso-ventral axis formation","KRAS;NOTCH1;NOTCH2;MAP2K1"
"23","05416",0.0227583843690261,3.43589743589744,2.39240506329114,6,18,"Viral myocarditis","ABL1;CCND1;CD86;HLA-B;MYH9;PRF1"
"24","04650",0.0282006609861167,2.64160401002506,3.85443037974684,8,29,"Natural killer cell mediated cytotoxicity","FAS;BRAF;HLA-B;KRAS;PIK3CA;PRF1;MAP2K1;SYK"
"25","05220",0.0301951335482836,2.20861056751468,6.11392405063291,11,46,"Chronic myeloid leukemia","ABL1;CCND1;BRAF;CDK4;CDK6;IKBKB;KRAS;MYC;PIK3CA;MAP2K1;TP53"
"26","05213",0.0375418302055886,2.31555555555556,4.78481012658228,9,36,"Endometrial cancer","CCND1;BRAF;KRAS;MYC;PIK3CA;MAP2K1;PTEN;TP53;LEF1"
"27","04310",0.0375418302055886,2.31555555555556,4.78481012658228,9,36,"Wnt signaling pathway","RHOA;CCND1;CCND2;CREBBP;EP300;MYC;TP53;LEF1;TBL1XR1"
"28","05214",0.0442714950853472,2.22857142857143,4.91772151898734,9,37,"Glioma","CCND1;BRAF;CDK4;CDK6;KRAS;PIK3CA;MAP2K1;PTEN;TP53"
"29","05218",0.045953904755232,2.10892710892711,5.71518987341772,10,43,"Melanoma","CCND1;BRAF;CDK4;CDK6;FGFR1;KRAS;PIK3CA;MAP2K1;PTEN;TP53"
"30","04612",0.0488544237429916,3.0897583429229,2.12658227848101,5,16,"Antigen processing and presentation","B2M;HLA-B;HSP90AA1;HSP90AB1;CIITA"
"31","05223",0.0492321665342104,2.29824561403509,4.25316455696202,8,32,"Non-small cell lung cancer","CCND1;BRAF;CDK4;CDK6;KRAS;PIK3CA;MAP2K1;TP53"
