"","KEGGID","Pvalue","OddsRatio","ExpCount","Count","Size","Term","Symbols"
"1","05220",2.16911007622689e-12,10.5785907859079,14.629746835443,37,46,"Chronic myeloid leukemia","ABL1;AKT1;AKT2;ARAF;CCND1;BRAF;RUNX1;CBL;CDK4;CDK6;CDKN1A;CDKN1B;CDKN2A;HRAS;KRAS;SMAD3;SMAD4;MDM2;MYC;NFKBIA;NRAS;PIK3CA;PIK3CB;PIK3CD;PIK3R1;PIK3R2;MAPK1;MAP2K1;MAP2K2;PTPN11;RAF1;RB1;TGFBR1;TGFBR2;TP53;AKT3;CBLC"
"2","05212",2.34856631983921e-11,12.9166666666667,11.7674050632911,31,37,"Pancreatic cancer","AKT1;AKT2;ARAF;CCND1;BRAF;BRCA2;CDK4;CDK6;CDKN2A;EGFR;ERBB2;JAK1;KRAS;SMAD2;SMAD3;SMAD4;PIK3CA;PIK3CB;PIK3CD;PIK3R1;PIK3R2;MAPK1;MAP2K1;RAC1;RAF1;RB1;STAT3;TGFBR1;TGFBR2;TP53;AKT3"
"3","05214",2.34856631983921e-11,12.9166666666667,11.7674050632911,31,37,"Glioma","AKT1;AKT2;ARAF;CCND1;BRAF;CDK4;CDK6;CDKN1A;CDKN2A;EGFR;MTOR;HRAS;IGF1R;KRAS;MDM2;NRAS;PDGFRA;PDGFRB;PIK3CA;PIK3CB;PIK3CD;PIK3R1;PIK3R2;MAPK1;MAP2K1;MAP2K2;PTEN;RAF1;RB1;TP53;AKT3"
"4","05215",2.85078007228096e-11,7.40017746228926,17.1740506329114,40,54,"Prostate cancer","AKT1;AKT2;AR;ARAF;CCND1;BCL2;BRAF;CCNE1;CDKN1A;CDKN1B;CREBBP;CTNNB1;EGFR;EP300;ERBB2;FGFR1;FGFR2;FOXO1;MTOR;HRAS;IGF1R;KRAS;MDM2;NFKBIA;NRAS;PDGFRA;PDGFRB;PIK3CA;PIK3CB;PIK3CD;PIK3R1;PIK3R2;MAPK1;MAP2K1;MAP2K2;PTEN;RAF1;RB1;TP53;AKT3"
"5","05218",4.98606397060995e-11,9.54624085163007,13.6756329113924,34,43,"Melanoma","AKT1;AKT2;ARAF;CCND1;BRAF;CDH1;CDK4;CDK6;CDKN1A;CDKN2A;EGFR;FGF12;FGFR1;HRAS;IGF1R;KRAS;MDM2;MET;NRAS;PDGFRA;PDGFRB;PIK3CA;PIK3CB;PIK3CD;PIK3R1;PIK3R2;MAPK1;MAP2K1;MAP2K2;PTEN;RAF1;RB1;TP53;AKT3"
"6","05200",6.5153649968926e-11,3.54130434782609,47.7056962025316,81,150,"Pathways in cancer","ABL1;AKT1;AKT2;APC;AR;ARAF;RHOA;CCND1;BCL2;BRAF;BRCA2;CASP8;RUNX1;CBL;CCNE1;CDH1;CDK4;CDK6;CDKN1A;CDKN1B;CDKN2A;CDKN2B;CREBBP;CTNNB1;EGFR;EP300;ERBB2;FGF12;FGFR1;FGFR3;FGFR2;FOXO1;FLT3;MTOR;GLI1;MSH6;HRAS;IGF1R;JAK1;JUN;KIT;KRAS;SMAD2;SMAD3;SMAD4;MDM2;MET;MLH1;MSH2;MSH3;MYC;NFKBIA;NRAS;NTRK1;PDGFRA;PDGFRB;PIK3CA;PIK3CB;PIK3CD;PIK3R1;PIK3R2;MAPK1;MAP2K1;MAP2K2;PTCH1;PTEN;RAC1;RAF1;RARA;RB1;RET;SMO;STAT3;TGFBR1;TGFBR2;TP53;TPM3;VHL;PAX8;AKT3;CBLC"
"7","05210",3.83489585760504e-10,8.87836949375411,13.0395569620253,32,41,"Colorectal cancer","AKT1;AKT2;APC;ARAF;RHOA;CCND1;BCL2;BRAF;CTNNB1;MSH6;JUN;KRAS;SMAD2;SMAD3;SMAD4;MLH1;MSH2;MSH3;MYC;PIK3CA;PIK3CB;PIK3CD;PIK3R1;PIK3R2;MAPK1;MAP2K1;RAC1;RAF1;TGFBR1;TGFBR2;TP53;AKT3"
"8","04012",3.40748181026874e-09,6.85863095238095,14.3117088607595,33,45,"ErbB signaling pathway","ABL1;AKT1;AKT2;ARAF;BRAF;CBL;CDKN1A;CDKN1B;EGFR;ERBB2;ERBB3;ERBB4;MTOR;NRG1;HRAS;JUN;KRAS;MYC;NRAS;PAK1;PIK3CA;PIK3CB;PIK3CD;PIK3R1;PIK3R2;MAPK1;MAP2K1;MAP2K2;RAF1;MAP2K4;SRC;AKT3;CBLC"
"9","05223",4.2137620388545e-08,8.6038961038961,10.1772151898734,25,32,"Non-small cell lung cancer","AKT1;AKT2;ARAF;CCND1;BRAF;CDK4;CDK6;CDKN2A;EGFR;ERBB2;HRAS;KRAS;NRAS;PIK3CA;PIK3CB;PIK3CD;PIK3R1;PIK3R2;MAPK1;MAP2K1;MAP2K2;RAF1;RB1;TP53;AKT3"
"10","05213",5.1924896277004e-08,7.27586206896552,11.4493670886076,27,36,"Endometrial cancer","AKT1;AKT2;APC;ARAF;CCND1;BRAF;CDH1;CTNNB1;EGFR;ERBB2;HRAS;KRAS;MLH1;MYC;NRAS;PIK3CA;PIK3CB;PIK3CD;PIK3R1;PIK3R2;MAPK1;MAP2K1;MAP2K2;PTEN;RAF1;TP53;AKT3"
"11","04722",5.45501259876102e-08,6.81387283236994,12.0854430379747,28,38,"Neurotrophin signaling pathway","ABL1;AKT1;AKT2;RHOA;BCL2;BRAF;HRAS;JUN;KRAS;MAP3K1;NFKBIA;NRAS;NTRK1;NTRK2;NTRK3;PIK3CA;PIK3CB;PIK3CD;PIK3R1;PIK3R2;MAPK1;MAP2K1;MAP2K2;PTPN11;RAC1;RAF1;TP53;AKT3"
"12","05221",1.33683587141331e-07,6.96634920634921,11.131329113924,26,35,"Acute myeloid leukemia","AKT1;AKT2;ARAF;CCND1;BRAF;RUNX1;FLT3;MTOR;HRAS;KIT;KRAS;MYC;NRAS;PIK3CA;PIK3CB;PIM1;PIK3CD;PIK3R1;PIK3R2;MAPK1;MAP2K1;MAP2K2;RAF1;RARA;STAT3;AKT3"
"13","05219",2.12749728062173e-07,9.94,8.26898734177215,21,26,"Bladder cancer","ARAF;CCND1;BRAF;CDH1;CDK4;CDKN1A;CDKN2A;EGFR;ERBB2;FGFR3;HRAS;KRAS;MDM2;MYC;NRAS;MAPK1;MAP2K1;MAP2K2;RAF1;RB1;TP53"
"14","05211",8.54739496002744e-07,5.98011363636364,11.131329113924,25,35,"Renal cell carcinoma","AKT1;AKT2;ARAF;BRAF;CREBBP;EP300;HRAS;JUN;KRAS;MET;NRAS;PAK1;PIK3CA;PIK3CB;PIK3CD;PIK3R1;PIK3R2;MAPK1;MAP2K1;MAP2K2;PTPN11;RAC1;RAF1;VHL;AKT3"
"15","04115",1.25189438300447e-06,10.5,6.99683544303798,18,22,"p53 signaling pathway","ATM;ATR;CCND1;CASP8;CCND2;CCND3;CCNE1;CDK4;CDK6;CDKN1A;CDKN2A;MDM2;MDM4;PTEN;TP53;TSC2;PPM1D;CHEK2"
"16","04110",2.01038338830765e-06,5.42355371900826,11.4493670886076,25,36,"Cell cycle","ABL1;ATM;ATR;CCND1;CCND2;CCND3;CCNE1;CDK4;CDK6;CDKN1A;CDKN1B;CDKN2A;CDKN2B;CDKN2C;CREBBP;EP300;SMAD2;SMAD3;SMAD4;MDM2;MYC;RAD21;RB1;TP53;CHEK2"
"17","05160",2.07174016072059e-06,6.49860335195531,9.54113924050633,22,30,"Hepatitis C","AKT1;AKT2;ARAF;BRAF;CDKN1A;EGFR;HRAS;JAK1;KRAS;NFKBIA;NRAS;PIK3CA;PIK3CB;PIK3CD;PIK3R1;PIK3R2;PPP2R1A;MAPK1;RAF1;STAT3;TP53;AKT3"
"18","05142",5.12169291625018e-06,5.76288019863439,9.85917721518987,22,31,"Chagas disease (American trypanosomiasis)","AKT1;AKT2;CASP8;GNA11;GNAQ;GNAS;JUN;SMAD2;SMAD3;MYD88;NFKBIA;PIK3CA;PIK3CB;PIK3CD;PIK3R1;PIK3R2;PPP2R1A;MAPK1;MAP2K4;TGFBR1;TGFBR2;AKT3"
"19","04910",8.44300444573182e-06,4.42530612244898,12.7215189873418,26,40,"Insulin signaling pathway","AKT1;AKT2;ARAF;BRAF;CBL;FOXO1;MTOR;HRAS;KRAS;NRAS;PDE3A;PIK3CA;PIK3CB;PIK3CD;PIK3R1;PIK3R2;PRKAA2;MAPK1;MAP2K1;MAP2K2;RAF1;RHEB;TSC1;TSC2;AKT3;CBLC"
"20","04660",9.35022592602313e-06,4.56730769230769,12.0854430379747,25,38,"T cell receptor signaling pathway","AKT1;AKT2;RHOA;CBL;CDK4;CTLA4;HRAS;JUN;KRAS;NFKBIA;NRAS;PAK1;PIK3CA;PIK3CB;PIK3CD;PIK3R1;PIK3R2;MAPK1;MAP2K1;MAP2K2;RAF1;BCL10;AKT3;CBLC;CARD11"
"21","05222",2.89196373561181e-05,5.18109269490485,9.22310126582278,20,29,"Small cell lung cancer","AKT1;AKT2;CCND1;BCL2;CCNE1;CDK4;CDK6;CDKN1B;CDKN2B;MYC;NFKBIA;PIK3CA;PIK3CB;PIK3CD;PIK3R1;PIK3R2;PTEN;RB1;TP53;AKT3"
"22","04914",2.96771193269628e-05,6.54438405797101,7.31487341772152,17,23,"Progesterone-mediated oocyte maturation","ADCY2;AKT1;AKT2;ARAF;BRAF;IGF1R;KRAS;PDE3A;PIK3CA;PIK3CB;PIK3CD;PIK3R1;PIK3R2;MAPK1;MAP2K1;RAF1;AKT3"
"23","04510",3.57663938963877e-05,3.21104536489152,17.8101265822785,32,56,"Focal adhesion","AKT1;AKT2;RHOA;CCND1;BCL2;BRAF;CCND2;CCND3;CTNNB1;EGFR;ERBB2;ARHGAP35;HRAS;IGF1R;JUN;KDR;MET;PAK1;PDGFRA;PDGFRB;PIK3CA;PIK3CB;PIK3CD;PIK3R1;PIK3R2;MAPK1;MAP2K1;PTEN;RAC1;RAF1;SRC;AKT3"
"24","04810",4.15612367618825e-05,3.50958320657134,14.9477848101266,28,47,"Regulation of actin cytoskeleton","APC;ARAF;RHOA;BRAF;EGFR;FGF12;FGFR1;FGFR3;FGFR2;FGFR4;ARHGAP35;HRAS;KRAS;LIMK2;NRAS;PAK1;PDGFRA;PDGFRB;PIK3CA;PIK3CB;PIK3CD;PIK3R1;PIK3R2;MAPK1;MAP2K1;MAP2K2;RAC1;RAF1"
"25","04662",5.69315380445714e-05,4.45454545454545,10.1772151898734,21,32,"B cell receptor signaling pathway","AKT1;AKT2;BTK;HRAS;JUN;KRAS;NFKBIA;NRAS;PIK3CA;PIK3CB;PIK3CD;PIK3R1;PIK3R2;MAPK1;MAP2K1;MAP2K2;RAC1;RAF1;BCL10;AKT3;CARD11"
"26","04370",7.07268978924458e-05,5.20081967213115,8.26898734177215,18,26,"VEGF signaling pathway","AKT1;AKT2;HRAS;KDR;KRAS;NRAS;PIK3CA;PIK3CB;PIK3CD;PIK3R1;PIK3R2;MAPK1;MAP2K1;MAP2K2;RAC1;RAF1;SRC;AKT3"
"27","04664",7.07268978924458e-05,5.20081967213115,8.26898734177215,18,26,"Fc epsilon RI signaling pathway","AKT1;AKT2;BTK;HRAS;KRAS;NRAS;PIK3CA;PIK3CB;PIK3CD;PIK3R1;PIK3R2;MAPK1;MAP2K1;MAP2K2;RAC1;RAF1;MAP2K4;AKT3"
"28","04620",7.29741074396517e-05,5.59627329192547,7.63291139240506,17,24,"Toll-like receptor signaling pathway","AKT1;AKT2;CASP8;JUN;MYD88;NFKBIA;PIK3CA;PIK3CB;PIK3CD;PIK3R1;PIK3R2;MAPK1;MAP2K1;MAP2K2;RAC1;MAP2K4;AKT3"
"29","04630",0.000136279858900939,3.51694915254237,12.7215189873418,24,40,"Jak-STAT signaling pathway","AKT1;AKT2;CCND1;CBL;CCND2;CCND3;CREBBP;EP300;IL7R;JAK1;JAK2;MPL;MYC;PIK3CA;PIK3CB;PIM1;PIK3CD;PIK3R1;PIK3R2;PTPN11;STAT3;AKT3;CBLC;IFNLR1"
"30","04150",0.000163555964149092,4.8851902173913,7.95094936708861,17,25,"mTOR signaling pathway","AKT1;AKT2;BRAF;MTOR;PIK3CA;PIK3CB;PIK3CD;PIK3R1;PIK3R2;PRKAA2;MAPK1;RHEB;STK11;TSC1;TSC2;AKT3;RICTOR"
"31","04540",0.000172206123438463,5.23861003861004,7.31487341772152,16,23,"Gap junction","ADCY2;EGFR;GNA11;GNAQ;GNAS;HRAS;KRAS;NRAS;PDGFRA;PDGFRB;MAPK1;MAP2K1;MAP2K2;RAF1;SRC;TUBB3"
"32","05216",0.000172206123438463,5.23861003861004,7.31487341772152,16,23,"Thyroid cancer","CCND1;BRAF;CDH1;CTNNB1;HRAS;KRAS;MYC;NRAS;NTRK1;MAPK1;MAP2K1;MAP2K2;RET;TP53;TPM3;PAX8"
"33","04730",0.000174587384225035,6.37860962566845,6.04272151898734,14,19,"Long-term depression","ARAF;BRAF;GNA11;GNAQ;GNAS;HRAS;IGF1R;KRAS;NRAS;PPP2R1A;MAPK1;MAP2K1;MAP2K2;RAF1"
"34","04520",0.000305501288932764,4.14098360655738,8.90506329113924,18,28,"Adherens junction","RHOA;CDH1;CREBBP;CTNNB1;EGFR;EP300;ERBB2;FGFR1;IGF1R;SMAD2;SMAD3;SMAD4;MET;MAPK1;RAC1;SRC;TGFBR1;TGFBR2"
"35","04062",0.000551438699747595,3.18784916201117,12.0854430379747,22,38,"Chemokine signaling pathway","ADCY2;AKT1;AKT2;RHOA;BRAF;HRAS;JAK2;KRAS;NFKBIA;NRAS;PAK1;PIK3CA;PIK3CB;PIK3CD;PIK3R1;PIK3R2;MAPK1;MAP2K1;RAC1;RAF1;STAT3;AKT3"
"36","04650",0.00057757799634643,3.75558867362146,9.22310126582278,18,29,"Natural killer cell mediated cytotoxicity","ARAF;BRAF;HLA-A;HRAS;KRAS;NRAS;PAK1;PIK3CA;PIK3CB;PIK3CD;PIK3R1;PIK3R2;MAPK1;MAP2K1;MAP2K2;PTPN11;RAC1;RAF1"
"37","04912",0.000738873162168518,4.05525525525525,7.95094936708861,16,25,"GnRH signaling pathway","ADCY2;EGFR;GNA11;GNAQ;GNAS;HRAS;JUN;KRAS;MAP3K1;NRAS;MAPK1;MAP2K1;MAP2K2;RAF1;MAP2K4;SRC"
"38","04350",0.000968225235534185,4.89804964539007,6.04272151898734,13,19,"TGF-beta signaling pathway","ACVR1;RHOA;CDKN2B;CREBBP;EP300;SMAD2;SMAD3;SMAD4;MYC;PPP2R1A;MAPK1;TGFBR1;TGFBR2"
"39","04010",0.00124616402119488,2.29359243697479,21.3085443037975,33,67,"MAPK signaling pathway","AKT1;AKT2;BRAF;DUSP6;EGFR;FGF12;FGFR1;FGFR3;FGFR2;FGFR4;HRAS;JUN;KRAS;MAP3K1;MYC;NF1;NRAS;NTRK1;NTRK2;PAK1;PDGFRA;PDGFRB;MAPK1;MAP2K1;MAP2K2;RAC1;RAF1;RASA1;MAP2K4;TGFBR1;TGFBR2;TP53;AKT3"
"40","05120",0.00244742913718846,6.6875,3.81645569620253,9,12,"Epithelial cell signaling in Helicobacter pylori infection","EGFR;JUN;MET;NFKBIA;PAK1;PTPN11;RAC1;MAP2K4;SRC"
"41","04210",0.00282733645304332,3.39516129032258,7.95094936708861,15,25,"Apoptosis","AKT1;AKT2;ATM;BCL2;CASP8;MYD88;NFKBIA;NTRK1;PIK3CA;PIK3CB;PIK3CD;PIK3R1;PIK3R2;TP53;AKT3"
"42","04720",0.00428254808397187,3.84580498866213,6.04272151898734,12,19,"Long-term potentiation","ARAF;BRAF;CREBBP;EP300;GNAQ;HRAS;KRAS;NRAS;MAPK1;MAP2K1;MAP2K2;RAF1"
"43","04144",0.00568123155847936,2.21263111888112,16.2199367088608,25,51,"Endocytosis","RHOA;CBL;EGFR;ERBB3;ERBB4;FGFR3;FGFR2;FGFR4;HLA-A;HRAS;IGF1R;KDR;KIT;SMAD2;SMAD3;MDM2;MET;NTRK1;PDGFRA;RET;SRC;TGFBR1;TGFBR2;PSD3;CBLC"
"44","04973",0.00600095843939758,5.91364421416235,3.49841772151899,8,11,"Carbohydrate digestion and absorption","AKT1;AKT2;PIK3CA;PIK3CB;PIK3CD;PIK3R1;PIK3R2;AKT3"
"45","05100",0.00661908538633391,3.24231678486998,6.99683544303798,13,22,"Bacterial invasion of epithelial cells","RHOA;CBL;CDH1;CTNNB1;MET;PIK3CA;PIK3CB;PIK3CD;PIK3R1;PIK3R2;RAC1;SRC;CBLC"
"46","03430",0.0139509202014635,10.969387755102,1.90822784810127,5,6,"Mismatch repair","MSH6;MLH1;MSH2;MSH3;PMS2"
"47","04380",0.0172542692888429,2.14532967032967,12.4034810126582,19,39,"Osteoclast differentiation","AKT1;AKT2;BTK;CYLD;JAK1;JUN;NFKBIA;PIK3CA;PIK3CB;PIK3CD;PIK3R1;PIK3R2;MAPK1;MAP2K1;RAC1;TGFBR1;TGFBR2;AKT3;LILRB4"
"48","05145",0.0178421426121011,2.25,10.8132911392405,17,34,"Toxoplasmosis","AKT1;AKT2;BCL2;CASP8;HLA-DQA1;JAK1;JAK2;MYD88;NFKBIA;PIK3CA;PIK3CB;PIK3CD;PIK3R1;PIK3R2;MAPK1;STAT3;AKT3"
"49","04920",0.0181305863254491,3.17127898279731,5.40664556962025,10,17,"Adipocytokine signaling pathway","AKT1;AKT2;MTOR;JAK2;NFKBIA;PRKAA2;PTPN11;STAT3;STK11;AKT3"
"50","04120",0.0181305863254491,3.17127898279731,5.40664556962025,10,17,"Ubiquitin mediated proteolysis","BRCA1;CBL;MDM2;MAP3K1;PARK2;VHL;HERC2;KEAP1;CBLC;FBXW7"
"51","04530",0.0206633774882487,2.67301587301587,6.99683544303798,12,22,"Tight junction","AKT1;AKT2;RHOA;CDK4;CTNNB1;HRAS;KRAS;NRAS;PPP2R1A;PTEN;SRC;AKT3"
"52","04666",0.0215719043661849,2.40723981900452,8.5870253164557,14,27,"Fc gamma R-mediated phagocytosis","AKT1;AKT2;LIMK2;PAK1;PIK3CA;PIK3CB;PIK3CD;PIK3R1;PIK3R2;MAPK1;MAP2K1;RAC1;RAF1;AKT3"
"53","04916",0.0258355224910875,2.23655913978495,9.54113924050633,15,30,"Melanogenesis","ADCY2;CREBBP;CTNNB1;EP300;GNAQ;GNAS;HRAS;KIT;KRAS;NRAS;MAPK1;MAP2K1;MAP2K2;RAF1;TYR"
"54","04960",0.0287508728380767,3.85180412371134,3.49841772151899,7,11,"Aldosterone-regulated sodium reabsorption","KRAS;PIK3CA;PIK3CB;PIK3CD;PIK3R1;PIK3R2;MAPK1"
"55","03440",0.0287508728380767,3.85180412371134,3.49841772151899,7,11,"Homologous recombination","BLM;BRCA2;RAD51C;RAD51B;XRCC2;RAD54L;RAD50"
"56","05131",0.0327451002332014,4.38974358974359,2.8623417721519,6,9,"Shigellosis","ABL1;CD44;NFKBIA;MAPK1;RAC1;U2AF1"
"57","04320",0.0327451002332014,4.38974358974359,2.8623417721519,6,9,"Dorso-ventral axis formation","EGFR;ETV6;KRAS;NOTCH1;MAPK1;MAP2K1"
"58","04310",0.0339808569270473,2.00343249427918,11.4493670886076,17,36,"Wnt signaling pathway","APC;RHOA;CCND1;CCND2;CCND3;CREBBP;CTNNB1;EP300;JUN;SMAD2;SMAD3;SMAD4;MYC;PPP2R1A;RAC1;SFRP4;TP53"
"59","00350",0.0375391436332533,8.73096446700508,1.59018987341772,4,5,"Tyrosine metabolism","ADH1B;ADH1C;ADH7;TYR"
