"","KEGGID","Pvalue","OddsRatio","ExpCount","Count","Size","Term","Symbols"
"1","05213",3.47377604719551e-08,9.66898954703833,3.18987341772152,15,36,"Endometrial cancer","AKT1;AKT2;CCND1;BRAF;CTNNB1;EGFR;ERBB2;KRAS;MLH1;PIK3CA;PIK3R1;MAPK1;MAP2K1;PTEN;TP53"
"2","05212",4.7798911847308e-07,8.01449275362319,3.27848101265823,14,37,"Pancreatic cancer","AKT1;AKT2;CCND1;BRAF;BRCA2;CDKN2A;EGFR;ERBB2;KRAS;PIK3CA;PIK3R1;MAPK1;MAP2K1;TP53"
"3","05215",4.79106418417084e-07,6.34996534996535,4.78481012658228,17,54,"Prostate cancer","AKT1;AKT2;CCND1;BRAF;CCNE1;CTNNB1;EGFR;ERBB2;FGFR2;GSTP1;KRAS;PIK3CA;PIK3R1;MAPK1;MAP2K1;PTEN;TP53"
"4","05223",5.01312277612131e-07,8.86291309669523,2.83544303797468,13,32,"Non-small cell lung cancer","AKT1;AKT2;CCND1;BRAF;CDKN2A;EGFR;ERBB2;KRAS;PIK3CA;PIK3R1;MAPK1;MAP2K1;TP53"
"5","05210",2.10533647365832e-06,6.77777777777778,3.63291139240506,14,41,"Colorectal cancer","AKT1;AKT2;CCND1;BRAF;CTNNB1;MSH6;KRAS;MLH1;MSH2;PIK3CA;PIK3R1;MAPK1;MAP2K1;TP53"
"6","05214",3.65357873814311e-06,6.95348837209302,3.27848101265823,13,37,"Glioma","AKT1;AKT2;CCND1;BRAF;CDKN2A;EGFR;KRAS;PIK3CA;PIK3R1;MAPK1;MAP2K1;PTEN;TP53"
"7","05218",2.48360134409822e-05,5.50232558139535,3.81012658227848,13,43,"Melanoma","AKT1;AKT2;CCND1;BRAF;CDKN2A;EGFR;KRAS;PIK3CA;PIK3R1;MAPK1;MAP2K1;PTEN;TP53"
"8","05160",0.000100828013660456,6.04347826086957,2.65822784810127,10,30,"Hepatitis C","AKT1;AKT2;BRAF;EGFR;KRAS;PIK3CA;PIK3R1;PPP2R1A;MAPK1;TP53"
"9","05219",0.000169991905476672,6.29662077596996,2.30379746835443,9,26,"Bladder cancer","CCND1;BRAF;CDKN2A;EGFR;ERBB2;KRAS;MAPK1;MAP2K1;TP53"
"10","05200",0.000246492684600483,2.90967741935484,13.2911392405063,25,150,"Pathways in cancer","AKT1;AKT2;CCND1;BRAF;BRCA2;CCNE1;CDKN2A;CTNNB1;DVL1;EGFR;ERBB2;FGFR2;GSTP1;MSH6;KRAS;MLH1;MSH2;PIK3CA;PIK3R1;MAPK1;MAP2K1;PTEN;TP53;PAX8;WNT4"
"11","04115",0.000278247011546568,6.69047619047619,1.94936708860759,8,22,"p53 signaling pathway","ATR;CCND1;CCNE1;CDKN2A;GADD45A;PTEN;TP53;PPM1D"
"12","04914",0.000397304214984075,6.23333333333333,2.0379746835443,8,23,"Progesterone-mediated oocyte maturation","AKT1;AKT2;BRAF;KRAS;PIK3CA;PIK3R1;MAPK1;MAP2K1"
"13","05216",0.000397304214984075,6.23333333333333,2.0379746835443,8,23,"Thyroid cancer","CCND1;BRAF;CTNNB1;KRAS;MAPK1;MAP2K1;TP53;PAX8"
"14","03430",0.000729614493769689,22.0769230769231,0.531645569620253,4,6,"Mismatch repair","MSH6;MLH1;MSH2;PMS2"
"15","04722",0.00089966131288726,4.25465838509317,3.36708860759494,10,38,"Neurotrophin signaling pathway","AKT1;AKT2;BRAF;KRAS;PIK3CA;PIK3R1;MAPK1;MAP2K1;TP53;SH2B3"
"16","04012",0.000954494410080378,3.89673202614379,3.9873417721519,11,45,"ErbB signaling pathway","AKT1;AKT2;BRAF;EGFR;ERBB2;NRG1;KRAS;PIK3CA;PIK3R1;MAPK1;MAP2K1"
"17","04664",0.00102216898387831,5.16666666666667,2.30379746835443,8,26,"Fc epsilon RI signaling pathway","AKT1;AKT2;KRAS;PIK3CA;PIK3R1;MAPK1;MAP2K1;SYK"
"18","05220",0.00116866271894234,3.7784126984127,4.07594936708861,11,46,"Chronic myeloid leukemia","AKT1;AKT2;CCND1;BRAF;CDKN2A;KRAS;PIK3CA;PIK3R1;MAPK1;MAP2K1;TP53"
"19","04510",0.00193742516993816,3.29752066115702,4.9620253164557,12,56,"Focal adhesion","AKT1;AKT2;CCND1;BRAF;CTNNB1;EGFR;ERBB2;PIK3CA;PIK3R1;MAPK1;MAP2K1;PTEN"
"20","05221",0.00202349573141867,4.05073649754501,3.10126582278481,9,35,"Acute myeloid leukemia","AKT1;AKT2;CCND1;BRAF;KRAS;PIK3CA;PIK3R1;MAPK1;MAP2K1"
"21","05222",0.00226720846681687,4.40476190476191,2.56962025316456,8,29,"Small cell lung cancer","AKT1;AKT2;CCND1;CCNE1;PIK3CA;PIK3R1;PTEN;TP53"
"22","04150",0.00400813325231232,4.42857142857143,2.21518987341772,7,25,"mTOR signaling pathway","AKT1;AKT2;BRAF;PIK3CA;PIK3R1;MAPK1;STK11"
"23","04662",0.00448505934551972,3.83333333333333,2.83544303797468,8,32,"B cell receptor signaling pathway","AKT1;AKT2;KRAS;PIK3CA;PIK3R1;MAPK1;MAP2K1;SYK"
"24","04320",0.00499519248397264,8.78461538461539,0.79746835443038,4,9,"Dorso-ventral axis formation","EGFR;KRAS;MAPK1;MAP2K1"
"25","04370",0.00510822535120905,4.18796992481203,2.30379746835443,7,26,"VEGF signaling pathway","AKT1;AKT2;KRAS;PIK3CA;PIK3R1;MAPK1;MAP2K1"
"26","04666",0.00642270833604588,3.97142857142857,2.39240506329114,7,27,"Fc gamma R-mediated phagocytosis","AKT1;AKT2;PIK3CA;PIK3R1;MAPK1;MAP2K1;SYK"
"27","05211",0.00810085149945909,3.38888888888889,3.10126582278481,8,35,"Renal cell carcinoma","AKT1;AKT2;BRAF;KRAS;PIK3CA;PIK3R1;MAPK1;MAP2K1"
"28","04530",0.00903584584817781,4.2,1.94936708860759,6,22,"Tight junction","AKT1;AKT2;CTNNB1;KRAS;PPP2R1A;PTEN"
"29","04650",0.0097922726426991,3.5974025974026,2.56962025316456,7,29,"Natural killer cell mediated cytotoxicity","BRAF;KRAS;PIK3CA;PIK3R1;MAPK1;MAP2K1;SYK"
"30","04973",0.0114227691253248,6.25274725274725,0.974683544303797,4,11,"Carbohydrate digestion and absorption","AKT1;AKT2;PIK3CA;PIK3R1"
"31","04960",0.0114227691253248,6.25274725274725,0.974683544303797,4,11,"Aldosterone-regulated sodium reabsorption","KRAS;PIK3CA;PIK3R1;MAPK1"
"32","04062",0.0135866910639555,3.03333333333333,3.36708860759494,8,38,"Chemokine signaling pathway","AKT1;AKT2;BRAF;KRAS;PIK3CA;PIK3R1;MAPK1;MAP2K1"
"33","04620",0.0141580229935732,3.72,2.12658227848101,6,24,"Toll-like receptor signaling pathway","AKT1;AKT2;PIK3CA;PIK3R1;MAPK1;MAP2K1"
"34","04114",0.0159702736458969,4.24585218702866,1.59493670886076,5,18,"Oocyte meiosis","CCNE1;PPP2R1A;MAPK1;MAP2K1;AURKA"
"35","04910",0.018523183975651,2.83333333333333,3.54430379746835,8,40,"Insulin signaling pathway","AKT1;AKT2;BRAF;KRAS;PIK3CA;PIK3R1;MAPK1;MAP2K1"
"36","04730",0.0202238185758526,3.93557422969188,1.68354430379747,5,19,"Long-term depression","BRAF;KRAS;PPP2R1A;MAPK1;MAP2K1"
"37","04916",0.040986021168772,2.76,2.65822784810127,6,30,"Melanogenesis","CTNNB1;DVL1;KRAS;MAPK1;MAP2K1;WNT4"
"38","04660",0.0418129113552664,2.51152073732719,3.36708860759494,7,38,"T cell receptor signaling pathway","AKT1;AKT2;KRAS;PIK3CA;PIK3R1;MAPK1;MAP2K1"
"39","04540",0.0444086747714487,3.03921568627451,2.0379746835443,5,23,"Gap junction","EGFR;KRAS;MAPK1;MAP2K1;TUBA1C"
"40","05217",0.0449934502894485,3.61538461538462,1.41772151898734,4,16,"Basal cell carcinoma","CTNNB1;DVL1;TP53;WNT4"
"41","04810",0.0459666302968308,2.29487179487179,4.16455696202532,8,47,"Regulation of actin cytoskeleton","BRAF;EGFR;FGFR2;KRAS;PIK3CA;PIK3R1;MAPK1;MAP2K1"
"42","05142",0.0473876697936984,2.6448,2.74683544303797,6,31,"Chagas disease (American trypanosomiasis)","AKT1;AKT2;PIK3CA;PIK3R1;PPP2R1A;MAPK1"
"43","04380",0.0474780539484561,2.42857142857143,3.45569620253165,7,39,"Osteoclast differentiation","AKT1;AKT2;PIK3CA;PIK3R1;MAPK1;MAP2K1;SYK"
