"","KEGGID","Pvalue","OddsRatio","ExpCount","Count","Size","Term","Symbols"
"1","05212",0.000585541696386596,5.58620689655172,2.10759493670886,8,37,"Pancreatic cancer","AKT2;BRAF;BRCA2;CDKN2A;ERBB2;KRAS;SMAD4;RB1"
"2","05219",0.0022346770456984,5.76,1.48101265822785,6,26,"Bladder cancer","BRAF;CDKN2A;DAPK1;ERBB2;KRAS;RB1"
"3","04950",0.00302391700070417,17.969696969697,0.341772151898734,3,6,"Maturity onset diabetes of the young","NR5A2;PDX1;HNF1A"
"4","05223",0.00682389052971187,4.38461538461539,1.82278481012658,6,32,"Non-small cell lung cancer","AKT2;BRAF;CDKN2A;ERBB2;KRAS;RB1"
"5","05213",0.0123818826658005,3.77333333333333,2.0506329113924,6,36,"Endometrial cancer","AKT2;APC;BRAF;ERBB2;KRAS;PTEN"
"6","05214",0.0141653785033202,3.64516129032258,2.10759493670886,6,37,"Glioma","AKT2;BRAF;CDKN2A;KRAS;PTEN;RB1"
"7","05215",0.0264955519183172,2.81951577402788,3.07594936708861,7,54,"Prostate cancer","AKT2;BRAF;EP300;ERBB2;KRAS;PTEN;RB1"
"8","05200",0.0268478899669493,2.1524064171123,8.54430379746835,14,150,"Pathways in cancer","AKT2;APC;BRAF;BRCA2;CDKN2A;DAPK1;EP300;ERBB2;HIF1A;KRAS;SMAD4;PTEN;RB1;WNT2B"
"9","05218",0.0288071097555191,3.02162162162162,2.4493670886076,6,43,"Melanoma","AKT2;BRAF;CDKN2A;KRAS;PTEN;RB1"
"10","04115",0.0310580156517083,4.01388888888889,1.25316455696203,4,22,"p53 signaling pathway","ATM;CDKN2A;PTEN;RRM2"
"11","04012",0.0353593625428445,2.85641025641026,2.56329113924051,6,45,"ErbB signaling pathway","AKT2;BRAF;ERBB2;ERBB3;KRAS;MAP2K4"
"12","05220",0.0389759572279784,2.78,2.62025316455696,6,46,"Chronic myeloid leukemia","AKT2;BRAF;CDKN2A;KRAS;SMAD4;RB1"
"13","00480",0.0409642685778634,8.70588235294118,0.341772151898734,2,6,"Glutathione metabolism","RRM1;RRM2"
"14","05211",0.041908647086961,3.04301075268817,1.99367088607595,5,35,"Renal cell carcinoma","AKT2;BRAF;EP300;HIF1A;KRAS"
"15","04110",0.0466710284452127,2.93964620187305,2.0506329113924,5,36,"Cell cycle","ATM;CDKN2A;EP300;SMAD4;RB1"
"16","04150",0.0474851390142963,3.42261904761905,1.42405063291139,4,25,"mTOR signaling pathway","AKT2;BRAF;HIF1A;STK11"
