"","KEGGID","Pvalue","OddsRatio","ExpCount","Count","Size","Term","Symbols"
"1","05218",5.55283099992084e-10,9.5829636202307,4.69462025316456,20,43,"Melanoma","AKT1;CCND1;BRAF;CDH1;CDK4;CDKN2A;EGFR;KRAS;MET;MITF;NRAS;PDGFB;PDGFRA;PDGFRB;PIK3CA;MAP2K1;MAP2K2;PTEN;RAF1;TP53"
"2","05214",1.98876330501372e-09,10.1052631578947,4.03955696202532,18,37,"Glioma","AKT1;CCND1;BRAF;CDK4;CDKN2A;EGFR;MTOR;KRAS;NRAS;PDGFB;PDGFRA;PDGFRB;PIK3CA;MAP2K1;MAP2K2;PTEN;RAF1;TP53"
"3","05213",9.89758765441013e-08,8.19622641509434,3.93037974683544,16,36,"Endometrial cancer","AKT1;CCND1;BRAF;CDH1;CTNNB1;EGFR;ERBB2;KRAS;NRAS;PIK3CA;MAP2K1;MAP2K2;PTEN;RAF1;TP53;LEF1"
"4","05219",3.50422385415982e-07,9.82142857142857,2.83860759493671,13,26,"Bladder cancer","CCND1;BRAF;CDH1;CDK4;CDKN2A;EGFR;ERBB2;KRAS;NRAS;MAP2K1;MAP2K2;RAF1;TP53"
"5","05215",4.61289332149731e-07,5.73257142857143,5.89556962025316,19,54,"Prostate cancer","AKT1;CCND1;BRAF;CTNNB1;EGFR;ERBB2;MTOR;KRAS;NRAS;PDGFB;PDGFRA;PDGFRB;PIK3CA;MAP2K1;MAP2K2;PTEN;RAF1;TP53;LEF1"
"6","05223",9.36607951871855e-07,7.70707070707071,3.49367088607595,14,32,"Non-small cell lung cancer","AKT1;CCND1;BRAF;CDK4;CDKN2A;EGFR;ERBB2;KRAS;NRAS;PIK3CA;MAP2K1;MAP2K2;RAF1;TP53"
"7","05212",1.18874559081638e-06,6.83080808080808,4.03955696202532,15,37,"Pancreatic cancer","AKT1;CCND1;BRAF;BRCA2;CDK4;CDKN2A;EGFR;ERBB2;JAK1;KRAS;PIK3CA;MAP2K1;RAC1;RAF1;TP53"
"8","04540",5.68447166472432e-06,8.70833333333333,2.51107594936709,11,23,"Gap junction","EGFR;GNA11;GNAQ;KRAS;NRAS;PDGFB;PDGFRA;PDGFRB;MAP2K1;MAP2K2;RAF1"
"9","05200",9.77259650848626e-06,3.26156665139716,16.376582278481,32,150,"Pathways in cancer","AKT1;FAS;CCND1;BRAF;BRCA2;CDH1;CDK4;CDKN2A;CTNNB1;EGFR;ERBB2;MTOR;JAK1;KIT;KRAS;MET;MITF;NRAS;PDGFB;PDGFRA;PDGFRB;PIK3CA;MAP2K1;MAP2K2;PTCH1;PTEN;RAC1;RAF1;SMO;STAT5B;TP53;LEF1"
"10","03420",1.13103965833028e-05,14.6360655737705,1.41930379746835,8,13,"Nucleotide excision repair","DDB2;ERCC2;ERCC3;ERCC4;ERCC5;POLE;XPA;XPC"
"11","04916",1.99890293126557e-05,6.37426900584795,3.2753164556962,12,30,"Melanogenesis","CTNNB1;GNAQ;KIT;KRAS;MC1R;MITF;NRAS;MAP2K1;MAP2K2;RAF1;TYR;LEF1"
"12","05221",2.22718072369454e-05,5.7086038961039,3.82120253164557,13,35,"Acute myeloid leukemia","AKT1;CCND1;BRAF;MTOR;KIT;KRAS;NRAS;PIK3CA;MAP2K1;MAP2K2;RAF1;STAT5B;LEF1"
"13","05216",4.59735856227275e-05,7.17079530638853,2.51107594936709,10,23,"Thyroid cancer","CCND1;BRAF;CDH1;CTNNB1;KRAS;NRAS;MAP2K1;MAP2K2;TP53;LEF1"
"14","04730",5.04109017376149e-05,8.295,2.0743670886076,9,19,"Long-term depression","BRAF;GNA11;GNAQ;KRAS;NRAS;MAP2K1;MAP2K2;RAF1;PLA2G6"
"15","04510",9.79131934245823e-05,3.94716981132075,6.11392405063291,16,56,"Focal adhesion","AKT1;CCND1;BRAF;COL1A1;CTNNB1;EGFR;ERBB2;MET;PDGFB;PDGFRA;PDGFRB;PIK3CA;MAP2K1;PTEN;RAC1;RAF1"
"16","04012",0.000104222577200162,4.3683284457478,4.9129746835443,14,45,"ErbB signaling pathway","AKT1;BRAF;EGFR;ERBB2;ERBB3;ERBB4;MTOR;KRAS;NRAS;PIK3CA;MAP2K1;MAP2K2;RAF1;STAT5B"
"17","04720",0.000384733856868016,6.58122205663189,2.0743670886076,8,19,"Long-term potentiation","BRAF;GNAQ;GRIN2A;KRAS;NRAS;MAP2K1;MAP2K2;RAF1"
"18","05220",0.000569890157757824,3.72835497835498,5.02215189873418,13,46,"Chronic myeloid leukemia","AKT1;CCND1;BRAF;CDK4;CDKN2A;KRAS;NRAS;PIK3CA;MAP2K1;MAP2K2;RAF1;STAT5B;TP53"
"19","05211",0.000590743783783596,4.25933908045977,3.82120253164557,11,35,"Renal cell carcinoma","AKT1;BRAF;KRAS;MET;NRAS;PDGFB;PIK3CA;MAP2K1;MAP2K2;RAC1;RAF1"
"20","05160",0.000638392909111957,4.60169491525424,3.2753164556962,10,30,"Hepatitis C","AKT1;BRAF;EGFR;JAK1;KRAS;NRAS;PIK3CA;RAF1;TP53;TBK1"
"21","04912",0.000645362027197432,5.128125,2.72943037974684,9,25,"GnRH signaling pathway","EGFR;GNA11;GNAQ;KRAS;NRAS;MAP2K1;MAP2K2;RAF1;PLA2G6"
"22","04370",0.000901005896913293,4.81764705882353,2.83860759493671,9,26,"VEGF signaling pathway","AKT1;KRAS;NRAS;PIK3CA;MAP2K1;MAP2K2;RAC1;RAF1;PLA2G6"
"23","04664",0.000901005896913293,4.81764705882353,2.83860759493671,9,26,"Fc epsilon RI signaling pathway","AKT1;KRAS;NRAS;PIK3CA;MAP2K1;MAP2K2;RAC1;RAF1;PLA2G6"
"24","04010",0.000991545679895315,3.03070662227155,7.31487341772152,16,67,"MAPK signaling pathway","AKT1;FAS;BRAF;EGFR;KRAS;NF1;NRAS;PDGFB;PDGFRA;PDGFRB;MAP2K1;MAP2K2;RAC1;RAF1;TP53;PLA2G6"
"25","04020",0.00123370853483834,4.54166666666667,2.94778481012658,9,27,"Calcium signaling pathway","EGFR;ERBB2;ERBB3;ERBB4;GNA11;GNAQ;GRIN2A;PDGFRA;PDGFRB"
"26","04115",0.00123879828458638,5.14285714285714,2.40189873417722,8,22,"p53 signaling pathway","FAS;ATM;CCND1;CDK4;CDKN2A;DDB2;PTEN;TP53"
"27","04722",0.00129634213265551,3.76500638569604,4.14873417721519,11,38,"Neurotrophin signaling pathway","AKT1;BRAF;KRAS;NFKBIE;NRAS;PIK3CA;MAP2K1;MAP2K2;RAC1;RAF1;TP53"
"28","04650",0.00219663717634195,4.0725,3.16613924050633,9,29,"Natural killer cell mediated cytotoxicity","FAS;BRAF;KRAS;NRAS;PIK3CA;MAP2K1;MAP2K2;RAC1;RAF1"
"29","04810",0.00258535682147462,3.17593984962406,5.13132911392405,12,47,"Regulation of actin cytoskeleton","BRAF;EGFR;KRAS;NRAS;PDGFB;PDGFRA;PDGFRB;PIK3CA;MAP2K1;MAP2K2;RAC1;RAF1"
"30","05210",0.00258873653927104,3.36954022988506,4.47626582278481,11,41,"Colorectal cancer","AKT1;CCND1;BRAF;CTNNB1;KRAS;PIK3CA;MAP2K1;RAC1;RAF1;TP53;LEF1"
"31","04662",0.00467911117447426,3.52173913043478,3.49367088607595,9,32,"B cell receptor signaling pathway","AKT1;KRAS;NFKBIE;NRAS;PIK3CA;MAP2K1;MAP2K2;RAC1;RAF1"
"32","04062",0.00483929099105243,3.23849878934625,4.14873417721519,10,38,"Chemokine signaling pathway","AKT1;BRAF;JAK2;KRAS;NRAS;PIK3CA;MAP2K1;RAC1;RAF1;STAT5B"
"33","04270",0.00802968544947421,3.85987903225806,2.51107594936709,7,23,"Vascular smooth muscle contraction","BRAF;GNA11;GNAQ;MAP2K1;MAP2K2;RAF1;PLA2G6"
"34","04320",0.010762818990013,6.86769230769231,0.982594936708861,4,9,"Dorso-ventral axis formation","EGFR;KRAS;NOTCH1;MAP2K1"
"35","04660",0.0157328406418706,2.76206896551724,4.14873417721519,9,38,"T cell receptor signaling pathway","AKT1;CDK4;KRAS;NFKBIE;NRAS;PIK3CA;MAP2K1;MAP2K2;RAF1"
"36","04910",0.0219929607865046,2.5741935483871,4.36708860759494,9,40,"Insulin signaling pathway","AKT1;BRAF;MTOR;KRAS;NRAS;PIK3CA;MAP2K1;MAP2K2;RAF1"
"37","05217",0.0224983205739721,3.92045454545455,1.74683544303797,5,16,"Basal cell carcinoma","CTNNB1;PTCH1;SMO;TP53;LEF1"
"38","04530",0.0246653721955605,3.25595238095238,2.40189873417722,6,22,"Tight junction","AKT1;CDK4;CTNNB1;KRAS;NRAS;PTEN"
"39","04520",0.0247182928233353,2.91397849462366,3.05696202531646,7,28,"Adherens junction","CDH1;CTNNB1;EGFR;ERBB2;MET;RAC1;LEF1"
"40","04914",0.0305367910471205,3.05882352941176,2.51107594936709,6,23,"Progesterone-mediated oocyte maturation","AKT1;BRAF;KRAS;PIK3CA;MAP2K1;RAF1"
"41","04620",0.0372630524900952,2.88359788359788,2.62025316455696,6,24,"Toll-like receptor signaling pathway","AKT1;PIK3CA;MAP2K1;MAP2K2;RAC1;TBK1"
"42","05014",0.046692940128095,5.07272727272727,0.873417721518987,3,8,"Amyotrophic lateral sclerosis (ALS)","GRIN2A;RAC1;TP53"
"43","05020",0.046692940128095,5.07272727272727,0.873417721518987,3,8,"Prion diseases","NOTCH1;MAP2K1;MAP2K2"
