"","KEGGID","Pvalue","OddsRatio","ExpCount","Count","Size","Term","Symbols"
"1","05215",5.07677858241966e-07,6.73684210526316,4.27215189873418,16,54,"Prostate cancer","AKT1;BRAF;CREB1;CTNNB1;FGFR1;FOXO1;MTOR;HRAS;IGF1R;KRAS;MDM2;PDGFRA;RB1;TP53;CREB3L2;CREB3L1"
"2","05214",8.65119082290401e-07,8.16891891891892,2.92721518987342,13,37,"Glioma","AKT1;BRAF;CDK4;CDK6;MTOR;HRAS;IGF1R;KRAS;MDM2;PDGFRA;PLCG1;RB1;TP53"
"3","05218",3.88811446749652e-05,5.61290322580645,3.40189873417722,12,43,"Melanoma","AKT1;BRAF;CDK4;CDK6;FGFR1;HRAS;IGF1R;KRAS;MDM2;PDGFRA;RB1;TP53"
"4","04962",0.000119245517848407,21.4444444444444,0.632911392405063,5,8,"Vasopressin-regulated water reabsorption","CREB1;DCTN1;GNAS;CREB3L2;CREB3L1"
"5","05223",0.000407213883499453,5.33510074231177,2.53164556962025,9,32,"Non-small cell lung cancer","AKT1;BRAF;CDK4;CDK6;HRAS;KRAS;PLCG1;RB1;TP53"
"6","05200",0.00079301528441921,2.78683035714286,11.8670886075949,22,150,"Pathways in cancer","AKT1;APC;BRAF;CDK4;CDK6;CTNNB1;FGFR1;FOXO1;MTOR;GLI1;HIF1A;HRAS;IGF1R;JUN;KIT;KRAS;MDM2;PDGFRA;PLCG1;RB1;TP53;VHL"
"7","04916",0.00132837906995331,4.84848484848485,2.37341772151899,8,30,"Melanogenesis","CREB1;CTNNB1;GNAS;HRAS;KIT;KRAS;CREB3L2;CREB3L1"
"8","04722",0.00162950695934468,4.18587047939445,3.00632911392405,9,38,"Neurotrophin signaling pathway","AKT1;BRAF;HRAS;JUN;KRAS;NTRK3;PLCG1;TP53;FRS2"
"9","05219",0.00260449983528353,4.82374541003672,2.05696202531646,7,26,"Bladder cancer","BRAF;CDK4;HRAS;KRAS;MDM2;RB1;TP53"
"10","05016",0.0050786911308902,4.82386363636364,1.74050632911392,6,22,"Huntington's disease","CREB1;DCTN1;SDHA;TP53;CREB3L2;CREB3L1"
"11","05220",0.00668343934052081,3.23335530652604,3.63924050632911,9,46,"Chronic myeloid leukemia","AKT1;BRAF;CDK4;CDK6;HRAS;KRAS;MDM2;RB1;TP53"
"12","04910",0.00934312376094922,3.27380952380952,3.16455696202532,8,40,"Insulin signaling pathway","AKT1;BRAF;FOXO1;MTOR;HRAS;KRAS;TSC1;TSC2"
"13","04150",0.01000935922043,4.04066985645933,1.97784810126582,6,25,"mTOR signaling pathway","AKT1;BRAF;MTOR;HIF1A;TSC1;TSC2"
"14","04730",0.0126070418714783,4.50793650793651,1.50316455696203,5,19,"Long-term depression","BRAF;GNAS;HRAS;IGF1R;KRAS"
"15","05211",0.0151871313362084,3.22093023255814,2.76898734177215,7,35,"Renal cell carcinoma","AKT1;BRAF;HIF1A;HRAS;JUN;KRAS;VHL"
"16","05213",0.0177133527224359,3.10425020048115,2.84810126582278,7,36,"Endometrial cancer","AKT1;APC;BRAF;CTNNB1;HRAS;KRAS;TP53"
"17","05212",0.0205261052591818,2.9953488372093,2.92721518987342,7,37,"Pancreatic cancer","AKT1;BRAF;CDK4;CDK6;KRAS;RB1;TP53"
"18","04530",0.0237771590464801,3.69281045751634,1.74050632911392,5,22,"Tight junction","AKT1;CDK4;CTNNB1;HRAS;KRAS"
"19","04115",0.0237771590464801,3.69281045751634,1.74050632911392,5,22,"p53 signaling pathway","CDK4;CDK6;MDM2;TP53;TSC2"
"20","04510",0.0245594828785882,2.49870264660093,4.43037974683544,9,56,"Focal adhesion","AKT1;BRAF;CTNNB1;FLT4;HRAS;IGF1R;JUN;KDR;PDGFRA"
"21","05160",0.0246305333863807,3.17045454545455,2.37341772151899,6,30,"Hepatitis C","AKT1;BRAF;HRAS;KRAS;LDLR;TP53"
"22","05216",0.0285880125857826,3.48148148148148,1.81962025316456,5,23,"Thyroid cancer","BRAF;CTNNB1;HRAS;KRAS;TP53"
"23","04010",0.0290355789188442,2.30263157894737,5.30063291139241,10,67,"MAPK signaling pathway","AKT1;BRAF;DDIT3;FGFR1;FGFR4;HRAS;JUN;KRAS;PDGFRA;TP53"
"24","05217",0.0310261033153101,4.1304347826087,1.26582278481013,4,16,"Basal cell carcinoma","APC;CTNNB1;GLI1;TP53"
"25","05210",0.0349347911215363,2.62380300957592,3.24367088607595,7,41,"Colorectal cancer","AKT1;APC;BRAF;CTNNB1;JUN;KRAS;TP53"
"26","04144",0.0388521770470352,2.38759689922481,4.03481012658228,8,51,"Endocytosis","FGFR4;HRAS;IGF1R;KDR;KIT;LDLR;MDM2;PDGFRA"
"27","04370",0.0465799615870087,2.96825396825397,2.05696202531646,5,26,"VEGF signaling pathway","AKT1;HRAS;KDR;KRAS;PLCG1"
"28","05221",0.0494633624175223,2.60031347962382,2.76898734177215,6,35,"Acute myeloid leukemia","AKT1;BRAF;MTOR;HRAS;KIT;KRAS"
