"","KEGGID","Pvalue","OddsRatio","ExpCount","Count","Size","Term","Symbols"
"1","04115",5.38287328629233e-06,9.75694444444444,2.01898734177215,10,22,"p53 signaling pathway","ATM;ATR;CCND2;CCNE1;CDKN2A;MDM2;PTEN;TP53;TSC2;CHEK2"
"2","05213",0.000753096674219935,4.39102564102564,3.30379746835443,10,36,"Endometrial cancer","BRAF;CDH1;EGFR;ERBB2;KRAS;MLH1;PIK3CA;PTEN;TP53;AXIN2"
"3","05218",0.000860698247207552,3.96409574468085,3.94620253164557,11,43,"Melanoma","BRAF;CDH1;CDKN2A;EGFR;FGFR1;KRAS;MDM2;MET;PIK3CA;PTEN;TP53"
"4","04150",0.000973761021606696,5.24235294117647,2.29430379746835,8,25,"mTOR signaling pathway","BRAF;EIF4EBP1;MTOR;PIK3CA;PRKAA1;RPS6;TSC1;TSC2"
"5","05219",0.001305794838901,4.94222222222222,2.38607594936709,8,26,"Bladder cancer","BRAF;CDH1;CDKN2A;EGFR;ERBB2;KRAS;MDM2;TP53"
"6","05215",0.0019125949620592,3.30434782608696,4.95569620253165,12,54,"Prostate cancer","BRAF;CCNE1;EGFR;ERBB2;FGFR1;FGFR2;MTOR;KRAS;MDM2;PIK3CA;PTEN;TP53"
"7","05214",0.00398486512643068,3.58163265306122,3.39556962025316,9,37,"Glioma","BRAF;CDKN2A;EGFR;MTOR;KRAS;MDM2;PIK3CA;PTEN;TP53"
"8","04910",0.00700461847665665,3.21724818959842,3.67088607594937,9,40,"Insulin signaling pathway","BRAF;EIF4EBP1;MTOR;KRAS;PIK3CA;PRKAA1;RPS6;TSC1;TSC2"
"9","04110",0.0120241579544048,3.12,3.30379746835443,8,36,"Cell cycle","ATM;ATR;CCND2;CCNE1;CDKN2A;MDM2;TP53;CHEK2"
"10","04012",0.0156368868105188,2.74489795918367,4.12974683544304,9,45,"ErbB signaling pathway","BRAF;EGFR;EIF4EBP1;ERBB2;ERBB3;ERBB4;MTOR;KRAS;PIK3CA"
"11","05223",0.0205497734309461,3.01411764705882,2.93670886075949,7,32,"Non-small cell lung cancer","BRAF;CDKN2A;EGFR;ERBB2;KRAS;PIK3CA;TP53"
"12","00670",0.0233963235638294,20.4642857142857,0.275316455696203,2,3,"One carbon pool by folate","MTHFR;TYMS"
"13","04020",0.0295963642559722,3.03846153846154,2.47784810126582,6,27,"Calcium signaling pathway","EGFR;ERBB2;ERBB3;ERBB4;GRIN2A;PLCE1"
"14","04520",0.0350181743394262,2.89510489510489,2.56962025316456,6,28,"Adherens junction","RHOA;CDH1;EGFR;ERBB2;FGFR1;MET"
"15","05212",0.0434710739612382,2.48888888888889,3.39556962025316,7,37,"Pancreatic cancer","BRAF;CDKN2A;EGFR;ERBB2;KRAS;PIK3CA;TP53"
"16","00010",0.0440383811787805,10.2142857142857,0.367088607594937,2,4,"Glycolysis / Gluconeogenesis","ADH1B;ALDH2"
