"","KEGGID","Pvalue","OddsRatio","ExpCount","Count","Size","Term","Symbols"
"1","05216",4.48435445509642e-14,72.7272727272727,0.764240506329114,12,23,"Thyroid cancer","BRAF;KRAS;NRAS;NTRK1;PPARG;RET;TPM3;TPR;PAX8;CCDC6;NCOA4;TFG"
"2","05200",3.34637635994844e-06,8.81481481481481,4.98417721518987,15,150,"Pathways in cancer","BRAF;MTOR;KRAS;NRAS;NTRK1;PIK3CA;PPARG;PTEN;RET;TPM3;TPR;PAX8;CCDC6;NCOA4;TFG"
"3","04910",0.000144264451567217,8.75757575757576,1.32911392405063,7,40,"Insulin signaling pathway","BRAF;MTOR;KRAS;NRAS;PIK3CA;PRKAR1A;TSC2"
"4","05214",0.000760090371783362,7.48387096774194,1.22943037974684,6,37,"Glioma","BRAF;MTOR;KRAS;NRAS;PIK3CA;PTEN"
"5","04012",0.00224351871592517,5.86666666666667,1.49525316455696,6,45,"ErbB signaling pathway","BRAF;MTOR;NRG1;KRAS;NRAS;PIK3CA"
"6","05211",0.00416358560475076,6.05208333333333,1.1629746835443,5,35,"Renal cell carcinoma","BRAF;KRAS;NRAS;PIK3CA;FLCN"
"7","05221",0.00416358560475076,6.05208333333333,1.1629746835443,5,35,"Acute myeloid leukemia","BRAF;MTOR;KRAS;NRAS;PIK3CA"
"8","05213",0.00473020101225034,5.84677419354839,1.19620253164557,5,36,"Endometrial cancer","BRAF;KRAS;NRAS;PIK3CA;PTEN"
"9","05215",0.00585788708407634,4.69166666666667,1.79430379746835,6,54,"Prostate cancer","BRAF;MTOR;KRAS;NRAS;PIK3CA;PTEN"
"10","04722",0.00602734898363669,5.47348484848485,1.2626582278481,5,38,"Neurotrophin signaling pathway","BRAF;KRAS;NRAS;NTRK1;PIK3CA"
"11","04150",0.00724838857962195,6.61064425770308,0.830696202531646,4,25,"mTOR signaling pathway","BRAF;MTOR;PIK3CA;TSC2"
"12","05218",0.0103545923751693,4.71217105263158,1.42879746835443,5,43,"Melanoma","BRAF;KRAS;NRAS;PIK3CA;PTEN"
"13","04650",0.0124602342236944,5.51529411764706,0.963607594936709,4,29,"Natural killer cell mediated cytotoxicity","BRAF;KRAS;NRAS;PIK3CA"
"14","05160",0.0140634668033313,5.29411764705882,0.996835443037975,4,30,"Hepatitis C","BRAF;KRAS;NRAS;PIK3CA"
"15","05223",0.0176568567066801,4.89915966386555,1.06329113924051,4,32,"Non-small cell lung cancer","BRAF;KRAS;NRAS;PIK3CA"
"16","04720",0.0217658859484584,6.19791666666667,0.631329113924051,3,19,"Long-term potentiation","BRAF;KRAS;NRAS"
"17","04730",0.0217658859484584,6.19791666666667,0.631329113924051,3,19,"Long-term depression","BRAF;KRAS;NRAS"
"18","04062",0.031746439968545,3.99307958477509,1.2626582278481,4,38,"Chemokine signaling pathway","BRAF;KRAS;NRAS;PIK3CA"
"19","04530",0.0324231404382099,5.19298245614035,0.731012658227848,3,22,"Tight junction","KRAS;NRAS;PTEN"
"20","04914",0.0364912387835819,4.925,0.764240506329114,3,23,"Progesterone-mediated oocyte maturation","BRAF;KRAS;PIK3CA"
"21","04210",0.0453923610334961,4.46212121212121,0.830696202531646,3,25,"Apoptosis","NTRK1;PIK3CA;PRKAR1A"
"22","04960",0.0482990851657814,7.04093567251462,0.365506329113924,2,11,"Aldosterone-regulated sodium reabsorption","KRAS;PIK3CA"
"23","00562",0.0482990851657814,7.04093567251462,0.365506329113924,2,11,"Inositol phosphate metabolism","PIK3CA;PTEN"
