"","KEGGID","Pvalue","OddsRatio","ExpCount","Count","Size","Term","Symbols"
"1","05213",9.42752213888864e-07,10.0496,2.0506329113924,11,36,"Endometrial cancer","AKT1;CTNNB1;EGFR;ERBB2;KRAS;MLH1;PIK3CA;PIK3R1;PIK3R2;PTEN;AXIN1"
"2","05210",3.21975227085983e-05,7.00992555831265,2.33544303797468,10,41,"Colorectal cancer","AKT1;CTNNB1;MSH6;KRAS;MLH1;MSH2;PIK3CA;PIK3R1;PIK3R2;AXIN1"
"3","05215",7.42094642488229e-05,5.65860465116279,3.07594936708861,11,54,"Prostate cancer","AKT1;CTNNB1;EGFR;ERBB2;FGFR2;MTOR;KRAS;PIK3CA;PIK3R1;PIK3R2;PTEN"
"4","03430",0.000123474159504809,37.125,0.341772151898734,4,6,"Mismatch repair","MSH6;MLH1;MSH2;PMS2"
"5","04150",0.000245093755460262,7.75095785440613,1.42405063291139,7,25,"mTOR signaling pathway","AKT1;MTOR;PIK3CA;PIK3R1;PIK3R2;TSC1;TSC2"
"6","04012",0.000463540347805019,5.18518518518519,2.56329113924051,9,45,"ErbB signaling pathway","AKT1;EGFR;ERBB2;MTOR;KRAS;PIK3CA;PIK3R1;PIK3R2;SRC"
"7","05214",0.000585541696386596,5.58620689655172,2.10759493670886,8,37,"Glioma","AKT1;EGFR;MTOR;KRAS;PIK3CA;PIK3R1;PIK3R2;PTEN"
"8","05160",0.000841289450908054,6.01349325337331,1.70886075949367,7,30,"Hepatitis C","AKT1;EGFR;KRAS;PIK3CA;PIK3R1;PIK3R2;EIF2AK4"
"9","04910",0.00102899683019043,5.03571428571429,2.27848101265823,8,40,"Insulin signaling pathway","AKT1;MTOR;KRAS;PIK3CA;PIK3R1;PIK3R2;TSC1;TSC2"
"10","05223",0.00127858998079781,5.51310344827586,1.82278481012658,7,32,"Non-small cell lung cancer","AKT1;EGFR;ERBB2;KRAS;PIK3CA;PIK3R1;PIK3R2"
"11","04973",0.00220703768644837,10.5178571428571,0.626582278481013,4,11,"Carbohydrate digestion and absorption","AKT1;PIK3CA;PIK3R1;PIK3R2"
"12","04960",0.00220703768644837,10.5178571428571,0.626582278481013,4,11,"Aldosterone-regulated sodium reabsorption","KRAS;PIK3CA;PIK3R1;PIK3R2"
"13","04370",0.0022346770456984,5.76,1.48101265822785,6,26,"VEGF signaling pathway","AKT1;KRAS;PIK3CA;PIK3R1;PIK3R2;SRC"
"14","05221",0.00225091288515963,4.89655172413793,1.99367088607595,7,35,"Acute myeloid leukemia","AKT1;MTOR;KIT;KRAS;PIK3CA;PIK3R1;PIK3R2"
"15","04510",0.00251212735095961,3.8936170212766,3.18987341772152,9,56,"Focal adhesion","AKT1;CTNNB1;EGFR;ERBB2;PIK3CA;PIK3R1;PIK3R2;PTEN;SRC"
"16","05212",0.00316715417194839,4.55402298850575,2.10759493670886,7,37,"Pancreatic cancer","AKT1;EGFR;ERBB2;KRAS;PIK3CA;PIK3R1;PIK3R2"
"17","04930",0.00317610604916807,9.1875,0.683544303797468,4,12,"Type II diabetes mellitus","MTOR;PIK3CA;PIK3R1;PIK3R2"
"18","04722",0.00372168649117723,4.39933259176863,2.16455696202532,7,38,"Neurotrophin signaling pathway","AKT1;KRAS;PIK3CA;PIK3R1;PIK3R2;YWHAE;SH2B3"
"19","05200",0.00392786471691658,2.75820895522388,8.54430379746835,16,150,"Pathways in cancer","AKT1;CTNNB1;EGFR;ERBB2;FGFR2;MTOR;MSH6;KIT;KRAS;MLH1;MSH2;PIK3CA;PIK3R1;PIK3R2;PTEN;AXIN1"
"20","04530",0.00586921417375912,5.49335863377609,1.25316455696203,5,22,"Tight junction","AKT1;CTNNB1;KRAS;PTEN;SRC"
"21","05100",0.00586921417375912,5.49335863377609,1.25316455696203,5,22,"Bacterial invasion of epithelial cells","CTNNB1;PIK3CA;PIK3R1;PIK3R2;SRC"
"22","04914",0.00719059392342204,5.17921146953405,1.31012658227848,5,23,"Progesterone-mediated oocyte maturation","AKT1;KRAS;PIK3CA;PIK3R1;PIK3R2"
"23","05218",0.00769064975114086,3.75478927203065,2.4493670886076,7,43,"Melanoma","AKT1;EGFR;KRAS;PIK3CA;PIK3R1;PIK3R2;PTEN"
"24","04070",0.00773529366807326,6.64772727272727,0.854430379746835,4,15,"Phosphatidylinositol signaling system","PIK3CA;PIK3R1;PIK3R2;PTEN"
"25","04664",0.0123907019601504,4.41628264208909,1.48101265822785,5,26,"Fc epsilon RI signaling pathway","AKT1;KRAS;PIK3CA;PIK3R1;PIK3R2"
"26","05222",0.0197198254662145,3.84408602150538,1.65189873417722,5,29,"Small cell lung cancer","AKT1;PIK3CA;PIK3R1;PIK3R2;PTEN"
"27","04662",0.0294821078263499,3.39904420549582,1.82278481012658,5,32,"B cell receptor signaling pathway","AKT1;KRAS;PIK3CA;PIK3R1;PIK3R2"
"28","04670",0.0415575360113421,3.6,1.36708860759494,4,24,"Leukocyte transendothelial migration","CTNNB1;PIK3CA;PIK3R1;PIK3R2"
"29","04620",0.0415575360113421,3.6,1.36708860759494,4,24,"Toll-like receptor signaling pathway","AKT1;PIK3CA;PIK3R1;PIK3R2"
"30","05211",0.041908647086961,3.04301075268817,1.99367088607595,5,35,"Renal cell carcinoma","AKT1;KRAS;PIK3CA;PIK3R1;PIK3R2"
"31","04810",0.042825870890968,2.70731707317073,2.67721518987342,6,47,"Regulation of actin cytoskeleton","EGFR;FGFR2;KRAS;PIK3CA;PIK3R1;PIK3R2"
"32","04210",0.0474851390142963,3.42261904761905,1.42405063291139,4,25,"Apoptosis","AKT1;PIK3CA;PIK3R1;PIK3R2"
