"","KEGGID","Pvalue","OddsRatio","ExpCount","Count","Size","Term","Symbols"
"1","04640",0.0110612589399153,17.5142857142857,0.170886075949367,2,12,"Hematopoietic cell lineage","KIT;KITLG"
"2","04060",0.0184950452889245,7.2875,0.612341772151899,3,43,"Cytokine-cytokine receptor interaction","FAS;KIT;KITLG"
"3","04115",0.0359315346518239,8.61428571428571,0.313291139240506,2,22,"p53 signaling pathway","FAS;TP53"
"4","04210",0.0456303743382858,7.45341614906832,0.356012658227848,2,25,"Apoptosis","FAS;TP53"
