"","GOBPID","Pvalue","OddsRatio","ExpCount","Count","Size","Term","Symbols"
"1","GO:0015980",1.68992212642108e-06,17.8019607843137,0.666666666666667,7,41,"energy derivation by oxidation of organic compounds","MTOR;PRKACA;SDHB;SDHC;SDHD;TP53;CACNA1D"
"2","GO:0060047",4.10776472136049e-06,20.421875,0.48780487804878,6,30,"heart contraction","EPAS1;MTOR;ATP1A1;ATP2B3;PRKACA;CACNA1D"
"3","GO:0003015",5.04123196136344e-06,19.59,0.504065040650406,6,31,"heart process","EPAS1;MTOR;ATP1A1;ATP2B3;PRKACA;CACNA1D"
"4","GO:0006091",6.86265937813981e-06,13.9782945736434,0.813008130081301,7,50,"generation of precursor metabolites and energy","MTOR;PRKACA;SDHB;SDHC;SDHD;TP53;CACNA1D"
"5","GO:0008016",3.01793472016032e-05,19.2794117647059,0.40650406504065,5,25,"regulation of heart contraction","EPAS1;ATP1A1;ATP2B3;PRKACA;CACNA1D"
"6","GO:0061337",0.000108915433021771,22.5299145299145,0.276422764227642,4,17,"cardiac conduction","ATP1A1;ATP2B3;PRKACA;CACNA1D"
"7","GO:1903522",0.000165773638663578,12.7549019607843,0.569105691056911,5,35,"regulation of blood circulation","EPAS1;ATP1A1;ATP2B3;PRKACA;CACNA1D"
"8","GO:0035637",0.000214680760994665,18.2638888888889,0.32520325203252,4,20,"multicellular organismal signaling","ATP1A1;ATP2B3;PRKACA;CACNA1D"
"9","GO:0055114",0.000220791339367728,7.6,1.36585365853659,7,84,"oxidation-reduction process","MTOR;PRKACA;SDHB;SDHC;SDHD;TP53;CACNA1D"
"10","GO:0021700",0.000230546275369416,9.04245283018868,0.959349593495935,6,59,"developmental maturation","CTNNB1;EPAS1;FGFR3;MTOR;PRKACA;RET"
"11","GO:1903147",0.000252561697214605,Inf,0.032520325203252,2,2,"negative regulation of mitophagy","MTOR;TP53"
"12","GO:0006099",0.000294698924690702,34.8684210526316,0.146341463414634,3,9,"tricarboxylic acid cycle","SDHB;SDHC;SDHD"
"13","GO:0022900",0.000294698924690702,34.8684210526316,0.146341463414634,3,9,"electron transport chain","SDHB;SDHC;SDHD"
"14","GO:0022904",0.000294698924690702,34.8684210526316,0.146341463414634,3,9,"respiratory electron transport chain","SDHB;SDHC;SDHD"
"15","GO:0086065",0.000294698924690702,34.8684210526316,0.146341463414634,3,9,"cell communication involved in cardiac conduction","ATP1A1;PRKACA;CACNA1D"
"16","GO:0003013",0.000304821762517927,8.53794642857143,1.00813008130081,6,62,"circulatory system process","EPAS1;MTOR;ATP1A1;ATP2B3;PRKACA;CACNA1D"
"17","GO:0008015",0.000304821762517927,8.53794642857143,1.00813008130081,6,62,"blood circulation","EPAS1;MTOR;ATP1A1;ATP2B3;PRKACA;CACNA1D"
"18","GO:1901216",0.000317225644775834,16.2098765432099,0.357723577235772,4,22,"positive regulation of neuron death","CTNNB1;FGFR3;MTOR;TP53"
"19","GO:0044057",0.000364049825418577,8.23060344827586,1.04065040650407,6,64,"regulation of system process","EPAS1;MTOR;ATP1A1;ATP2B3;PRKACA;CACNA1D"
"20","GO:0006101",0.000416558004226398,29.8646616541353,0.16260162601626,3,10,"citrate metabolic process","SDHB;SDHC;SDHD"
"21","GO:0072350",0.000416558004226398,29.8646616541353,0.16260162601626,3,10,"tricarboxylic acid metabolic process","SDHB;SDHC;SDHD"
"22","GO:1903779",0.000416558004226398,29.8646616541353,0.16260162601626,3,10,"regulation of cardiac conduction","ATP1A1;ATP2B3;PRKACA"
"23","GO:0034220",0.000421300157657365,6.75581395348837,1.51219512195122,7,93,"ion transmembrane transport","CTNNB1;MTOR;KCNJ5;ATP1A1;ATP2B3;PRKACA;CACNA1D"
"24","GO:0098660",0.000469560832881023,7.80737704918033,1.08943089430894,6,67,"inorganic ion transmembrane transport","MTOR;KCNJ5;ATP1A1;ATP2B3;PRKACA;CACNA1D"
"25","GO:0048469",0.000503750796182318,9.74358974358974,0.715447154471545,5,44,"cell maturation","CTNNB1;EPAS1;MTOR;PRKACA;RET"
"26","GO:0009060",0.000566726862477756,26.1118421052632,0.178861788617886,3,11,"aerobic respiration","SDHB;SDHC;SDHD"
"27","GO:0061418",0.000566726862477756,26.1118421052632,0.178861788617886,3,11,"regulation of transcription from RNA polymerase II promoter in response to hypoxia","EPAS1;TP53;VHL"
"28","GO:0045930",0.00068905258059146,9.0266106442577,0.764227642276423,5,47,"negative regulation of mitotic cell cycle","CTNNB1;FGFR3;FGFR2;TP53;HMGA2"
"29","GO:0043269",0.000697513893633391,7.1875,1.17073170731707,6,72,"regulation of ion transport","CTNNB1;MTOR;KCNJ5;ATP1A1;PRKACA;CACNA1D"
"30","GO:0002027",0.000747668027747837,23.1929824561403,0.195121951219512,3,12,"regulation of heart rate","EPAS1;PRKACA;CACNA1D"
"31","GO:0010107",0.000750207321185944,133,0.0487804878048781,2,3,"potassium ion import","KCNJ5;ATP1A1"
"32","GO:0014042",0.000750207321185944,133,0.0487804878048781,2,3,"positive regulation of neuron maturation","MTOR;RET"
"33","GO:0016242",0.000750207321185944,133,0.0487804878048781,2,3,"negative regulation of macroautophagy","MTOR;TP53"
"34","GO:0032105",0.000750207321185944,133,0.0487804878048781,2,3,"negative regulation of response to extracellular stimulus","MTOR;TP53"
"35","GO:0032108",0.000750207321185944,133,0.0487804878048781,2,3,"negative regulation of response to nutrient levels","MTOR;TP53"
"36","GO:0035988",0.000750207321185944,133,0.0487804878048781,2,3,"chondrocyte proliferation","FGFR3;HMGA2"
"37","GO:0060484",0.000750207321185944,133,0.0487804878048781,2,3,"lung-associated mesenchyme development","CTNNB1;FGFR2"
"38","GO:0060916",0.000750207321185944,133,0.0487804878048781,2,3,"mesenchymal cell proliferation involved in lung development","CTNNB1;FGFR2"
"39","GO:0045786",0.000795308253880113,6.00347222222222,1.67479674796748,7,103,"negative regulation of cell cycle","CTNNB1;FGFR3;FGFR2;MTOR;PRKACA;TP53;HMGA2"
"40","GO:0034765",0.000921670112489115,8.40522875816993,0.813008130081301,5,50,"regulation of ion transmembrane transport","CTNNB1;MTOR;KCNJ5;PRKACA;CACNA1D"
"41","GO:0071456",0.00109037852331238,11.1538461538462,0.48780487804878,4,30,"cellular response to hypoxia","EPAS1;MTOR;TP53;VHL"
"42","GO:0034762",0.0011065889610883,8.03504380475595,0.845528455284553,5,52,"regulation of transmembrane transport","CTNNB1;MTOR;KCNJ5;PRKACA;CACNA1D"
"43","GO:0072091",0.00140026318779221,10.3412698412698,0.520325203252033,4,32,"regulation of stem cell proliferation","CTNNB1;FGFR2;TP53;HMGA2"
"44","GO:0007494",0.00148561696549915,66.45,0.0650406504065041,2,4,"midgut development","CTNNB1;RET"
"45","GO:0009303",0.00148561696549915,66.45,0.0650406504065041,2,4,"rRNA transcription","MTOR;TP53"
"46","GO:0014041",0.00148561696549915,66.45,0.0650406504065041,2,4,"regulation of neuron maturation","MTOR;RET"
"47","GO:0060384",0.00148561696549915,66.45,0.0650406504065041,2,4,"innervation","FGFR3;RET"
"48","GO:0070307",0.00148561696549915,66.45,0.0650406504065041,2,4,"lens fiber cell development","FGFR3;FGFR2"
"49","GO:0045685",0.001497926294463,17.3552631578947,0.24390243902439,3,15,"regulation of glial cell differentiation","CTNNB1;FGFR3;MTOR"
"50","GO:0060048",0.001497926294463,17.3552631578947,0.24390243902439,3,15,"cardiac muscle contraction","MTOR;ATP1A1;PRKACA"
"51","GO:0071158",0.001497926294463,17.3552631578947,0.24390243902439,3,15,"positive regulation of cell cycle arrest","PRKACA;TP53;HMGA2"
"52","GO:0036294",0.00157632598762458,9.97701149425287,0.536585365853659,4,33,"cellular response to decreased oxygen levels","EPAS1;MTOR;TP53;VHL"
"53","GO:0007405",0.00182417344356652,16.0080971659919,0.260162601626016,3,16,"neuroblast proliferation","CTNNB1;FGFR2;TP53"
"54","GO:0043525",0.00182417344356652,16.0080971659919,0.260162601626016,3,16,"positive regulation of neuron apoptotic process","CTNNB1;FGFR3;TP53"
"55","GO:0030001",0.00204358652943768,5.71189024390244,1.43089430894309,6,88,"metal ion transport","CTNNB1;KCNJ5;ATP1A1;ATP2B3;PRKACA;CACNA1D"
"56","GO:0006941",0.00219172873154039,14.8533834586466,0.276422764227642,3,17,"striated muscle contraction","MTOR;ATP1A1;PRKACA"
"57","GO:0045844",0.00219172873154039,14.8533834586466,0.276422764227642,3,17,"positive regulation of striated muscle tissue development","CTNNB1;FGFR2;MTOR"
"58","GO:0048636",0.00219172873154039,14.8533834586466,0.276422764227642,3,17,"positive regulation of muscle organ development","CTNNB1;FGFR2;MTOR"
"59","GO:1901863",0.00219172873154039,14.8533834586466,0.276422764227642,3,17,"positive regulation of muscle tissue development","CTNNB1;FGFR2;MTOR"
"60","GO:0071453",0.0024368383386588,8.74074074074074,0.601626016260163,4,37,"cellular response to oxygen levels","EPAS1;MTOR;TP53;VHL"
"61","GO:0007032",0.00245162577923005,44.2666666666667,0.0813008130081301,2,5,"endosome organization","TMEM127;USP8"
"62","GO:0031049",0.00245162577923005,44.2666666666667,0.0813008130081301,2,5,"programmed DNA elimination","TP53;HMGA2"
"63","GO:0031052",0.00245162577923005,44.2666666666667,0.0813008130081301,2,5,"chromosome breakage","TP53;HMGA2"
"64","GO:0099622",0.00245162577923005,44.2666666666667,0.0813008130081301,2,5,"cardiac muscle cell membrane repolarization","ATP1A1;CACNA1D"
"65","GO:1903431",0.00245162577923005,44.2666666666667,0.0813008130081301,2,5,"positive regulation of cell maturation","MTOR;RET"
"66","GO:0071804",0.00260236722168246,13.8526315789474,0.292682926829268,3,18,"cellular potassium ion transport","KCNJ5;ATP1A1;CACNA1D"
"67","GO:0071805",0.00260236722168246,13.8526315789474,0.292682926829268,3,18,"potassium ion transmembrane transport","KCNJ5;ATP1A1;CACNA1D"
"68","GO:0070997",0.00285395930013467,6.34097706879362,1.04065040650407,5,64,"neuron death","CTNNB1;FGFR3;MTOR;MAX;TP53"
"69","GO:0098662",0.00285395930013467,6.34097706879362,1.04065040650407,5,64,"inorganic cation transmembrane transport","KCNJ5;ATP1A1;ATP2B3;PRKACA;CACNA1D"
"70","GO:0007369",0.00297004534894759,8.22857142857143,0.634146341463415,4,39,"gastrulation","CTNNB1;FGFR2;TP53;HMGA2"
"71","GO:0045333",0.0030577606933344,12.9769736842105,0.308943089430894,3,19,"cellular respiration","SDHB;SDHC;SDHD"
"72","GO:0043010",0.00305871523831924,6.23039215686275,1.05691056910569,5,65,"camera-type eye development","CTNNB1;FGFR3;FGFR2;MAX;RET"
"73","GO:0071375",0.00356999958296031,5.05027173913043,1.59349593495935,6,98,"cellular response to peptide hormone stimulus","CTNNB1;FGFR3;FGFR2;MTOR;MAX;PRKACA"
"74","GO:0002089",0.00364122120266722,33.175,0.0975609756097561,2,6,"lens morphogenesis in camera-type eye","CTNNB1;FGFR3"
"75","GO:0010644",0.00364122120266722,33.175,0.0975609756097561,2,6,"cell communication by electrical coupling","ATP1A1;PRKACA"
"76","GO:0045686",0.00364122120266722,33.175,0.0975609756097561,2,6,"negative regulation of glial cell differentiation","CTNNB1;FGFR3"
"77","GO:0060742",0.00364122120266722,33.175,0.0975609756097561,2,6,"epithelial cell differentiation involved in prostate gland development","CTNNB1;FGFR2"
"78","GO:0086064",0.00364122120266722,33.175,0.0975609756097561,2,6,"cell communication by electrical coupling involved in cardiac conduction","ATP1A1;PRKACA"
"79","GO:0098781",0.00364122120266722,33.175,0.0975609756097561,2,6,"ncRNA transcription","MTOR;TP53"
"80","GO:1903146",0.00364122120266722,33.175,0.0975609756097561,2,6,"regulation of mitophagy","MTOR;TP53"
"81","GO:0055085",0.00382290162112362,4.4241469816273,2.17886178861789,7,134,"transmembrane transport","CTNNB1;MTOR;KCNJ5;ATP1A1;ATP2B3;PRKACA;CACNA1D"
"82","GO:0048565",0.00391306861818644,7.56140350877193,0.682926829268293,4,42,"digestive tract development","CTNNB1;FGFR3;FGFR2;RET"
"83","GO:0050679",0.00391306861818644,7.56140350877193,0.682926829268293,4,42,"positive regulation of epithelial cell proliferation","CTNNB1;FGFR3;FGFR2;MTOR"
"84","GO:0071496",0.00398637399140756,5.82261029411765,1.1219512195122,5,69,"cellular response to external stimulus","CTNNB1;MTOR;MAX;ATP1A1;TP53"
"85","GO:0002088",0.00410900144851178,11.5175438596491,0.341463414634146,3,21,"lens development in camera-type eye","CTNNB1;FGFR3;FGFR2"
"86","GO:0006112",0.00410900144851178,11.5175438596491,0.341463414634146,3,21,"energy reserve metabolic process","MTOR;PRKACA;CACNA1D"
"87","GO:0048546",0.00410900144851178,11.5175438596491,0.341463414634146,3,21,"digestive tract morphogenesis","CTNNB1;FGFR3;FGFR2"
"88","GO:1901653",0.00416333137210368,4.87894736842105,1.64227642276423,6,101,"cellular response to peptide","CTNNB1;FGFR3;FGFR2;MTOR;MAX;PRKACA"
"89","GO:0001654",0.00451982850034365,5.63725490196078,1.15447154471545,5,71,"eye development","CTNNB1;FGFR3;FGFR2;MAX;RET"
"90","GO:0098655",0.00451982850034365,5.63725490196078,1.15447154471545,5,71,"cation transmembrane transport","KCNJ5;ATP1A1;ATP2B3;PRKACA;CACNA1D"
"91","GO:0043618",0.00470770289120692,10.9030470914127,0.357723577235772,3,22,"regulation of transcription from RNA polymerase II promoter in response to stress","EPAS1;TP53;VHL"
"92","GO:0043620",0.00470770289120692,10.9030470914127,0.357723577235772,3,22,"regulation of DNA-templated transcription in response to stress","EPAS1;TP53;VHL"
"93","GO:0007267",0.00471668661807647,4.23888888888889,2.26016260162602,7,139,"cell-cell signaling","CTNNB1;FGFR3;FGFR2;KCNJ5;PRKACA;CACNA1D;HMGA2"
"94","GO:0010564",0.00482811792827891,4.71811224489796,1.69105691056911,6,104,"regulation of cell cycle process","CTNNB1;FGFR3;FGFR2;PRKACA;TP53;HMGA2"
"95","GO:0006811",0.00491333321728831,4.20350877192982,2.27642276422764,7,140,"ion transport","CTNNB1;MTOR;KCNJ5;ATP1A1;ATP2B3;PRKACA;CACNA1D"
"96","GO:0072089",0.00504298431933338,6.99186991869919,0.731707317073171,4,45,"stem cell proliferation","CTNNB1;FGFR2;TP53;HMGA2"
"97","GO:0010823",0.00504754024667713,26.52,0.113821138211382,2,7,"negative regulation of mitochondrion organization","MTOR;TP53"
"98","GO:0014014",0.00504754024667713,26.52,0.113821138211382,2,7,"negative regulation of gliogenesis","CTNNB1;FGFR3"
"99","GO:0055023",0.00504754024667713,26.52,0.113821138211382,2,7,"positive regulation of cardiac muscle tissue growth","FGFR2;MTOR"
"100","GO:0060572",0.00504754024667713,26.52,0.113821138211382,2,7,"morphogenesis of an epithelial bud","CTNNB1;FGFR2"
"101","GO:0086009",0.00504754024667713,26.52,0.113821138211382,2,7,"membrane repolarization","ATP1A1;CACNA1D"
"102","GO:1903429",0.00504754024667713,26.52,0.113821138211382,2,7,"regulation of cell maturation","MTOR;RET"
"103","GO:0006812",0.00506648726894464,4.66666666666667,1.70731707317073,6,105,"cation transport","CTNNB1;KCNJ5;ATP1A1;ATP2B3;PRKACA;CACNA1D"
"104","GO:0043434",0.00531356625859619,4.61625,1.72357723577236,6,106,"response to peptide hormone","CTNNB1;FGFR3;FGFR2;MTOR;MAX;PRKACA"
"105","GO:0014013",0.00535687338113753,10.35,0.373983739837398,3,23,"regulation of gliogenesis","CTNNB1;FGFR3;MTOR"
"106","GO:0071156",0.00535687338113753,10.35,0.373983739837398,3,23,"regulation of cell cycle arrest","PRKACA;TP53;HMGA2"
"107","GO:2000648",0.00535687338113753,10.35,0.373983739837398,3,23,"positive regulation of stem cell proliferation","CTNNB1;FGFR2;HMGA2"
"108","GO:0006816",0.00590817552175866,6.65633074935401,0.764227642276423,4,47,"calcium ion transport","CTNNB1;ATP2B3;PRKACA;CACNA1D"
"109","GO:0055123",0.00590817552175866,6.65633074935401,0.764227642276423,4,47,"digestive system development","CTNNB1;FGFR3;FGFR2;RET"
"110","GO:0006813",0.00605771254271567,9.84962406015038,0.390243902439024,3,24,"potassium ion transport","KCNJ5;ATP1A1;CACNA1D"
"111","GO:0090257",0.00605771254271567,9.84962406015038,0.390243902439024,3,24,"regulation of muscle system process","MTOR;ATP1A1;PRKACA"
"112","GO:0003007",0.0063761018998892,6.5,0.780487804878049,4,48,"heart morphogenesis","CTNNB1;FGFR2;MTOR;TP53"
"113","GO:0043436",0.00639288479329528,4.42427884615385,1.78861788617886,6,110,"oxoacid metabolic process","CTNNB1;MTOR;SDHB;SDHC;SDHD;TP53"
"114","GO:0010507",0.00666386681508972,22.0833333333333,0.130081300813008,2,8,"negative regulation of autophagy","MTOR;TP53"
"115","GO:0040036",0.00666386681508972,22.0833333333333,0.130081300813008,2,8,"regulation of fibroblast growth factor receptor signaling pathway","CTNNB1;FGFR2"
"116","GO:0048489",0.00666386681508972,22.0833333333333,0.130081300813008,2,8,"synaptic vesicle transport","CTNNB1;FGFR2"
"117","GO:0055021",0.00666386681508972,22.0833333333333,0.130081300813008,2,8,"regulation of cardiac muscle tissue growth","FGFR2;MTOR"
"118","GO:0060421",0.00666386681508972,22.0833333333333,0.130081300813008,2,8,"positive regulation of heart growth","FGFR2;MTOR"
"119","GO:0086001",0.00666386681508972,22.0833333333333,0.130081300813008,2,8,"cardiac muscle cell action potential","ATP1A1;CACNA1D"
"120","GO:0097480",0.00666386681508972,22.0833333333333,0.130081300813008,2,8,"establishment of synaptic vesicle localization","CTNNB1;FGFR2"
"121","GO:0002062",0.00681133396825836,9.39473684210526,0.40650406504065,3,25,"chondrocyte differentiation","CTNNB1;FGFR3;HMGA2"
"122","GO:0006006",0.00681133396825836,9.39473684210526,0.40650406504065,3,25,"glucose metabolic process","MTOR;PRKACA;TP53"
"123","GO:0010518",0.00681133396825836,9.39473684210526,0.40650406504065,3,25,"positive regulation of phospholipase activity","FGFR3;FGFR2;PRKACA"
"124","GO:0070509",0.00681133396825836,9.39473684210526,0.40650406504065,3,25,"calcium ion import","CTNNB1;PRKACA;CACNA1D"
"125","GO:0090263",0.00681133396825836,9.39473684210526,0.40650406504065,3,25,"positive regulation of canonical Wnt signaling pathway","CTNNB1;FGFR3;FGFR2"
"126","GO:0051402",0.00686833893582607,6.35061728395062,0.796747967479675,4,49,"neuron apoptotic process","CTNNB1;FGFR3;MAX;TP53"
"127","GO:0006082",0.0069898955608302,4.33372641509434,1.82113821138211,6,112,"organic acid metabolic process","CTNNB1;MTOR;SDHB;SDHC;SDHD;TP53"
"128","GO:1901652",0.00730342920503085,4.28971962616822,1.83739837398374,6,113,"response to peptide","CTNNB1;FGFR3;FGFR2;MTOR;MAX;PRKACA"
"129","GO:0010959",0.00738544057263797,6.20772946859903,0.813008130081301,4,50,"regulation of metal ion transport","CTNNB1;ATP1A1;PRKACA;CACNA1D"
"130","GO:0030323",0.00738544057263797,6.20772946859903,0.813008130081301,4,50,"respiratory tube development","CTNNB1;EPAS1;FGFR3;FGFR2"
"131","GO:0030324",0.00738544057263797,6.20772946859903,0.813008130081301,4,50,"lung development","CTNNB1;EPAS1;FGFR3;FGFR2"
"132","GO:0060828",0.00738544057263797,6.20772946859903,0.813008130081301,4,50,"regulation of canonical Wnt signaling pathway","WIF1;CTNNB1;FGFR3;FGFR2"
"133","GO:0070838",0.00738544057263797,6.20772946859903,0.813008130081301,4,50,"divalent metal ion transport","CTNNB1;ATP2B3;PRKACA;CACNA1D"
"134","GO:0019318",0.00761876787183629,8.97940503432494,0.422764227642276,3,26,"hexose metabolic process","MTOR;PRKACA;TP53"
"135","GO:0048660",0.00761876787183629,8.97940503432494,0.422764227642276,3,26,"regulation of smooth muscle cell proliferation","CTNNB1;FGFR2;MTOR"
"136","GO:0060193",0.00761876787183629,8.97940503432494,0.422764227642276,3,26,"positive regulation of lipase activity","FGFR3;FGFR2;PRKACA"
"137","GO:0044281",0.00781824539752749,3.36699423924094,3.83739837398374,9,236,"small molecule metabolic process","CTNNB1;FHIT;MTOR;PRKACA;SDHB;SDHC;SDHD;TP53;CACNA1D"
"138","GO:0018105",0.0079279493521348,6.0709219858156,0.829268292682927,4,51,"peptidyl-serine phosphorylation","MTOR;PRKACA;RET;HMGA2"
"139","GO:0018209",0.0079279493521348,6.0709219858156,0.829268292682927,4,51,"peptidyl-serine modification","MTOR;PRKACA;RET;HMGA2"
"140","GO:0072511",0.0079279493521348,6.0709219858156,0.829268292682927,4,51,"divalent inorganic cation transport","CTNNB1;ATP2B3;PRKACA;CACNA1D"
"141","GO:0045165",0.00798496415459483,4.85681114551084,1.31707317073171,5,81,"cell fate commitment","CTNNB1;EPAS1;FGFR3;FGFR2;TP53"
"142","GO:0010942",0.00830651722659113,4.1625,1.88617886178862,6,116,"positive regulation of cell death","CTNNB1;FGFR3;MTOR;RET;TP53;HMGA2"
"143","GO:0031330",0.00848096368296661,8.59868421052632,0.439024390243902,3,27,"negative regulation of cellular catabolic process","FHIT;MTOR;TP53"
"144","GO:0048659",0.00848096368296661,8.59868421052632,0.439024390243902,3,27,"smooth muscle cell proliferation","CTNNB1;FGFR2;MTOR"
"145","GO:0030901",0.00848362906948943,18.9142857142857,0.146341463414634,2,9,"midbrain development","FGFR3;FGFR2"
"146","GO:0048333",0.00848362906948943,18.9142857142857,0.146341463414634,2,9,"mesodermal cell differentiation","FGFR2;HMGA2"
"147","GO:0048799",0.00848362906948943,18.9142857142857,0.146341463414634,2,9,"organ maturation","FGFR3;RET"
"148","GO:0010517",0.00939879258127663,8.24842105263158,0.455284552845528,3,28,"regulation of phospholipase activity","FGFR3;FGFR2;PRKACA"
"149","GO:0016202",0.00939879258127663,8.24842105263158,0.455284552845528,3,28,"regulation of striated muscle tissue development","CTNNB1;FGFR2;MTOR"
"150","GO:0048634",0.00939879258127663,8.24842105263158,0.455284552845528,3,28,"regulation of muscle organ development","CTNNB1;FGFR2;MTOR"
"151","GO:0061351",0.00939879258127663,8.24842105263158,0.455284552845528,3,28,"neural precursor cell proliferation","CTNNB1;FGFR2;TP53"
"152","GO:1901861",0.00939879258127663,8.24842105263158,0.455284552845528,3,28,"regulation of muscle tissue development","CTNNB1;FGFR2;MTOR"
"153","GO:0010948",0.00971316548387877,5.69333333333333,0.878048780487805,4,54,"negative regulation of cell cycle process","FGFR3;FGFR2;TP53;HMGA2"
"154","GO:0008543",0.00979015395002211,4.59926470588235,1.38211382113821,5,85,"fibroblast growth factor receptor signaling pathway","CTNNB1;FGFR3;FGFR2;MTOR;PRKACA"
