"","GOMFID","Pvalue","OddsRatio","ExpCount","Count","Size","Term","Symbols"
"1","GO:0000104",1.51297410016626e-05,208.421052631579,0.0655249441548771,3,4,"succinate dehydrogenase activity","SDHB;SDHC;SDHD"
"2","GO:0016627",0.000202951696060043,41.5578947368421,0.131049888309754,3,8,"oxidoreductase activity, acting on the CH-CH group of donors","SDHB;SDHC;SDHD"
"3","GO:0048038",0.000256338268862224,Inf,0.0327624720774386,2,2,"quinone binding","SDHB;SDHD"
"4","GO:0048039",0.000256338268862224,Inf,0.0327624720774386,2,2,"ubiquinone binding","SDHB;SDHD"
"5","GO:0009055",0.00030119222569234,34.6052631578947,0.147431124348474,3,9,"electron carrier activity","SDHB;SDHC;SDHD"
"6","GO:0015662",0.000761368624070276,132,0.0491437081161579,2,3,"ATPase activity, coupled to transmembrane movement of ions, phosphorylative mechanism","ATP1A1;ATP2B3"
"7","GO:0019829",0.000761368624070276,132,0.0491437081161579,2,3,"cation-transporting ATPase activity","ATP1A1;ATP2B3"
"8","GO:0030506",0.000761368624070276,132,0.0491437081161579,2,3,"ankyrin binding","ATP1A1;CACNA1D"
"9","GO:0042625",0.000761368624070276,132,0.0491437081161579,2,3,"ATPase coupled ion transmembrane transporter activity","ATP1A1;ATP2B3"
"10","GO:0046873",0.00127306278447679,10.6502057613169,0.507818317200298,4,31,"metal ion transmembrane transporter activity","KCNJ5;ATP1A1;ATP2B3;CACNA1D"
"11","GO:0005007",0.00150760750713889,65.95,0.0655249441548771,2,4,"fibroblast growth factor-activated receptor activity","FGFR3;FGFR2"
"12","GO:0017134",0.00150760750713889,65.95,0.0655249441548771,2,4,"fibroblast growth factor binding","FGFR3;FGFR2"
"13","GO:0022890",0.00202843616173248,9.24731182795699,0.573343261355175,4,35,"inorganic cation transmembrane transporter activity","KCNJ5;ATP1A1;ATP2B3;CACNA1D"
"14","GO:0008324",0.00367566808385633,7.71171171171171,0.671630677587491,4,41,"cation transmembrane transporter activity","KCNJ5;ATP1A1;ATP2B3;CACNA1D"
"15","GO:0016820",0.00676050704901583,21.9166666666667,0.131049888309754,2,8,"hydrolase activity, acting on acid anhydrides, catalyzing transmembrane movement of substances","ATP1A1;ATP2B3"
"16","GO:0035035",0.00676050704901583,21.9166666666667,0.131049888309754,2,8,"histone acetyltransferase binding","EPAS1;TP53"
"17","GO:0042626",0.00676050704901583,21.9166666666667,0.131049888309754,2,8,"ATPase activity, coupled to transmembrane movement of substances","ATP1A1;ATP2B3"
"18","GO:0015079",0.00860602556996539,18.7714285714286,0.147431124348474,2,9,"potassium ion transmembrane transporter activity","KCNJ5;ATP1A1"
"19","GO:0015399",0.00860602556996539,18.7714285714286,0.147431124348474,2,9,"primary active transmembrane transporter activity","ATP1A1;ATP2B3"
"20","GO:0015405",0.00860602556996539,18.7714285714286,0.147431124348474,2,9,"P-P-bond-hydrolysis-driven transmembrane transporter activity","ATP1A1;ATP2B3"
"21","GO:0015075",0.00871860008641557,5.89351851851852,0.851824274013403,4,52,"ion transmembrane transporter activity","KCNJ5;ATP1A1;ATP2B3;CACNA1D"
"22","GO:0004672",0.00897691353524028,4.08783783783784,1.91660461653016,6,117,"protein kinase activity","FGFR3;FGFR2;MTOR;PRKACA;RET;HMGA2"
