"","GOCCID","Pvalue","OddsRatio","ExpCount","Count","Size","Term","Symbols"
"1","GO:0098796",9.9504970048822e-06,9.46153846153846,1.61904761904762,9,102,"membrane protein complex","CTNNB1;MTOR;KCNJ5;ATP1A1;PRKACA;SDHB;SDHC;SDHD;CACNA1D"
"2","GO:0005746",1.37684426780802e-05,215.210526315789,0.0634920634920635,3,4,"mitochondrial respiratory chain","SDHB;SDHC;SDHD"
"3","GO:0005749",1.37684426780802e-05,215.210526315789,0.0634920634920635,3,4,"mitochondrial respiratory chain complex II, succinate dehydrogenase complex (ubiquinone)","SDHB;SDHC;SDHD"
"4","GO:0045257",1.37684426780802e-05,215.210526315789,0.0634920634920635,3,4,"succinate dehydrogenase complex (ubiquinone)","SDHB;SDHC;SDHD"
"5","GO:0045273",1.37684426780802e-05,215.210526315789,0.0634920634920635,3,4,"respiratory chain complex II","SDHB;SDHC;SDHD"
"6","GO:0045281",1.37684426780802e-05,215.210526315789,0.0634920634920635,3,4,"succinate dehydrogenase complex","SDHB;SDHC;SDHD"
"7","GO:0045283",1.37684426780802e-05,215.210526315789,0.0634920634920635,3,4,"fumarate reductase complex","SDHB;SDHC;SDHD"
"8","GO:0070469",1.37684426780802e-05,215.210526315789,0.0634920634920635,3,4,"respiratory chain","SDHB;SDHC;SDHD"
"9","GO:0098800",1.37684426780802e-05,215.210526315789,0.0634920634920635,3,4,"inner mitochondrial membrane protein complex","SDHB;SDHC;SDHD"
"10","GO:0098803",1.37684426780802e-05,215.210526315789,0.0634920634920635,3,4,"respiratory chain complex","SDHB;SDHC;SDHD"
"11","GO:0098798",3.40664839309674e-05,107.526315789474,0.0793650793650794,3,5,"mitochondrial protein complex","SDHB;SDHC;SDHD"
"12","GO:1902494",5.39266739487714e-05,7.44827586206897,1.98412698412698,9,125,"catalytic complex","MTOR;MAX;ATP1A1;PRKACA;SDHB;SDHC;SDHD;TP53;VHL"
"13","GO:0044455",6.74311136514989e-05,71.6315789473684,0.0952380952380952,3,6,"mitochondrial membrane part","SDHB;SDHC;SDHD"
"14","GO:0005739",0.000174113090666893,6.92307692307692,1.77777777777778,8,112,"mitochondrion","FHIT;MTOR;PRKACA;SDHB;SDHC;SDHD;TP53;VHL"
"15","GO:1990204",0.000184937974346062,42.9157894736842,0.126984126984127,3,8,"oxidoreductase complex","SDHB;SDHC;SDHD"
"16","GO:0030315",0.000388176625950179,30.609022556391,0.158730158730159,3,10,"T-tubule","KCNJ5;ATP1A1;CACNA1D"
"17","GO:0042383",0.000697081121436721,23.7719298245614,0.19047619047619,3,12,"sarcolemma","KCNJ5;ATP1A1;CACNA1D"
"18","GO:1902495",0.000760523954734341,12.4074074074074,0.444444444444444,4,28,"transmembrane transporter complex","KCNJ5;ATP1A1;PRKACA;CACNA1D"
"19","GO:1990351",0.000760523954734341,12.4074074074074,0.444444444444444,4,28,"transporter complex","KCNJ5;ATP1A1;PRKACA;CACNA1D"
"20","GO:0044429",0.00099273963140556,8.24155193992491,0.825396825396825,5,52,"mitochondrial part","MTOR;SDHB;SDHC;SDHD;TP53"
"21","GO:0005743",0.00112973628728207,19.4210526315789,0.222222222222222,3,14,"mitochondrial inner membrane","SDHB;SDHC;SDHD"
"22","GO:0043234",0.00136611576339392,4.1025641025641,7.66666666666667,15,483,"protein complex","CTNNB1;EPAS1;MTOR;KCNJ5;MAX;ATP1A1;PRKACA;RET;SDHB;SDHC;SDHD;TP53;VHL;CACNA1D;HMGA2"
"23","GO:0044425",0.00165923276095414,3.99759903961585,7.79365079365079,15,491,"membrane part","CTNNB1;FGFR3;FGFR2;MTOR;KCNJ5;ATP1A1;ATP2B3;TMEM127;PRKACA;RET;SDHB;SDHC;SDHD;CACNA1D;USP8"
"24","GO:0031966",0.00180685841142448,9.55555555555556,0.555555555555556,4,35,"mitochondrial membrane","MTOR;SDHB;SDHC;SDHD"
"25","GO:0005740",0.00223165489172047,8.96296296296296,0.587301587301587,4,37,"mitochondrial envelope","MTOR;SDHB;SDHC;SDHD"
"26","GO:0019866",0.00242998755056881,14.2,0.285714285714286,3,18,"organelle inner membrane","SDHB;SDHC;SDHD"
"27","GO:0044853",0.00285593935403506,13.3026315789474,0.301587301587302,3,19,"plasma membrane raft","CTNNB1;ATP1A1;PRKACA"
"28","GO:0034703",0.00332538630056364,12.5108359133127,0.317460317460317,3,20,"cation channel complex","KCNJ5;PRKACA;CACNA1D"
"29","GO:0044444",0.00430554829507105,4.12078651685393,11.5873015873016,18,730,"cytoplasmic part","CTNNB1;EPAS1;FGFR3;FGFR2;FHIT;MTOR;ATP1A1;ATP2B3;TMEM127;PRKACA;RET;SDHB;SDHC;SDHD;TP53;VHL;CACNA1D;USP8"
"30","GO:0032991",0.00447281519763101,3.47802197802198,8.49206349206349,15,535,"macromolecular complex","CTNNB1;EPAS1;MTOR;KCNJ5;MAX;ATP1A1;PRKACA;RET;SDHB;SDHC;SDHD;TP53;VHL;CACNA1D;HMGA2"
"31","GO:0014704",0.00481566036688594,27.18,0.111111111111111,2,7,"intercalated disc","CTNNB1;ATP1A1"
"32","GO:0045121",0.00630966087148512,6.51358024691358,0.777777777777778,4,49,"membrane raft","CTNNB1;ATP1A1;PRKACA;RET"
"33","GO:0098857",0.00630966087148512,6.51358024691358,0.777777777777778,4,49,"membrane microdomain","CTNNB1;ATP1A1;PRKACA;RET"
"34","GO:0044459",0.00708534724668121,3.3,4.52380952380952,10,285,"plasma membrane part","CTNNB1;FGFR3;FGFR2;KCNJ5;ATP1A1;ATP2B3;PRKACA;RET;CACNA1D;USP8"
"35","GO:0016605",0.0071285154320176,9.20594965675057,0.412698412698413,3,26,"PML body","MTOR;MAX;TP53"
"36","GO:0034702",0.0071285154320176,9.20594965675057,0.412698412698413,3,26,"ion channel complex","KCNJ5;PRKACA;CACNA1D"
"37","GO:0044291",0.00809771566687187,19.3857142857143,0.142857142857143,2,9,"cell-cell contact zone","CTNNB1;ATP1A1"
