"","GOBPID","Pvalue","OddsRatio","ExpCount","Count","Size","Term","Symbols"
"1","GO:0019220",1.3872260210022e-05,9.34505494505495,3.58093126385809,12,285,"regulation of phosphate metabolic process","CDKN2A;FGFR2;HRAS;IDH1;KRAS;NRAS;PIK3CA;ERRFI1;ROS1;BRAF;TBL1XR1;ACVR2A"
"2","GO:0051174",1.3872260210022e-05,9.34505494505495,3.58093126385809,12,285,"regulation of phosphorus metabolic process","CDKN2A;FGFR2;HRAS;IDH1;KRAS;NRAS;PIK3CA;ERRFI1;ROS1;BRAF;TBL1XR1;ACVR2A"
"3","GO:0032869",2.76733012331997e-05,11.7693333333333,1.03030303030303,7,82,"cellular response to insulin stimulus","FGFR2;HRAS;KRAS;NRAS;PIK3CA;ERRFI1;BRAF"
"4","GO:0032868",3.25240233820086e-05,11.4454545454545,1.05543237250554,7,84,"response to insulin","FGFR2;HRAS;KRAS;NRAS;PIK3CA;ERRFI1;BRAF"
"5","GO:0071375",9.0276082822517e-05,9.57692307692308,1.23133776792313,7,98,"cellular response to peptide hormone stimulus","FGFR2;HRAS;KRAS;NRAS;PIK3CA;ERRFI1;BRAF"
"6","GO:0007173",0.000103032436622546,9.35591397849462,1.25646711012565,7,100,"epidermal growth factor receptor signaling pathway","FGFR2;HRAS;KRAS;NRAS;PIK3CA;ERRFI1;BRAF"
"7","GO:0038127",0.000103032436622546,9.35591397849462,1.25646711012565,7,100,"ERBB signaling pathway","FGFR2;HRAS;KRAS;NRAS;PIK3CA;ERRFI1;BRAF"
"8","GO:0048167",0.000108915433021771,22.5299145299145,0.276422764227642,4,22,"regulation of synaptic plasticity","CNTN4;HRAS;KRAS;BRAF"
"9","GO:1901653",0.000109947003820259,9.24893617021277,1.2690317812269,7,101,"cellular response to peptide","FGFR2;HRAS;KRAS;NRAS;PIK3CA;ERRFI1;BRAF"
"10","GO:0008286",0.000121968088764105,10.8409090909091,0.879526977087953,6,70,"insulin receptor signaling pathway","FGFR2;HRAS;KRAS;NRAS;PIK3CA;BRAF"
"11","GO:0048010",0.000143244717900252,10.495867768595,0.904656319290466,6,72,"vascular endothelial growth factor receptor signaling pathway","FGFR2;HRAS;KRAS;NRAS;PIK3CA;BRAF"
"12","GO:0006097",0.000148694332559248,Inf,0.0251293422025129,2,2,"glyoxylate cycle","IDH1;IDH2"
"13","GO:0006102",0.000148694332559248,Inf,0.0251293422025129,2,2,"isocitrate metabolic process","IDH1;IDH2"
"14","GO:0043434",0.000150513623810519,8.74646464646465,1.33185513673319,7,106,"response to peptide hormone","FGFR2;HRAS;KRAS;NRAS;PIK3CA;ERRFI1;BRAF"
"15","GO:0001932",0.00019580309033093,6.65859564164649,3.09090909090909,10,246,"regulation of protein phosphorylation","CDKN2A;FGFR2;HRAS;KRAS;NRAS;PIK3CA;ERRFI1;ROS1;BRAF;ACVR2A"
"16","GO:0007411",0.000202649574849093,8.29230769230769,1.39467849223947,7,111,"axon guidance","CNTN4;DCC;FGFR2;HRAS;KRAS;NRAS;BRAF"
"17","GO:0097485",0.000202649574849093,8.29230769230769,1.39467849223947,7,111,"neuron projection guidance","CNTN4;DCC;FGFR2;HRAS;KRAS;NRAS;BRAF"
"18","GO:0043524",0.000215772744142009,18.3776223776224,0.326681448632668,4,26,"negative regulation of neuron apoptotic process","HRAS;KRAS;PIK3CA;BRAF"
"19","GO:1901652",0.00022726895636246,8.12264150943396,1.41980783444198,7,113,"response to peptide","FGFR2;HRAS;KRAS;NRAS;PIK3CA;ERRFI1;BRAF"
"20","GO:0006935",0.000233845739529906,7.24505327245053,1.9349593495935,8,154,"chemotaxis","CNTN4;DCC;FGFR2;HRAS;KRAS;NRAS;PIK3CA;BRAF"
"21","GO:0042330",0.000233845739529906,7.24505327245053,1.9349593495935,8,154,"taxis","CNTN4;DCC;FGFR2;HRAS;KRAS;NRAS;PIK3CA;BRAF"
"22","GO:0000186",0.000249271942569933,11.9537037037037,0.628233555062823,5,50,"activation of MAPKK activity","FGFR2;HRAS;KRAS;NRAS;BRAF"
"23","GO:0070372",0.000249271942569933,11.9537037037037,0.628233555062823,5,50,"regulation of ERK1 and ERK2 cascade","FGFR2;HRAS;ERRFI1;ROS1;BRAF"
"24","GO:0023014",0.000281026477535626,7.02814814814815,1.98521803399852,8,158,"signal transduction by protein phosphorylation","FGFR2;HRAS;KRAS;NRAS;ERRFI1;ROS1;BRAF;ACVR2A"
"25","GO:0045859",0.000335896619281112,6.82251082251082,2.03547671840355,8,162,"regulation of protein kinase activity","CDKN2A;FGFR2;HRAS;KRAS;NRAS;PIK3CA;ERRFI1;BRAF"
"26","GO:0007265",0.000364764584560886,8.6789413118527,1.0679970436068,6,85,"Ras protein signal transduction","CDKN2A;FGFR2;HRAS;KRAS;NRAS;BRAF"
"27","GO:0008543",0.000364764584560886,8.6789413118527,1.0679970436068,6,85,"fibroblast growth factor receptor signaling pathway","FGFR2;HRAS;KRAS;NRAS;PIK3CA;BRAF"
"28","GO:0042325",0.000375291610082374,6.05602240896359,3.32963784183296,10,265,"regulation of phosphorylation","CDKN2A;FGFR2;HRAS;KRAS;NRAS;PIK3CA;ERRFI1;ROS1;BRAF;ACVR2A"
"29","GO:0070371",0.00042938489936157,10.4983660130719,0.703621581670362,5,56,"ERK1 and ERK2 cascade","FGFR2;HRAS;ERRFI1;ROS1;BRAF"
"30","GO:0044344",0.00044218091309511,8.34146341463415,1.10569105691057,6,88,"cellular response to fibroblast growth factor stimulus","FGFR2;HRAS;KRAS;NRAS;PIK3CA;BRAF"
"31","GO:0038095",0.00047068901101835,8.23439211391019,1.11825572801183,6,89,"Fc-epsilon receptor signaling pathway","FGFR2;HRAS;KRAS;NRAS;PIK3CA;BRAF"
"32","GO:0071774",0.00047068901101835,8.23439211391019,1.11825572801183,6,89,"response to fibroblast growth factor","FGFR2;HRAS;KRAS;NRAS;PIK3CA;BRAF"
"33","GO:0006796",0.000521680193991052,5.8639175257732,5.02586844050259,12,400,"phosphate-containing compound metabolic process","CDKN2A;FGFR2;HRAS;IDH1;KRAS;NRAS;PIK3CA;ERRFI1;ROS1;BRAF;TBL1XR1;ACVR2A"
"34","GO:0071417",0.000526266766754575,6.9655737704918,1.62084257206208,7,129,"cellular response to organonitrogen compound","FGFR2;HRAS;KRAS;NRAS;PIK3CA;ERRFI1;BRAF"
"35","GO:0043549",0.00053452663130874,6.30841750841751,2.17368810051737,8,173,"regulation of kinase activity","CDKN2A;FGFR2;HRAS;KRAS;NRAS;PIK3CA;ERRFI1;BRAF"
"36","GO:0006793",0.000592840992795936,5.7587786259542,5.08869179600887,12,405,"phosphorus metabolic process","CDKN2A;FGFR2;HRAS;IDH1;KRAS;NRAS;PIK3CA;ERRFI1;ROS1;BRAF;TBL1XR1;ACVR2A"
"37","GO:0032147",0.000599578219420984,7.8307210031348,1.16851441241685,6,93,"activation of protein kinase activity","FGFR2;HRAS;KRAS;NRAS;PIK3CA;BRAF"
"38","GO:0050804",0.000628875744247971,13.3948717948718,0.42719881744272,4,34,"modulation of synaptic transmission","CNTN4;HRAS;KRAS;BRAF"
"39","GO:1901214",0.000643773714742429,9.52380952380952,0.766444937176645,5,61,"regulation of neuron death","DCC;HRAS;KRAS;PIK3CA;BRAF"
"40","GO:1901215",0.000704500993844053,12.9528535980149,0.439763488543976,4,35,"negative regulation of neuron death","HRAS;KRAS;PIK3CA;BRAF"
"41","GO:0007409",0.000765733317271577,6.49384615384615,1.72135994087214,7,137,"axonogenesis","CNTN4;DCC;FGFR2;HRAS;KRAS;NRAS;BRAF"
"42","GO:0050803",0.000786400255872242,12.5384615384615,0.452328159645233,4,36,"regulation of synapse structure or activity","CNTN4;HRAS;KRAS;BRAF"
"43","GO:0048011",0.000798138326438792,7.37549407114625,1.23133776792313,6,98,"neurotrophin TRK receptor signaling pathway","FGFR2;HRAS;KRAS;NRAS;PIK3CA;BRAF"
"44","GO:0070997",0.000806416356602921,9.0183615819209,0.804138950480414,5,64,"neuron death","DCC;HRAS;KRAS;PIK3CA;BRAF"
"45","GO:0061564",0.000875502165919622,6.33157894736842,1.75905395417591,7,140,"axon development","CNTN4;DCC;FGFR2;HRAS;KRAS;NRAS;BRAF"
"46","GO:0006103",0.000879009867140402,88.9333333333333,0.0502586844050259,2,4,"2-oxoglutarate metabolic process","IDH1;IDH2"
"47","GO:0046487",0.000879009867140402,88.9333333333333,0.0502586844050259,2,4,"glyoxylate metabolic process","IDH1;IDH2"
"48","GO:0048169",0.000879009867140402,88.9333333333333,0.0502586844050259,2,4,"regulation of long-term neuronal synaptic plasticity","HRAS;KRAS"
"49","GO:0038179",0.000890664500143844,7.20696324951644,1.25646711012565,6,100,"neurotrophin signaling pathway","FGFR2;HRAS;KRAS;NRAS;PIK3CA;BRAF"
"50","GO:0031399",0.000913559798890961,5.29175050301811,3.6940133037694,10,294,"regulation of protein modification process","CDKN2A;FGFR2;HRAS;KRAS;NRAS;PIK3CA;ERRFI1;ROS1;BRAF;ACVR2A"
"51","GO:0043408",0.00091478631957191,6.27910447761194,1.77161862527716,7,141,"regulation of MAPK cascade","FGFR2;HRAS;KRAS;NRAS;ERRFI1;ROS1;BRAF"
"52","GO:0038093",0.000939972973595858,7.12535885167464,1.2690317812269,6,101,"Fc receptor signaling pathway","FGFR2;HRAS;KRAS;NRAS;PIK3CA;BRAF"
"53","GO:0007264",0.00095547790329821,6.22740740740741,1.78418329637842,7,142,"small GTPase mediated signal transduction","CDKN2A;FGFR2;HRAS;KRAS;NRAS;GOPC;BRAF"
"54","GO:1901699",0.00095547790329821,6.22740740740741,1.78418329637842,7,142,"cellular response to nitrogen compound","FGFR2;HRAS;KRAS;NRAS;PIK3CA;ERRFI1;BRAF"
"55","GO:0051338",0.000989346714355553,5.67219152854512,2.37472283813747,8,189,"regulation of transferase activity","CDKN2A;FGFR2;HRAS;KRAS;NRAS;PIK3CA;ERRFI1;BRAF"
"56","GO:0006468",0.0010532308062199,5.17548195748888,3.75683665927568,10,299,"protein phosphorylation","CDKN2A;FGFR2;HRAS;KRAS;NRAS;PIK3CA;ERRFI1;ROS1;BRAF;ACVR2A"
"57","GO:0048667",0.0011813601866122,5.98,1.8470066518847,7,147,"cell morphogenesis involved in neuron differentiation","CNTN4;DCC;FGFR2;HRAS;KRAS;NRAS;BRAF"
"58","GO:0007169",0.0011838049506131,5.49581839904421,2.43754619364375,8,194,"transmembrane receptor protein tyrosine kinase signaling pathway","FGFR2;HRAS;KRAS;NRAS;PIK3CA;ERRFI1;ROS1;BRAF"
"59","GO:0071363",0.001408546113262,5.32867946480512,2.50036954915004,8,199,"cellular response to growth factor stimulus","FGFR2;HRAS;KRAS;NRAS;PIK3CA;ERRFI1;BRAF;ACVR2A"
"60","GO:0045333",0.00141179780298492,17.6785714285714,0.238728750923873,3,19,"cellular respiration","IDH1;IDH2;PIK3CA"
"61","GO:0007167",0.00141863160461377,5.06018518518519,3.16629711751663,9,252,"enzyme linked receptor protein signaling pathway","FGFR2;HRAS;KRAS;NRAS;PIK3CA;ERRFI1;ROS1;BRAF;ACVR2A"
"62","GO:0000165",0.00150694602656472,5.70547945205479,1.92239467849224,7,153,"MAPK cascade","FGFR2;HRAS;KRAS;NRAS;ERRFI1;ROS1;BRAF"
"63","GO:0048812",0.00150694602656472,5.70547945205479,1.92239467849224,7,153,"neuron projection morphogenesis","CNTN4;DCC;FGFR2;HRAS;KRAS;NRAS;BRAF"
"64","GO:0070848",0.0017230900326908,5.13931190073322,2.57575757575758,8,205,"response to growth factor","FGFR2;HRAS;KRAS;NRAS;PIK3CA;ERRFI1;BRAF;ACVR2A"
"65","GO:0009725",0.00183983197765464,5.0787269681742,2.60088691796009,8,207,"response to hormone","FGFR2;HRAS;IDH1;KRAS;NRAS;PIK3CA;ERRFI1;BRAF"
"66","GO:0031401",0.00183983197765464,5.0787269681742,2.60088691796009,8,207,"positive regulation of protein modification process","CDKN2A;FGFR2;HRAS;KRAS;NRAS;PIK3CA;BRAF;ACVR2A"
"67","GO:0043523",0.00201473524273909,9.47985347985348,0.577974870657798,4,46,"regulation of neuron apoptotic process","HRAS;KRAS;PIK3CA;BRAF"
"68","GO:0006081",0.00216514401954937,44.4,0.0753880266075388,2,6,"cellular aldehyde metabolic process","IDH1;IDH2"
"69","GO:0048168",0.00216514401954937,44.4,0.0753880266075388,2,6,"regulation of neuronal synaptic plasticity","HRAS;KRAS"
"70","GO:0007166",0.00218917530697941,4.74120267260579,5.79231337767923,12,461,"cell surface receptor signaling pathway","DCC;FGFR2;HRAS;KRAS;NRAS;PIK3CA;ERRFI1;RNF43;ROS1;BRAF;TBL1XR1;ACVR2A"
"71","GO:0048513",0.00219131442568837,5.03625954198473,6.74722838137472,13,537,"animal organ development","CDKN2A;CNTN4;DCC;FGFR2;HRAS;IDH1;KRAS;NRAS;PIK3CA;ERRFI1;BRAF;TBL1XR1;ACVR2A"
"72","GO:0032870",0.00220552591030674,5.29487179487179,2.0480413895048,7,163,"cellular response to hormone stimulus","FGFR2;HRAS;KRAS;NRAS;PIK3CA;ERRFI1;BRAF"
"73","GO:0071900",0.0022530005879019,5.90345937248592,1.49519586104952,6,119,"regulation of protein serine/threonine kinase activity","CDKN2A;FGFR2;HRAS;KRAS;NRAS;BRAF"
"74","GO:0010243",0.00228752021702366,5.25668789808917,2.06060606060606,7,164,"response to organonitrogen compound","FGFR2;HRAS;KRAS;NRAS;PIK3CA;ERRFI1;BRAF"
"75","GO:0016310",0.00244817961620773,4.51713395638629,4.15890613451589,10,331,"phosphorylation","CDKN2A;FGFR2;HRAS;KRAS;NRAS;PIK3CA;ERRFI1;ROS1;BRAF;ACVR2A"
"76","GO:0045860",0.00245850710025131,5.79130434782609,1.52032520325203,6,121,"positive regulation of protein kinase activity","FGFR2;HRAS;KRAS;NRAS;PIK3CA;BRAF"
"77","GO:0051402",0.00255514981047332,8.82735042735043,0.615668883961567,4,49,"neuron apoptotic process","HRAS;KRAS;PIK3CA;BRAF"
"78","GO:0033674",0.00291252141680263,5.57830404889228,1.57058388765706,6,125,"positive regulation of kinase activity","FGFR2;HRAS;KRAS;NRAS;PIK3CA;BRAF"
"79","GO:0006464",0.00299883741057715,4.51034482758621,5.98078344419808,12,476,"cellular protein modification process","CDKN2A;FGFR2;HRAS;KRAS;NRAS;PIK3CA;ERRFI1;RNF43;ROS1;BRAF;TBL1XR1;ACVR2A"
"80","GO:0036211",0.00299883741057715,4.51034482758621,5.98078344419808,12,476,"protein modification process","CDKN2A;FGFR2;HRAS;KRAS;NRAS;PIK3CA;ERRFI1;RNF43;ROS1;BRAF;TBL1XR1;ACVR2A"
"81","GO:0032990",0.00303402283334959,4.96787878787879,2.16112342941611,7,172,"cell part morphogenesis","CNTN4;DCC;FGFR2;HRAS;KRAS;NRAS;BRAF"
"82","GO:0048858",0.00303402283334959,4.96787878787879,2.16112342941611,7,172,"cell projection morphogenesis","CNTN4;DCC;FGFR2;HRAS;KRAS;NRAS;BRAF"
"83","GO:0002220",0.00319749705995625,12.7987012987013,0.314116777531412,3,25,"innate immune response activating cell surface receptor signaling pathway","HRAS;KRAS;NRAS"
"84","GO:0002223",0.00319749705995625,12.7987012987013,0.314116777531412,3,25,"stimulatory C-type lectin receptor signaling pathway","HRAS;KRAS;NRAS"
"85","GO:0023052",0.00326289782705344,6.43602225312935,9.22246858832225,15,734,"signaling","CDKN2A;CNTN4;DCC;FGFR2;HRAS;KRAS;NRAS;PIK3CA;ERRFI1;RNF43;GOPC;ROS1;BRAF;TBL1XR1;ACVR2A"
"86","GO:0044700",0.00326289782705344,6.43602225312935,9.22246858832225,15,734,"single organism signaling","CDKN2A;CNTN4;DCC;FGFR2;HRAS;KRAS;NRAS;PIK3CA;ERRFI1;RNF43;GOPC;ROS1;BRAF;TBL1XR1;ACVR2A"
"87","GO:0044710",0.00337603872232768,4.70238095238095,7.02365114560236,13,559,"single-organism metabolic process","CDKN2A;FGFR2;HRAS;IDH1;IDH2;KRAS;NRAS;PIK3CA;ERRFI1;ROS1;BRAF;TBL1XR1;ACVR2A"
"88","GO:0043405",0.00362459531667902,6.21031746031746,1.11825572801183,5,89,"regulation of MAP kinase activity","FGFR2;HRAS;KRAS;NRAS;BRAF"
"89","GO:0043085",0.003707287340124,4.46046046046046,2.88987435328899,8,230,"positive regulation of catalytic activity","CDKN2A;FGFR2;HRAS;KRAS;NRAS;PIK3CA;ERRFI1;BRAF"
"90","GO:0051347",0.00371072423415796,5.28436363636364,1.6459719142646,6,131,"positive regulation of transferase activity","FGFR2;HRAS;KRAS;NRAS;PIK3CA;BRAF"
"91","GO:0007154",0.00382588608563728,6.26373626373626,9.33555062823356,15,743,"cell communication","CDKN2A;CNTN4;DCC;FGFR2;HRAS;KRAS;NRAS;PIK3CA;ERRFI1;RNF43;GOPC;ROS1;BRAF;TBL1XR1;ACVR2A"
"92","GO:0050900",0.00392400682936746,7.7526395173454,0.691056910569106,4,55,"leukocyte migration","HRAS;KRAS;NRAS;PIK3CA"
"93","GO:1901698",0.0039604009334559,4.70578034682081,2.26164079822616,7,180,"response to nitrogen compound","FGFR2;HRAS;KRAS;NRAS;PIK3CA;ERRFI1;BRAF"
"94","GO:0035176",0.00398209506204588,29.5555555555556,0.100517368810052,2,8,"social behavior","HRAS;KRAS"
"95","GO:0048103",0.00398209506204588,29.5555555555556,0.100517368810052,2,8,"somatic stem cell division","CDKN2A;FGFR2"
"96","GO:0048489",0.00398209506204588,29.5555555555556,0.100517368810052,2,8,"synaptic vesicle transport","FGFR2;BRAF"
"97","GO:0051703",0.00398209506204588,29.5555555555556,0.100517368810052,2,8,"intraspecies interaction between organisms","HRAS;KRAS"
"98","GO:0060612",0.00398209506204588,29.5555555555556,0.100517368810052,2,8,"adipose tissue development","PIK3CA;TBL1XR1"
"99","GO:0097480",0.00398209506204588,29.5555555555556,0.100517368810052,2,8,"establishment of synaptic vesicle localization","FGFR2;BRAF"
"100","GO:0001934",0.0040902289426907,4.67471264367816,2.27420546932742,7,181,"positive regulation of protein phosphorylation","FGFR2;HRAS;KRAS;NRAS;PIK3CA;BRAF;ACVR2A"
"101","GO:0048519",0.00411485226536516,5.075,8.21729490022173,14,654,"negative regulation of biological process","CDKN2A;CNTN4;DCC;FGFR2;HRAS;KRAS;NRAS;PIK3CA;ERRFI1;RNF43;GOPC;ROS1;BRAF;TBL1XR1"
"102","GO:0032268",0.00411837377615612,4.13577675968347,4.43532889874353,10,353,"regulation of cellular protein metabolic process","CDKN2A;FGFR2;HRAS;KRAS;NRAS;PIK3CA;ERRFI1;ROS1;BRAF;ACVR2A"
"103","GO:0043412",0.00421608181698161,4.26611226611227,6.19438285291944,12,493,"macromolecule modification","CDKN2A;FGFR2;HRAS;KRAS;NRAS;PIK3CA;ERRFI1;RNF43;ROS1;BRAF;TBL1XR1;ACVR2A"
"104","GO:0002768",0.00432873191543632,5.10359408033827,1.69623059866962,6,135,"immune response-regulating cell surface receptor signaling pathway","FGFR2;HRAS;KRAS;NRAS;PIK3CA;BRAF"
"105","GO:0006099",0.00508202779795057,25.3142857142857,0.113082039911308,2,9,"tricarboxylic acid cycle","IDH1;IDH2"
"106","GO:0046579",0.00508202779795057,25.3142857142857,0.113082039911308,2,9,"positive regulation of Ras protein signal transduction","HRAS;KRAS"
"107","GO:1901701",0.00525272763346116,4.43846153846154,2.37472283813747,7,189,"cellular response to oxygen-containing compound","FGFR2;HRAS;KRAS;NRAS;PIK3CA;ERRFI1;BRAF"
"108","GO:0008283",0.0052560870476082,3.96287328490718,4.57354028085735,10,364,"cell proliferation","CDKN2A;FGFR2;HRAS;KRAS;NRAS;ERRFI1;RNF43;ROS1;BRAF;ACVR2A"
"109","GO:0031175",0.00541440674573905,4.4103825136612,2.38728750923873,7,190,"neuron projection development","CNTN4;DCC;FGFR2;HRAS;KRAS;NRAS;BRAF"
"110","GO:0042327",0.00541440674573905,4.4103825136612,2.38728750923873,7,190,"positive regulation of phosphorylation","FGFR2;HRAS;KRAS;NRAS;PIK3CA;BRAF;ACVR2A"
"111","GO:0032270",0.00544130514314183,4.14312617702448,3.06577974870658,8,244,"positive regulation of cellular protein metabolic process","CDKN2A;FGFR2;HRAS;KRAS;NRAS;PIK3CA;BRAF;ACVR2A"
"112","GO:0002764",0.00600228786749373,4.73517786561265,1.80931263858093,6,144,"immune response-regulating signaling pathway","FGFR2;HRAS;KRAS;NRAS;PIK3CA;BRAF"
"113","GO:0006101",0.00630564158646953,22.1333333333333,0.125646711012565,2,10,"citrate metabolic process","IDH1;IDH2"
"114","GO:0032768",0.00630564158646953,22.1333333333333,0.125646711012565,2,10,"regulation of monooxygenase activity","KRAS;ACVR2A"
"115","GO:0050999",0.00630564158646953,22.1333333333333,0.125646711012565,2,10,"regulation of nitric-oxide synthase activity","KRAS;ACVR2A"
"116","GO:0051057",0.00630564158646953,22.1333333333333,0.125646711012565,2,10,"positive regulation of small GTPase mediated signal transduction","HRAS;KRAS"
"117","GO:0072350",0.00630564158646953,22.1333333333333,0.125646711012565,2,10,"tricarboxylic acid metabolic process","IDH1;IDH2"
"118","GO:0097479",0.00630564158646953,22.1333333333333,0.125646711012565,2,10,"synaptic vesicle localization","FGFR2;BRAF"
"119","GO:0009719",0.00647778295787933,3.86835548172757,3.8950480413895,9,310,"response to endogenous stimulus","FGFR2;HRAS;IDH1;KRAS;NRAS;PIK3CA;ERRFI1;BRAF;ACVR2A"
"120","GO:0051246",0.00664174271189415,3.80039138943249,4.71175166297118,10,375,"regulation of protein metabolic process","CDKN2A;FGFR2;HRAS;KRAS;NRAS;PIK3CA;ERRFI1;ROS1;BRAF;ACVR2A"
"121","GO:0010562",0.00685111145916037,4.19633507853403,2.48780487804878,7,198,"positive regulation of phosphorus metabolic process","FGFR2;HRAS;KRAS;NRAS;PIK3CA;BRAF;ACVR2A"
"122","GO:0045937",0.00685111145916037,4.19633507853403,2.48780487804878,7,198,"positive regulation of phosphate metabolic process","FGFR2;HRAS;KRAS;NRAS;PIK3CA;BRAF;ACVR2A"
"123","GO:0000904",0.00704953832072959,4.17083333333333,2.50036954915004,7,199,"cell morphogenesis involved in differentiation","CNTN4;DCC;FGFR2;HRAS;KRAS;NRAS;BRAF"
"124","GO:0010646",0.00709977601630629,3.78440366972477,5.61640798226164,11,447,"regulation of cell communication","CDKN2A;CNTN4;FGFR2;HRAS;KRAS;NRAS;ERRFI1;RNF43;ROS1;BRAF;ACVR2A"
"125","GO:0097285",0.00715203065057432,5.20622895622896,1.30672579453067,5,104,"cell-type specific apoptotic process","CDKN2A;HRAS;KRAS;PIK3CA;BRAF"
"126","GO:0023051",0.00723701041392046,3.77154843630816,5.6289726533629,11,448,"regulation of signaling","CDKN2A;CNTN4;FGFR2;HRAS;KRAS;NRAS;ERRFI1;RNF43;ROS1;BRAF;ACVR2A"
"127","GO:0009060",0.00765002738207902,19.6592592592593,0.138211382113821,2,11,"aerobic respiration","IDH1;IDH2"
"128","GO:0051705",0.00765002738207902,19.6592592592593,0.138211382113821,2,11,"multi-organism behavior","HRAS;KRAS"
"129","GO:0007165",0.00817425106675111,4.50196078431373,8.71988174427199,14,694,"signal transduction","CDKN2A;DCC;FGFR2;HRAS;KRAS;NRAS;PIK3CA;ERRFI1;RNF43;GOPC;ROS1;BRAF;TBL1XR1;ACVR2A"
"130","GO:0070374",0.00841473151906945,8.73214285714286,0.439763488543976,3,35,"positive regulation of ERK1 and ERK2 cascade","FGFR2;HRAS;BRAF"
"131","GO:0051247",0.00855596663494079,3.78652668416448,3.29194382852919,8,262,"positive regulation of protein metabolic process","CDKN2A;FGFR2;HRAS;KRAS;NRAS;PIK3CA;BRAF;ACVR2A"
"132","GO:0071495",0.00876303329222079,3.7681917211329,3.30450849963045,8,263,"cellular response to endogenous stimulus","FGFR2;HRAS;KRAS;NRAS;PIK3CA;ERRFI1;BRAF;ACVR2A"
"133","GO:0048666",0.00880057428158341,3.976,2.60088691796009,7,207,"neuron development","CNTN4;DCC;FGFR2;HRAS;KRAS;NRAS;BRAF"
"134","GO:0050790",0.00883510971597413,3.64642857142857,4.0709534368071,9,324,"regulation of catalytic activity","CDKN2A;FGFR2;HRAS;KRAS;NRAS;PIK3CA;ERRFI1;BRAF;ACVR2A"
"135","GO:0007632",0.00911232242369688,17.68,0.150776053215078,2,12,"visual behavior","KRAS;BRAF"
"136","GO:0008542",0.00911232242369688,17.68,0.150776053215078,2,12,"visual learning","KRAS;BRAF"
"137","GO:0043648",0.00911232242369688,17.68,0.150776053215078,2,12,"dicarboxylic acid metabolic process","IDH1;IDH2"
"138","GO:0002682",0.00918893287624584,3.73194984868137,3.32963784183296,8,265,"regulation of immune system process","CDKN2A;FGFR2;HRAS;KRAS;NRAS;PIK3CA;BRAF;ACVR2A"
"139","GO:0050793",0.00936219772253643,3.56768885564697,4.92535107169254,10,392,"regulation of developmental process","CDKN2A;CNTN4;DCC;FGFR2;KRAS;NRAS;PIK3CA;ERRFI1;BRAF;ACVR2A"
"140","GO:1902531",0.0094078655335715,3.71403962101637,3.34220251293422,8,266,"regulation of intracellular signal transduction","CDKN2A;FGFR2;HRAS;KRAS;NRAS;ERRFI1;ROS1;BRAF"
"141","GO:0043410",0.0094408537866387,4.83490566037736,1.39467849223947,5,111,"positive regulation of MAPK cascade","FGFR2;HRAS;KRAS;NRAS;BRAF"
