"","GOCCID","Pvalue","OddsRatio","ExpCount","Count","Size","Term","Symbols"
"1","GO:0005886",0.0004851952638171,6.27730192719486,5.88744588744589,13,480,"plasma membrane","CNTN4;DCC;FGFR2;HRAS;KRAS;NRAS;PIK3CA;ERRFI1;RNF43;GOPC;ROS1;BRAF;ACVR2A"
"2","GO:0071944",0.000670340655365329,6,6.05916305916306,13,494,"cell periphery","CNTN4;DCC;FGFR2;HRAS;KRAS;NRAS;PIK3CA;ERRFI1;RNF43;GOPC;ROS1;BRAF;ACVR2A"
"3","GO:0005777",0.00484883895815093,25.9428571428571,0.11038961038961,2,9,"peroxisome","IDH1;IDH2"
"4","GO:0042579",0.00484883895815093,25.9428571428571,0.11038961038961,2,9,"microbody","IDH1;IDH2"
"5","GO:0005739",0.00886582463214682,4.91433021806854,1.37373737373737,5,112,"mitochondrion","CDKN2A;IDH1;IDH2;KRAS;BRAF"
