"","GOMFID","Pvalue","OddsRatio","ExpCount","Count","Size","Term","Symbols"
"1","GO:0004448",0.000133162737071285,Inf,0.0238272524199553,2,2,"isocitrate dehydrogenase activity","IDH1;IDH2"
"2","GO:0004450",0.000133162737071285,Inf,0.0238272524199553,2,2,"isocitrate dehydrogenase (NADP+) activity","IDH1;IDH2"
"3","GO:0000166",0.000344382856378817,6.46446078431373,3.3596425912137,10,282,"nucleotide binding","FGFR2;HRAS;IDH1;IDH2;KRAS;NRAS;PIK3CA;ROS1;BRAF;ACVR2A"
"4","GO:1901265",0.000344382856378817,6.46446078431373,3.3596425912137,10,282,"nucleoside phosphate binding","FGFR2;HRAS;IDH1;IDH2;KRAS;NRAS;PIK3CA;ROS1;BRAF;ACVR2A"
"5","GO:0036094",0.000740173327141971,5.75503355704698,3.66939687267312,10,308,"small molecule binding","FGFR2;HRAS;IDH1;IDH2;KRAS;NRAS;PIK3CA;ROS1;BRAF;ACVR2A"
"6","GO:0051287",0.00194243648224216,47.25,0.071481757259866,2,6,"NAD binding","IDH1;IDH2"
"7","GO:0001883",0.00248190919476508,4.95067264573991,2.75204765450484,8,231,"purine nucleoside binding","FGFR2;HRAS;KRAS;NRAS;PIK3CA;ROS1;BRAF;ACVR2A"
"8","GO:0032550",0.00248190919476508,4.95067264573991,2.75204765450484,8,231,"purine ribonucleoside binding","FGFR2;HRAS;KRAS;NRAS;PIK3CA;ROS1;BRAF;ACVR2A"
"9","GO:0035639",0.00248190919476508,4.95067264573991,2.75204765450484,8,231,"purine ribonucleoside triphosphate binding","FGFR2;HRAS;KRAS;NRAS;PIK3CA;ROS1;BRAF;ACVR2A"
"10","GO:0001882",0.00255478394085809,4.92410714285714,2.76396128071482,8,232,"nucleoside binding","FGFR2;HRAS;KRAS;NRAS;PIK3CA;ROS1;BRAF;ACVR2A"
"11","GO:0032549",0.00255478394085809,4.92410714285714,2.76396128071482,8,232,"ribonucleoside binding","FGFR2;HRAS;KRAS;NRAS;PIK3CA;ROS1;BRAF;ACVR2A"
"12","GO:0017076",0.00311495089407074,4.74458874458874,2.84735666418466,8,239,"purine nucleotide binding","FGFR2;HRAS;KRAS;NRAS;PIK3CA;ROS1;BRAF;ACVR2A"
"13","GO:0032555",0.00311495089407074,4.74458874458874,2.84735666418466,8,239,"purine ribonucleotide binding","FGFR2;HRAS;KRAS;NRAS;PIK3CA;ROS1;BRAF;ACVR2A"
"14","GO:0032553",0.0032024969982049,4.7198275862069,2.85927029039464,8,240,"ribonucleotide binding","FGFR2;HRAS;KRAS;NRAS;PIK3CA;ROS1;BRAF;ACVR2A"
"15","GO:0005525",0.00509208810409589,10.706043956044,0.369322412509308,3,31,"GTP binding","HRAS;KRAS;NRAS"
"16","GO:0019001",0.00557787387874322,10.3289124668435,0.381236038719285,3,32,"guanyl nucleotide binding","HRAS;KRAS;NRAS"
"17","GO:0032561",0.00557787387874322,10.3289124668435,0.381236038719285,3,32,"guanyl ribonucleotide binding","HRAS;KRAS;NRAS"
"18","GO:0004702",0.00687831078847626,20.9206349206349,0.131049888309754,2,11,"receptor signaling protein serine/threonine kinase activity","BRAF;ACVR2A"
"19","GO:0016614",0.00687831078847626,20.9206349206349,0.131049888309754,2,11,"oxidoreductase activity, acting on CH-OH group of donors","IDH1;IDH2"
"20","GO:0016616",0.00687831078847626,20.9206349206349,0.131049888309754,2,11,"oxidoreductase activity, acting on the CH-OH group of donors, NAD or NADP as acceptor","IDH1;IDH2"
"21","GO:0019199",0.00779769966207742,9.04895104895105,0.428890543559196,3,36,"transmembrane receptor protein kinase activity","FGFR2;ROS1;ACVR2A"
"22","GO:0004672",0.00920338589812706,4.93100649350649,1.39389426656739,5,117,"protein kinase activity","FGFR2;PIK3CA;ROS1;BRAF;ACVR2A"
"23","GO:0097367",0.00951503841293527,3.80797101449275,3.38346984363366,8,284,"carbohydrate derivative binding","FGFR2;HRAS;KRAS;NRAS;PIK3CA;ROS1;BRAF;ACVR2A"
