"","GOBPID","Pvalue","OddsRatio","ExpCount","Count","Size","Term","Symbols"
"1","GO:0036293",5.28192095531605e-07,8.43697478991597,2.18847006651885,12,63,"response to decreased oxygen levels","TACC3;SLC29A1;ERCC2;MTOR;MDM4;ATM;NOTCH1;PTEN;TERT;TP53;TSC1;TSC2"
"2","GO:0008286",1.7664635668522e-06,7.37733990147783,2.43163340724316,12,70,"insulin receptor signaling pathway","ERBB2;ERBB3;FGFR1;FGFR3;FGFR2;MTOR;HRAS;KRAS;NRAS;PIK3CA;TSC1;TSC2"
"3","GO:0048011",2.03394803540492e-06,6.17171717171717,3.40428677014043,14,98,"neurotrophin TRK receptor signaling pathway","ERBB2;ERBB3;FGFR1;FGFR3;FGFR2;MCF2L;MTOR;HRAS;KRAS;NRAS;PIK3CA;PRKAR2B;PTEN;TSC2"
"4","GO:0071375",2.03394803540492e-06,6.17171717171717,3.40428677014043,14,98,"cellular response to peptide hormone stimulus","ERBB2;ERBB3;FGFR1;FGFR3;FGFR2;MTOR;GNAS;HRAS;KRAS;NRAS;PIK3CA;PRKAR2B;TSC1;TSC2"
"5","GO:0070482",2.07292733176278e-06,7.24648910411622,2.46637102734664,12,71,"response to oxygen levels","TACC3;SLC29A1;ERCC2;MTOR;MDM4;ATM;NOTCH1;PTEN;TERT;TP53;TSC1;TSC2"
"6","GO:1901652",2.08834154314098e-06,5.7780612244898,3.92535107169254,15,113,"response to peptide","ERBB2;ERBB3;FGFR1;FGFR3;FGFR2;MTOR;GNAS;HRAS;KRAS;NOTCH1;NRAS;PIK3CA;PRKAR2B;TSC1;TSC2"
"7","GO:0008543",2.33541651555023e-06,6.5531045751634,2.95269770879527,13,85,"fibroblast growth factor receptor signaling pathway","ERBB2;ERBB3;FGFR1;FGFR3;FGFR2;MTOR;HRAS;KRAS;NRAS;PIK3CA;PRKAR2B;PTEN;TSC2"
"8","GO:0001666",2.59506433118927e-06,7.83843537414966,2.08425720620843,11,60,"response to hypoxia","TACC3;SLC29A1;ERCC2;MTOR;MDM4;ATM;NOTCH1;PTEN;TERT;TP53;TSC2"
"9","GO:0007173",2.62302615217973e-06,6.01832276250881,3.47376201034738,14,100,"epidermal growth factor receptor signaling pathway","ERBB2;ERBB3;FGFR1;FGFR3;FGFR2;MTOR;HRAS;KRAS;NRAS;PIK3CA;PRKAR2B;PAG1;PTEN;TSC2"
"10","GO:0038127",2.62302615217973e-06,6.01832276250881,3.47376201034738,14,100,"ERBB signaling pathway","ERBB2;ERBB3;FGFR1;FGFR3;FGFR2;MTOR;HRAS;KRAS;NRAS;PIK3CA;PRKAR2B;PAG1;PTEN;TSC2"
"11","GO:0038179",2.62302615217973e-06,6.01832276250881,3.47376201034738,14,100,"neurotrophin signaling pathway","ERBB2;ERBB3;FGFR1;FGFR3;FGFR2;MCF2L;MTOR;HRAS;KRAS;NRAS;PIK3CA;PRKAR2B;PTEN;TSC2"
"12","GO:1901653",2.97144642512311e-06,5.94427028909787,3.50849963045085,14,101,"cellular response to peptide","ERBB2;ERBB3;FGFR1;FGFR3;FGFR2;MTOR;GNAS;HRAS;KRAS;NRAS;PIK3CA;PRKAR2B;TSC1;TSC2"
"13","GO:0044344",3.52264393267631e-06,6.2756862745098,3.05691056910569,13,88,"cellular response to fibroblast growth factor stimulus","ERBB2;ERBB3;FGFR1;FGFR3;FGFR2;MTOR;HRAS;KRAS;NRAS;PIK3CA;PRKAR2B;PTEN;TSC2"
"14","GO:0045786",3.79524944274472e-06,5.80115764385427,3.5779748706578,14,103,"negative regulation of cell cycle","STAG2;FGFR3;FGFR2;MTOR;HRAS;MDM4;MSH2;ATM;NOTCH2;PTEN;RB1;TP53;TSC1;TSC2"
"15","GO:0071774",4.02383201004434e-06,6.18808049535604,3.09164818920916,13,89,"response to fibroblast growth factor","ERBB2;ERBB3;FGFR1;FGFR3;FGFR2;MTOR;HRAS;KRAS;NRAS;PIK3CA;PRKAR2B;PTEN;TSC2"
"16","GO:0051338",4.71924643644319e-06,4.5344537815126,6.56541019955654,19,189,"regulation of transferase activity","ERBB2;ERBB3;FGFR1;FGFR3;FGFR2;MTOR;HGF;HRAS;KRAS;ATM;NRAS;PIK3CA;UGT1A8;PRKAR2B;PTEN;RB1;TP53;TSC1;TSC2"
"17","GO:0070997",5.08410330483092e-06,7.22379454926625,2.22320768662232,11,64,"neuron death","ERBB3;FGFR3;MTOR;HRAS;KRAS;MSH2;ATM;PIK3CA;RB1;TP53;TSC1"
"18","GO:0043434",5.41641720756665e-06,5.59815546772069,3.68218773096822,14,106,"response to peptide hormone","ERBB2;ERBB3;FGFR1;FGFR3;FGFR2;MTOR;GNAS;HRAS;KRAS;NRAS;PIK3CA;PRKAR2B;TSC1;TSC2"
"19","GO:0008340",6.25185586294081e-06,121.395348837209,0.173688100517369,4,5,"determination of adult lifespan","MSH6;MSH2;ATM;TP53"
"20","GO:0006955",7.93041485102353e-06,4.0525321888412,8.85809312638581,22,255,"immune response","ERBB2;ERBB3;ERCC1;FGFR1;FGFR3;FGFR2;MTOR;CD274;MSH6;HRAS;KRAS;MSH2;NOTCH1;NOTCH2;NRAS;PIK3CA;PRKAR2B;PAG1;PTEN;TP53;TSC1;TSC2"
"21","GO:1901699",8.19549349498021e-06,4.83358934971838,4.93274205469327,16,142,"cellular response to nitrogen compound","ERBB2;ERBB3;FGFR1;FGFR3;FGFR2;MTOR;GNAS;DROSHA;HRAS;KRAS;NRAS;PIK3CA;PRKAR2B;TERT;TSC1;TSC2"
"22","GO:0036294",8.3099588990092e-06,10.5107692307692,1.14634146341463,8,33,"cellular response to decreased oxygen levels","SLC29A1;MTOR;MDM4;NOTCH1;PTEN;TERT;TP53;TSC1"
"23","GO:0010259",9.03657922300374e-06,30.9761904761905,0.347376201034738,5,10,"multicellular organism aging","ERCC1;MSH6;MSH2;ATM;TP53"
"24","GO:0050790",9.97597014981171e-06,3.82715110975981,11.2549889135255,25,324,"regulation of catalytic activity","ERBB2;ERBB3;FGFR1;FGFR3;FGFR2;MCF2L;MTOR;GNAS;MSH6;HGF;HRAS;KRAS;MSH2;ATM;NOTCH1;NRAS;PIK3CA;UGT1A8;PRKAR2B;PTEN;RB1;TERT;TP53;TSC1;TSC2"
"25","GO:0032869",1.01623649456117e-05,6.05387755102041,2.84848484848485,12,82,"cellular response to insulin stimulus","ERBB2;ERBB3;FGFR1;FGFR3;FGFR2;MTOR;HRAS;KRAS;NRAS;PIK3CA;TSC1;TSC2"
"26","GO:1901698",1.03285063581493e-05,4.38314176245211,6.25277161862528,18,180,"response to nitrogen compound","ERBB2;ERBB3;FGFR1;FGFR3;FGFR2;MTOR;GNAS;DROSHA;HRAS;KRAS;NOTCH1;NRAS;PIK3CA;PRKAR2B;PTEN;TERT;TSC1;TSC2"
"27","GO:0035264",1.16339353230502e-05,8.35526315789474,1.56319290465632,9,45,"multicellular organism growth","ERCC1;ERCC2;FGFR2;MTOR;GNAS;NOTCH2;PIK3CA;TP53;KDM6A"
"28","GO:0002376",1.29478321153371e-05,3.70005659309564,13.8950480413895,28,400,"immune system process","TACC3;ERBB2;ERBB3;ERCC1;ERCC2;FANCC;FGFR1;FGFR3;FGFR2;MTOR;GNAS;CD274;MSH6;HRAS;KRAS;MSH2;ATM;NOTCH1;NOTCH2;NRAS;PIK3CA;PRKAR2B;PAG1;PTEN;RB1;TP53;TSC1;TSC2"
"29","GO:0032868",1.31754614596278e-05,5.87619047619048,2.9179600886918,12,84,"response to insulin","ERBB2;ERBB3;FGFR1;FGFR3;FGFR2;MTOR;HRAS;KRAS;NRAS;PIK3CA;TSC1;TSC2"
"30","GO:0007265",1.49573866559146e-05,5.79099804305284,2.95269770879527,12,85,"Ras protein signal transduction","ERBB2;ERBB3;FGFR1;FGFR3;FGFR2;MCF2L;HRAS;KRAS;NOTCH2;NRAS;RB1;TP53"
"31","GO:0022402",1.68618221109539e-05,3.97831978319783,7.8159645232816,20,225,"cell cycle process","TUBB3;TACC3;STAG2;ERCC2;FGFR3;FGFR2;MTOR;MSH6;HGF;HRAS;MDM4;MSH2;ATM;NOTCH2;PRKAR2B;PTEN;RB1;TP53;TSC1;TSC2"
"32","GO:0007050",1.97589486932694e-05,6.78918918918919,2.08425720620843,10,60,"cell cycle arrest","MTOR;HRAS;MDM4;MSH2;ATM;NOTCH2;RB1;TP53;TSC1;TSC2"
"33","GO:0071453",2.0797636442798e-05,9.03271441202476,1.28529194382853,8,37,"cellular response to oxygen levels","SLC29A1;MTOR;MDM4;NOTCH1;PTEN;TERT;TP53;TSC1"
"34","GO:1901214",2.30281112668212e-05,6.6507684154743,2.1189948263119,10,61,"regulation of neuron death","ERBB3;FGFR3;MTOR;HRAS;KRAS;MSH2;ATM;PIK3CA;TP53;TSC1"
"35","GO:0051402",2.42925172666002e-05,7.49605263157895,1.70214338507021,9,49,"neuron apoptotic process","ERBB3;FGFR3;HRAS;KRAS;MSH2;ATM;PIK3CA;RB1;TP53"
"36","GO:0038095",2.43819243400931e-05,5.47235621521336,3.09164818920916,12,89,"Fc-epsilon receptor signaling pathway","ERBB2;ERBB3;FGFR1;FGFR3;FGFR2;MTOR;HRAS;KRAS;NRAS;PIK3CA;PTEN;TSC2"
"37","GO:0007272",3.38625133156208e-05,10.2136363636364,1.00739098300074,7,29,"ensheathment of neurons","ERBB2;ERCC2;FGFR3;MTOR;HGF;PTEN;TSC1"
"38","GO:0008366",3.38625133156208e-05,10.2136363636364,1.00739098300074,7,29,"axon ensheathment","ERBB2;ERCC2;FGFR3;MTOR;HGF;PTEN;TSC1"
"39","GO:0042552",3.38625133156208e-05,10.2136363636364,1.00739098300074,7,29,"myelination","ERBB2;ERCC2;FGFR3;MTOR;HGF;PTEN;TSC1"
"40","GO:0007507",3.57316476348577e-05,4.61267217630854,4.30746489283075,14,124,"heart development","ERBB2;ERBB3;FGFR1;FGFR2;MTOR;MDM4;ATM;NOTCH1;NOTCH2;PTEN;TP53;TSC1;TSC2;KDM6A"
"41","GO:0016242",3.93675480436313e-05,Inf,0.104212860310421,3,3,"negative regulation of macroautophagy","MTOR;TP53;TSC1"
"42","GO:0032105",3.93675480436313e-05,Inf,0.104212860310421,3,3,"negative regulation of response to extracellular stimulus","MTOR;TP53;TSC1"
"43","GO:0032108",3.93675480436313e-05,Inf,0.104212860310421,3,3,"negative regulation of response to nutrient levels","MTOR;TP53;TSC1"
"44","GO:0055023",4.15610668501718e-05,40.4031007751938,0.243163340724316,4,7,"positive regulation of cardiac muscle tissue growth","FGFR1;FGFR2;MTOR;NOTCH1"
"45","GO:0071456",4.30147904432088e-05,9.76195652173913,1.04212860310421,7,30,"cellular response to hypoxia","SLC29A1;MTOR;MDM4;NOTCH1;PTEN;TERT;TP53"
"46","GO:0071363",4.40045250995264e-05,3.85787769098876,6.91278640059128,18,199,"cellular response to growth factor stimulus","ERBB2;ERBB3;FGFR1;FGFR3;FGFR2;MCF2L;MTOR;HGF;HRAS;KRAS;NOTCH1;NOTCH2;NRAS;PIK3CA;PRKAR2B;PTEN;TP53;TSC2"
"47","GO:0045859",4.6657884038308e-05,4.10075121520106,5.62749445676275,16,162,"regulation of protein kinase activity","ERBB2;ERBB3;FGFR1;FGFR3;FGFR2;MTOR;HGF;HRAS;KRAS;NRAS;PIK3CA;PRKAR2B;PTEN;RB1;TSC1;TSC2"
"48","GO:0032870",5.04985585890153e-05,4.06934386657889,5.66223207686622,16,163,"cellular response to hormone stimulus","ERBB2;ERBB3;FGFR1;FGFR3;FGFR2;MTOR;GNAS;HRAS;KRAS;NOTCH1;NRAS;PIK3CA;PRKAR2B;RB1;TSC1;TSC2"
"49","GO:0010243",5.46182991868794e-05,4.03836094158675,5.6969696969697,16,164,"response to organonitrogen compound","ERBB2;ERBB3;FGFR1;FGFR3;FGFR2;MTOR;GNAS;HRAS;KRAS;NOTCH1;NRAS;PIK3CA;PRKAR2B;PTEN;TSC1;TSC2"
"50","GO:0010948",5.51608990246859e-05,6.63684210526316,1.87583148558758,9,54,"negative regulation of cell cycle process","STAG2;FGFR3;FGFR2;MDM4;MSH2;ATM;PTEN;RB1;TP53"
"51","GO:0071417",5.6588157281181e-05,4.39367588932806,4.48115299334812,14,129,"cellular response to organonitrogen compound","ERBB2;ERBB3;FGFR1;FGFR3;FGFR2;MTOR;GNAS;HRAS;KRAS;NRAS;PIK3CA;PRKAR2B;TSC1;TSC2"
"52","GO:0007568",6.1901056267093e-05,5.81547064305685,2.36215816703622,10,68,"aging","ERCC1;ERCC2;MTOR;MSH6;HRAS;MSH2;ATM;PTEN;TERT;TP53"
"53","GO:0070848",6.67967557688122e-05,3.71418034298359,7.12121212121212,18,205,"response to growth factor","ERBB2;ERBB3;FGFR1;FGFR3;FGFR2;MCF2L;MTOR;HGF;HRAS;KRAS;NOTCH1;NOTCH2;NRAS;PIK3CA;PRKAR2B;PTEN;TP53;TSC2"
"54","GO:0007569",6.74501185727116e-05,8.967,1.11160384331116,7,32,"cell aging","ERCC1;MTOR;HRAS;ATM;PTEN;TERT;TP53"
"55","GO:0048589",7.37090289374827e-05,4.27118644067797,4.58536585365854,14,132,"developmental growth","ERCC1;ERCC2;FGFR1;FGFR3;FGFR2;MTOR;GNAS;FMN1;NOTCH1;NOTCH2;PIK3CA;PTEN;TP53;KDM6A"
"56","GO:0010507",8.10055724313999e-05,30.2790697674419,0.27790096082779,4,8,"negative regulation of autophagy","MTOR;HGF;TP53;TSC1"
"57","GO:0035176",8.10055724313999e-05,30.2790697674419,0.27790096082779,4,8,"social behavior","MTOR;HRAS;KRAS;PTEN"
"58","GO:0051703",8.10055724313999e-05,30.2790697674419,0.27790096082779,4,8,"intraspecies interaction between organisms","MTOR;HRAS;KRAS;PTEN"
"59","GO:0055021",8.10055724313999e-05,30.2790697674419,0.27790096082779,4,8,"regulation of cardiac muscle tissue growth","FGFR1;FGFR2;MTOR;NOTCH1"
"60","GO:0060421",8.10055724313999e-05,30.2790697674419,0.27790096082779,4,8,"positive regulation of heart growth","FGFR1;FGFR2;MTOR;NOTCH1"
"61","GO:1901701",8.57229824974702e-05,3.73604651162791,6.56541019955654,17,189,"cellular response to oxygen-containing compound","SLC29A1;ERBB2;ERBB3;FANCC;FGFR1;FGFR3;FGFR2;MTOR;GNAS;HGF;HRAS;KRAS;NRAS;PIK3CA;PRKAR2B;TSC1;TSC2"
"62","GO:0038093",9.01872429816992e-05,4.68828250401284,3.50849963045085,12,101,"Fc receptor signaling pathway","ERBB2;ERBB3;FGFR1;FGFR3;FGFR2;MTOR;HRAS;KRAS;NRAS;PIK3CA;PTEN;TSC2"
"63","GO:0048015",9.09179573033479e-05,5.51617190961453,2.46637102734664,10,71,"phosphatidylinositol-mediated signaling","ERBB2;ERBB3;FGFR1;FGFR3;FGFR2;MTOR;HGF;PIK3CA;PTEN;TSC2"
"64","GO:0048017",9.09179573033479e-05,5.51617190961453,2.46637102734664,10,71,"inositol lipid-mediated signaling","ERBB2;ERBB3;FGFR1;FGFR3;FGFR2;MTOR;HGF;PIK3CA;PTEN;TSC2"
"65","GO:0043085",9.10797635234279e-05,3.52149627623561,7.98965262379896,19,230,"positive regulation of catalytic activity","ERBB2;ERBB3;FGFR1;FGFR3;FGFR2;MCF2L;GNAS;MSH6;HGF;HRAS;KRAS;MSH2;NRAS;PIK3CA;PRKAR2B;PTEN;TERT;TSC1;TSC2"
"66","GO:0046620",9.44262311771873e-05,15.4285714285714,0.521064301552106,5,15,"regulation of organ growth","FGFR1;FGFR2;MTOR;NOTCH1;PTEN"
"67","GO:0007167",9.6894533071829e-05,3.42911877394636,8.75388026607539,20,252,"enzyme linked receptor protein signaling pathway","ERBB2;ERBB3;FGFR1;FGFR3;FGFR2;MCF2L;MTOR;HGF;HRAS;KRAS;NOTCH1;NOTCH2;NRAS;PIK3CA;PRKAR2B;PAG1;PTEN;TP53;TSC1;TSC2"
"68","GO:0048010",0.000102866611398243,5.42284219703575,2.50110864745011,10,72,"vascular endothelial growth factor receptor signaling pathway","ERBB2;ERBB3;FGFR1;FGFR3;FGFR2;MTOR;HRAS;KRAS;NRAS;PIK3CA"
"69","GO:0043549",0.000107446372135704,3.77727552907335,6.00960827790096,16,173,"regulation of kinase activity","ERBB2;ERBB3;FGFR1;FGFR3;FGFR2;MTOR;HGF;HRAS;KRAS;NRAS;PIK3CA;PRKAR2B;PTEN;RB1;TSC1;TSC2"
"70","GO:1902533",0.000107446372135704,3.77727552907335,6.00960827790096,16,173,"positive regulation of intracellular signal transduction","ERBB2;ERBB3;FGFR1;FGFR3;FGFR2;MTOR;GNAS;HGF;HRAS;KRAS;ATM;NOTCH1;NOTCH2;NRAS;PTEN;TP53"
"71","GO:0043523",0.000110855481761111,6.84480431848853,1.59793052475979,8,46,"regulation of neuron apoptotic process","ERBB3;FGFR3;HRAS;KRAS;MSH2;ATM;PIK3CA;TP53"
"72","GO:0008285",0.000112475031773373,4.08031534860803,4.75905395417591,14,137,"negative regulation of cell proliferation","ERBB2;FGFR3;FGFR2;CD274;HRAS;MDM4;ATM;NOTCH1;NOTCH2;PTEN;RB1;TP53;TSC1;TSC2"
"73","GO:0007169",0.000120848935033161,3.61450094161959,6.73909830007391,17,194,"transmembrane receptor protein tyrosine kinase signaling pathway","ERBB2;ERBB3;FGFR1;FGFR3;FGFR2;MCF2L;MTOR;HGF;HRAS;KRAS;NRAS;PIK3CA;PRKAR2B;PAG1;PTEN;TSC1;TSC2"
"74","GO:0045930",0.000130112400616971,6.66403681788297,1.63266814486327,8,47,"negative regulation of mitotic cell cycle","FGFR3;FGFR2;HRAS;MSH2;ATM;PTEN;RB1;TP53"
"75","GO:0008219",0.000136222348790595,3.18598233995585,11.289726533629,23,325,"cell death","ERBB3;ERCC2;FGFR1;FGFR3;FGFR2;MCF2L;MTOR;MSH6;HGF;HRAS;KRAS;MDM4;MSH2;ATM;NOTCH1;NOTCH2;PIK3CA;PTEN;RB1;TERT;TP53;TSC1;CLPTM1L"
"76","GO:0016265",0.000136222348790595,3.18598233995585,11.289726533629,23,325,"death","ERBB3;ERCC2;FGFR1;FGFR3;FGFR2;MCF2L;MTOR;MSH6;HGF;HRAS;KRAS;MDM4;MSH2;ATM;NOTCH1;NOTCH2;PIK3CA;PTEN;RB1;TERT;TP53;TSC1;CLPTM1L"
"77","GO:0051726",0.000138146469869064,3.56778398510242,6.80857354028086,17,196,"regulation of cell cycle","TACC3;STAG2;ERCC2;FGFR1;FGFR3;FGFR2;MTOR;HRAS;MDM4;MSH2;ATM;NOTCH2;PTEN;RB1;TP53;TSC1;TSC2"
"78","GO:1901700",0.000145761634570786,3.30698899736557,8.9970436067997,20,259,"response to oxygen-containing compound","SLC29A1;ERBB2;ERBB3;ERCC1;FANCC;FGFR1;FGFR3;FGFR2;MTOR;GNAS;HGF;HRAS;KRAS;NOTCH1;NRAS;PIK3CA;PRKAR2B;PTEN;TSC1;TSC2"
"79","GO:0014065",0.000150466321464305,7.70603448275862,1.25055432372506,7,36,"phosphatidylinositol 3-kinase signaling","ERBB2;ERBB3;FGFR1;HGF;PIK3CA;PTEN;TSC2"
"80","GO:0022010",0.000153620920810259,88.9772727272727,0.138950480413895,3,4,"central nervous system myelination","ERCC2;FGFR3;PTEN"
"81","GO:0032291",0.000153620920810259,88.9772727272727,0.138950480413895,3,4,"axon ensheathment in central nervous system","ERCC2;FGFR3;PTEN"
"82","GO:0045792",0.000153620920810259,88.9772727272727,0.138950480413895,3,4,"negative regulation of cell size","MTOR;PTEN;TSC1"
"83","GO:0006950",0.000156050664149372,3.11314870259481,18.480413895048,31,532,"response to stress","TACC3;SLC29A1;ERBB2;ERBB3;ERCC1;ERCC2;FANCC;FGFR1;FGFR3;FGFR2;MTOR;GNAS;DROSHA;MSH6;HGF;HRAS;KRAS;LSP1;MDM4;MSH2;ATM;NOTCH1;NOTCH2;NRAS;PIK3CA;PRKAR2B;PTEN;TERT;TP53;TSC1;TSC2"
"84","GO:0007049",0.000182220448306622,3.18793706293706,9.90022172949002,21,285,"cell cycle","TUBB3;TACC3;STAG2;ERCC2;FGFR1;FGFR3;FGFR2;MTOR;MSH6;HGF;HRAS;MDM4;MSH2;ATM;NOTCH2;PRKAR2B;PTEN;RB1;TP53;TSC1;TSC2"
"85","GO:0006915",0.000186033463200009,3.13846153846154,10.6991869918699,22,308,"apoptotic process","ERBB3;ERCC2;FGFR1;FGFR3;FGFR2;MCF2L;MTOR;MSH6;HGF;HRAS;KRAS;MDM4;MSH2;ATM;NOTCH1;NOTCH2;PIK3CA;PTEN;RB1;TERT;TP53;CLPTM1L"
"86","GO:0035556",0.000186975031442475,3.03955656336609,14.0339985218034,26,404,"intracellular signal transduction","ERBB2;ERBB3;FGFR1;FGFR3;FGFR2;MCF2L;MTOR;GNAS;MSH6;HGF;HRAS;KRAS;MDM4;MSH2;ATM;NOTCH1;NOTCH2;NRAS;PIK3CA;PRKAR2B;PAG1;PTEN;RB1;TP53;TSC1;TSC2"
"87","GO:0032147",0.000197635661859822,4.5609756097561,3.23059866962306,11,93,"activation of protein kinase activity","ERBB2;ERBB3;FGFR1;FGFR3;FGFR2;HGF;HRAS;KRAS;NRAS;PIK3CA;PRKAR2B"
"88","GO:0000186",0.000205210726036178,6.17338217338217,1.73688100517369,8,50,"activation of MAPKK activity","ERBB2;ERBB3;FGFR1;FGFR3;FGFR2;HRAS;KRAS;NRAS"
"89","GO:0042060",0.000227177883001857,3.95984654731458,4.44641537324464,13,128,"wound healing","ERBB2;ERBB3;MTOR;GNAS;HGF;HRAS;KRAS;NOTCH1;NOTCH2;NRAS;PIK3CA;PRKAR2B;TP53"
"90","GO:0031644",0.000230807446499468,20.1550387596899,0.347376201034738,4,10,"regulation of neurological system process","FGFR1;MTOR;HGF;PTEN"
"91","GO:0046622",0.000230807446499468,20.1550387596899,0.347376201034738,4,10,"positive regulation of organ growth","FGFR1;FGFR2;MTOR;NOTCH1"
"92","GO:0055025",0.000230807446499468,20.1550387596899,0.347376201034738,4,10,"positive regulation of cardiac muscle tissue development","FGFR1;FGFR2;MTOR;NOTCH1"
"93","GO:0060420",0.000230807446499468,20.1550387596899,0.347376201034738,4,10,"regulation of heart growth","FGFR1;FGFR2;MTOR;NOTCH1"
"94","GO:0065009",0.000245037718332063,2.97271825396825,14.2424242424242,26,410,"regulation of molecular function","ERBB2;ERBB3;ERCC2;FGFR1;FGFR3;FGFR2;MCF2L;MTOR;GNAS;MSH6;HGF;HRAS;KRAS;MSH2;ATM;NOTCH1;NRAS;PIK3CA;UGT1A8;PRKAR2B;PTEN;RB1;TERT;TP53;TSC1;TSC2"
"95","GO:0012501",0.000252299790540863,3.0558904109589,10.9076127124908,22,314,"programmed cell death","ERBB3;ERCC2;FGFR1;FGFR3;FGFR2;MCF2L;MTOR;MSH6;HGF;HRAS;KRAS;MDM4;MSH2;ATM;NOTCH1;NOTCH2;PIK3CA;PTEN;RB1;TERT;TP53;CLPTM1L"
"96","GO:0009725",0.000278532723591825,3.32842105263158,7.19068736141907,17,207,"response to hormone","ERBB2;ERBB3;FGFR1;FGFR3;FGFR2;MTOR;GNAS;HRAS;KRAS;NOTCH1;NRAS;PIK3CA;PRKAR2B;PTEN;RB1;TSC1;TSC2"
"97","GO:0008283",0.000286632895983859,2.96470588235294,12.6444937176644,24,364,"cell proliferation","TACC3;ERBB2;ERBB3;ERCC1;ERCC2;FGFR1;FGFR3;FGFR2;MTOR;CD274;HGF;HRAS;KRAS;MDM4;ATM;NOTCH1;NOTCH2;NRAS;PTEN;RB1;TERT;TP53;TSC1;TSC2"
"98","GO:0000280",0.000316081146331654,4.63213213213213,2.84848484848485,10,82,"nuclear division","TUBB3;STAG2;FGFR3;FGFR2;MSH6;HGF;MSH2;ATM;PTEN;RB1"
"99","GO:0048709",0.000329414096655289,8.16330858960763,1.00739098300074,6,29,"oligodendrocyte differentiation","ERBB2;ERCC2;FGFR3;MTOR;NOTCH1;PTEN"
"100","GO:0051705",0.000353476153002778,17.2624584717608,0.382113821138211,4,11,"multi-organism behavior","MTOR;HRAS;KRAS;PTEN"
"101","GO:0055017",0.000353476153002778,17.2624584717608,0.382113821138211,4,11,"cardiac muscle tissue growth","FGFR1;FGFR2;MTOR;NOTCH1"
"102","GO:0008284",0.000353651030393115,3.45552884615385,5.94013303769401,15,171,"positive regulation of cell proliferation","ERBB2;FGFR1;FGFR3;FGFR2;MTOR;CD274;HGF;HRAS;KRAS;MDM4;NOTCH1;NOTCH2;NRAS;PTEN;TERT"
"103","GO:0010001",0.000357767856843391,5.61872909698997,1.87583148558758,8,54,"glial cell differentiation","ERBB2;ERBB3;ERCC2;FGFR3;MTOR;KRAS;NOTCH1;PTEN"
"104","GO:0048638",0.000357767856843391,5.61872909698997,1.87583148558758,8,54,"regulation of developmental growth","FGFR1;FGFR3;FGFR2;MTOR;GNAS;NOTCH1;PIK3CA;PTEN"
"105","GO:0042127",0.000375355459800781,2.98671831765357,10.3865484109387,21,299,"regulation of cell proliferation","ERBB2;ERBB3;FGFR1;FGFR3;FGFR2;MTOR;CD274;HGF;HRAS;KRAS;MDM4;ATM;NOTCH1;NOTCH2;NRAS;PTEN;RB1;TERT;TP53;TSC1;TSC2"
"106","GO:0009611",0.00037789338931676,3.43053343949045,5.97487065779749,15,172,"response to wounding","ERBB2;ERBB3;FGFR3;MTOR;GNAS;HGF;HRAS;KRAS;NOTCH1;NOTCH2;NRAS;PIK3CA;PRKAR2B;PTEN;TP53"
"107","GO:0002768",0.00039285061488452,3.71070395371263,4.68957871396896,13,135,"immune response-regulating cell surface receptor signaling pathway","ERBB2;ERBB3;FGFR1;FGFR3;FGFR2;MTOR;HRAS;KRAS;NRAS;PIK3CA;PAG1;PTEN;TSC2"
"108","GO:0009792",0.00039285061488452,3.71070395371263,4.68957871396896,13,135,"embryo development ending in birth or egg hatching","ERCC2;FGFR1;FGFR2;GNAS;MSH2;ATM;NOTCH1;NOTCH2;LRP1B;TP53;TSC1;TSC2;KDM6A"
"109","GO:0043009",0.00039285061488452,3.71070395371263,4.68957871396896,13,135,"chordate embryonic development","ERCC2;FGFR1;FGFR2;GNAS;MSH2;ATM;NOTCH1;NOTCH2;LRP1B;TP53;TSC1;TSC2;KDM6A"
"110","GO:0010639",0.000407729007561825,5.49481723949809,1.91056910569106,8,55,"negative regulation of organelle organization","ERCC1;FGFR3;FGFR2;MTOR;HGF;MSH2;ATM;TP53"
"111","GO:0006935",0.000408019770712706,3.53333333333333,5.34959349593496,14,154,"chemotaxis","TUBB3;ERBB2;ERBB3;FGFR1;FGFR3;FGFR2;HGF;HRAS;KRAS;LSP1;NOTCH1;NRAS;PIK3CA;TSC2"
"112","GO:0042330",0.000408019770712706,3.53333333333333,5.34959349593496,14,154,"taxis","TUBB3;ERBB2;ERBB3;FGFR1;FGFR3;FGFR2;HGF;HRAS;KRAS;LSP1;NOTCH1;NRAS;PIK3CA;TSC2"
"113","GO:0048285",0.000427416264493707,4.43603603603604,2.95269770879527,10,85,"organelle fission","TUBB3;STAG2;FGFR3;FGFR2;MSH6;HGF;MSH2;ATM;PTEN;RB1"
"114","GO:0007067",0.000463256098623361,5.37606837606838,1.94530672579453,8,56,"mitotic nuclear division","TUBB3;STAG2;FGFR3;FGFR2;HGF;ATM;PTEN;RB1"
"115","GO:0044093",0.00047396248466586,2.96580105009224,9.76127124907613,20,281,"positive regulation of molecular function","ERBB2;ERBB3;ERCC2;FGFR1;FGFR3;FGFR2;MCF2L;GNAS;MSH6;HGF;HRAS;KRAS;MSH2;NRAS;PIK3CA;PRKAR2B;PTEN;TERT;TSC1;TSC2"
"116","GO:0051336",0.000522042645873847,3.31018518518519,6.14855875831486,15,177,"regulation of hydrolase activity","ERBB2;FGFR1;FGFR3;FGFR2;MCF2L;MTOR;GNAS;MSH6;HGF;HRAS;MSH2;PRKAR2B;TP53;TSC1;TSC2"
"117","GO:0097285",0.000543442788248849,3.98536439665472,3.61271249076127,11,104,"cell-type specific apoptotic process","ERBB3;FGFR3;MTOR;HRAS;KRAS;MSH2;ATM;PIK3CA;PTEN;RB1;TP53"
"118","GO:0010562",0.000552955054333822,3.18752215526409,6.8780487804878,16,198,"positive regulation of phosphorus metabolic process","ERBB2;ERBB3;FGFR1;FGFR3;FGFR2;MTOR;GNAS;HGF;HRAS;KRAS;ATM;NRAS;PIK3CA;PRKAR2B;PTEN;TP53"
"119","GO:0045937",0.000552955054333822,3.18752215526409,6.8780487804878,16,198,"positive regulation of phosphate metabolic process","ERBB2;ERBB3;FGFR1;FGFR3;FGFR2;MTOR;GNAS;HGF;HRAS;KRAS;ATM;NRAS;PIK3CA;PRKAR2B;PTEN;TP53"
"120","GO:1903047",0.000567066562424105,3.5495599814729,4.86326681448633,13,140,"mitotic cell cycle process","TUBB3;STAG2;ERCC2;FGFR3;FGFR2;HGF;HRAS;MSH2;ATM;PRKAR2B;PTEN;RB1;TP53"
"121","GO:0071495",0.000589546753955351,2.95345433255269,9.1359940872136,19,263,"cellular response to endogenous stimulus","ERBB2;ERBB3;FGFR1;FGFR3;FGFR2;MTOR;GNAS;HRAS;KRAS;NOTCH1;NOTCH2;NRAS;PIK3CA;PRKAR2B;PTEN;RB1;TP53;TSC1;TSC2"
"122","GO:0097190",0.000618365703908327,3.69111969111969,4.27272727272727,12,123,"apoptotic signaling pathway","ERBB3;FGFR1;FGFR3;MCF2L;MSH6;HGF;HRAS;MSH2;ATM;PTEN;TERT;TP53"
"123","GO:0002682",0.000652430749233568,2.92392566782811,9.20546932742055,19,265,"regulation of immune system process","ERBB2;ERBB3;FGFR1;FGFR3;FGFR2;MTOR;GNAS;CD274;MSH6;HRAS;KRAS;ATM;NOTCH1;NRAS;PIK3CA;PAG1;PTEN;RB1;TSC2"
"124","GO:0007264",0.000653305546272095,3.48860009119927,4.93274205469327,13,142,"small GTPase mediated signal transduction","ERBB2;ERBB3;FGFR1;FGFR3;FGFR2;MCF2L;HRAS;KRAS;NOTCH2;NRAS;RB1;TP53;TSC2"
"125","GO:0001934",0.00066954262445769,3.2191265060241,6.28750923872875,15,181,"positive regulation of protein phosphorylation","ERBB2;ERBB3;FGFR1;FGFR3;FGFR2;MTOR;HGF;HRAS;KRAS;ATM;NRAS;PIK3CA;PRKAR2B;PTEN;TP53"
"126","GO:1902589",0.00068287781965792,2.79182108626198,11.6371027346637,22,335,"single-organism organelle organization","TUBB3;TACC3;STAG2;ERCC1;FANCC;FGFR3;FGFR2;MTOR;MSH6;HGF;HRAS;FMN1;KRAS;MSH2;ATM;PIK3CA;PTEN;RB1;TERT;TP53;TSC1;KDM6A"
"127","GO:1902531",0.000686028202174367,2.90934065934066,9.24020694752402,19,266,"regulation of intracellular signal transduction","ERBB2;ERBB3;FGFR1;FGFR3;FGFR2;MCF2L;MTOR;GNAS;HGF;HRAS;KRAS;ATM;NOTCH1;NOTCH2;NRAS;PTEN;TP53;TSC1;TSC2"
"128","GO:0002285",0.000690924495253685,6.93224932249322,1.14634146341463,6,33,"lymphocyte activation involved in immune response","ERCC1;MSH6;MSH2;NOTCH2;TP53;TSC1"
"129","GO:0040007",0.000711598787932571,3.19704341317365,6.32224685883222,15,182,"growth","ERBB2;ERCC1;ERCC2;FGFR1;FGFR3;FGFR2;MTOR;GNAS;FMN1;NOTCH1;NOTCH2;PIK3CA;PTEN;TP53;KDM6A"
"130","GO:0003179",0.000727447584033056,13.405684754522,0.451589061345159,4,13,"heart valve morphogenesis","MTOR;MDM4;NOTCH1;NOTCH2"
"131","GO:0055024",0.000727447584033056,13.405684754522,0.451589061345159,4,13,"regulation of cardiac muscle tissue development","FGFR1;FGFR2;MTOR;NOTCH1"
"132","GO:0060419",0.000727447584033056,13.405684754522,0.451589061345159,4,13,"heart growth","FGFR1;FGFR2;MTOR;NOTCH1"
"133","GO:0051095",0.000731071515062287,29.6136363636364,0.208425720620843,3,6,"regulation of helicase activity","MSH6;MSH2;TP53"
"134","GO:0060045",0.000731071515062287,29.6136363636364,0.208425720620843,3,6,"positive regulation of cardiac muscle cell proliferation","FGFR1;FGFR2;NOTCH1"
"135","GO:0070887",0.000731718538472289,2.70310344827586,16.0487804878049,27,462,"cellular response to chemical stimulus","SLC29A1;ERBB2;ERBB3;FANCC;FGFR1;FGFR3;FGFR2;MCF2L;MTOR;GNAS;DROSHA;HGF;HRAS;KRAS;MDM4;NOTCH1;NOTCH2;NRAS;PIK3CA;UGT1A8;PRKAR2B;PTEN;RB1;TERT;TP53;TSC1;TSC2"
"136","GO:0002764",0.000750502258280472,3.42950157162101,5.00221729490022,13,144,"immune response-regulating signaling pathway","ERBB2;ERBB3;FGFR1;FGFR3;FGFR2;MTOR;HRAS;KRAS;NRAS;PIK3CA;PAG1;PTEN;TSC2"
"137","GO:0001932",0.000760633749290392,2.93466424682396,8.54545454545454,18,246,"regulation of protein phosphorylation","ERBB2;ERBB3;FGFR1;FGFR3;FGFR2;MTOR;HGF;HRAS;KRAS;ATM;NRAS;PIK3CA;PRKAR2B;PTEN;RB1;TP53;TSC1;TSC2"
"138","GO:0051345",0.000774590265922107,3.58496240601504,4.37694013303769,12,126,"positive regulation of hydrolase activity","ERBB2;FGFR1;FGFR3;FGFR2;MCF2L;GNAS;MSH6;HRAS;MSH2;PRKAR2B;TSC1;TSC2"
"139","GO:0035265",0.00081707044350912,6.6794425087108,1.18107908351811,6,34,"organ growth","FGFR1;FGFR3;FGFR2;MTOR;NOTCH1;PTEN"
"140","GO:0051053",0.00081707044350912,6.6794425087108,1.18107908351811,6,34,"negative regulation of DNA metabolic process","STAG2;ERCC1;MSH6;MSH2;ATM;TP53"
"141","GO:0072358",0.000828254983638044,3.05034988905957,7.12121212121212,16,205,"cardiovascular system development","ERBB2;ERBB3;FGFR1;FGFR2;MTOR;HGF;MDM4;ATM;NOTCH1;NOTCH2;PIK3CA;PTEN;TP53;TSC1;TSC2;KDM6A"
"142","GO:0072359",0.000828254983638044,3.05034988905957,7.12121212121212,16,205,"circulatory system development","ERBB2;ERBB3;FGFR1;FGFR2;MTOR;HGF;MDM4;ATM;NOTCH1;NOTCH2;PIK3CA;PTEN;TP53;TSC1;TSC2;KDM6A"
"143","GO:0048667",0.000919273999626888,3.3441615452151,5.10643015521064,13,147,"cell morphogenesis involved in neuron differentiation","TUBB3;ERBB2;ERBB3;FGFR1;FGFR3;FGFR2;HRAS;FMN1;KRAS;NOTCH1;NRAS;PTEN;RB1"
"144","GO:0042221",0.000922874046547295,2.68841407678245,20.0783444198078,31,578,"response to chemical","TUBB3;SLC29A1;ERBB2;ERBB3;ERCC1;FANCC;FGFR1;FGFR3;FGFR2;MCF2L;MTOR;GNAS;DROSHA;CD274;HGF;HRAS;KRAS;LSP1;MDM4;NOTCH1;NOTCH2;NRAS;PIK3CA;UGT1A8;PRKAR2B;PTEN;RB1;TERT;TP53;TSC1;TSC2"
"145","GO:0003007",0.000965435558803619,5.39939024390244,1.66740576496674,7,48,"heart morphogenesis","FGFR2;MTOR;MDM4;NOTCH1;NOTCH2;TP53;KDM6A"
"146","GO:0009967",0.000980331590115119,2.85836909871245,8.71914264597191,18,251,"positive regulation of signal transduction","ERBB2;ERBB3;FGFR1;FGFR3;FGFR2;MTOR;GNAS;HGF;HRAS;KRAS;ATM;NOTCH1;NOTCH2;NRAS;PAG1;PTEN;TERT;TP53"
"147","GO:0003170",0.000992576014272031,12.0558139534884,0.486326681448633,4,14,"heart valve development","MTOR;MDM4;NOTCH1;NOTCH2"
"148","GO:0060411",0.000992576014272031,12.0558139534884,0.486326681448633,4,14,"cardiac septum morphogenesis","FGFR2;NOTCH1;NOTCH2;TP53"
"149","GO:0009628",0.00103352854535066,2.97643322747785,7.26016260162602,16,209,"response to abiotic stimulus","TACC3;SLC29A1;ERCC1;ERCC2;MTOR;MSH6;KRAS;MDM4;MSH2;ATM;NOTCH1;PTEN;TERT;TP53;TSC1;TSC2"
"150","GO:0014066",0.00105532782206304,8.06390977443609,0.83370288248337,5,24,"regulation of phosphatidylinositol 3-kinase signaling","ERBB3;FGFR1;HGF;PTEN;TSC2"
"151","GO:0009888",0.00105834926466635,2.67814241486068,11.9844789356984,22,345,"tissue development","ERBB3;ERCC2;FGFR1;FGFR3;FGFR2;MTOR;GNAS;HGF;FMN1;KRAS;MDM4;ATM;NOTCH1;NOTCH2;NRAS;PIK3CA;PTEN;RB1;TP53;TSC1;TSC2;KDM6A"
"152","GO:0051347",0.00110889547742503,3.41992797118848,4.55062823355506,12,131,"positive regulation of transferase activity","ERBB2;ERBB3;FGFR1;FGFR3;FGFR2;HGF;HRAS;KRAS;NRAS;PIK3CA;PRKAR2B;PTEN"
"153","GO:0006468",0.00111954568839713,2.7266693216514,10.3865484109387,20,299,"protein phosphorylation","CLK3;ERBB2;ERBB3;ERCC2;FGFR1;FGFR3;FGFR2;MTOR;HGF;HRAS;KRAS;ATM;NRAS;PIK3CA;PRKAR2B;PTEN;RB1;TP53;TSC1;TSC2"
"154","GO:0009895",0.00112234892895477,6.22439024390244,1.25055432372506,6,36,"negative regulation of catabolic process","MTOR;HGF;MDM4;ATM;TP53;TSC1"
"155","GO:0051783",0.00112234892895477,6.22439024390244,1.25055432372506,6,36,"regulation of nuclear division","FGFR3;FGFR2;MSH2;ATM;PTEN;RB1"
"156","GO:0031175",0.0011381237781882,3.02946428571429,6.60014781966002,15,190,"neuron projection development","TUBB3;ERBB2;ERBB3;FGFR1;FGFR3;FGFR2;MTOR;HGF;HRAS;FMN1;KRAS;NOTCH1;NRAS;PTEN;RB1"
"157","GO:0042327",0.0011381237781882,3.02946428571429,6.60014781966002,15,190,"positive regulation of phosphorylation","ERBB2;ERBB3;FGFR1;FGFR3;FGFR2;MTOR;HGF;HRAS;KRAS;ATM;NRAS;PIK3CA;PRKAR2B;PTEN;TP53"
"158","GO:0021769",0.00118190127570991,Inf,0.0694752402069475,2,2,"orbitofrontal cortex development","FGFR1;FGFR2"
"159","GO:0021847",0.00118190127570991,Inf,0.0694752402069475,2,2,"ventricular zone neuroblast division","FGFR1;FGFR2"
"160","GO:0021869",0.00118190127570991,Inf,0.0694752402069475,2,2,"forebrain ventricular zone progenitor cell division","FGFR1;FGFR2"
"161","GO:0035607",0.00118190127570991,Inf,0.0694752402069475,2,2,"fibroblast growth factor receptor signaling pathway involved in orbitofrontal cortex development","FGFR1;FGFR2"
"162","GO:0045842",0.00118190127570991,Inf,0.0694752402069475,2,2,"positive regulation of mitotic metaphase/anaphase transition","PTEN;RB1"
"163","GO:0051984",0.00118190127570991,Inf,0.0694752402069475,2,2,"positive regulation of chromosome segregation","PTEN;RB1"
"164","GO:0090080",0.00118190127570991,Inf,0.0694752402069475,2,2,"positive regulation of MAPKKK cascade by fibroblast growth factor receptor signaling pathway","FGFR1;FGFR3"
"165","GO:1901970",0.00118190127570991,Inf,0.0694752402069475,2,2,"positive regulation of mitotic sister chromatid separation","PTEN;RB1"
"166","GO:1902101",0.00118190127570991,Inf,0.0694752402069475,2,2,"positive regulation of metaphase/anaphase transition of cell cycle","PTEN;RB1"
"167","GO:1903147",0.00118190127570991,Inf,0.0694752402069475,2,2,"negative regulation of mitophagy","MTOR;TP53"
"168","GO:0006952",0.00119000449994526,2.85956790123457,8.09386548410939,17,233,"defense response","ERBB2;ERBB3;FGFR1;FGFR3;FGFR2;MTOR;DROSHA;HRAS;KRAS;LSP1;NOTCH1;NOTCH2;NRAS;PIK3CA;PRKAR2B;PTEN;TSC2"
"169","GO:0006833",0.00124820435122137,22.1931818181818,0.243163340724316,3,7,"water transport","GNAS;PRKAR2B;SLC14A1"
"170","GO:0010823",0.00124820435122137,22.1931818181818,0.243163340724316,3,7,"negative regulation of mitochondrion organization","MTOR;HGF;TP53"
"171","GO:0060043",0.00124820435122137,22.1931818181818,0.243163340724316,3,7,"regulation of cardiac muscle cell proliferation","FGFR1;FGFR2;NOTCH1"
"172","GO:0060445",0.00124820435122137,22.1931818181818,0.243163340724316,3,7,"branching involved in salivary gland morphogenesis","FGFR1;FGFR2;HGF"
"173","GO:0090399",0.00124820435122137,22.1931818181818,0.243163340724316,3,7,"replicative senescence","ATM;TERT;TP53"
"174","GO:0042063",0.00129674851611981,4.49482681061628,2.25794530672579,8,65,"gliogenesis","ERBB2;ERBB3;ERCC2;FGFR3;MTOR;KRAS;NOTCH1;PTEN"
"175","GO:0030097",0.00129675969337554,3.08247027234369,5.97487065779749,14,172,"hemopoiesis","TACC3;ERBB2;ERCC1;ERCC2;FGFR2;MTOR;GNAS;MSH2;ATM;NOTCH1;NOTCH2;RB1;TP53;TSC1"
"176","GO:0002312",0.00131917593539743,10.9513742071882,0.521064301552106,4,15,"B cell activation involved in immune response","ERCC1;MSH6;MSH2;NOTCH2"
"177","GO:0010941",0.0013432977386338,2.71688560481664,9.72653362897265,19,280,"regulation of cell death","ERBB3;FGFR1;FGFR3;FGFR2;MCF2L;MTOR;HGF;HRAS;KRAS;MDM4;MSH2;ATM;NOTCH1;NOTCH2;PIK3CA;PTEN;TERT;TP53;TSC1"
"178","GO:0048646",0.00149902656813624,2.8541935483871,7.50332594235033,16,216,"anatomical structure formation involved in morphogenesis","ERBB2;ERCC1;ERCC2;FGFR1;FGFR2;GNAS;HGF;FMN1;ATM;NOTCH1;PIK3CA;PTEN;TP53;TSC1;TSC2;KDM6A"
"179","GO:0048738",0.00150876095098104,5.82621951219512,1.320029563932,6,38,"cardiac muscle tissue development","FGFR1;FGFR2;MTOR;NOTCH1;PTEN;TSC1"
"180","GO:0042303",0.00154983208875455,7.28458049886621,0.903178122690318,5,26,"molting cycle","ERCC2;FGFR2;GNAS;NOTCH1;TERT"
"181","GO:0042633",0.00154983208875455,7.28458049886621,0.903178122690318,5,26,"hair cycle","ERCC2;FGFR2;GNAS;NOTCH1;TERT"
"182","GO:0043524",0.00154983208875455,7.28458049886621,0.903178122690318,5,26,"negative regulation of neuron apoptotic process","ERBB3;HRAS;KRAS;MSH2;PIK3CA"
"183","GO:0016310",0.00161705226059419,2.59503722084367,11.4981522542498,21,331,"phosphorylation","CLK3;ERBB2;ERBB3;ERCC2;FGFR1;FGFR3;FGFR2;MTOR;HGF;HRAS;KRAS;MSH2;ATM;NRAS;PIK3CA;PRKAR2B;PTEN;RB1;TP53;TSC1;TSC2"
"184","GO:0007399",0.00162804343632382,2.54750233426704,13.20029563932,23,380,"nervous system development","TUBB3;TACC3;ERBB2;ERBB3;ERCC2;FGFR1;FGFR3;FGFR2;MTOR;HGF;HRAS;FMN1;KRAS;ATM;NOTCH1;NOTCH2;NRAS;PTEN;RB1;TP53;TSC1;TSC2;KDM6A"
"185","GO:0043066",0.001636066184974,2.99588477366255,6.11382113821138,14,176,"negative regulation of apoptotic process","ERBB3;FGFR2;MTOR;HGF;HRAS;KRAS;MDM4;MSH2;NOTCH1;NOTCH2;PIK3CA;PTEN;TERT;TP53"
"186","GO:0019220",0.00168493244081569,2.6530612244898,9.90022172949002,19,285,"regulation of phosphate metabolic process","ERBB2;ERBB3;FGFR1;FGFR3;FGFR2;MTOR;GNAS;HGF;HRAS;KRAS;ATM;NRAS;PIK3CA;PRKAR2B;PTEN;RB1;TP53;TSC1;TSC2"
"187","GO:0051174",0.00168493244081569,2.6530612244898,9.90022172949002,19,285,"regulation of phosphorus metabolic process","ERBB2;ERBB3;FGFR1;FGFR3;FGFR2;MTOR;GNAS;HGF;HRAS;KRAS;ATM;NRAS;PIK3CA;PRKAR2B;PTEN;RB1;TP53;TSC1;TSC2"
"188","GO:0048519",0.00168525642961881,2.60006901311249,22.7184035476718,33,654,"negative regulation of biological process","TACC3;STAG2;ERBB2;ERBB3;ERCC1;ERCC2;FGFR1;FGFR3;FGFR2;MTOR;GNAS;DROSHA;CD274;MSH6;HGF;HRAS;KRAS;MDM4;MSH2;ATM;NOTCH1;NOTCH2;NRAS;PIK3CA;UGT1A8;PRKAR2B;PAG1;PTEN;RB1;TERT;TP53;TSC1;TSC2"
"189","GO:0002562",0.00171430569796973,10.031007751938,0.55580192165558,4,16,"somatic diversification of immune receptors via germline recombination within a single locus","ERCC1;MSH6;MSH2;ATM"
"190","GO:0007405",0.00171430569796973,10.031007751938,0.55580192165558,4,16,"neuroblast proliferation","FGFR1;FGFR2;NOTCH1;TP53"
"191","GO:0016444",0.00171430569796973,10.031007751938,0.55580192165558,4,16,"somatic cell DNA recombination","ERCC1;MSH6;MSH2;ATM"
"192","GO:0051784",0.00171430569796973,10.031007751938,0.55580192165558,4,16,"negative regulation of nuclear division","FGFR3;FGFR2;MSH2;ATM"
"193","GO:0051052",0.00173218393343228,3.88736842105263,2.9179600886918,9,84,"regulation of DNA metabolic process","STAG2;ERCC1;MSH6;HGF;HRAS;MSH2;ATM;PIK3CA;TP53"
"194","GO:0071900",0.00173635512187082,3.38940329218107,4.13377679231338,11,119,"regulation of protein serine/threonine kinase activity","ERBB2;ERBB3;FGFR1;FGFR3;FGFR2;HGF;HRAS;KRAS;NRAS;PRKAR2B;PTEN"
"195","GO:0009892",0.00181709794661273,2.5054347826087,14.1729490022173,24,408,"negative regulation of metabolic process","STAG2;ERCC1;ERCC2;FGFR1;FGFR3;FGFR2;MTOR;DROSHA;MSH6;HGF;HRAS;MDM4;MSH2;ATM;NOTCH1;NOTCH2;UGT1A8;PRKAR2B;PTEN;RB1;TERT;TP53;TSC1;TSC2"
"196","GO:0042981",0.0018272967366764,2.67451640033642,9.17073170731707,18,264,"regulation of apoptotic process","ERBB3;FGFR1;FGFR3;FGFR2;MCF2L;MTOR;HGF;HRAS;KRAS;MDM4;MSH2;ATM;NOTCH1;NOTCH2;PIK3CA;PTEN;TERT;TP53"
"197","GO:0006259",0.00183211900381065,2.95417590539542,6.18329637841833,14,178,"DNA metabolic process","STAG2;ERCC1;ERCC2;FANCC;MTOR;GNAS;MSH6;HGF;HRAS;MSH2;ATM;PIK3CA;TERT;TP53"
"198","GO:0031330",0.00185287747460549,6.94805194805195,0.937915742793792,5,27,"negative regulation of cellular catabolic process","MTOR;HGF;ATM;TP53;TSC1"
"199","GO:0046483",0.001907713311927,2.60738649729475,23.8994826311899,34,688,"heterocycle metabolic process","CWC27;STAG2;CLK3;SLC29A1;ERBB2;ERCC1;ERCC2;FANCC;FGFR1;FGFR3;FGFR2;MCF2L;MTOR;GNAS;DROSHA;MSH6;HGF;HRAS;KRAS;MDM4;MSH2;ATM;NOTCH1;NOTCH2;PIK3CA;UGT1A8;CDKAL1;MYNN;PTEN;RB1;TERT;TP53;TSC1;TSC2"
"200","GO:0023056",0.0019129145009435,2.66117548513193,9.20546932742055,18,265,"positive regulation of signaling","ERBB2;ERBB3;FGFR1;FGFR3;FGFR2;MTOR;GNAS;HGF;HRAS;KRAS;ATM;NOTCH1;NOTCH2;NRAS;PAG1;PTEN;TERT;TP53"
"201","GO:0042325",0.0019129145009435,2.66117548513193,9.20546932742055,18,265,"regulation of phosphorylation","ERBB2;ERBB3;FGFR1;FGFR3;FGFR2;MTOR;HGF;HRAS;KRAS;ATM;NRAS;PIK3CA;PRKAR2B;PTEN;RB1;TP53;TSC1;TSC2"
"202","GO:0030030",0.00193252231764457,2.77199055861526,7.6770140428677,16,221,"cell projection organization","TUBB3;ERBB2;ERBB3;FGFR1;FGFR3;FGFR2;MTOR;HGF;HRAS;FMN1;KRAS;NOTCH1;NRAS;PTEN;RB1;TSC1"
"203","GO:0003230",0.00194852361849536,17.7409090909091,0.27790096082779,3,8,"cardiac atrium development","MDM4;NOTCH1;NOTCH2"
"204","GO:0021846",0.00194852361849536,17.7409090909091,0.27790096082779,3,8,"cell proliferation in forebrain","TACC3;FGFR1;FGFR2"
"205","GO:0042044",0.00194852361849536,17.7409090909091,0.27790096082779,3,8,"fluid transport","GNAS;PRKAR2B;SLC14A1"
"206","GO:0048103",0.00194852361849536,17.7409090909091,0.27790096082779,3,8,"somatic stem cell division","FGFR1;FGFR2;NOTCH1"
"207","GO:0060038",0.00194852361849536,17.7409090909091,0.27790096082779,3,8,"cardiac muscle cell proliferation","FGFR1;FGFR2;NOTCH1"
"208","GO:0071310",0.00195960203826613,2.48704663212435,14.2424242424242,24,410,"cellular response to organic substance","SLC29A1;ERBB2;ERBB3;FGFR1;FGFR3;FGFR2;MCF2L;MTOR;GNAS;DROSHA;HGF;HRAS;KRAS;NOTCH1;NOTCH2;NRAS;PIK3CA;PRKAR2B;PTEN;RB1;TERT;TP53;TSC1;TSC2"
"209","GO:0009653",0.00196885547166783,2.47051114023591,16.0487804878049,26,462,"anatomical structure morphogenesis","TUBB3;ERBB2;ERBB3;ERCC1;ERCC2;FGFR1;FGFR3;FGFR2;MTOR;GNAS;HGF;HRAS;FMN1;KRAS;MDM4;ATM;NOTCH1;NOTCH2;NRAS;PIK3CA;PTEN;RB1;TP53;TSC1;TSC2;KDM6A"
"210","GO:0045860",0.00199539567539052,3.32222222222222,4.20325203252033,11,121,"positive regulation of protein kinase activity","ERBB2;ERBB3;FGFR1;FGFR3;FGFR2;HGF;HRAS;KRAS;NRAS;PIK3CA;PRKAR2B"
"211","GO:0040008",0.00200784436815443,3.52513804126707,3.5779748706578,10,103,"regulation of growth","ERBB2;FGFR1;FGFR3;FGFR2;MTOR;GNAS;NOTCH1;PIK3CA;PTEN;TP53"
"212","GO:0046649",0.00201627790150145,3.15535714285714,4.86326681448633,12,140,"lymphocyte activation","ERBB2;ERCC1;MTOR;CD274;MSH6;MSH2;ATM;NOTCH2;PIK3CA;PAG1;TP53;TSC1"
"213","GO:0043069",0.0020476441714119,2.91347207009858,6.25277161862528,14,180,"negative regulation of programmed cell death","ERBB3;FGFR2;MTOR;HGF;HRAS;KRAS;MDM4;MSH2;NOTCH1;NOTCH2;PIK3CA;PTEN;TERT;TP53"
"214","GO:0050673",0.00205214947181331,3.78024606971975,2.98743532889874,9,86,"epithelial cell proliferation","ERBB2;FGFR3;FGFR2;MTOR;HRAS;NOTCH1;NOTCH2;PTEN;RB1"
"215","GO:0002520",0.00206919211057348,2.82258064516129,6.98226164079823,15,201,"immune system development","TACC3;ERBB2;ERCC1;ERCC2;FGFR2;MTOR;GNAS;MSH6;MSH2;ATM;NOTCH1;NOTCH2;RB1;TP53;TSC1"
"216","GO:0010564",0.00216363177027204,3.48476135710178,3.61271249076127,10,104,"regulation of cell cycle process","STAG2;ERCC2;FGFR3;FGFR2;MDM4;MSH2;ATM;PTEN;RB1;TP53"
"217","GO:0002200",0.00218497865144173,9.25223613595707,0.590539541759054,4,17,"somatic diversification of immune receptors","ERCC1;MSH6;MSH2;ATM"
"218","GO:0045844",0.00218497865144173,9.25223613595707,0.590539541759054,4,17,"positive regulation of striated muscle tissue development","FGFR1;FGFR2;MTOR;NOTCH1"
"219","GO:0048636",0.00218497865144173,9.25223613595707,0.590539541759054,4,17,"positive regulation of muscle organ development","FGFR1;FGFR2;MTOR;NOTCH1"
"220","GO:1901863",0.00218497865144173,9.25223613595707,0.590539541759054,4,17,"positive regulation of muscle tissue development","FGFR1;FGFR2;MTOR;NOTCH1"
"221","GO:0010647",0.0021907979841149,2.62179310344828,9.30968218773097,18,268,"positive regulation of cell communication","ERBB2;ERBB3;FGFR1;FGFR3;FGFR2;MTOR;GNAS;HGF;HRAS;KRAS;ATM;NOTCH1;NOTCH2;NRAS;PAG1;PTEN;TERT;TP53"
"222","GO:0016202",0.00219735834012719,6.6407867494824,0.972653362897265,5,28,"regulation of striated muscle tissue development","FGFR1;FGFR2;MTOR;NOTCH1;NRAS"
"223","GO:0048634",0.00219735834012719,6.6407867494824,0.972653362897265,5,28,"regulation of muscle organ development","FGFR1;FGFR2;MTOR;NOTCH1;NRAS"
"224","GO:0061351",0.00219735834012719,6.6407867494824,0.972653362897265,5,28,"neural precursor cell proliferation","TACC3;FGFR1;FGFR2;NOTCH1;TP53"
"225","GO:1901861",0.00219735834012719,6.6407867494824,0.972653362897265,5,28,"regulation of muscle tissue development","FGFR1;FGFR2;MTOR;NOTCH1;NRAS"
"226","GO:0043067",0.0022908153059469,2.6088748454458,9.34441980783444,18,269,"regulation of programmed cell death","ERBB3;FGFR1;FGFR3;FGFR2;MCF2L;MTOR;HGF;HRAS;KRAS;MDM4;MSH2;ATM;NOTCH1;NOTCH2;PIK3CA;PTEN;TERT;TP53"
"227","GO:0010605",0.00230419106026813,2.46129326047359,13.5129342202513,23,389,"negative regulation of macromolecule metabolic process","STAG2;ERCC1;ERCC2;FGFR1;FGFR3;FGFR2;MTOR;DROSHA;MSH6;HGF;HRAS;MDM4;MSH2;ATM;NOTCH1;NOTCH2;PRKAR2B;PTEN;RB1;TERT;TP53;TSC1;TSC2"
"228","GO:0051301",0.00232912576936286,3.4452347083926,3.64745011086475,10,105,"cell division","STAG2;ERCC2;FGFR1;FGFR3;FGFR2;MSH2;ATM;NOTCH1;PTEN;RB1"
"229","GO:0006725",0.00238868625955303,2.5520772721983,24.1426459719143,34,695,"cellular aromatic compound metabolic process","CWC27;STAG2;CLK3;SLC29A1;ERBB2;ERCC1;ERCC2;FANCC;FGFR1;FGFR3;FGFR2;MCF2L;MTOR;GNAS;DROSHA;MSH6;HGF;HRAS;KRAS;MDM4;MSH2;ATM;NOTCH1;NOTCH2;PIK3CA;UGT1A8;CDKAL1;MYNN;PTEN;RB1;TERT;TP53;TSC1;TSC2"
"230","GO:0001701",0.0024181232816529,3.67854763491006,3.05691056910569,9,88,"in utero embryonic development","ERCC2;FGFR1;FGFR2;MSH2;NOTCH1;NOTCH2;LRP1B;TP53;KDM6A"
"231","GO:0050678",0.0025535345296517,3.98076923076923,2.50110864745011,8,72,"regulation of epithelial cell proliferation","ERBB2;FGFR3;FGFR2;MTOR;HRAS;NOTCH1;PTEN;RB1"
"232","GO:0050679",0.00257905019342658,5.16260162601626,1.4589800443459,6,42,"positive regulation of epithelial cell proliferation","ERBB2;FGFR3;FGFR2;MTOR;HRAS;NOTCH1"
"233","GO:0003279",0.00258651339085049,6.35912698412698,1.00739098300074,5,29,"cardiac septum development","FGFR2;MDM4;NOTCH1;NOTCH2;TP53"
"234","GO:0007088",0.00258651339085049,6.35912698412698,1.00739098300074,5,29,"regulation of mitotic nuclear division","FGFR3;FGFR2;ATM;PTEN;RB1"
"235","GO:0033674",0.00260935290850588,3.19493177387914,4.34220251293422,11,125,"positive regulation of kinase activity","ERBB2;ERBB3;FGFR1;FGFR3;FGFR2;HGF;HRAS;KRAS;NRAS;PIK3CA;PRKAR2B"
"236","GO:0043405",0.00261980141994771,3.62960526315789,3.09164818920916,9,89,"regulation of MAP kinase activity","ERBB2;ERBB3;FGFR1;FGFR3;FGFR2;HGF;HRAS;KRAS;NRAS"
"237","GO:0006367",0.00272985353438747,4.396,1.980044345898,7,57,"transcription initiation from RNA polymerase II promoter","ERCC2;MTOR;NOTCH1;NOTCH2;TP53;TSC1;TSC2"
"238","GO:0001756",0.00273811499608823,8.58471760797342,0.625277161862528,4,18,"somitogenesis","ATM;NOTCH1;TP53;KDM6A"
"239","GO:0003206",0.00273811499608823,8.58471760797342,0.625277161862528,4,18,"cardiac chamber morphogenesis","FGFR2;NOTCH1;NOTCH2;TP53"
"240","GO:0014706",0.00279262698555932,3.9163708086785,2.53584626755358,8,73,"striated muscle tissue development","FGFR1;FGFR2;MTOR;NOTCH1;NRAS;PTEN;RB1;TSC1"
"241","GO:0010033",0.00279930056826482,2.38735853085629,16.3961566888396,26,472,"response to organic substance","SLC29A1;ERBB2;ERBB3;ERCC1;FGFR1;FGFR3;FGFR2;MCF2L;MTOR;GNAS;DROSHA;CD274;HGF;HRAS;KRAS;NOTCH1;NOTCH2;NRAS;PIK3CA;PRKAR2B;PTEN;RB1;TERT;TP53;TSC1;TSC2"
"242","GO:0031401",0.00280597597391585,2.7197265625,7.19068736141907,15,207,"positive regulation of protein modification process","ERBB2;ERBB3;FGFR1;FGFR3;FGFR2;MTOR;HGF;HRAS;KRAS;ATM;NRAS;PIK3CA;PRKAR2B;PTEN;TP53"
"243","GO:0048666",0.00280597597391585,2.7197265625,7.19068736141907,15,207,"neuron development","TUBB3;ERBB2;ERBB3;FGFR1;FGFR3;FGFR2;MTOR;HGF;HRAS;FMN1;KRAS;NOTCH1;NRAS;PTEN;RB1"
"244","GO:0050776",0.00282639284089539,2.79704016913319,6.46119733924612,14,186,"regulation of immune response","ERBB2;ERBB3;FGFR1;FGFR3;FGFR2;MTOR;MSH6;HRAS;KRAS;NRAS;PIK3CA;PAG1;PTEN;TSC2"
"245","GO:0014003",0.00285173587794859,14.7727272727273,0.312638580931264,3,9,"oligodendrocyte development","ERCC2;FGFR3;PTEN"
"246","GO:0030901",0.00285173587794859,14.7727272727273,0.312638580931264,3,9,"midbrain development","FGFR1;FGFR3;FGFR2"
"247","GO:0046579",0.00285173587794859,14.7727272727273,0.312638580931264,3,9,"positive regulation of Ras protein signal transduction","HRAS;KRAS;NOTCH2"
"248","GO:0048333",0.00285173587794859,14.7727272727273,0.312638580931264,3,9,"mesodermal cell differentiation","FGFR1;FGFR2;KDM6A"
"249","GO:0031324",0.00299810406765063,2.4130659025788,12.8876570583888,22,371,"negative regulation of cellular metabolic process","STAG2;ERCC1;FGFR1;FGFR3;FGFR2;MTOR;DROSHA;MSH6;HGF;MDM4;MSH2;ATM;NOTCH1;NOTCH2;UGT1A8;PRKAR2B;PTEN;RB1;TERT;TP53;TSC1;TSC2"
"250","GO:0045667",0.00302361328437893,6.1,1.04212860310421,5,30,"regulation of osteoblast differentiation","FGFR1;FGFR2;GNAS;HGF;NOTCH1"
"251","GO:0051129",0.00306354308168162,3.53530166880616,3.16112342941611,9,91,"negative regulation of cellular component organization","ERCC1;FGFR3;FGFR2;MTOR;HGF;MSH2;ATM;PTEN;TP53"
"252","GO:0001775",0.00313552181755549,2.76001393242773,6.53067257945307,14,188,"cell activation","ERBB2;ERCC1;MTOR;GNAS;CD274;MSH6;HGF;MSH2;ATM;NOTCH2;PIK3CA;PAG1;TP53;TSC1"
"253","GO:0002009",0.00316483971465728,3.10517568850902,4.44641537324464,11,128,"morphogenesis of an epithelium","FGFR1;FGFR3;FGFR2;HGF;FMN1;KRAS;NOTCH1;NOTCH2;TSC1;TSC2;KDM6A"
"254","GO:0090304",0.00327853306870967,2.41174551386623,22.4057649667406,32,645,"nucleic acid metabolic process","CWC27;STAG2;CLK3;ERBB2;ERCC1;ERCC2;FANCC;FGFR1;FGFR3;FGFR2;MCF2L;MTOR;GNAS;DROSHA;MSH6;HGF;HRAS;KRAS;MDM4;MSH2;ATM;NOTCH1;NOTCH2;PIK3CA;CDKAL1;MYNN;PTEN;RB1;TERT;TP53;TSC1;TSC2"
"255","GO:0018108",0.00330684972417777,3.48985415345593,3.19586104951959,9,92,"peptidyl-tyrosine phosphorylation","CLK3;ERBB2;ERBB3;FGFR1;FGFR3;FGFR2;MTOR;HGF;TP53"
"256","GO:0018212",0.00330684972417777,3.48985415345593,3.19586104951959,9,92,"peptidyl-tyrosine modification","CLK3;ERBB2;ERBB3;FGFR1;FGFR3;FGFR2;MTOR;HGF;TP53"
"257","GO:0021782",0.00338049895769118,8.0062015503876,0.660014781966001,4,19,"glial cell development","ERCC2;FGFR3;KRAS;PTEN"
"258","GO:0006139",0.00340390383046056,2.43045989780049,23.4826311899483,33,676,"nucleobase-containing compound metabolic process","CWC27;STAG2;CLK3;SLC29A1;ERBB2;ERCC1;ERCC2;FANCC;FGFR1;FGFR3;FGFR2;MCF2L;MTOR;GNAS;DROSHA;MSH6;HGF;HRAS;KRAS;MDM4;MSH2;ATM;NOTCH1;NOTCH2;PIK3CA;CDKAL1;MYNN;PTEN;RB1;TERT;TP53;TSC1;TSC2"
"259","GO:0000278",0.00343525031547436,2.81862745098039,5.87065779748707,13,169,"mitotic cell cycle","TUBB3;STAG2;ERCC2;FGFR3;FGFR2;HGF;HRAS;MSH2;ATM;PRKAR2B;PTEN;RB1;TP53"
"260","GO:0003177",0.00346696873104246,58,0.104212860310421,2,3,"pulmonary valve development","NOTCH1;NOTCH2"
"261","GO:0003184",0.00346696873104246,58,0.104212860310421,2,3,"pulmonary valve morphogenesis","NOTCH1;NOTCH2"
"262","GO:0007220",0.00346696873104246,58,0.104212860310421,2,3,"Notch receptor processing","NOTCH1;NOTCH2"
"263","GO:0030422",0.00346696873104246,58,0.104212860310421,2,3,"production of siRNA involved in RNA interference","DROSHA;TERT"
"264","GO:0060484",0.00346696873104246,58,0.104212860310421,2,3,"lung-associated mesenchyme development","FGFR1;FGFR2"
"265","GO:0061314",0.00346696873104246,58,0.104212860310421,2,3,"Notch signaling involved in heart development","NOTCH1;NOTCH2"
"266","GO:0072602",0.00346696873104246,58,0.104212860310421,2,3,"interleukin-4 secretion","NOTCH1;NOTCH2"
"267","GO:1990705",0.00346696873104246,58,0.104212860310421,2,3,"cholangiocyte proliferation","MTOR;NOTCH2"
"268","GO:2000628",0.00346696873104246,58,0.104212860310421,2,3,"regulation of miRNA metabolic process","DROSHA;HRAS"
"269","GO:0048534",0.00347235691831075,2.72382920110193,6.60014781966002,14,190,"hematopoietic or lymphoid organ development","TACC3;ERBB2;ERCC1;ERCC2;FGFR2;MTOR;GNAS;MSH2;ATM;NOTCH1;NOTCH2;RB1;TP53;TSC1"
"270","GO:0007093",0.00351194833026235,5.86080586080586,1.07686622320769,5,31,"mitotic cell cycle checkpoint","HRAS;MSH2;ATM;RB1;TP53"
"271","GO:0043410",0.00355144609635641,3.22451164035322,3.85587583148559,10,111,"positive regulation of MAPK cascade","ERBB2;ERBB3;FGFR1;FGFR3;FGFR2;HGF;HRAS;KRAS;NRAS;PTEN"
"272","GO:0060537",0.00361713312118642,3.73453996983409,2.64005912786401,8,76,"muscle tissue development","FGFR1;FGFR2;MTOR;NOTCH1;NRAS;PTEN;RB1;TSC1"
"273","GO:0045087",0.00362440216728177,2.79823904083927,5.90539541759054,13,170,"innate immune response","ERBB2;ERBB3;FGFR1;FGFR3;FGFR2;MTOR;HRAS;KRAS;NRAS;PIK3CA;PRKAR2B;PTEN;TSC2"
"274","GO:0060548",0.00365174671130054,2.7060434857045,6.63488543976349,14,191,"negative regulation of cell death","ERBB3;FGFR2;MTOR;HGF;HRAS;KRAS;MDM4;MSH2;NOTCH1;NOTCH2;PIK3CA;PTEN;TERT;TP53"
"275","GO:1901360",0.00369163969804819,2.44490028490028,24.6289726533629,34,709,"organic cyclic compound metabolic process","CWC27;STAG2;CLK3;SLC29A1;ERBB2;ERCC1;ERCC2;FANCC;FGFR1;FGFR3;FGFR2;MCF2L;MTOR;GNAS;DROSHA;MSH6;HGF;HRAS;KRAS;MDM4;MSH2;ATM;NOTCH1;NOTCH2;PIK3CA;UGT1A8;CDKAL1;MYNN;PTEN;RB1;TERT;TP53;TSC1;TSC2"
"276","GO:0002263",0.00369900988419052,4.75422138836773,1.56319290465632,6,45,"cell activation involved in immune response","ERCC1;MSH6;MSH2;NOTCH2;TP53;TSC1"
"277","GO:0002366",0.00369900988419052,4.75422138836773,1.56319290465632,6,45,"leukocyte activation involved in immune response","ERCC1;MSH6;MSH2;NOTCH2;TP53;TSC1"
"278","GO:0002204",0.00397499091999822,12.6525974025974,0.347376201034738,3,10,"somatic recombination of immunoglobulin genes involved in immune response","ERCC1;MSH6;MSH2"
"279","GO:0002208",0.00397499091999822,12.6525974025974,0.347376201034738,3,10,"somatic diversification of immunoglobulins involved in immune response","ERCC1;MSH6;MSH2"
"280","GO:0007091",0.00397499091999822,12.6525974025974,0.347376201034738,3,10,"metaphase/anaphase transition of mitotic cell cycle","ATM;PTEN;RB1"
"281","GO:0007435",0.00397499091999822,12.6525974025974,0.347376201034738,3,10,"salivary gland morphogenesis","FGFR1;FGFR2;HGF"
"282","GO:0014855",0.00397499091999822,12.6525974025974,0.347376201034738,3,10,"striated muscle cell proliferation","FGFR1;FGFR2;NOTCH1"
"283","GO:0030071",0.00397499091999822,12.6525974025974,0.347376201034738,3,10,"regulation of mitotic metaphase/anaphase transition","ATM;PTEN;RB1"
"284","GO:0032007",0.00397499091999822,12.6525974025974,0.347376201034738,3,10,"negative regulation of TOR signaling","ATM;TSC1;TSC2"
"285","GO:0044784",0.00397499091999822,12.6525974025974,0.347376201034738,3,10,"metaphase/anaphase transition of cell cycle","ATM;PTEN;RB1"
"286","GO:0045190",0.00397499091999822,12.6525974025974,0.347376201034738,3,10,"isotype switching","ERCC1;MSH6;MSH2"
"287","GO:0051057",0.00397499091999822,12.6525974025974,0.347376201034738,3,10,"positive regulation of small GTPase mediated signal transduction","HRAS;KRAS;NOTCH2"
"288","GO:1902099",0.00397499091999822,12.6525974025974,0.347376201034738,3,10,"regulation of metaphase/anaphase transition of cell cycle","ATM;PTEN;RB1"
"289","GO:0048513",0.00399383042713777,2.30751731982215,18.6541019955654,28,537,"animal organ development","TACC3;SLC29A1;ERBB2;ERBB3;ERCC1;ERCC2;FGFR1;FGFR3;FGFR2;MTOR;GNAS;HGF;HRAS;FMN1;KRAS;MDM4;MSH2;ATM;NOTCH1;NOTCH2;NRAS;PIK3CA;PTEN;RB1;TP53;TSC1;TSC2;KDM6A"
"290","GO:0072091",0.00405481644873194,5.63932980599647,1.11160384331116,5,32,"regulation of stem cell proliferation","FGFR1;FGFR2;NOTCH1;TERT;TP53"
"291","GO:0045321",0.00411321971363079,2.85551020408163,5.28011825572801,12,152,"leukocyte activation","ERBB2;ERCC1;MTOR;CD274;MSH6;MSH2;ATM;NOTCH2;PIK3CA;PAG1;TP53;TSC1"
"292","GO:0051782",0.00411874090831705,7.5,0.694752402069475,4,20,"negative regulation of cell division","FGFR3;FGFR2;MSH2;ATM"
"293","GO:2000134",0.00411874090831705,7.5,0.694752402069475,4,20,"negative regulation of G1/S transition of mitotic cell cycle","ATM;PTEN;RB1;TP53"
"294","GO:0007162",0.00414285007101266,4.63170731707317,1.59793052475979,6,46,"negative regulation of cell adhesion","ERBB2;ERBB3;CD274;NOTCH1;PAG1;PTEN"
"295","GO:0043086",0.0043318753084753,3.12370062370062,3.96008869179601,10,114,"negative regulation of catalytic activity","HGF;HRAS;ATM;NOTCH1;UGT1A8;PRKAR2B;PTEN;RB1;TP53;TSC2"
"296","GO:0048812",0.0043479724781039,2.83282674772036,5.31485587583149,12,153,"neuron projection morphogenesis","TUBB3;ERBB2;ERBB3;FGFR1;FGFR3;FGFR2;HRAS;FMN1;KRAS;NOTCH1;NRAS;PTEN"
"297","GO:0035107",0.0046251961086668,4.51516954193932,1.63266814486327,6,47,"appendage morphogenesis","FGFR1;FGFR2;GNAS;FMN1;NOTCH1;NOTCH2"
"298","GO:0035108",0.0046251961086668,4.51516954193932,1.63266814486327,6,47,"limb morphogenesis","FGFR1;FGFR2;GNAS;FMN1;NOTCH1;NOTCH2"
"299","GO:0033043",0.0047037265922755,2.70007262164125,6.07908351810791,13,175,"regulation of organelle organization","ERCC1;FGFR3;FGFR2;MTOR;HGF;HRAS;FMN1;MSH2;ATM;PTEN;RB1;TP53;TSC1"
"300","GO:0007166",0.00472210590740996,2.26751459549625,16.0140428677014,25,461,"cell surface receptor signaling pathway","SLC29A1;ERBB2;ERBB3;FGFR1;FGFR3;FGFR2;MCF2L;MTOR;CD274;HGF;HRAS;KRAS;NOTCH1;NOTCH2;NRAS;PIK3CA;PRKAR2B;PAG1;PTEN;RB1;TERT;TP53;TSC1;TSC2;KDM6A"
"301","GO:0009887",0.00473164565725699,2.54695197044335,7.57280118255728,15,218,"organ morphogenesis","FGFR1;FGFR3;FGFR2;MTOR;GNAS;HGF;HRAS;FMN1;KRAS;MDM4;NOTCH1;NOTCH2;PTEN;TP53;KDM6A"
"302","GO:0009719",0.00475388655516825,2.36683848797251,10.7686622320769,19,310,"response to endogenous stimulus","ERBB2;ERBB3;FGFR1;FGFR3;FGFR2;MTOR;GNAS;HRAS;KRAS;NOTCH1;NOTCH2;NRAS;PIK3CA;PRKAR2B;PTEN;RB1;TP53;TSC1;TSC2"
"303","GO:0048729",0.00485026316373731,2.78841158841159,5.38433111603843,12,155,"tissue morphogenesis","FGFR1;FGFR3;FGFR2;HGF;FMN1;KRAS;MDM4;NOTCH1;NOTCH2;TSC1;TSC2;KDM6A"
"304","GO:0000422",0.00495924407791008,7.05335157318741,0.729490022172949,4,21,"mitophagy","FANCC;MTOR;PIK3CA;TP53"
"305","GO:0031929",0.00495924407791008,7.05335157318741,0.729490022172949,4,21,"TOR signaling","MTOR;ATM;TSC1;TSC2"
"306","GO:0061726",0.00495924407791008,7.05335157318741,0.729490022172949,4,21,"mitochondrion disassembly","FANCC;MTOR;PIK3CA;TP53"
"307","GO:1902807",0.00495924407791008,7.05335157318741,0.729490022172949,4,21,"negative regulation of cell cycle G1/S phase transition","ATM;PTEN;RB1;TP53"
"308","GO:0006996",0.00509122761811101,2.25623749868407,15.180339985218,24,437,"organelle organization","TUBB3;TACC3;STAG2;ERCC1;ERCC2;FANCC;FGFR3;FGFR2;MTOR;MSH6;HGF;HRAS;FMN1;KRAS;MSH2;ATM;PIK3CA;PRKAR2B;PTEN;RB1;TERT;TP53;TSC1;KDM6A"
"309","GO:0007346",0.00510801012632802,3.23861620342992,3.40428677014043,9,98,"regulation of mitotic cell cycle","ERCC2;FGFR3;FGFR2;HRAS;MSH2;ATM;PTEN;RB1;TP53"
"310","GO:0003205",0.00531731161230646,5.24220032840723,1.18107908351811,5,34,"cardiac chamber development","FGFR2;MDM4;NOTCH1;NOTCH2;TP53"
"311","GO:0009791",0.00531731161230646,5.24220032840723,1.18107908351811,5,34,"post-embryonic development","ERCC1;ERCC2;FGFR2;MTOR;GNAS"
"312","GO:0032102",0.00531731161230646,5.24220032840723,1.18107908351811,5,34,"negative regulation of response to external stimulus","MTOR;NOTCH1;PTEN;TP53;TSC1"
"313","GO:0006352",0.00532576794980838,3.83464912280702,2.22320768662232,7,64,"DNA-templated transcription, initiation","ERCC2;MTOR;NOTCH1;NOTCH2;TP53;TSC1;TSC2"
"314","GO:0006914",0.00532576794980838,3.83464912280702,2.22320768662232,7,64,"autophagy","FANCC;MTOR;HGF;ATM;PIK3CA;TP53;TSC1"
"315","GO:0003197",0.0053330589576215,11.0625,0.382113821138211,3,11,"endocardial cushion development","ERBB3;MDM4;NOTCH1"
"316","GO:0007431",0.0053330589576215,11.0625,0.382113821138211,3,11,"salivary gland development","FGFR1;FGFR2;HGF"
"317","GO:0010965",0.0053330589576215,11.0625,0.382113821138211,3,11,"regulation of mitotic sister chromatid separation","ATM;PTEN;RB1"
"318","GO:0035315",0.0053330589576215,11.0625,0.382113821138211,3,11,"hair cell differentiation","ERCC2;FGFR1;NOTCH1"
"319","GO:0000904",0.00538295891357058,2.57067977067977,6.91278640059128,14,199,"cell morphogenesis involved in differentiation","TUBB3;ERBB2;ERBB3;FGFR1;FGFR3;FGFR2;HGF;HRAS;FMN1;KRAS;NOTCH1;NRAS;PTEN;RB1"
"320","GO:0007409",0.00543261050724207,2.8615520282187,4.75905395417591,11,137,"axonogenesis","TUBB3;ERBB2;ERBB3;FGFR1;FGFR3;FGFR2;HRAS;KRAS;NOTCH1;NRAS;PTEN"
"321","GO:0032270",0.00555728101317482,2.44029428409734,8.4759793052476,16,244,"positive regulation of cellular protein metabolic process","ERBB2;ERBB3;FGFR1;FGFR3;FGFR2;MTOR;HGF;HRAS;KRAS;ATM;NRAS;PIK3CA;PRKAR2B;PTEN;RB1;TP53"
"322","GO:0007420",0.0057494741135803,2.83661417322835,4.79379157427938,11,138,"brain development","TACC3;FGFR1;FGFR3;FGFR2;MTOR;KRAS;ATM;NOTCH1;PTEN;TP53;TSC1"
"323","GO:0021761",0.00590817552175866,6.65633074935401,0.764227642276423,4,22,"limbic system development","FGFR1;FGFR2;PTEN;TSC1"
"324","GO:0061053",0.00590817552175866,6.65633074935401,0.764227642276423,4,22,"somite development","ATM;NOTCH1;TP53;KDM6A"
"325","GO:1901216",0.00590817552175866,6.65633074935401,0.764227642276423,4,22,"positive regulation of neuron death","FGFR3;MTOR;ATM;TP53"
"326","GO:1903008",0.00590817552175866,6.65633074935401,0.764227642276423,4,22,"organelle disassembly","FANCC;MTOR;PIK3CA;TP53"
"327","GO:0022008",0.00594021687922735,2.33778001510194,10.1433850702143,18,292,"neurogenesis","TUBB3;TACC3;ERBB2;ERBB3;ERCC2;FGFR1;FGFR3;FGFR2;MTOR;HGF;HRAS;FMN1;KRAS;NOTCH1;NRAS;PTEN;RB1;TP53"
"328","GO:0007417",0.00603341092098609,2.60778443113772,6.25277161862528,13,180,"central nervous system development","TACC3;ERBB2;ERCC2;FGFR1;FGFR3;FGFR2;MTOR;KRAS;ATM;NOTCH1;PTEN;TP53;TSC1"
"329","GO:0016236",0.00604346879862871,5.06349206349206,1.21581670362158,5,35,"macroautophagy","FANCC;MTOR;PIK3CA;TP53;TSC1"
"330","GO:0034660",0.00604346879862871,5.06349206349206,1.21581670362158,5,35,"ncRNA metabolic process","MTOR;DROSHA;HRAS;CDKAL1;TP53"
"331","GO:1901215",0.00604346879862871,5.06349206349206,1.21581670362158,5,35,"negative regulation of neuron death","ERBB3;HRAS;KRAS;MSH2;PIK3CA"
"332","GO:0006091",0.00632302329355749,4.19733924611973,1.73688100517369,6,50,"generation of precursor metabolites and energy","MTOR;GNAS;MSH2;PIK3CA;PRKAR2B;TP53"
"333","GO:0048736",0.00632302329355749,4.19733924611973,1.73688100517369,6,50,"appendage development","FGFR1;FGFR2;GNAS;FMN1;NOTCH1;NOTCH2"
"334","GO:0060173",0.00632302329355749,4.19733924611973,1.73688100517369,6,50,"limb development","FGFR1;FGFR2;GNAS;FMN1;NOTCH1;NOTCH2"
"335","GO:0048584",0.00633357583243863,2.26363008971705,11.880266075388,20,342,"positive regulation of response to stimulus","ERBB2;ERBB3;FGFR1;FGFR3;FGFR2;MTOR;GNAS;MSH6;HGF;HRAS;KRAS;ATM;NOTCH1;NOTCH2;NRAS;PIK3CA;PAG1;PTEN;TERT;TP53"
"336","GO:0031399",0.00641278579208499,2.31634182908546,10.2128603104213,18,294,"regulation of protein modification process","ERBB2;ERBB3;FGFR1;FGFR3;FGFR2;MTOR;HGF;HRAS;KRAS;ATM;NRAS;PIK3CA;PRKAR2B;PTEN;RB1;TP53;TSC1;TSC2"
"337","GO:0061564",0.00642757236515288,2.78789836347976,4.86326681448633,11,140,"axon development","TUBB3;ERBB2;ERBB3;FGFR1;FGFR3;FGFR2;HRAS;KRAS;NOTCH1;NRAS;PTEN"
"338","GO:0048523",0.00642908266439669,2.21578786955197,21.1552106430155,30,609,"negative regulation of cellular process","TACC3;STAG2;ERBB2;ERBB3;ERCC1;FGFR1;FGFR3;FGFR2;MTOR;DROSHA;CD274;MSH6;HGF;HRAS;KRAS;MDM4;MSH2;ATM;NOTCH1;NOTCH2;PIK3CA;UGT1A8;PRKAR2B;PAG1;PTEN;RB1;TERT;TP53;TSC1;TSC2"
"339","GO:0002437",0.00678031654127466,28.9777777777778,0.138950480413895,2,4,"inflammatory response to antigenic stimulus","NOTCH1;NOTCH2"
"340","GO:0006356",0.00678031654127466,28.9777777777778,0.138950480413895,2,4,"regulation of transcription from RNA polymerase I promoter","ERBB2;MTOR"
"341","GO:0009303",0.00678031654127466,28.9777777777778,0.138950480413895,2,4,"rRNA transcription","MTOR;TP53"
"342","GO:0010586",0.00678031654127466,28.9777777777778,0.138950480413895,2,4,"miRNA metabolic process","DROSHA;HRAS"
"343","GO:0016246",0.00678031654127466,28.9777777777778,0.138950480413895,2,4,"RNA interference","DROSHA;TERT"
"344","GO:0021873",0.00678031654127466,28.9777777777778,0.138950480413895,2,4,"forebrain neuroblast division","FGFR1;FGFR2"
"345","GO:0045943",0.00678031654127466,28.9777777777778,0.138950480413895,2,4,"positive regulation of transcription from RNA polymerase I promoter","ERBB2;MTOR"
"346","GO:0046627",0.00678031654127466,28.9777777777778,0.138950480413895,2,4,"negative regulation of insulin receptor signaling pathway","TSC1;TSC2"
"347","GO:0048169",0.00678031654127466,28.9777777777778,0.138950480413895,2,4,"regulation of long-term neuronal synaptic plasticity","HRAS;KRAS"
"348","GO:0051096",0.00678031654127466,28.9777777777778,0.138950480413895,2,4,"positive regulation of helicase activity","MSH6;MSH2"
"349","GO:0051930",0.00678031654127466,28.9777777777778,0.138950480413895,2,4,"regulation of sensory perception of pain","FGFR1;MTOR"
"350","GO:0051931",0.00678031654127466,28.9777777777778,0.138950480413895,2,4,"regulation of sensory perception","FGFR1;MTOR"
"351","GO:0060665",0.00678031654127466,28.9777777777778,0.138950480413895,2,4,"regulation of branching involved in salivary gland morphogenesis by mesenchymal-epithelial signaling","FGFR1;HGF"
"352","GO:0060693",0.00678031654127466,28.9777777777778,0.138950480413895,2,4,"regulation of branching involved in salivary gland morphogenesis","FGFR1;HGF"
"353","GO:0061419",0.00678031654127466,28.9777777777778,0.138950480413895,2,4,"positive regulation of transcription from RNA polymerase II promoter in response to hypoxia","NOTCH1;TP53"
"354","GO:0070307",0.00678031654127466,28.9777777777778,0.138950480413895,2,4,"lens fiber cell development","FGFR3;FGFR2"
"355","GO:0051348",0.00688433869008941,3.63416666666667,2.32742054693274,7,67,"negative regulation of transferase activity","ATM;UGT1A8;PRKAR2B;PTEN;RB1;TP53;TSC2"
"356","GO:0002381",0.00693849822249857,9.82575757575758,0.416851441241685,3,12,"immunoglobulin production involved in immunoglobulin mediated immune response","ERCC1;MSH6;MSH2"
"357","GO:0006360",0.00693849822249857,9.82575757575758,0.416851441241685,3,12,"transcription from RNA polymerase I promoter","ERBB2;ERCC2;MTOR"
"358","GO:0031641",0.00693849822249857,9.82575757575758,0.416851441241685,3,12,"regulation of myelination","MTOR;HGF;PTEN"
"359","GO:0051306",0.00693849822249857,9.82575757575758,0.416851441241685,3,12,"mitotic sister chromatid separation","ATM;PTEN;RB1"
"360","GO:0000819",0.00697144102821971,6.30110159118727,0.798965262379897,4,23,"sister chromatid segregation","STAG2;ATM;PTEN;RB1"
"361","GO:0001942",0.00697144102821971,6.30110159118727,0.798965262379897,4,23,"hair follicle development","ERCC2;FGFR2;GNAS;NOTCH1"
"362","GO:0022404",0.00697144102821971,6.30110159118727,0.798965262379897,4,23,"molting cycle process","ERCC2;FGFR2;GNAS;NOTCH1"
"363","GO:0022405",0.00697144102821971,6.30110159118727,0.798965262379897,4,23,"hair cycle process","ERCC2;FGFR2;GNAS;NOTCH1"
"364","GO:0098773",0.00697144102821971,6.30110159118727,0.798965262379897,4,23,"skin epidermis development","ERCC2;FGFR2;GNAS;NOTCH1"
"365","GO:2000648",0.00697144102821971,6.30110159118727,0.798965262379897,4,23,"positive regulation of stem cell proliferation","FGFR1;FGFR2;NOTCH1;TERT"
"366","GO:0009605",0.00731341766173206,2.20615384615385,12.8876570583888,21,371,"response to external stimulus","TUBB3;ERBB2;ERBB3;ERCC1;FGFR1;FGFR3;FGFR2;MTOR;DROSHA;HGF;HRAS;KRAS;LSP1;NOTCH1;NOTCH2;NRAS;PIK3CA;PTEN;TP53;TSC1;TSC2"
"367","GO:0046777",0.00747309030192474,3.57172131147541,2.36215816703622,7,68,"protein autophosphorylation","CLK3;ERBB2;FGFR1;FGFR3;FGFR2;MTOR;ATM"
"368","GO:0050878",0.0076031582140729,3.0191135734072,3.61271249076127,9,104,"regulation of body fluid levels","SLC29A1;GNAS;HGF;HRAS;KRAS;NRAS;PIK3CA;PRKAR2B;TP53"
"369","GO:0010506",0.00770166633719683,4.73958333333333,1.28529194382853,5,37,"regulation of autophagy","MTOR;HGF;ATM;TP53;TSC1"
"370","GO:0007596",0.00780081825200396,3.22945430637738,2.98743532889874,8,86,"blood coagulation","GNAS;HGF;HRAS;KRAS;NRAS;PIK3CA;PRKAR2B;TP53"
"371","GO:0030900",0.00780081825200396,3.22945430637738,2.98743532889874,8,86,"forebrain development","TACC3;FGFR1;FGFR3;FGFR2;KRAS;NOTCH1;PTEN;TSC1"
"372","GO:0050817",0.00780081825200396,3.22945430637738,2.98743532889874,8,86,"coagulation","GNAS;HGF;HRAS;KRAS;NRAS;PIK3CA;PRKAR2B;TP53"
"373","GO:0006289",0.00815466366945104,5.98139534883721,0.83370288248337,4,24,"nucleotide-excision repair","ERCC1;ERCC2;FANCC;TP53"
"374","GO:0006796",0.00824696341783612,2.16042328042328,13.8950480413895,22,400,"phosphate-containing compound metabolic process","CLK3;ERBB2;ERBB3;ERCC2;FGFR1;FGFR3;FGFR2;MTOR;GNAS;HGF;HRAS;KRAS;MSH2;ATM;NRAS;PIK3CA;PRKAR2B;PTEN;RB1;TP53;TSC1;TSC2"
"375","GO:0007599",0.00836504274419215,3.18597857838364,3.02217294900222,8,87,"hemostasis","GNAS;HGF;HRAS;KRAS;NRAS;PIK3CA;PRKAR2B;TP53"
"376","GO:0048699",0.00856717323761407,2.26883780332056,9.65705838876571,17,278,"generation of neurons","TUBB3;ERBB2;ERBB3;ERCC2;FGFR1;FGFR3;FGFR2;MTOR;HGF;HRAS;FMN1;KRAS;NOTCH1;NRAS;PTEN;RB1;TP53"
"377","GO:0050890",0.0086399853351083,4.59235209235209,1.320029563932,5,38,"cognition","MTOR;GNAS;KRAS;PRKAR2B;PTEN"
"378","GO:0043087",0.00876258191998267,3.45277777777778,2.43163340724316,7,70,"regulation of GTPase activity","ERBB2;MCF2L;MTOR;GNAS;HRAS;TSC1;TSC2"
"379","GO:0016447",0.00880181341403826,8.83636363636364,0.451589061345159,3,13,"somatic recombination of immunoglobulin gene segments","ERCC1;MSH6;MSH2"
"380","GO:0033047",0.00880181341403826,8.83636363636364,0.451589061345159,3,13,"regulation of mitotic sister chromatid segregation","ATM;PTEN;RB1"
"381","GO:0045839",0.00880181341403826,8.83636363636364,0.451589061345159,3,13,"negative regulation of mitotic nuclear division","FGFR3;FGFR2;ATM"
"382","GO:0048640",0.00880181341403826,8.83636363636364,0.451589061345159,3,13,"negative regulation of developmental growth","FGFR3;GNAS;PTEN"
"383","GO:0060113",0.00880181341403826,8.83636363636364,0.451589061345159,3,13,"inner ear receptor cell differentiation","FGFR1;FGFR3;NOTCH1"
"384","GO:0090342",0.00880181341403826,8.83636363636364,0.451589061345159,3,13,"regulation of cell aging","PTEN;TERT;TP53"
"385","GO:0051302",0.00924600317821245,3.83536585365854,1.87583148558758,6,54,"regulation of cell division","FGFR3;FGFR2;MSH2;ATM;PTEN;RB1"
"386","GO:0019219",0.0093089503008973,2.110359698128,19.6267553584627,28,565,"regulation of nucleobase-containing compound metabolic process","STAG2;CLK3;ERBB2;ERCC1;ERCC2;FGFR1;FGFR3;FGFR2;MCF2L;MTOR;GNAS;DROSHA;MSH6;HGF;HRAS;KRAS;MDM4;MSH2;ATM;NOTCH1;NOTCH2;PIK3CA;MYNN;PTEN;RB1;TERT;TP53;TSC2"
"387","GO:0030182",0.00938855957347814,2.28081916744746,8.92756836659276,16,257,"neuron differentiation","TUBB3;ERBB2;ERBB3;ERCC2;FGFR1;FGFR3;FGFR2;MTOR;HGF;HRAS;FMN1;KRAS;NOTCH1;NRAS;PTEN;RB1"
"388","GO:0010518",0.00946316571534891,5.6921373200443,0.868440502586844,4,25,"positive regulation of phospholipase activity","FGFR1;FGFR3;FGFR2;PRKAR2B"
"389","GO:0035282",0.00946316571534891,5.6921373200443,0.868440502586844,4,25,"segmentation","ATM;NOTCH1;TP53;KDM6A"
"390","GO:0006793",0.00967781593566706,2.12073107049608,14.0687361419069,22,405,"phosphorus metabolic process","CLK3;ERBB2;ERBB3;ERCC2;FGFR1;FGFR3;FGFR2;MTOR;GNAS;HGF;HRAS;KRAS;MSH2;ATM;NRAS;PIK3CA;PRKAR2B;PTEN;RB1;TP53;TSC1;TSC2"
"391","GO:0051171",0.009779633898177,2.10639968590499,20.6688839615669,29,595,"regulation of nitrogen compound metabolic process","STAG2;CLK3;ERBB2;ERCC1;ERCC2;FGFR1;FGFR3;FGFR2;MCF2L;MTOR;GNAS;DROSHA;MSH6;HGF;HRAS;KRAS;MDM4;MSH2;ATM;NOTCH1;NOTCH2;PIK3CA;MYNN;PTEN;RB1;TERT;TP53;TSC1;TSC2"
