"","GOMFID","Pvalue","OddsRatio","ExpCount","Count","Size","Term","Symbols"
"1","GO:0005007",0.000157051351328672,88.2954545454545,0.139985107967238,3,4,"fibroblast growth factor-activated receptor activity","FGFR1;FGFR3;FGFR2"
"2","GO:0017134",0.000157051351328672,88.2954545454545,0.139985107967238,3,4,"fibroblast growth factor binding","FGFR1;FGFR3;FGFR2"
"3","GO:0017076",0.000174639454070181,3.31883116883117,8.36411020104244,19,239,"purine nucleotide binding","TUBB3;CLK3;ERBB2;ERBB3;ERCC2;FGFR1;FGFR3;FGFR2;MTOR;GNAS;MSH6;HRAS;KRAS;MSH2;ATM;NRAS;PIK3CA;PRKAR2B;TP53"
"4","GO:0032555",0.000174639454070181,3.31883116883117,8.36411020104244,19,239,"purine ribonucleotide binding","TUBB3;CLK3;ERBB2;ERBB3;ERCC2;FGFR1;FGFR3;FGFR2;MTOR;GNAS;MSH6;HRAS;KRAS;MSH2;ATM;NRAS;PIK3CA;PRKAR2B;TP53"
"5","GO:0032553",0.000185217678561392,3.30074337427279,8.39910647803425,19,240,"ribonucleotide binding","TUBB3;CLK3;ERBB2;ERBB3;ERCC2;FGFR1;FGFR3;FGFR2;MTOR;GNAS;MSH6;HRAS;KRAS;MSH2;ATM;NRAS;PIK3CA;PRKAR2B;TP53"
"6","GO:0001883",0.000371117231291509,3.15590092277805,8.08413998510797,18,231,"purine nucleoside binding","TUBB3;CLK3;ERBB2;ERBB3;ERCC2;FGFR1;FGFR3;FGFR2;MTOR;GNAS;MSH6;HRAS;KRAS;MSH2;ATM;NRAS;PIK3CA;TP53"
"7","GO:0032550",0.000371117231291509,3.15590092277805,8.08413998510797,18,231,"purine ribonucleoside binding","TUBB3;CLK3;ERBB2;ERBB3;ERCC2;FGFR1;FGFR3;FGFR2;MTOR;GNAS;MSH6;HRAS;KRAS;MSH2;ATM;NRAS;PIK3CA;TP53"
"8","GO:0035639",0.000371117231291509,3.15590092277805,8.08413998510797,18,231,"purine ribonucleoside triphosphate binding","TUBB3;CLK3;ERBB2;ERBB3;ERCC2;FGFR1;FGFR3;FGFR2;MTOR;GNAS;MSH6;HRAS;KRAS;MSH2;ATM;NRAS;PIK3CA;TP53"
"9","GO:0001882",0.000392704093283737,3.13825330325491,8.11913626209978,18,232,"nucleoside binding","TUBB3;CLK3;ERBB2;ERBB3;ERCC2;FGFR1;FGFR3;FGFR2;MTOR;GNAS;MSH6;HRAS;KRAS;MSH2;ATM;NRAS;PIK3CA;TP53"
"10","GO:0032549",0.000392704093283737,3.13825330325491,8.11913626209978,18,232,"ribonucleoside binding","TUBB3;CLK3;ERBB2;ERBB3;ERCC2;FGFR1;FGFR3;FGFR2;MTOR;GNAS;MSH6;HRAS;KRAS;MSH2;ATM;NRAS;PIK3CA;TP53"
"11","GO:0097367",0.000609506273168863,2.8956228956229,9.93894266567387,20,284,"carbohydrate derivative binding","TUBB3;CLK3;ERBB2;ERBB3;ERCC2;FGFR1;FGFR3;FGFR2;MTOR;GNAS;DROSHA;MSH6;HRAS;KRAS;MSH2;ATM;NRAS;PIK3CA;PRKAR2B;TP53"
"12","GO:0043168",0.000814656168367825,2.77713382507903,10.9538346984363,21,313,"anion binding","TUBB3;CLK3;ERBB2;ERBB3;ERCC2;FGFR1;FGFR3;FGFR2;MCF2L;MTOR;GNAS;MSH6;HRAS;KRAS;MSH2;ATM;NRAS;PIK3CA;UGT1A8;PRKAR2B;TP53"
"13","GO:0032137",0.00119957432311716,Inf,0.0699925539836188,2,2,"guanine/thymine mispair binding","MSH6;MSH2"
"14","GO:0032143",0.00119957432311716,Inf,0.0699925539836188,2,2,"single thymine insertion binding","MSH6;MSH2"
"15","GO:0032356",0.00119957432311716,Inf,0.0699925539836188,2,2,"oxidized DNA binding","MSH6;MSH2"
"16","GO:0032357",0.00119957432311716,Inf,0.0699925539836188,2,2,"oxidized purine DNA binding","MSH6;MSH2"
"17","GO:0019838",0.00132837704041139,7.59523809523809,0.874906924795235,5,25,"growth factor binding","ERBB2;ERBB3;FGFR1;FGFR3;FGFR2"
"18","GO:0000166",0.0016160331123536,2.66526344378055,9.86895011169025,19,282,"nucleotide binding","TUBB3;CLK3;ERBB2;ERBB3;ERCC2;FGFR1;FGFR3;FGFR2;MTOR;GNAS;MSH6;HRAS;KRAS;MSH2;ATM;NRAS;PIK3CA;PRKAR2B;TP53"
"19","GO:1901265",0.0016160331123536,2.66526344378055,9.86895011169025,19,282,"nucleoside phosphate binding","TUBB3;CLK3;ERBB2;ERBB3;ERCC2;FGFR1;FGFR3;FGFR2;MTOR;GNAS;MSH6;HRAS;KRAS;MSH2;ATM;NRAS;PIK3CA;PRKAR2B;TP53"
"20","GO:0036094",0.00183632915697004,2.59259259259259,10.7788533134773,20,308,"small molecule binding","TUBB3;CLK3;ERBB2;ERBB3;ERCC2;FGFR1;FGFR3;FGFR2;MTOR;GNAS;MSH6;HRAS;KRAS;MSH2;ATM;NRAS;PIK3CA;UGT1A8;PRKAR2B;TP53"
"21","GO:0042802",0.00220052634454033,2.88791529755385,6.29932985852569,14,180,"identical protein binding","ERBB2;ERBB3;FGFR1;FGFR2;DROSHA;HGF;MSH2;UGT1A8;PTEN;RB1;TERT;TP53;TSC2;KDM6A"
"22","GO:0043167",0.00286488234923919,2.421875,21.2427401340283,31,607,"ion binding","TUBB3;CLK3;ERBB2;ERBB3;ERCC2;FGFR1;FGFR3;FGFR2;MCF2L;MTOR;GNAS;DROSHA;MSH6;HRAS;KRAS;MDM4;MSH2;ATM;NOTCH1;NOTCH2;NRAS;PIK3CA;LRP1B;UGT1A8;CDKAL1;PRKAR2B;MYNN;PTEN;TERT;TP53;KDM6A"
"23","GO:0032142",0.00351821462551812,57.5555555555556,0.104988830975428,2,3,"single guanine insertion binding","MSH6;MSH2"
"24","GO:0032405",0.00351821462551812,57.5555555555556,0.104988830975428,2,3,"MutLalpha complex binding","MSH6;MSH2"
"25","GO:0005525",0.00362613115374484,5.81501831501831,1.08488458674609,5,31,"GTP binding","TUBB3;GNAS;HRAS;KRAS;NRAS"
"26","GO:0008022",0.00418582678389774,5.59523809523809,1.1198808637379,5,32,"protein C-terminus binding","ERBB2;ERCC1;ERCC2;HRAS;MSH2"
"27","GO:0019001",0.00418582678389774,5.59523809523809,1.1198808637379,5,32,"guanyl nucleotide binding","TUBB3;GNAS;HRAS;KRAS;NRAS"
"28","GO:0032561",0.00418582678389774,5.59523809523809,1.1198808637379,5,32,"guanyl ribonucleotide binding","TUBB3;GNAS;HRAS;KRAS;NRAS"
"29","GO:0003684",0.00422979584639628,7.44186046511628,0.699925539836188,4,20,"damaged DNA binding","ERCC1;MSH6;MSH2;TP53"
"30","GO:0046983",0.00554937485263282,2.63916786226686,6.19434102755026,13,177,"protein dimerization activity","ERBB2;ERBB3;FGFR1;FGFR2;DROSHA;HGF;MSH2;ATM;NOTCH1;UGT1A8;TERT;TP53;TSC2"
"31","GO:0032138",0.00687937789970757,28.7555555555556,0.139985107967238,2,4,"single base insertion or deletion binding","MSH6;MSH2"
"32","GO:0047485",0.00970904442287346,5.64784053156146,0.874906924795235,4,25,"protein N-terminus binding","ERCC2;ATM;TP53;TSC1"
