"","GOCCID","Pvalue","OddsRatio","ExpCount","Count","Size","Term","Symbols"
"1","GO:1990391",0.00072078911791262,13.4242424242424,0.45021645021645,4,13,"DNA repair complex","ERCC1;MSH6;MSH2;ATM"
"2","GO:0061695",0.00108420646244818,5.26829268292683,1.6969696969697,7,49,"transferase complex, transferring phosphorus-containing groups","ERCC1;ERCC2;MTOR;PIK3CA;PRKAR2B;TERT;TP53"
"3","GO:0032301",0.00117523872036507,Inf,0.0692640692640693,2,2,"MutSalpha complex","MSH6;MSH2"
"4","GO:0033596",0.00117523872036507,Inf,0.0692640692640693,2,2,"TSC1-TSC2 complex","TSC1;TSC2"
"5","GO:0030880",0.0013071899175358,10.9669421487603,0.519480519480519,4,15,"RNA polymerase complex","ERCC1;ERCC2;TERT;TP53"
"6","GO:0016605",0.00153407874692366,7.29235880398671,0.9004329004329,5,26,"PML body","MTOR;PTEN;RB1;TERT;TP53"
"7","GO:0044451",0.00230113800610874,3.44321329639889,3.63636363636364,10,105,"nucleoplasm part","CLK3;ERCC1;ERCC2;FANCC;MTOR;PTEN;RB1;TERT;TP53;KDM6A"
"8","GO:0005669",0.00344759335598425,58.1304347826087,0.103896103896104,2,3,"transcription factor TFIID complex","ERCC1;TP53"
"9","GO:0071944",0.00580869606088781,2.1969696969697,17.1082251082251,26,494,"cell periphery","TUBB3;STAG2;SLC29A1;ERBB2;ERBB3;FGFR1;FGFR3;FGFR2;MCF2L;GNAS;CD274;MSH6;HRAS;FMN1;KRAS;LSP1;NOTCH1;NOTCH2;NRAS;PIK3CA;PRKAR2B;PAG1;PTEN;SLC14A1;TSC1;PSCA"
"10","GO:0000784",0.00585594053810486,6.66666666666667,0.761904761904762,4,22,"nuclear chromosome, telomeric region","ERCC1;MSH2;ATM;TERT"
"11","GO:0016591",0.00688719862915924,9.84444444444444,0.415584415584416,3,12,"DNA-directed RNA polymerase II, holoenzyme","ERCC1;ERCC2;TP53"
"12","GO:0016020",0.00732961991669817,2.23344947735192,25.3160173160173,34,731,"membrane","STAG2;CLK3;SLC29A1;ERBB2;ERBB3;FGFR1;FGFR3;FGFR2;MCF2L;MTOR;GNAS;CD274;MSH6;HGF;HRAS;FMN1;KRAS;LSP1;MSH2;NOTCH1;NOTCH2;NRAS;PIK3CA;LRP1B;UGT1A8;CDKAL1;PRKAR2B;PAG1;PTEN;SLC14A1;TSC1;TSC2;PSCA;CLPTM1L"
"13","GO:1902494",0.00833011823054179,2.79862700228833,4.32900432900433,10,125,"catalytic complex","ERCC1;ERCC2;MTOR;GNAS;DROSHA;PIK3CA;PRKAR2B;TERT;TP53;KDM6A"
"14","GO:0016324",0.00855496874870715,4.59830866807611,1.31601731601732,5,38,"apical plasma membrane","SLC29A1;ERBB2;ERBB3;NOTCH1;PTEN"
"15","GO:0005886",0.00860359152363925,2.10941232680363,16.6233766233766,25,480,"plasma membrane","STAG2;SLC29A1;ERBB2;ERBB3;FGFR1;FGFR3;FGFR2;MCF2L;GNAS;CD274;MSH6;HRAS;FMN1;KRAS;LSP1;NOTCH1;NOTCH2;NRAS;PIK3CA;PRKAR2B;PAG1;PTEN;SLC14A1;TSC1;PSCA"
"16","GO:0000781",0.00938053567826976,5.7012987012987,0.865800865800866,4,25,"chromosome, telomeric region","ERCC1;MSH2;ATM;TERT"
