"","GOBPID","Pvalue","OddsRatio","ExpCount","Count","Size","Term","Symbols"
"1","GO:0030097",5.83945631929046e-08,2.4791842772612,49.960088691796,81,172,"hemopoiesis","ABI1;SH2B3;CDK6;FSTL3;CDKN2A;CDKN2B;IKZF1;CEBPA;CEBPE;CSF1R;CSF3R;CTNNB1;EP300;ETV6;MECOM;FOXO3;FLT3;TNFRSF13B;MTOR;ABL1;GATA1;GATA2;GATA3;ABL2;FOXP1;GNAS;HOXA9;IRF8;FAS;IL7R;IRF4;JAK2;JAK3;KIT;LCK;LMO2;ARNT;LYL1;MLF1;KMT2A;MPL;MYC;ATM;NF1;NOTCH1;NOTCH2;NTRK1;PBX1;LEF1;PIP4K2A;BCL11A;PLCG2;PML;TET2;BAK1;PTPN11;PTPRC;RARA;BCL2;BCL3;BCL6;RPL22;PRDM16;RBM15;BCL11B;BRAF;STAT5B;SYK;TAL1;TCF3;BTK;TP53;ZBTB16;KAT6A;PICALM;CASP8;RUNX1;CBFA2T3;CBFB;FARP2;MAFB"
"2","GO:0048534",2.10126164549741e-07,2.30568779754448,55.1884700665188,86,190,"hematopoietic or lymphoid organ development","ABI1;BCL2L11;SH2B3;CDK6;FSTL3;CDKN2A;CDKN2B;IKZF1;CEBPA;CEBPE;CSF1R;CSF3R;CTNNB1;EP300;ETV6;MECOM;FOXO3;FLT3;TNFRSF13B;MTOR;ABL1;GATA1;GATA2;GATA3;ABL2;FOXP1;GNAS;TLX1;HOXA9;IRF8;FAS;IL7R;IRF4;JAK2;JAK3;KIT;LCK;LMO2;ARNT;LYL1;MLF1;KMT2A;MPL;MYC;ATM;NF1;NOTCH1;NOTCH2;NTRK1;PBX1;SBDS;LEF1;PIP4K2A;BCL11A;PLCG2;PML;TET2;MAPK1;MAP2K1;BAK1;PTPN11;PTPRC;RARA;BCL2;BCL3;BCL6;RPL22;PRDM16;RBM15;BCL11B;BRAF;STAT5B;SYK;TAL1;TCF3;BTK;TP53;ZBTB16;KAT6A;PICALM;CASP8;RUNX1;CBFA2T3;CBFB;FARP2;MAFB"
"3","GO:0002520",4.31892855220334e-07,2.21663533834586,58.3835920177384,89,201,"immune system development","ABI1;BCL2L11;SH2B3;CDK6;FSTL3;CDKN2A;CDKN2B;IKZF1;CEBPA;CEBPE;POLQ;CSF1R;CSF3R;CTNNB1;EP300;ETV6;MECOM;FOXO3;FLT3;TNFRSF13B;MTOR;ABL1;GATA1;GATA2;GATA3;ABL2;FOXP1;GNAS;TLX1;HOXA9;IRF8;FAS;IL7R;IRF4;JAK2;JAK3;KIT;LCK;LMO2;ARNT;LYL1;MLF1;KMT2A;MPL;MYC;ATM;NF1;NOTCH1;NOTCH2;NTRK1;PBX1;SBDS;LEF1;PIP4K2A;BCL11A;PLCG2;PML;TET2;MAPK1;MAP2K1;BAK1;PTPN11;PTPRC;RARA;BCL2;BCL3;BCL6;RPL22;PRDM16;RBM15;BCL11B;BRAF;STAT5B;SYK;TAL1;TCF3;BTK;TP53;ZBTB16;SPEF2;KAT6A;PICALM;CASP8;RUNX1;CBFA2T3;CBFB;CBLB;FARP2;MAFB"
"4","GO:0030099",2.63212700735477e-06,2.76446124763705,27.3037694013304,48,94,"myeloid cell differentiation","ABI1;CDK6;FSTL3;CDKN2B;IKZF1;CEBPA;CEBPE;CSF1R;CSF3R;CTNNB1;EP300;FOXO3;MTOR;GATA1;GATA2;GATA3;FOXP1;GNAS;HOXA9;IRF8;FAS;IRF4;JAK2;KIT;ARNT;MPL;MYC;NF1;NOTCH2;LEF1;PIP4K2A;PML;TET2;PTPN11;RARA;BCL6;PRDM16;RBM15;STAT5B;TAL1;ZBTB16;KAT6A;CASP8;RUNX1;CBFA2T3;CBFB;FARP2;MAFB"
"5","GO:0002244",7.2072116368325e-06,5.36290322580645,9.00443458980044,21,31,"hematopoietic progenitor cell differentiation","ABI1;CDK6;FSTL3;CDKN2B;EP300;FLT3;TNFRSF13B;GATA1;GATA2;GATA3;KIT;MLF1;NOTCH1;PIP4K2A;TET2;PTPN11;PTPRC;BCL2;BRAF;TAL1;RUNX1"
"6","GO:0018130",8.74820202531543e-06,1.69154461852861,164.984478935698,201,568,"heterocycle biosynthetic process","DUX4;CDH13;OLIG2;GPHN;FSTL3;CDKN2A;CDKN2B;IKZF1;CDX2;NCOA2;CEBPA;CEBPE;CENPF;POLQ;STAG2;MLLT11;CLP1;PSIP1;SP140;CREBBP;CTNNB1;CUX1;DAB2IP;DDC;DDX3X;GLIS3;ZNF384;ASXL1;DNM2;DNMT3A;EBF1;ELF4;EP300;ERG;ESRRG;ETV6;MECOM;EWSR1;EZH2;FGF2;FGFR1;FGFR3;FHIT;MLXIP;ELL2;FOXO3;CBX7;KAT6B;ALK;MTOR;ABL1;FUS;PRKD2;POT1;ZNF521;GATA1;GATA2;GATA3;FOXP1;AFF4;GNAS;SETD2;GRM7;TFPT;TLX3;HIP1;MNX1;HLF;TLX1;HOXA9;HOXA11;HOXA13;HOXC11;HOXC13;HOXD11;HOXD13;HRAS;IRF8;SP110;MACC1;ILF2;IRF4;JAK2;KIT;KRAS;AFF3;LMO1;LMO2;ARNT;LYL1;MAF;MLF1;KMT2A;MLLT1;AFF1;MLLT3;MLLT6;FOXO4;MN1;MXI1;MYC;MYCL;NF1;NFATC2;CNOT3;NOTCH1;NOTCH2;NPM1;NTRK1;NUP98;PAX5;PBX1;LEF1;DDX41;PDGFRB;PER1;BCL11A;PML;PRRX1;TET2;BCOR;FBXW7;ZNF701;PRKCH;MYNN;MAPK1;PTEN;MKL1;RAD21;RARA;KDM5A;CCND1;BCL3;BCL6;RNF6;BCL7A;BCL9;RPL5;RPL10;RPL22;RYR2;BCORL1;PRDM16;BLM;SET;SRSF2;NSD1;CSRNP1;RBM15;RFX7;BCL11B;STAT3;STAT5B;SYK;TAL1;TAL2;TCF3;BTG1;BTK;TERT;TNFRSF1A;TP53;U2AF1;VHL;WT1;XPO1;ZBTB16;ZNF230;DEK;KAT6A;NUP214;MLLT10;TET1;CALR;TAF15;CAMK2D;ELL;NCOA3;PICALM;BRIP1;ARID5B;PHF6;MAML2;LCOR;GAS7;RUNX1;RUNX1T1;TP63;CBFA2T3;CBFB;TNKS;CBL;TRIM24;GMPS;KAT2B;USP10;TRIP11;NCOR2;ZNF536;MED24;MAFB"
"7","GO:0002521",1.37289389826492e-05,2.32640949554896,34.8558758314856,56,120,"leukocyte differentiation","CDK6;FSTL3;CDKN2A;IKZF1;CEBPA;CEBPE;CSF1R;CTNNB1;EP300;FLT3;MTOR;ABL1;GATA1;GATA2;GATA3;ABL2;FOXP1;GNAS;FAS;IL7R;IRF4;JAK3;KIT;LCK;LYL1;MYC;ATM;NF1;NOTCH2;NTRK1;LEF1;BCL11A;PLCG2;BAK1;PTPRC;RARA;BCL2;BCL3;BCL6;RPL22;PRDM16;BCL11B;BRAF;STAT5B;SYK;TAL1;TCF3;BTK;TP53;ZBTB16;CASP8;RUNX1;CBFA2T3;CBFB;FARP2;MAFB"
"8","GO:0030183",1.53865152707241e-05,4.87023460410557,9.29490022172949,21,32,"B cell differentiation","IKZF1;EP300;FLT3;ABL1;JAK3;KIT;LYL1;ATM;NOTCH2;NTRK1;BCL11A;PLCG2;BAK1;BCL2;BCL3;BCL6;STAT5B;SYK;TCF3;BTK;TP53"
"9","GO:0034654",1.58496374691837e-05,1.66477944904512,164.113082039911,199,565,"nucleobase-containing compound biosynthetic process","DUX4;CDH13;OLIG2;FSTL3;CDKN2A;CDKN2B;IKZF1;CDX2;NCOA2;CEBPA;CEBPE;CENPF;POLQ;STAG2;MLLT11;CLP1;PSIP1;SP140;CREBBP;CTNNB1;CUX1;DAB2IP;DDX3X;GLIS3;ZNF384;ASXL1;DNM2;DNMT3A;EBF1;ELF4;EP300;ERG;ESRRG;ETV6;MECOM;EWSR1;EZH2;FGF2;FGFR1;FGFR3;FHIT;MLXIP;ELL2;FOXO3;CBX7;KAT6B;ALK;MTOR;ABL1;FUS;PRKD2;POT1;ZNF521;GATA1;GATA2;GATA3;FOXP1;AFF4;GNAS;SETD2;GRM7;TFPT;TLX3;HIP1;MNX1;HLF;TLX1;HOXA9;HOXA11;HOXA13;HOXC11;HOXC13;HOXD11;HOXD13;HRAS;IRF8;SP110;MACC1;ILF2;IRF4;JAK2;KIT;KRAS;AFF3;LMO1;LMO2;ARNT;LYL1;MAF;MLF1;KMT2A;MLLT1;AFF1;MLLT3;MLLT6;FOXO4;MN1;MXI1;MYC;MYCL;NF1;NFATC2;CNOT3;NOTCH1;NOTCH2;NPM1;NTRK1;NUP98;PAX5;PBX1;LEF1;DDX41;PDGFRB;PER1;BCL11A;PML;PRRX1;TET2;BCOR;FBXW7;ZNF701;PRKCH;MYNN;MAPK1;PTEN;MKL1;RAD21;RARA;KDM5A;CCND1;BCL3;BCL6;RNF6;BCL7A;BCL9;RPL5;RPL10;RPL22;RYR2;BCORL1;PRDM16;BLM;SET;SRSF2;NSD1;CSRNP1;RBM15;RFX7;BCL11B;STAT3;STAT5B;SYK;TAL1;TAL2;TCF3;BTG1;BTK;TERT;TNFRSF1A;TP53;U2AF1;VHL;WT1;XPO1;ZBTB16;ZNF230;DEK;KAT6A;NUP214;MLLT10;TET1;CALR;TAF15;CAMK2D;ELL;NCOA3;PICALM;BRIP1;ARID5B;PHF6;MAML2;LCOR;GAS7;RUNX1;RUNX1T1;TP63;CBFA2T3;CBFB;TNKS;CBL;TRIM24;GMPS;KAT2B;USP10;TRIP11;NCOR2;ZNF536;MED24;MAFB"
"10","GO:0032774",2.106797921553e-05,1.65538029447644,156.851441241685,191,540,"RNA biosynthetic process","DUX4;CDH13;OLIG2;FSTL3;CDKN2A;CDKN2B;IKZF1;CDX2;NCOA2;CEBPA;CEBPE;CENPF;STAG2;MLLT11;CLP1;PSIP1;SP140;CREBBP;CTNNB1;CUX1;DAB2IP;DDX3X;GLIS3;ZNF384;ASXL1;DNM2;DNMT3A;EBF1;ELF4;EP300;ERG;ESRRG;ETV6;MECOM;EWSR1;EZH2;FGF2;FGFR1;FGFR3;FHIT;MLXIP;ELL2;FOXO3;CBX7;KAT6B;ALK;MTOR;ABL1;FUS;PRKD2;ZNF521;GATA1;GATA2;GATA3;FOXP1;AFF4;SETD2;TFPT;TLX3;HIP1;MNX1;HLF;TLX1;HOXA9;HOXA11;HOXA13;HOXC11;HOXC13;HOXD11;HOXD13;HRAS;IRF8;SP110;MACC1;ILF2;IRF4;JAK2;KIT;KRAS;AFF3;LMO1;LMO2;ARNT;LYL1;MAF;MLF1;KMT2A;MLLT1;AFF1;MLLT3;MLLT6;FOXO4;MN1;MXI1;MYC;MYCL;NFATC2;CNOT3;NOTCH1;NOTCH2;NPM1;NTRK1;NUP98;PAX5;PBX1;LEF1;DDX41;PER1;BCL11A;PML;PRRX1;TET2;BCOR;FBXW7;ZNF701;PRKCH;MYNN;MAPK1;PTEN;MKL1;RAD21;RARA;KDM5A;CCND1;BCL3;BCL6;RNF6;BCL7A;BCL9;RPL5;RPL10;RPL22;RYR2;BCORL1;PRDM16;BLM;SET;SRSF2;NSD1;CSRNP1;RBM15;RFX7;BCL11B;STAT3;STAT5B;SYK;TAL1;TAL2;TCF3;BTG1;BTK;TERT;TNFRSF1A;TP53;U2AF1;VHL;WT1;XPO1;ZBTB16;ZNF230;DEK;KAT6A;NUP214;MLLT10;TET1;CALR;TAF15;CAMK2D;ELL;NCOA3;PICALM;BRIP1;ARID5B;PHF6;MAML2;LCOR;GAS7;RUNX1;RUNX1T1;TP63;CBFA2T3;CBFB;TNKS;CBL;TRIM24;KAT2B;TRIP11;NCOR2;ZNF536;MED24;MAFB"
"11","GO:0010468",2.15963303056241e-05,1.64778694673668,172.536585365854,207,594,"regulation of gene expression","DUX4;CDH13;CDK6;OLIG2;FSTL3;CDKN2A;CDKN2B;IKZF1;CDX2;NCOA2;CEBPA;CEBPE;CENPF;STAG2;MLLT11;CLP1;PSIP1;SP140;CREBBP;CTNNB1;CUX1;DAB2IP;DDX3X;GLIS3;ZNF384;ASXL1;DNM2;DNMT3A;EBF1;ELF4;EP300;ERG;ESRRG;ETV6;MECOM;EWSR1;EZH2;FGF2;FGFR1;FGFR3;FHIT;MLXIP;ELL2;FOXO3;SF3B1;CBX7;KAT6B;ALK;MTOR;ABL1;PRKD2;ZNF521;GATA1;GATA2;GATA3;FOXP1;AFF4;SCARA5;SETD2;TFPT;TLX3;HIP1;MNX1;HLF;TLX1;HOXA9;HOXA11;HOXA13;APBA2;HOXC11;HOXC13;HOXD11;HOXD13;HRAS;BIRC3;IRF8;SP110;MACC1;FAS;IL7R;ILF2;IRF4;JAK2;KIT;KRAS;AFF3;LCK;LMO1;LMO2;ARNT;LYL1;MAF;KMT2A;MLLT1;AFF1;MLLT3;MLLT6;FOXO4;MN1;MPL;MXI1;MYC;MYCL;MYD88;ATM;NF1;NFATC2;CNOT3;NOTCH1;NOTCH2;NPM1;NRAS;NTRK1;NUP98;PAX5;PBX1;LEF1;DDX41;PER1;BCL11A;PLCG2;PML;PRRX1;TET2;BCOR;BANK1;FBXW7;ZNF701;PRKCH;MYNN;MAPK1;MAP2K1;METTL3;PTEN;MKL1;BAK1;RAD21;RARA;KDM5A;CCND1;BCL2;BCL3;BCL6;RNF6;BCL7A;BCL9;RYR2;BCORL1;PRDM16;BLM;SET;SRSF2;NSD1;CSRNP1;RBM15;RFX7;BCL11B;BRAF;STAT3;STAT5B;SYK;TAL1;TAL2;TCF3;BTG1;BTK;TERT;TNFRSF1A;TOP1;TP53;KDM6A;VHL;WT1;XPO1;ZBTB16;ZNF230;DEK;KAT6A;NUP214;MLLT10;TET1;CALR;TCL1A;TAF15;CAMK2D;ELL;NCOA3;PICALM;BRIP1;ARID5B;PHF6;MAML2;LCOR;GAS7;RUNX1;RUNX1T1;TP63;CBFA2T3;CBFB;TNKS;CBL;TRIM24;KAT2B;NCOR2;ZNF536;MED24;MAFB"
"12","GO:0010467",2.24581866714463e-05,1.64501740043087,186.478935698448,221,642,"gene expression","BCL2L11;DUX4;CDH13;CDK6;OLIG2;FSTL3;CDKN2A;CDKN2B;IKZF1;CDX2;NCOA2;CEBPA;CEBPE;CENPF;STAG2;MLLT11;CLP1;PSIP1;SP140;CREBBP;CTNNB1;CUX1;TRMT44;DAB2IP;DDX3X;GLIS3;ZNF384;ASXL1;DNM2;DNMT3A;EBF1;ELF4;EP300;ERG;ESRRG;ETV6;MECOM;EWSR1;EZH2;FGF2;FGFR1;FGFR3;FHIT;MLXIP;ELL2;FOXO3;SF3B1;CBX7;KAT6B;ALK;MTOR;ABL1;FUS;PRKD2;ZNF521;GATA1;GATA2;GATA3;FOXP1;AFF4;SCARA5;SETD2;TFPT;TLX3;HIP1;MNX1;HLF;TLX1;HOXA9;HOXA11;HOXA13;APBA2;HOXC11;HOXC13;HOXD11;HOXD13;HRAS;BIRC3;IRF8;SP110;MACC1;FAS;IL7R;ILF2;IRF4;JAK2;KIT;KRAS;AFF3;LCK;LMO1;LMO2;ARNT;LYL1;MAF;MLF1;KMT2A;MLLT1;AFF1;MLLT3;MLLT6;FOXO4;MN1;MPL;MXI1;MYC;MYCL;MYD88;ATM;NF1;NFATC2;CNOT3;NOTCH1;NOTCH2;NPM1;NRAS;NTRK1;NUP98;PAX5;PBX1;SBDS;LEF1;DDX41;PER1;BCL11A;PLCG2;PML;PRRX1;TET2;BCOR;BANK1;FBXW7;ZNF701;PRKCH;MYNN;MAPK1;MAP2K1;METTL3;PTEN;MKL1;BAK1;RAD21;RARA;KDM5A;CCND1;BCL2;BCL3;BCL6;RNF6;BCL7A;BCL9;RPL5;RPL10;RPL22;RPN1;RYR2;BCORL1;PRDM16;BLM;SET;SRSF2;NSD1;RPL13AP3;CSRNP1;RBM15;RFX7;BCL11B;BRAF;STAT3;STAT5B;SYK;TAL1;TAL2;TCF3;BTG1;BTK;TERT;TNFRSF1A;TOP1;TP53;U2AF1;KDM6A;VHL;WT1;XPO1;ZBTB16;ZNF230;DEK;KAT6A;NUP214;MLLT10;TET1;CALR;TCL1A;TAF15;CAMK2D;ELL;NCOA3;ZRSR2;PICALM;BRIP1;CASP8;ARID5B;PHF6;MAML2;LCOR;GAS7;RUNX1;RUNX1T1;TP63;CBFA2T3;CBFB;TNKS;CBL;TRIM24;KAT2B;TRIP11;NCOR2;ZNF536;MED24;MAFB"
"13","GO:0019438",2.78140448932614e-05,1.63797426040448,166.146341463415,200,572,"aromatic compound biosynthetic process","DUX4;CDH13;OLIG2;FSTL3;CDKN2A;CDKN2B;IKZF1;CDX2;NCOA2;CEBPA;CEBPE;CENPF;POLQ;STAG2;MLLT11;CLP1;PSIP1;SP140;CREBBP;CTNNB1;CUX1;DAB2IP;DDC;DDX3X;GLIS3;ZNF384;ASXL1;DNM2;DNMT3A;EBF1;ELF4;EP300;ERG;ESRRG;ETV6;MECOM;EWSR1;EZH2;FGF2;FGFR1;FGFR3;FHIT;MLXIP;ELL2;FOXO3;CBX7;KAT6B;ALK;MTOR;ABL1;FUS;PRKD2;POT1;ZNF521;GATA1;GATA2;GATA3;FOXP1;AFF4;GNAS;SETD2;GRM7;TFPT;TLX3;HIP1;MNX1;HLF;TLX1;HOXA9;HOXA11;HOXA13;HOXC11;HOXC13;HOXD11;HOXD13;HRAS;IRF8;SP110;MACC1;ILF2;IRF4;JAK2;KIT;KRAS;AFF3;LMO1;LMO2;ARNT;LYL1;MAF;MLF1;KMT2A;MLLT1;AFF1;MLLT3;MLLT6;FOXO4;MN1;MXI1;MYC;MYCL;NF1;NFATC2;CNOT3;NOTCH1;NOTCH2;NPM1;NTRK1;NUP98;PAX5;PBX1;LEF1;DDX41;PDGFRB;PER1;BCL11A;PML;PRRX1;TET2;BCOR;FBXW7;ZNF701;PRKCH;MYNN;MAPK1;PTEN;MKL1;RAD21;RARA;KDM5A;CCND1;BCL3;BCL6;RNF6;BCL7A;BCL9;RPL5;RPL10;RPL22;RYR2;BCORL1;PRDM16;BLM;SET;SRSF2;NSD1;CSRNP1;RBM15;RFX7;BCL11B;STAT3;STAT5B;SYK;TAL1;TAL2;TCF3;BTG1;BTK;TERT;TNFRSF1A;TP53;U2AF1;VHL;WT1;XPO1;ZBTB16;ZNF230;DEK;KAT6A;NUP214;MLLT10;TET1;CALR;TAF15;CAMK2D;ELL;NCOA3;PICALM;BRIP1;ARID5B;PHF6;MAML2;LCOR;GAS7;RUNX1;RUNX1T1;TP63;CBFA2T3;CBFB;TNKS;CBL;TRIM24;GMPS;KAT2B;USP10;TRIP11;NCOR2;ZNF536;MED24;MAFB"
"14","GO:0030851",3.20887103139875e-05,25.0391644908616,3.19512195121951,10,11,"granulocyte differentiation","IKZF1;CEBPA;GATA1;GATA2;LEF1;RARA;PRDM16;TAL1;RUNX1;CBFA2T3"
"15","GO:0042113",3.71628493978457e-05,3.07628559286018,16.5565410199557,31,57,"B cell activation","CDKN2A;IKZF1;VAV3;EP300;FLT3;TNFRSF13B;ABL1;FAS;IL7R;JAK3;KIT;LYL1;ATM;NFATC2;NOTCH2;NTRK1;LEF1;BCL11A;PLCG2;BANK1;BAK1;PTPRC;BCL2;BCL3;BCL6;STAT5B;SYK;TCF3;BTK;TP53;CASP8"
"16","GO:1901362",4.12971387278819e-05,1.6189074933687,167.889135254989,201,578,"organic cyclic compound biosynthetic process","DUX4;CDH13;OLIG2;GPHN;FSTL3;CDKN2A;CDKN2B;IKZF1;CDX2;NCOA2;CEBPA;CEBPE;CENPF;POLQ;STAG2;MLLT11;CLP1;PSIP1;SP140;CREBBP;CTNNB1;CUX1;DAB2IP;DDC;DDX3X;GLIS3;ZNF384;ASXL1;DNM2;DNMT3A;EBF1;ELF4;EP300;ERG;ESRRG;ETV6;MECOM;EWSR1;EZH2;FGF2;FGFR1;FGFR3;FHIT;MLXIP;ELL2;FOXO3;CBX7;KAT6B;ALK;MTOR;ABL1;FUS;PRKD2;POT1;ZNF521;GATA1;GATA2;GATA3;FOXP1;AFF4;GNAS;SETD2;GRM7;TFPT;TLX3;HIP1;MNX1;HLF;TLX1;HOXA9;HOXA11;HOXA13;HOXC11;HOXC13;HOXD11;HOXD13;HRAS;IRF8;SP110;MACC1;ILF2;IRF4;JAK2;KIT;KRAS;AFF3;LMO1;LMO2;ARNT;LYL1;MAF;MLF1;KMT2A;MLLT1;AFF1;MLLT3;MLLT6;FOXO4;MN1;MXI1;MYC;MYCL;NF1;NFATC2;CNOT3;NOTCH1;NOTCH2;NPM1;NTRK1;NUP98;PAX5;PBX1;LEF1;DDX41;PDGFRB;PER1;BCL11A;PML;PRRX1;TET2;BCOR;FBXW7;ZNF701;PRKCH;MYNN;MAPK1;PTEN;MKL1;RAD21;RARA;KDM5A;CCND1;BCL3;BCL6;RNF6;BCL7A;BCL9;RPL5;RPL10;RPL22;RYR2;BCORL1;PRDM16;BLM;SET;SRSF2;NSD1;CSRNP1;RBM15;RFX7;BCL11B;STAT3;STAT5B;SYK;TAL1;TAL2;TCF3;BTG1;BTK;TERT;TNFRSF1A;TP53;U2AF1;VHL;WT1;XPO1;ZBTB16;ZNF230;DEK;KAT6A;NUP214;MLLT10;TET1;CALR;TAF15;CAMK2D;ELL;NCOA3;PICALM;BRIP1;ARID5B;PHF6;MAML2;LCOR;GAS7;RUNX1;RUNX1T1;TP63;CBFA2T3;CBFB;TNKS;CBL;TRIM24;GMPS;KAT2B;USP10;TRIP11;NCOR2;ZNF536;MED24;MAFB"
"17","GO:1903506",5.85890965287851e-05,1.61097922848665,151.042128603104,183,520,"regulation of nucleic acid-templated transcription","DUX4;CDH13;OLIG2;FSTL3;CDKN2A;CDKN2B;IKZF1;CDX2;NCOA2;CEBPA;CEBPE;CENPF;STAG2;MLLT11;PSIP1;SP140;CREBBP;CTNNB1;CUX1;DAB2IP;DDX3X;GLIS3;ZNF384;ASXL1;DNM2;DNMT3A;EBF1;ELF4;EP300;ERG;ESRRG;ETV6;MECOM;EWSR1;EZH2;FGF2;FGFR1;FGFR3;FHIT;MLXIP;ELL2;FOXO3;CBX7;KAT6B;ALK;MTOR;ABL1;FUS;PRKD2;ZNF521;GATA1;GATA2;GATA3;FOXP1;AFF4;SETD2;TFPT;TLX3;HIP1;MNX1;HLF;TLX1;HOXA9;HOXA11;HOXA13;HOXC11;HOXC13;HOXD11;HOXD13;HRAS;IRF8;SP110;MACC1;ILF2;IRF4;JAK2;KIT;KRAS;AFF3;LMO1;LMO2;ARNT;LYL1;MAF;KMT2A;MLLT1;AFF1;MLLT3;MLLT6;FOXO4;MN1;MXI1;MYC;MYCL;NFATC2;CNOT3;NOTCH1;NOTCH2;NPM1;NTRK1;PAX5;PBX1;LEF1;DDX41;PER1;BCL11A;PML;PRRX1;TET2;BCOR;FBXW7;ZNF701;PRKCH;MYNN;MAPK1;PTEN;MKL1;RAD21;RARA;KDM5A;CCND1;BCL3;BCL6;RNF6;BCL7A;BCL9;RYR2;BCORL1;PRDM16;BLM;SET;SRSF2;NSD1;CSRNP1;RBM15;RFX7;BCL11B;STAT3;STAT5B;SYK;TAL1;TAL2;TCF3;BTG1;BTK;TERT;TNFRSF1A;TP53;VHL;WT1;XPO1;ZBTB16;ZNF230;DEK;KAT6A;MLLT10;TET1;CALR;TAF15;CAMK2D;ELL;NCOA3;PICALM;BRIP1;ARID5B;PHF6;MAML2;LCOR;GAS7;RUNX1;RUNX1T1;TP63;CBFA2T3;CBFB;TNKS;CBL;TRIM24;KAT2B;TRIP11;NCOR2;ZNF536;MED24;MAFB"
"18","GO:2001141",5.85890965287851e-05,1.61097922848665,151.042128603104,183,520,"regulation of RNA biosynthetic process","DUX4;CDH13;OLIG2;FSTL3;CDKN2A;CDKN2B;IKZF1;CDX2;NCOA2;CEBPA;CEBPE;CENPF;STAG2;MLLT11;PSIP1;SP140;CREBBP;CTNNB1;CUX1;DAB2IP;DDX3X;GLIS3;ZNF384;ASXL1;DNM2;DNMT3A;EBF1;ELF4;EP300;ERG;ESRRG;ETV6;MECOM;EWSR1;EZH2;FGF2;FGFR1;FGFR3;FHIT;MLXIP;ELL2;FOXO3;CBX7;KAT6B;ALK;MTOR;ABL1;FUS;PRKD2;ZNF521;GATA1;GATA2;GATA3;FOXP1;AFF4;SETD2;TFPT;TLX3;HIP1;MNX1;HLF;TLX1;HOXA9;HOXA11;HOXA13;HOXC11;HOXC13;HOXD11;HOXD13;HRAS;IRF8;SP110;MACC1;ILF2;IRF4;JAK2;KIT;KRAS;AFF3;LMO1;LMO2;ARNT;LYL1;MAF;KMT2A;MLLT1;AFF1;MLLT3;MLLT6;FOXO4;MN1;MXI1;MYC;MYCL;NFATC2;CNOT3;NOTCH1;NOTCH2;NPM1;NTRK1;PAX5;PBX1;LEF1;DDX41;PER1;BCL11A;PML;PRRX1;TET2;BCOR;FBXW7;ZNF701;PRKCH;MYNN;MAPK1;PTEN;MKL1;RAD21;RARA;KDM5A;CCND1;BCL3;BCL6;RNF6;BCL7A;BCL9;RYR2;BCORL1;PRDM16;BLM;SET;SRSF2;NSD1;CSRNP1;RBM15;RFX7;BCL11B;STAT3;STAT5B;SYK;TAL1;TAL2;TCF3;BTG1;BTK;TERT;TNFRSF1A;TP53;VHL;WT1;XPO1;ZBTB16;ZNF230;DEK;KAT6A;MLLT10;TET1;CALR;TAF15;CAMK2D;ELL;NCOA3;PICALM;BRIP1;ARID5B;PHF6;MAML2;LCOR;GAS7;RUNX1;RUNX1T1;TP63;CBFA2T3;CBFB;TNKS;CBL;TRIM24;KAT2B;TRIP11;NCOR2;ZNF536;MED24;MAFB"
"19","GO:0006351",7.14197717719618e-05,1.59992431038349,153.365853658537,185,528,"transcription, DNA-templated","DUX4;CDH13;OLIG2;FSTL3;CDKN2A;CDKN2B;IKZF1;CDX2;NCOA2;CEBPA;CEBPE;CENPF;STAG2;MLLT11;CLP1;PSIP1;SP140;CREBBP;CTNNB1;CUX1;DAB2IP;DDX3X;GLIS3;ZNF384;ASXL1;DNM2;DNMT3A;EBF1;ELF4;EP300;ERG;ESRRG;ETV6;MECOM;EWSR1;EZH2;FGF2;FGFR1;FGFR3;FHIT;MLXIP;ELL2;FOXO3;CBX7;KAT6B;ALK;MTOR;ABL1;PRKD2;ZNF521;GATA1;GATA2;GATA3;FOXP1;AFF4;SETD2;TFPT;TLX3;HIP1;MNX1;HLF;TLX1;HOXA9;HOXA11;HOXA13;HOXC11;HOXC13;HOXD11;HOXD13;HRAS;IRF8;SP110;MACC1;ILF2;IRF4;JAK2;KIT;KRAS;AFF3;LMO1;LMO2;ARNT;LYL1;MAF;MLF1;KMT2A;MLLT1;AFF1;MLLT3;MLLT6;FOXO4;MN1;MXI1;MYC;MYCL;NFATC2;CNOT3;NOTCH1;NOTCH2;NPM1;NTRK1;PAX5;PBX1;LEF1;DDX41;PER1;BCL11A;PML;PRRX1;TET2;BCOR;FBXW7;ZNF701;PRKCH;MYNN;MAPK1;PTEN;MKL1;RAD21;RARA;KDM5A;CCND1;BCL3;BCL6;RNF6;BCL7A;BCL9;RYR2;BCORL1;PRDM16;BLM;SET;SRSF2;NSD1;CSRNP1;RBM15;RFX7;BCL11B;STAT3;STAT5B;SYK;TAL1;TAL2;TCF3;BTG1;BTK;TERT;TNFRSF1A;TP53;U2AF1;VHL;WT1;XPO1;ZBTB16;ZNF230;DEK;KAT6A;MLLT10;TET1;CALR;TAF15;CAMK2D;ELL;NCOA3;PICALM;BRIP1;ARID5B;PHF6;MAML2;LCOR;GAS7;RUNX1;RUNX1T1;TP63;CBFA2T3;CBFB;TNKS;CBL;TRIM24;KAT2B;TRIP11;NCOR2;ZNF536;MED24;MAFB"
"20","GO:0019219",7.27450993544347e-05,1.59349593495935,164.113082039911,196,565,"regulation of nucleobase-containing compound metabolic process","DUX4;CDH13;OLIG2;FSTL3;CDKN2A;CDKN2B;IKZF1;CDX2;NCOA2;CEBPA;CEBPE;CENPF;POLQ;STAG2;MLLT11;PSIP1;SP140;CREBBP;CTNNB1;CUX1;DAB2IP;DDX3X;GLIS3;ZNF384;ASXL1;DNM2;DNMT3A;EBF1;ELF4;EP300;ERG;ESRRG;ETV6;MECOM;EWSR1;EZH2;FGF2;FGFR1;FGFR3;FHIT;MLXIP;ELL2;FOXO3;CBX7;KAT6B;ALK;MTOR;ABL1;FUS;PRKD2;POT1;ZNF521;GATA1;GATA2;GATA3;FOXP1;AFF4;GNAS;SETD2;GRM7;TFPT;TLX3;HIP1;MNX1;HLF;TLX1;HOXA9;HOXA11;HOXA13;HOXC11;HOXC13;HOXD11;HOXD13;HRAS;IRF8;SP110;MACC1;IL7R;ILF2;IRF4;JAK2;KIT;KRAS;AFF3;LMO1;LMO2;ARNT;LYL1;MAF;KMT2A;MLLT1;AFF1;MLLT3;MLLT6;FOXO4;MN1;MXI1;MYC;MYCL;ATM;NF1;NFATC2;CNOT3;NOTCH1;NOTCH2;NPM1;NTRK1;PAX5;PBX1;LEF1;DDX41;PDE4D;PDGFRA;PDGFRB;PER1;PIK3CA;BCL11A;PML;PRRX1;ATR;TET2;BCOR;FBXW7;ZNF701;PRKCH;MYNN;MAPK1;PTEN;MKL1;BAK1;RAD21;RARA;KDM5A;CCND1;BCL3;BCL6;RNF6;BCL7A;BCL9;RYR2;BCORL1;PRDM16;BLM;SET;SRSF2;NSD1;CSRNP1;RBM15;RFX7;BCL11B;STAT3;STAT5B;SYK;TAL1;TAL2;TCF3;BTG1;BTK;TERT;TNFRSF1A;TP53;VHL;WT1;XPO1;ZBTB16;ZNF230;DEK;KAT6A;MLLT10;TET1;CALR;TAF15;CAMK2D;ELL;NCOA3;PICALM;BRIP1;ARID5B;PHF6;MAML2;LCOR;GAS7;RUNX1;RUNX1T1;TP63;CBFA2T3;CBFB;TNKS;CBL;TRIM24;KAT2B;TRIP11;NCOR2;ZNF536;MED24;MAFB"
"21","GO:0030098",7.79485881367068e-05,2.47673006879806,23.8181818181818,40,82,"lymphocyte differentiation","CDK6;CDKN2A;IKZF1;CTNNB1;EP300;FLT3;ABL1;GATA3;ABL2;FOXP1;FAS;IL7R;IRF4;JAK3;KIT;LCK;LYL1;ATM;NOTCH2;NTRK1;LEF1;BCL11A;PLCG2;BAK1;PTPRC;RARA;BCL2;BCL3;BCL6;RPL22;BCL11B;BRAF;STAT5B;SYK;TCF3;BTK;TP53;ZBTB16;CBFB;MAFB"
"22","GO:0097659",7.86939756888895e-05,1.59453799112005,154.527716186253,186,532,"nucleic acid-templated transcription","DUX4;CDH13;OLIG2;FSTL3;CDKN2A;CDKN2B;IKZF1;CDX2;NCOA2;CEBPA;CEBPE;CENPF;STAG2;MLLT11;CLP1;PSIP1;SP140;CREBBP;CTNNB1;CUX1;DAB2IP;DDX3X;GLIS3;ZNF384;ASXL1;DNM2;DNMT3A;EBF1;ELF4;EP300;ERG;ESRRG;ETV6;MECOM;EWSR1;EZH2;FGF2;FGFR1;FGFR3;FHIT;MLXIP;ELL2;FOXO3;CBX7;KAT6B;ALK;MTOR;ABL1;FUS;PRKD2;ZNF521;GATA1;GATA2;GATA3;FOXP1;AFF4;SETD2;TFPT;TLX3;HIP1;MNX1;HLF;TLX1;HOXA9;HOXA11;HOXA13;HOXC11;HOXC13;HOXD11;HOXD13;HRAS;IRF8;SP110;MACC1;ILF2;IRF4;JAK2;KIT;KRAS;AFF3;LMO1;LMO2;ARNT;LYL1;MAF;MLF1;KMT2A;MLLT1;AFF1;MLLT3;MLLT6;FOXO4;MN1;MXI1;MYC;MYCL;NFATC2;CNOT3;NOTCH1;NOTCH2;NPM1;NTRK1;PAX5;PBX1;LEF1;DDX41;PER1;BCL11A;PML;PRRX1;TET2;BCOR;FBXW7;ZNF701;PRKCH;MYNN;MAPK1;PTEN;MKL1;RAD21;RARA;KDM5A;CCND1;BCL3;BCL6;RNF6;BCL7A;BCL9;RYR2;BCORL1;PRDM16;BLM;SET;SRSF2;NSD1;CSRNP1;RBM15;RFX7;BCL11B;STAT3;STAT5B;SYK;TAL1;TAL2;TCF3;BTG1;BTK;TERT;TNFRSF1A;TP53;U2AF1;VHL;WT1;XPO1;ZBTB16;ZNF230;DEK;KAT6A;MLLT10;TET1;CALR;TAF15;CAMK2D;ELL;NCOA3;PICALM;BRIP1;ARID5B;PHF6;MAML2;LCOR;GAS7;RUNX1;RUNX1T1;TP63;CBFA2T3;CBFB;TNKS;CBL;TRIM24;KAT2B;TRIP11;NCOR2;ZNF536;MED24;MAFB"
"23","GO:0045637",8.99221765326862e-05,3.14530551415797,14.2328159645233,27,49,"regulation of myeloid cell differentiation","CDK6;FSTL3;IKZF1;CSF1R;CSF3R;CTNNB1;FOXO3;MTOR;GATA1;GATA2;FOXP1;GNAS;HOXA9;FAS;ARNT;MYC;NF1;LEF1;RARA;PRDM16;RBM15;STAT5B;TAL1;ZBTB16;CASP8;RUNX1;MAFB"
"24","GO:0006355",0.0001053284075724,1.5838745045121,149.29933481153,180,514,"regulation of transcription, DNA-templated","DUX4;CDH13;OLIG2;FSTL3;CDKN2A;CDKN2B;IKZF1;CDX2;NCOA2;CEBPA;CEBPE;CENPF;STAG2;MLLT11;PSIP1;SP140;CREBBP;CTNNB1;CUX1;DAB2IP;DDX3X;GLIS3;ZNF384;ASXL1;DNM2;DNMT3A;EBF1;ELF4;EP300;ERG;ESRRG;ETV6;MECOM;EWSR1;EZH2;FGF2;FGFR1;FGFR3;FHIT;MLXIP;ELL2;FOXO3;CBX7;KAT6B;ALK;MTOR;ABL1;PRKD2;ZNF521;GATA1;GATA2;GATA3;FOXP1;AFF4;SETD2;TFPT;TLX3;HIP1;MNX1;HLF;TLX1;HOXA9;HOXA11;HOXA13;HOXC11;HOXC13;HOXD11;HOXD13;HRAS;IRF8;SP110;MACC1;ILF2;IRF4;JAK2;KIT;KRAS;AFF3;LMO1;LMO2;ARNT;LYL1;MAF;KMT2A;MLLT1;AFF1;MLLT3;MLLT6;FOXO4;MN1;MXI1;MYC;MYCL;NFATC2;CNOT3;NOTCH1;NOTCH2;NPM1;NTRK1;PAX5;PBX1;LEF1;DDX41;PER1;BCL11A;PML;PRRX1;TET2;BCOR;FBXW7;ZNF701;PRKCH;MYNN;MAPK1;PTEN;MKL1;RAD21;RARA;KDM5A;CCND1;BCL3;BCL6;RNF6;BCL7A;BCL9;RYR2;BCORL1;PRDM16;BLM;SET;NSD1;CSRNP1;RBM15;RFX7;BCL11B;STAT3;STAT5B;SYK;TAL1;TAL2;TCF3;BTG1;BTK;TERT;TNFRSF1A;TP53;VHL;WT1;XPO1;ZBTB16;ZNF230;DEK;KAT6A;MLLT10;TET1;CALR;TAF15;CAMK2D;ELL;NCOA3;PICALM;BRIP1;ARID5B;PHF6;MAML2;LCOR;GAS7;RUNX1;RUNX1T1;TP63;CBFA2T3;CBFB;TNKS;CBL;TRIM24;KAT2B;NCOR2;ZNF536;MED24;MAFB"
"25","GO:0044271",0.000130860079922555,1.56222470669055,175.150776053215,206,603,"cellular nitrogen compound biosynthetic process","DUX4;CDH13;OLIG2;FSTL3;CDKN2A;CDKN2B;IKZF1;CDX2;NCOA2;CEBPA;CEBPE;CENPF;POLQ;STAG2;MLLT11;CLP1;PSIP1;SP140;CREBBP;CTNNB1;CUX1;DAB2IP;DDC;DDX3X;GLIS3;ZNF384;ASXL1;DNM2;DNMT3A;EBF1;ELF4;EP300;ERG;ESRRG;ETV6;MECOM;EWSR1;EZH2;FGF2;FGFR1;FGFR3;FHIT;MLXIP;ELL2;FOXO3;CBX7;KAT6B;ALK;MTOR;ABL1;FUS;ST6GALNAC3;PRKD2;POT1;ZNF521;GATA1;GATA2;GATA3;FOXP1;AFF4;GNAS;SETD2;GRM7;TFPT;TLX3;HIP1;MNX1;HLF;TLX1;HOXA9;HOXA11;HOXA13;HOXC11;HOXC13;HOXD11;HOXD13;HRAS;ST8SIA6;IRF8;SP110;MACC1;ILF2;IRF4;JAK2;KIT;KRAS;AFF3;LMO1;LMO2;ARNT;LYL1;MAF;MLF1;KMT2A;MLLT1;AFF1;MLLT3;MLLT6;FOXO4;MN1;MXI1;MYC;MYCL;NF1;NFATC2;CNOT3;NOTCH1;NOTCH2;NPM1;NTRK1;NUP98;PAX5;PBX1;LEF1;DDX41;PDGFRB;PER1;BCL11A;PML;PRRX1;TET2;BCOR;BANK1;FBXW7;ZNF701;PRKCH;MYNN;MAPK1;METTL3;PTEN;MKL1;RAD21;RARA;KDM5A;CCND1;BCL3;BCL6;RNF6;BCL7A;BCL9;RPL5;RPL10;RPL22;RPN1;RYR2;BCORL1;PRDM16;BLM;SET;SRSF2;NSD1;RPL13AP3;CSRNP1;RBM15;RFX7;BCL11B;STAT3;STAT5B;SYK;TAL1;TAL2;TCF3;BTG1;BTK;TERT;TNFRSF1A;TP53;U2AF1;VHL;WT1;XPO1;ZBTB16;ZNF230;DEK;KAT6A;NUP214;MLLT10;TET1;CALR;TAF15;CAMK2D;ELL;NCOA3;PICALM;BRIP1;ARID5B;PHF6;MAML2;LCOR;GAS7;RUNX1;RUNX1T1;TP63;CBFA2T3;CBFB;TNKS;CBL;TRIM24;GMPS;KAT2B;USP10;TRIP11;NCOR2;ZNF536;MED24;MAFB"
"26","GO:0051252",0.00014022561665707,1.56755518533944,152.784922394678,183,526,"regulation of RNA metabolic process","DUX4;CDH13;OLIG2;FSTL3;CDKN2A;CDKN2B;IKZF1;CDX2;NCOA2;CEBPA;CEBPE;CENPF;STAG2;MLLT11;PSIP1;SP140;CREBBP;CTNNB1;CUX1;DAB2IP;DDX3X;GLIS3;ZNF384;ASXL1;DNM2;DNMT3A;EBF1;ELF4;EP300;ERG;ESRRG;ETV6;MECOM;EWSR1;EZH2;FGF2;FGFR1;FGFR3;FHIT;MLXIP;ELL2;FOXO3;CBX7;KAT6B;ALK;MTOR;ABL1;FUS;PRKD2;ZNF521;GATA1;GATA2;GATA3;FOXP1;AFF4;SETD2;TFPT;TLX3;HIP1;MNX1;HLF;TLX1;HOXA9;HOXA11;HOXA13;HOXC11;HOXC13;HOXD11;HOXD13;HRAS;IRF8;SP110;MACC1;ILF2;IRF4;JAK2;KIT;KRAS;AFF3;LMO1;LMO2;ARNT;LYL1;MAF;KMT2A;MLLT1;AFF1;MLLT3;MLLT6;FOXO4;MN1;MXI1;MYC;MYCL;NFATC2;CNOT3;NOTCH1;NOTCH2;NPM1;NTRK1;PAX5;PBX1;LEF1;DDX41;PER1;BCL11A;PML;PRRX1;TET2;BCOR;FBXW7;ZNF701;PRKCH;MYNN;MAPK1;PTEN;MKL1;RAD21;RARA;KDM5A;CCND1;BCL3;BCL6;RNF6;BCL7A;BCL9;RYR2;BCORL1;PRDM16;BLM;SET;SRSF2;NSD1;CSRNP1;RBM15;RFX7;BCL11B;STAT3;STAT5B;SYK;TAL1;TAL2;TCF3;BTG1;BTK;TERT;TNFRSF1A;TP53;VHL;WT1;XPO1;ZBTB16;ZNF230;DEK;KAT6A;MLLT10;TET1;CALR;TAF15;CAMK2D;ELL;NCOA3;PICALM;BRIP1;ARID5B;PHF6;MAML2;LCOR;GAS7;RUNX1;RUNX1T1;TP63;CBFA2T3;CBFB;TNKS;CBL;TRIM24;KAT2B;TRIP11;NCOR2;ZNF536;MED24;MAFB"
"27","GO:0016070",0.000175010445411307,1.5497975708502,167.889135254989,198,578,"RNA metabolic process","DUX4;CDH13;OLIG2;FSTL3;CDKN2A;CDKN2B;IKZF1;CDX2;NCOA2;CEBPA;CEBPE;CENPF;STAG2;MLLT11;CLP1;PSIP1;SP140;CREBBP;CTNNB1;CUX1;TRMT44;DAB2IP;DDX3X;DDX10;GLIS3;ZNF384;ASXL1;DNM2;DNMT3A;EBF1;ELF4;EP300;ERG;ESRRG;ETV6;MECOM;EWSR1;EZH2;FGF2;FGFR1;FGFR3;FHIT;MLXIP;ELL2;FOXO3;SF3B1;CBX7;KAT6B;ALK;MTOR;ABL1;FUS;PRKD2;ZNF521;GATA1;GATA2;GATA3;FOXP1;AFF4;SETD2;TFPT;TLX3;HIP1;MNX1;HLF;TLX1;HOXA9;HOXA11;HOXA13;HOXC11;HOXC13;HOXD11;HOXD13;HRAS;IRF8;SP110;MACC1;ILF2;IRF4;JAK2;KIT;KRAS;AFF3;LMO1;LMO2;ARNT;LYL1;MAF;MLF1;KMT2A;MLLT1;AFF1;MLLT3;MLLT6;FOXO4;MN1;MXI1;MYC;MYCL;ATM;NFATC2;CNOT3;NOTCH1;NOTCH2;NPM1;NTRK1;NUP98;PAX5;PBX1;SBDS;LEF1;DDX41;PER1;BCL11A;PML;PRRX1;TET2;BCOR;FBXW7;ZNF701;PRKCH;MYNN;MAPK1;METTL3;PTEN;MKL1;RAD21;RARA;KDM5A;CCND1;BCL3;BCL6;RNF6;BCL7A;BCL9;RPL5;RPL10;RPL22;RYR2;BCORL1;PRDM16;BLM;SET;SRSF2;NSD1;CSRNP1;RBM15;RFX7;BCL11B;STAT3;STAT5B;SYK;TAL1;TAL2;TCF3;BTG1;BTK;TERT;TNFRSF1A;TP53;U2AF1;VHL;WT1;XPO1;ZBTB16;ZNF230;DEK;KAT6A;NUP214;MLLT10;TET1;CALR;TAF15;CAMK2D;ELL;NCOA3;ZRSR2;PICALM;BRIP1;ARID5B;PHF6;MAML2;LCOR;GAS7;RUNX1;RUNX1T1;TP63;CBFA2T3;CBFB;TNKS;CBL;TRIM24;KAT2B;TRIP11;NCOR2;ZNF536;MED24;MAFB"
"28","GO:0019222",0.000273653859707446,1.54990607923497,236.439024390244,265,814,"regulation of metabolic process","ABI1;BCL2L11;DUX4;CDH13;CDK6;OLIG2;FSTL3;CDKN2A;CDKN2B;CDKN2C;IKZF1;CDX2;VAV3;NCOA2;CEBPA;CEBPE;AGPAT1;CENPF;POLQ;STAG2;MLLT11;CLP1;FGFR1OP;PSIP1;SP140;ARAP2;CREBBP;CSF1R;CTNNB1;CUX1;DAB2IP;DDX3X;GLIS3;ZNF384;ASXL1;DNM2;DNMT3A;EBF1;ELF4;EP300;ERG;ESRRG;ETV6;MECOM;EWSR1;EZH2;FGF2;FGFR1;FGFR3;FHIT;MLXIP;ELL2;FNBP1;FOXO3;ARHGAP26;FLT3;ARHGEF12;SF3B1;CBX7;KAT6B;CBLC;ALK;MTOR;ABL1;FUS;PRKD2;POT1;ZNF521;GATA1;GATA2;GATA3;ABL2;FOXP1;AFF4;GNAS;SCARA5;SETD2;GRM7;TFPT;TLX3;HIP1;MNX1;HLF;TLX1;HOXA9;HOXA11;HOXA13;APBA2;HOXC11;HOXC13;HOXD11;HOXD13;HRAS;BIRC3;IRF8;IDH1;SP110;ECT2L;MACC1;FAS;IL7R;ILF2;IRF4;ARAF;JAK1;JAK2;JAK3;KIT;KRAS;AFF3;LCK;LMO1;LMO2;ARNT;LYL1;MAF;KMT2A;MLLT1;AFF1;MLLT3;MLLT4;MLLT6;FOXO4;MN1;MPL;MXI1;MYC;MYCL;MYD88;ATM;NF1;NFATC2;CNOT3;NOTCH1;NOTCH2;NPM1;NRAS;NTRK1;NUP98;PAX5;PBX1;LEF1;DDX41;PDE4D;PDGFRA;PDGFRB;PER1;SERPINB6;PIK3CA;PIP4K2A;BCL11A;PLCG2;PML;PRRX1;ATR;TET2;BCOR;ULK4;BANK1;PPP2R5E;FBXW7;ZNF701;FGD6;PRKCH;MYNN;MAPK1;MAP2K1;PARD3;METTL3;CASC5;PTEN;MKL1;BAK1;PTPN11;PTPRC;PTPRJ;RAD21;RAP1GDS1;RARA;KDM5A;CCND1;BCL2;BCL3;BCL6;RNF6;BCL7A;BCL9;BCR;RYR2;BCORL1;PRDM16;BLM;SET;SRSF2;NSD1;CSRNP1;RBM15;RFX7;STIL;BCL11B;BRAF;STAT3;STAT5B;SYK;TAL1;TAL2;TCF3;BTG1;BTK;TERT;TNFRSF1A;TOP1;TP53;U2AF1;KDM6A;VHL;WT1;XPO1;ZBTB16;ZNF230;DEK;KAT6A;DENND1C;NUP214;MLLT10;TET1;CALR;TCL1A;TAF15;CAMK2D;ELL;NCOA3;PICALM;BRIP1;CASP8;ARID5B;PHF6;MAML2;LCOR;GAS7;RUNX1;RUNX1T1;TP63;CBFA2T3;CBFB;TNKS;CBL;CBLB;TRIM24;KAT2B;HERC2;CCND2;CCND3;USP10;RABEP1;TRIP11;ARHGAP18;NCOR2;ZNF536;FARP2;MED24;MAGI2;CDC20;ARHGAP44;MAFB"
"29","GO:2000112",0.000274764952641455,1.53046798830029,160.046563192905,189,551,"regulation of cellular macromolecule biosynthetic process","DUX4;CDH13;OLIG2;FSTL3;CDKN2A;CDKN2B;IKZF1;CDX2;NCOA2;CEBPA;CEBPE;CENPF;STAG2;MLLT11;PSIP1;SP140;CREBBP;CTNNB1;CUX1;DAB2IP;DDX3X;GLIS3;ZNF384;ASXL1;DNM2;DNMT3A;EBF1;ELF4;EP300;ERG;ESRRG;ETV6;MECOM;EWSR1;EZH2;FGF2;FGFR1;FGFR3;FHIT;MLXIP;ELL2;FOXO3;CBX7;KAT6B;ALK;MTOR;ABL1;PRKD2;POT1;ZNF521;GATA1;GATA2;GATA3;FOXP1;AFF4;SETD2;TFPT;TLX3;HIP1;MNX1;HLF;TLX1;HOXA9;HOXA11;HOXA13;HOXC11;HOXC13;HOXD11;HOXD13;HRAS;IRF8;SP110;MACC1;ILF2;IRF4;JAK2;JAK3;KIT;KRAS;AFF3;LMO1;LMO2;ARNT;LYL1;MAF;KMT2A;MLLT1;AFF1;MLLT3;MLLT6;FOXO4;MN1;MXI1;MYC;MYCL;ATM;NFATC2;CNOT3;NOTCH1;NOTCH2;NPM1;NTRK1;PAX5;PBX1;LEF1;DDX41;PDGFRA;PDGFRB;PER1;BCL11A;PML;PRRX1;ATR;TET2;BCOR;BANK1;FBXW7;ZNF701;PRKCH;MYNN;MAPK1;METTL3;PTEN;MKL1;RAD21;RARA;KDM5A;CCND1;BCL2;BCL3;BCL6;RNF6;BCL7A;BCL9;RYR2;BCORL1;PRDM16;BLM;SET;NSD1;CSRNP1;RBM15;RFX7;BCL11B;STAT3;STAT5B;SYK;TAL1;TAL2;TCF3;BTG1;BTK;TERT;TNFRSF1A;TP53;VHL;WT1;XPO1;ZBTB16;ZNF230;DEK;KAT6A;MLLT10;TET1;CALR;TAF15;CAMK2D;ELL;NCOA3;PICALM;BRIP1;ARID5B;PHF6;MAML2;LCOR;GAS7;RUNX1;RUNX1T1;TP63;CBFA2T3;CBFB;TNKS;CBL;TRIM24;KAT2B;NCOR2;ZNF536;MED24;MAFB"
"30","GO:0007569",0.000287284325006483,3.70074043603455,9.29490022172949,19,32,"cell aging","CDK6;CDKN2A;MTOR;ABL1;ULK3;HRAS;ATM;NPM1;PML;ATR;MAP2K1;PTEN;BCL2;BCL6;TERT;TP53;KAT6A;CALR;TP63"
"31","GO:0060255",0.000300862839473468,1.52817813765182,214.073170731707,243,737,"regulation of macromolecule metabolic process","ABI1;BCL2L11;DUX4;CDH13;CDK6;OLIG2;FSTL3;CDKN2A;CDKN2B;CDKN2C;IKZF1;CDX2;NCOA2;CEBPA;CEBPE;CENPF;POLQ;STAG2;MLLT11;CLP1;FGFR1OP;PSIP1;SP140;CREBBP;CSF1R;CTNNB1;CUX1;DAB2IP;DDX3X;GLIS3;ZNF384;ASXL1;DNM2;DNMT3A;EBF1;ELF4;EP300;ERG;ESRRG;ETV6;MECOM;EWSR1;EZH2;FGF2;FGFR1;FGFR3;FHIT;MLXIP;ELL2;FOXO3;FLT3;SF3B1;CBX7;KAT6B;CBLC;ALK;MTOR;ABL1;FUS;PRKD2;POT1;ZNF521;GATA1;GATA2;GATA3;ABL2;FOXP1;AFF4;GNAS;SCARA5;SETD2;TFPT;TLX3;HIP1;MNX1;HLF;TLX1;HOXA9;HOXA11;HOXA13;APBA2;HOXC11;HOXC13;HOXD11;HOXD13;HRAS;BIRC3;IRF8;SP110;MACC1;FAS;IL7R;ILF2;IRF4;ARAF;JAK1;JAK2;JAK3;KIT;KRAS;AFF3;LCK;LMO1;LMO2;ARNT;LYL1;MAF;KMT2A;MLLT1;AFF1;MLLT3;MLLT6;FOXO4;MN1;MPL;MXI1;MYC;MYCL;MYD88;ATM;NF1;NFATC2;CNOT3;NOTCH1;NOTCH2;NPM1;NRAS;NTRK1;NUP98;PAX5;PBX1;LEF1;DDX41;PDE4D;PDGFRA;PDGFRB;PER1;SERPINB6;PIK3CA;BCL11A;PLCG2;PML;PRRX1;ATR;TET2;BCOR;ULK4;BANK1;PPP2R5E;FBXW7;ZNF701;PRKCH;MYNN;MAPK1;MAP2K1;PARD3;METTL3;CASC5;PTEN;MKL1;BAK1;PTPN11;PTPRC;PTPRJ;RAD21;RARA;KDM5A;CCND1;BCL2;BCL3;BCL6;RNF6;BCL7A;BCL9;RYR2;BCORL1;PRDM16;BLM;SET;SRSF2;NSD1;CSRNP1;RBM15;RFX7;STIL;BCL11B;BRAF;STAT3;STAT5B;SYK;TAL1;TAL2;TCF3;BTG1;BTK;TERT;TNFRSF1A;TOP1;TP53;KDM6A;VHL;WT1;XPO1;ZBTB16;ZNF230;DEK;KAT6A;NUP214;MLLT10;TET1;CALR;TCL1A;TAF15;CAMK2D;ELL;NCOA3;PICALM;BRIP1;CASP8;ARID5B;PHF6;MAML2;LCOR;GAS7;RUNX1;RUNX1T1;TP63;CBFA2T3;CBFB;TNKS;CBL;CBLB;TRIM24;KAT2B;CCND2;CCND3;TRIP11;NCOR2;ZNF536;MED24;MAGI2;CDC20;MAFB"
"32","GO:0031326",0.000376217649269163,1.51197090211439,167.59866962306,196,577,"regulation of cellular biosynthetic process","DUX4;CDH13;OLIG2;FSTL3;CDKN2A;CDKN2B;IKZF1;CDX2;NCOA2;CEBPA;CEBPE;CENPF;STAG2;MLLT11;PSIP1;SP140;CREBBP;CTNNB1;CUX1;DAB2IP;DDX3X;GLIS3;ZNF384;ASXL1;DNM2;DNMT3A;EBF1;ELF4;EP300;ERG;ESRRG;ETV6;MECOM;EWSR1;EZH2;FGF2;FGFR1;FGFR3;FHIT;MLXIP;ELL2;FOXO3;CBX7;KAT6B;ALK;MTOR;ABL1;FUS;PRKD2;POT1;ZNF521;GATA1;GATA2;GATA3;FOXP1;AFF4;GNAS;SETD2;GRM7;TFPT;TLX3;HIP1;MNX1;HLF;TLX1;HOXA9;HOXA11;HOXA13;HOXC11;HOXC13;HOXD11;HOXD13;HRAS;IRF8;IDH1;SP110;MACC1;ILF2;IRF4;JAK2;JAK3;KIT;KRAS;AFF3;LMO1;LMO2;ARNT;LYL1;MAF;KMT2A;MLLT1;AFF1;MLLT3;MLLT6;FOXO4;MN1;MXI1;MYC;MYCL;ATM;NF1;NFATC2;CNOT3;NOTCH1;NOTCH2;NPM1;NTRK1;PAX5;PBX1;LEF1;DDX41;PDGFRA;PDGFRB;PER1;BCL11A;PML;PRRX1;ATR;TET2;BCOR;BANK1;FBXW7;ZNF701;PRKCH;MYNN;MAPK1;METTL3;PTEN;MKL1;RAD21;RARA;KDM5A;CCND1;BCL2;BCL3;BCL6;RNF6;BCL7A;BCL9;RYR2;BCORL1;PRDM16;BLM;SET;SRSF2;NSD1;CSRNP1;RBM15;RFX7;BCL11B;STAT3;STAT5B;SYK;TAL1;TAL2;TCF3;BTG1;BTK;TERT;TNFRSF1A;TP53;VHL;WT1;XPO1;ZBTB16;ZNF230;DEK;KAT6A;MLLT10;TET1;CALR;TAF15;CAMK2D;ELL;NCOA3;PICALM;BRIP1;ARID5B;PHF6;MAML2;LCOR;GAS7;RUNX1;RUNX1T1;TP63;CBFA2T3;CBFB;TNKS;CBL;TRIM24;KAT2B;TRIP11;NCOR2;ZNF536;MED24;MAFB"
"33","GO:0090398",0.000396555464005735,5.43947368421053,5.51884700665188,13,19,"cellular senescence","CDK6;CDKN2A;ABL1;ULK3;HRAS;PML;MAP2K1;BCL6;TERT;TP53;KAT6A;CALR;TP63"
"34","GO:0010556",0.000402027197289135,1.50987000481464,163.822616407982,192,564,"regulation of macromolecule biosynthetic process","DUX4;CDH13;OLIG2;FSTL3;CDKN2A;CDKN2B;IKZF1;CDX2;NCOA2;CEBPA;CEBPE;CENPF;STAG2;MLLT11;PSIP1;SP140;CREBBP;CTNNB1;CUX1;DAB2IP;DDX3X;GLIS3;ZNF384;ASXL1;DNM2;DNMT3A;EBF1;ELF4;EP300;ERG;ESRRG;ETV6;MECOM;EWSR1;EZH2;FGF2;FGFR1;FGFR3;FHIT;MLXIP;ELL2;FOXO3;CBX7;KAT6B;ALK;MTOR;ABL1;FUS;PRKD2;POT1;ZNF521;GATA1;GATA2;GATA3;FOXP1;AFF4;SETD2;TFPT;TLX3;HIP1;MNX1;HLF;TLX1;HOXA9;HOXA11;HOXA13;HOXC11;HOXC13;HOXD11;HOXD13;HRAS;IRF8;SP110;MACC1;ILF2;IRF4;JAK2;JAK3;KIT;KRAS;AFF3;LMO1;LMO2;ARNT;LYL1;MAF;KMT2A;MLLT1;AFF1;MLLT3;MLLT6;FOXO4;MN1;MXI1;MYC;MYCL;ATM;NFATC2;CNOT3;NOTCH1;NOTCH2;NPM1;NTRK1;PAX5;PBX1;LEF1;DDX41;PDGFRA;PDGFRB;PER1;BCL11A;PML;PRRX1;ATR;TET2;BCOR;BANK1;FBXW7;ZNF701;PRKCH;MYNN;MAPK1;METTL3;PTEN;MKL1;RAD21;RARA;KDM5A;CCND1;BCL2;BCL3;BCL6;RNF6;BCL7A;BCL9;RYR2;BCORL1;PRDM16;BLM;SET;SRSF2;NSD1;CSRNP1;RBM15;RFX7;BCL11B;STAT3;STAT5B;SYK;TAL1;TAL2;TCF3;BTG1;BTK;TERT;TNFRSF1A;TP53;VHL;WT1;XPO1;ZBTB16;ZNF230;DEK;KAT6A;MLLT10;TET1;CALR;TAF15;CAMK2D;ELL;NCOA3;PICALM;BRIP1;ARID5B;PHF6;MAML2;LCOR;GAS7;RUNX1;RUNX1T1;TP63;CBFA2T3;CBFB;TNKS;CBL;TRIM24;KAT2B;TRIP11;NCOR2;ZNF536;MED24;MAFB"
"35","GO:0060216",0.000418755763569784,11.2265625,3.19512195121951,9,11,"definitive hemopoiesis","GATA1;GATA2;HOXA9;LYL1;KMT2A;MPL;TAL1;RUNX1;CBFB"
"36","GO:0046632",0.000421451516111704,3.90062862669246,8.1330376940133,17,28,"alpha-beta T cell differentiation","IKZF1;ABL1;GATA3;ABL2;FOXP1;IRF4;JAK3;LEF1;RARA;BCL2;BCL3;BCL6;RPL22;BCL11B;BRAF;SYK;ZBTB16"
"37","GO:0050853",0.000434681018726704,6.01574803149606,4.93791574279379,12,17,"B cell receptor signaling pathway","VAV3;GCSAML;ABL1;LCK;NFATC2;PLCG2;PRKCH;MAPK1;PTPRC;BCL2;SYK;BTK"
"38","GO:0090304",0.000566831735803335,1.48876404494382,187.350332594235,215,645,"nucleic acid metabolic process","DUX4;CDH13;OLIG2;FSTL3;CDKN2A;CDKN2B;IKZF1;CDX2;NCOA2;CEBPA;CEBPE;CENPF;POLQ;STAG2;MLLT11;CLP1;PSIP1;SP140;CREBBP;CTNNB1;CUX1;TRMT44;DAB2IP;DDX3X;DDX10;GLIS3;ZNF384;ASXL1;DNM2;DNMT3A;EBF1;ELF4;EP300;ERG;ESRRG;ETV6;MECOM;EWSR1;EZH2;FANCA;FANCC;FANCD2;FANCE;FANCF;FANCG;FGF2;FGFR1;FGFR3;FHIT;MLXIP;ELL2;FOXO3;SF3B1;CBX7;KAT6B;ALK;MTOR;ABL1;FUS;PRKD2;POT1;ZNF521;GATA1;GATA2;GATA3;FOXP1;AFF4;GNAS;SETD2;TFPT;TLX3;HIP1;MNX1;HLF;TLX1;HOXA9;HOXA11;HOXA13;HOXC11;HOXC13;HOXD11;HOXD13;HRAS;IRF8;SP110;MACC1;IL7R;ILF2;IRF4;JAK2;KIT;KRAS;AFF3;LMO1;LMO2;ARNT;LYL1;MAF;MLF1;KMT2A;MLLT1;AFF1;MLLT3;MLLT6;FOXO4;MN1;MXI1;MYC;MYCL;ATM;NFATC2;CNOT3;NOTCH1;NOTCH2;NPM1;NTRK1;NUP98;PAX5;PBX1;SBDS;LEF1;DDX41;PDGFRA;PDGFRB;PER1;PIK3CA;BCL11A;PML;PRRX1;ATR;TET2;BCOR;FBXW7;ZNF701;PRKCH;MYNN;MAPK1;METTL3;PTEN;MKL1;RAD21;RARA;KDM5A;CCND1;BCL3;BCL6;RNF6;BCL7A;BCL9;RPL5;RPL10;RPL22;RYR2;BCORL1;PRDM16;BLM;SET;SRSF2;NSD1;CSRNP1;RBM15;RFX7;BCL11B;STAT3;STAT5B;SYK;TAL1;TAL2;TCF3;BTG1;BTK;TERT;TNFRSF1A;TOP1;TP53;U2AF1;VHL;WT1;XPO1;ZBTB16;ZNF230;DEK;KAT6A;NUP214;MLLT10;TET1;CALR;TAF15;CAMK2D;ELL;NCOA3;ZRSR2;PICALM;BRIP1;ARID5B;PHF6;MAML2;LCOR;GAS7;RUNX1;RUNX1T1;TP63;CBFA2T3;CBFB;TNKS;CBL;TRIM24;KAT2B;HERC2;USP10;TRIP11;NCOR2;ZNF536;MED24;MAFB"
"39","GO:0006139",0.000567582592033226,1.48965806147562,196.354767184035,224,676,"nucleobase-containing compound metabolic process","DUX4;CDH13;OLIG2;FSTL3;CDKN2A;CDKN2B;IKZF1;CDX2;NCOA2;CEBPA;CEBPE;CENPF;POLQ;STAG2;MLLT11;CLP1;PSIP1;SP140;CREBBP;CTNNB1;CUX1;TRMT44;DAB2IP;DDX3X;DDX10;GLIS3;ZNF384;ASXL1;DNM2;DNMT3A;EBF1;ELF4;EP300;ERG;ESRRG;ETV6;MECOM;EWSR1;EZH2;FANCA;FANCC;FANCD2;FANCE;FANCF;FANCG;FGF2;FGFR1;FGFR3;FHIT;MLXIP;ELL2;NT5C2;FOXO3;SF3B1;CBX7;KAT6B;ALK;MTOR;ABL1;FUS;PRKD2;POT1;ZNF521;GATA1;GATA2;GATA3;FOXP1;AFF4;GNAS;SETD2;GRM7;TFPT;TLX3;HIP1;MNX1;HLF;TLX1;HOXA9;HOXA11;HOXA13;HOXC11;HOXC13;HOXD11;HOXD13;HRAS;IRF8;IDH1;SP110;MACC1;IL7R;ILF2;IRF4;JAK2;KIT;KRAS;AFF3;LMO1;LMO2;ARNT;LYL1;MAF;MLF1;KMT2A;MLLT1;AFF1;MLLT3;MLLT6;FOXO4;MN1;MXI1;MYC;MYCL;ATM;NF1;NFATC2;CNOT3;NOTCH1;NOTCH2;NPM1;NTRK1;NUP98;PAX5;PBX1;SBDS;LEF1;PDE4B;DDX41;PDE4D;PDGFRA;PDGFRB;PER1;PIK3CA;BCL11A;PML;PRRX1;ATR;TET2;BCOR;FBXW7;ZNF701;PRKCH;MYNN;MAPK1;METTL3;PTEN;MKL1;BAK1;RAD21;RARA;KDM5A;CCND1;BCL3;BCL6;RNF6;BCL7A;BCL9;RPL5;RPL10;RPL22;RYR2;BCORL1;PRDM16;BLM;SET;SRSF2;NSD1;CSRNP1;RBM15;RFX7;BCL11B;STAT3;STAT5B;SYK;TAL1;TAL2;TCF3;BTG1;BTK;TERT;TNFRSF1A;TOP1;TP53;TPMT;U2AF1;VHL;WT1;XPO1;ZBTB16;ZNF230;DEK;KAT6A;NUP214;MLLT10;TET1;CALR;TAF15;CAMK2D;ELL;NCOA3;ZRSR2;PICALM;BRIP1;ARID5B;PHF6;MAML2;LCOR;GAS7;RUNX1;RUNX1T1;TP63;CBFA2T3;CBFB;TNKS;CBL;TRIM24;GMPS;KAT2B;HERC2;USP10;TRIP11;NCOR2;ZNF536;MED24;MAFB"
"40","GO:0002318",0.000584434521674774,Inf,1.74279379157428,6,6,"myeloid progenitor cell differentiation","FLT3;KIT;MLF1;TET2;BRAF;RUNX1"
"41","GO:0030217",0.000614959731040438,2.40557508789553,18.589800443459,31,64,"T cell differentiation","CDK6;CDKN2A;IKZF1;CTNNB1;FLT3;ABL1;GATA3;ABL2;FOXP1;FAS;IL7R;IRF4;JAK3;KIT;LCK;LEF1;BCL11A;PTPRC;RARA;BCL2;BCL3;BCL6;RPL22;BCL11B;BRAF;STAT5B;SYK;TCF3;TP53;ZBTB16;MAFB"
"42","GO:0045638",0.000715430950959217,4.39577836411609,6.39024390243902,14,22,"negative regulation of myeloid cell differentiation","CDK6;FSTL3;CTNNB1;GATA2;HOXA9;MYC;NF1;RARA;PRDM16;RBM15;STAT5B;ZBTB16;RUNX1;MAFB"
"43","GO:0034645",0.000742840144915984,1.4752816020025,178.055432372506,205,613,"cellular macromolecule biosynthetic process","DUX4;CDH13;OLIG2;FSTL3;CDKN2A;CDKN2B;IKZF1;CDX2;NCOA2;CEBPA;CEBPE;CENPF;POLQ;STAG2;MLLT11;CLP1;PSIP1;SP140;CREBBP;CTNNB1;CUX1;DAB2IP;DDX3X;GLIS3;ZNF384;ASXL1;DNM2;DNMT3A;EBF1;ELF4;EP300;ERG;ESRRG;ETV6;MECOM;EWSR1;EZH2;FGF2;FGFR1;FGFR3;FHIT;MLXIP;ELL2;FOXO3;CBX7;KAT6B;ALK;MTOR;ABL1;ST6GALNAC3;PRKD2;POT1;ZNF521;GATA1;GATA2;GATA3;FOXP1;AFF4;SETD2;TFPT;TLX3;HIP1;MNX1;HLF;TLX1;HOXA9;HOXA11;HOXA13;HOXC11;HOXC13;HOXD11;HOXD13;HRAS;ST8SIA6;IRF8;SP110;MACC1;ILF2;IRF4;JAK2;JAK3;KIT;KRAS;AFF3;LMO1;LMO2;ARNT;LYL1;MAF;MLF1;KMT2A;MLLT1;AFF1;MLLT3;MLLT6;FOXO4;MN1;MXI1;MYC;MYCL;ATM;NFATC2;CNOT3;NOTCH1;NOTCH2;NPM1;NTRK1;NUP98;PAX5;PBX1;LEF1;DDX41;PDGFRA;PDGFRB;PER1;BCL11A;PML;PRRX1;ATR;TET2;BCOR;BANK1;FBXW7;ZNF701;PRKCH;MYNN;MAPK1;METTL3;PTEN;MKL1;RAD21;RARA;KDM5A;CCND1;BCL2;BCL3;BCL6;RNF6;BCL7A;BCL9;RPL5;RPL10;RPL22;RPN1;RYR2;BCORL1;PRDM16;BLM;SET;SRSF2;NSD1;RPL13AP3;CSRNP1;RBM15;RFX7;BCL11B;STAT3;STAT5B;SYK;TAL1;TAL2;TCF3;BTG1;BTK;TERT;TNFRSF1A;TOP1;TP53;U2AF1;VHL;WT1;XPO1;ZBTB16;ZNF230;DEK;KAT6A;MLLT10;TET1;CALR;TAF15;CAMK2D;ELL;NCOA3;PICALM;BRIP1;ARID5B;PHF6;MAML2;LCOR;GAS7;RUNX1;RUNX1T1;TP63;CBFA2T3;CBFB;TNKS;CBL;TRIM24;KAT2B;USP10;TRIP11;NCOR2;ZNF536;MED24;MAFB"
"44","GO:0046631",0.000829780634012919,3.20053475935829,9.87583148558758,19,34,"alpha-beta T cell activation","IKZF1;ELF4;ABL1;GATA3;ABL2;FOXP1;IRF4;JAK3;LEF1;RARA;BCL2;BCL3;BCL6;RPL22;BCL11B;BRAF;SYK;ZBTB16;CBLB"
"45","GO:1903707",0.000829780634012919,3.20053475935829,9.87583148558758,19,34,"negative regulation of hemopoiesis","CDK6;FSTL3;CDKN2A;CTNNB1;FLT3;GATA2;HOXA9;JAK3;MYC;NF1;NOTCH1;RARA;BCL6;PRDM16;RBM15;STAT5B;ZBTB16;RUNX1;MAFB"
"46","GO:1903706",0.000832668862751911,2.12688303735456,24.3991130820399,38,84,"regulation of hemopoiesis","CDK6;FSTL3;CDKN2A;IKZF1;CSF1R;CSF3R;CTNNB1;FOXO3;FLT3;MTOR;GATA1;GATA2;GATA3;FOXP1;GNAS;HOXA9;FAS;IL7R;IRF4;JAK3;LCK;ARNT;MYC;NF1;NOTCH1;LEF1;RARA;BCL6;PRDM16;RBM15;STAT5B;SYK;TAL1;BTK;ZBTB16;CASP8;RUNX1;MAFB"
"47","GO:0048872",0.000861937599094318,2.33230419239519,18.880266075388,31,65,"homeostasis of number of cells","BCL2L11;CDK6;IKZF1;MECOM;FANCC;FOXO3;FLT3;TNFRSF13B;ABL1;GATA1;GATA2;GATA3;FAS;IL7R;JAK2;JAK3;KIT;KRAS;LMO1;ARNT;KMT2A;MPL;PDE4B;TET2;BAK1;PTPN11;BCL2;BCL6;STAT5B;TAL1;MAFB"
"48","GO:0009889",0.000902090136551412,1.46674341933121,169.631929046563,196,584,"regulation of biosynthetic process","DUX4;CDH13;OLIG2;FSTL3;CDKN2A;CDKN2B;IKZF1;CDX2;NCOA2;CEBPA;CEBPE;CENPF;STAG2;MLLT11;PSIP1;SP140;CREBBP;CTNNB1;CUX1;DAB2IP;DDX3X;GLIS3;ZNF384;ASXL1;DNM2;DNMT3A;EBF1;ELF4;EP300;ERG;ESRRG;ETV6;MECOM;EWSR1;EZH2;FGF2;FGFR1;FGFR3;FHIT;MLXIP;ELL2;FOXO3;CBX7;KAT6B;ALK;MTOR;ABL1;FUS;PRKD2;POT1;ZNF521;GATA1;GATA2;GATA3;FOXP1;AFF4;GNAS;SETD2;GRM7;TFPT;TLX3;HIP1;MNX1;HLF;TLX1;HOXA9;HOXA11;HOXA13;HOXC11;HOXC13;HOXD11;HOXD13;HRAS;IRF8;IDH1;SP110;MACC1;ILF2;IRF4;JAK2;JAK3;KIT;KRAS;AFF3;LMO1;LMO2;ARNT;LYL1;MAF;KMT2A;MLLT1;AFF1;MLLT3;MLLT6;FOXO4;MN1;MXI1;MYC;MYCL;ATM;NF1;NFATC2;CNOT3;NOTCH1;NOTCH2;NPM1;NTRK1;PAX5;PBX1;LEF1;DDX41;PDGFRA;PDGFRB;PER1;BCL11A;PML;PRRX1;ATR;TET2;BCOR;BANK1;FBXW7;ZNF701;PRKCH;MYNN;MAPK1;METTL3;PTEN;MKL1;RAD21;RARA;KDM5A;CCND1;BCL2;BCL3;BCL6;RNF6;BCL7A;BCL9;RYR2;BCORL1;PRDM16;BLM;SET;SRSF2;NSD1;CSRNP1;RBM15;RFX7;BCL11B;STAT3;STAT5B;SYK;TAL1;TAL2;TCF3;BTG1;BTK;TERT;TNFRSF1A;TP53;VHL;WT1;XPO1;ZBTB16;ZNF230;DEK;KAT6A;MLLT10;TET1;CALR;TAF15;CAMK2D;ELL;NCOA3;PICALM;BRIP1;ARID5B;PHF6;MAML2;LCOR;GAS7;RUNX1;RUNX1T1;TP63;CBFA2T3;CBFB;TNKS;CBL;TRIM24;KAT2B;TRIP11;NCOR2;ZNF536;MED24;MAFB"
"49","GO:0048536",0.00096486451406519,5.00787401574803,5.22838137472284,12,18,"spleen development","BCL2L11;CDKN2B;FLT3;ABL1;TLX1;FAS;KMT2A;PBX1;TET2;BCL2;BCL3;RBM15"
"50","GO:0048708",0.00096486451406519,5.00787401574803,5.22838137472284,12,18,"astrocyte differentiation","CDK6;FGFR3;ABL1;ABL2;KRAS;NF1;NOTCH1;MAPK1;MAP2K1;PTPN11;STAT3;TAL1"
"51","GO:0098727",0.000969193355917141,2.38753987947536,17.4279379157428,29,60,"maintenance of cell number","CDX2;STAG2;CREBBP;CTNNB1;MECOM;EZH2;FGF2;FGFR1;FGFR3;FOXO3;GATA2;KIT;CNOT3;NOTCH1;NOTCH2;PBX1;PCM1;PRRX1;METTL3;BCL9;PRDM16;BRAF;STAT3;TAL1;KAT6A;TET1;TCL1A;NCOA3;MED24"
"52","GO:0046483",0.00104236347191788,1.4587448479664,199.840354767184,226,688,"heterocycle metabolic process","DUX4;CDH13;OLIG2;GPHN;FSTL3;CDKN2A;CDKN2B;IKZF1;CDX2;NCOA2;CEBPA;CEBPE;CENPF;POLQ;STAG2;MLLT11;CLP1;PSIP1;SP140;CREBBP;CTNNB1;CUX1;TRMT44;DAB2IP;DDC;DDX3X;DDX10;GLIS3;ZNF384;ASXL1;DNM2;DNMT3A;EBF1;ELF4;EP300;ERG;ESRRG;ETV6;MECOM;EWSR1;EZH2;FANCA;FANCC;FANCD2;FANCE;FANCF;FANCG;FGF2;FGFR1;FGFR3;FHIT;MLXIP;ELL2;NT5C2;FOXO3;SF3B1;CBX7;KAT6B;ALK;MTOR;ABL1;FUS;PRKD2;POT1;ZNF521;GATA1;GATA2;GATA3;FOXP1;AFF4;GNAS;SETD2;GRM7;TFPT;TLX3;HIP1;MNX1;HLF;TLX1;HOXA9;HOXA11;HOXA13;HOXC11;HOXC13;HOXD11;HOXD13;HRAS;IRF8;IDH1;SP110;MACC1;IL7R;ILF2;IRF4;JAK2;KIT;KRAS;AFF3;LMO1;LMO2;ARNT;LYL1;MAF;MLF1;KMT2A;MLLT1;AFF1;MLLT3;MLLT6;FOXO4;MN1;MXI1;MYC;MYCL;ATM;NF1;NFATC2;CNOT3;NOTCH1;NOTCH2;NPM1;NTRK1;NUP98;PAX5;PBX1;SBDS;LEF1;PDE4B;DDX41;PDE4D;PDGFRA;PDGFRB;PER1;PIK3CA;BCL11A;PML;PRRX1;ATR;TET2;BCOR;FBXW7;ZNF701;PRKCH;MYNN;MAPK1;METTL3;PTEN;MKL1;BAK1;RAD21;RARA;KDM5A;CCND1;BCL3;BCL6;RNF6;BCL7A;BCL9;RPL5;RPL10;RPL22;RYR2;BCORL1;PRDM16;BLM;SET;SRSF2;NSD1;CSRNP1;RBM15;RFX7;BCL11B;STAT3;STAT5B;SYK;TAL1;TAL2;TCF3;BTG1;BTK;TERT;TNFRSF1A;TOP1;TP53;TPMT;U2AF1;VHL;WT1;XPO1;ZBTB16;ZNF230;DEK;KAT6A;NUP214;MLLT10;TET1;CALR;TAF15;CAMK2D;ELL;NCOA3;ZRSR2;PICALM;BRIP1;ARID5B;PHF6;MAML2;LCOR;GAS7;RUNX1;RUNX1T1;TP63;CBFA2T3;CBFB;TNKS;CBL;TRIM24;GMPS;KAT2B;HERC2;USP10;TRIP11;NCOR2;ZNF536;MED24;MAFB"
"53","GO:0009059",0.00105210830413682,1.45680734798279,183.864745011086,210,633,"macromolecule biosynthetic process","DUX4;CDH13;OLIG2;FSTL3;CDKN2A;CDKN2B;IKZF1;CDX2;NCOA2;CEBPA;CEBPE;CENPF;POLQ;STAG2;MLLT11;CLP1;PSIP1;SP140;CREBBP;CTNNB1;CUX1;DAB2IP;DDX3X;GLIS3;ZNF384;ASXL1;DNM2;DNMT3A;EBF1;ELF4;EP300;ERG;ESRRG;ETV6;MECOM;EWSR1;EZH2;FGF2;FGFR1;FGFR3;GPC5;FHIT;MLXIP;ELL2;FOXO3;CBX7;KAT6B;ALK;MTOR;ABL1;FUS;ST6GALNAC3;PRKD2;POT1;ZNF521;GATA1;GATA2;GATA3;FOXP1;AFF4;SETD2;TFPT;TLX3;HIP1;MNX1;HLF;TLX1;HOXA9;HOXA11;HOXA13;HOXC11;HOXC13;HOXD11;HOXD13;HRAS;ST8SIA6;IRF8;SP110;MACC1;ILF2;IRF4;JAK2;JAK3;KIT;KRAS;AFF3;LMO1;LMO2;ARNT;LYL1;MAF;MLF1;KMT2A;MLLT1;AFF1;MLLT3;MLLT6;FOXO4;MN1;MXI1;MYC;MYCL;ATM;NFATC2;CNOT3;NOTCH1;NOTCH2;NPM1;NTRK1;NUP98;PAX5;PBX1;LEF1;DDX41;PDGFRA;PDGFRB;PER1;BCL11A;PML;PRRX1;ATR;TET2;BCOR;BANK1;FBXW7;ZNF701;PRKCH;MYNN;MAPK1;METTL3;PTEN;MKL1;PTPRC;RAD21;RARA;KDM5A;CCND1;BCL2;BCL3;BCL6;RNF6;BCL7A;BCL9;RPL5;RPL10;RPL22;RPN1;RYR2;BCORL1;PRDM16;BLM;SET;SRSF2;NSD1;RPL13AP3;CSRNP1;RBM15;RFX7;BCL11B;STAT3;STAT5B;SYK;TAL1;TAL2;TCF3;BTG1;BTK;TERT;TNFRSF1A;TOP1;TP53;U2AF1;VHL;WT1;XPO1;ZBTB16;ZNF230;DEK;KAT6A;NUP214;MLLT10;TET1;CALR;TAF15;CAMK2D;ELL;NCOA3;PICALM;BRIP1;ARID5B;PHF6;MAML2;LCOR;GAS7;RUNX1;RUNX1T1;TP63;CBFA2T3;CBFB;TNKS;CBL;TRIM24;KAT2B;USP10;TRIP11;NCOR2;ZNF536;MED24;MAFB;HS3ST2"
"54","GO:0090559",0.00120596788474369,9.95324675324675,2.90465631929047,8,10,"regulation of membrane permeability","BCL2L11;MTOR;BAK1;BCL2;STAT3;TP53;CASP8;BMF"
"55","GO:0030219",0.00124683408775544,7.4765625,3.48558758314856,9,12,"megakaryocyte differentiation","ABI1;CDKN2B;EP300;GATA1;GATA2;KIT;PIP4K2A;PTPN11;TAL1"
"56","GO:0030326",0.00132450838018026,2.79584040747029,11.6186252771619,21,40,"embryonic limb morphogenesis","BCL2L11;CREBBP;CTNNB1;MECOM;FGFR1;GNAS;HOXA9;HOXA11;HOXA13;HOXC11;HOXD11;HOXD13;RSPO2;AFF3;NOTCH1;NOTCH2;PBX1;LEF1;PRRX1;ZBTB16;TP63"
"57","GO:0035113",0.00132450838018026,2.79584040747029,11.6186252771619,21,40,"embryonic appendage morphogenesis","BCL2L11;CREBBP;CTNNB1;MECOM;FGFR1;GNAS;HOXA9;HOXA11;HOXA13;HOXC11;HOXD11;HOXD13;RSPO2;AFF3;NOTCH1;NOTCH2;PBX1;LEF1;PRRX1;ZBTB16;TP63"
"58","GO:0051171",0.00148164111050031,1.43995349738423,172.827050997783,198,595,"regulation of nitrogen compound metabolic process","DUX4;CDH13;OLIG2;FSTL3;CDKN2A;CDKN2B;IKZF1;CDX2;NCOA2;CEBPA;CEBPE;CENPF;POLQ;STAG2;MLLT11;PSIP1;SP140;CREBBP;CTNNB1;CUX1;DAB2IP;DDX3X;GLIS3;ZNF384;ASXL1;DNM2;DNMT3A;EBF1;ELF4;EP300;ERG;ESRRG;ETV6;MECOM;EWSR1;EZH2;FGF2;FGFR1;FGFR3;FHIT;MLXIP;ELL2;FOXO3;CBX7;KAT6B;ALK;MTOR;ABL1;FUS;PRKD2;POT1;ZNF521;GATA1;GATA2;GATA3;FOXP1;AFF4;GNAS;SETD2;GRM7;TFPT;TLX3;HIP1;MNX1;HLF;TLX1;HOXA9;HOXA11;HOXA13;HOXC11;HOXC13;HOXD11;HOXD13;HRAS;IRF8;SP110;MACC1;IL7R;ILF2;IRF4;JAK2;KIT;KRAS;AFF3;LMO1;LMO2;ARNT;LYL1;MAF;KMT2A;MLLT1;AFF1;MLLT3;MLLT6;FOXO4;MN1;MXI1;MYC;MYCL;ATM;NF1;NFATC2;CNOT3;NOTCH1;NOTCH2;NPM1;NTRK1;PAX5;PBX1;LEF1;DDX41;PDE4D;PDGFRA;PDGFRB;PER1;PIK3CA;BCL11A;PML;PRRX1;ATR;TET2;BCOR;BANK1;FBXW7;ZNF701;PRKCH;MYNN;MAPK1;METTL3;PTEN;MKL1;BAK1;RAD21;RARA;KDM5A;CCND1;BCL3;BCL6;RNF6;BCL7A;BCL9;RYR2;BCORL1;PRDM16;BLM;SET;SRSF2;NSD1;CSRNP1;RBM15;RFX7;BCL11B;STAT3;STAT5B;SYK;TAL1;TAL2;TCF3;BTG1;BTK;TERT;TNFRSF1A;TP53;VHL;WT1;XPO1;ZBTB16;ZNF230;DEK;KAT6A;MLLT10;TET1;CALR;TAF15;CAMK2D;ELL;NCOA3;PICALM;BRIP1;ARID5B;PHF6;MAML2;LCOR;GAS7;RUNX1;RUNX1T1;TP63;CBFA2T3;CBFB;TNKS;CBL;TRIM24;KAT2B;TRIP11;NCOR2;ZNF536;MED24;MAFB"
"59","GO:0006366",0.00148248691996918,1.48536554988168,110.957871396896,134,382,"transcription from RNA polymerase II promoter","DUX4;CDH13;OLIG2;FSTL3;CDKN2A;CDKN2B;IKZF1;CDX2;NCOA2;CEBPA;CEBPE;STAG2;CLP1;PSIP1;CREBBP;CTNNB1;CUX1;DAB2IP;DDX3X;GLIS3;ZNF384;ASXL1;DNMT3A;EBF1;ELF4;EP300;ERG;ESRRG;ETV6;MECOM;EZH2;FGF2;FGFR1;FGFR3;MLXIP;ELL2;FOXO3;CBX7;KAT6B;MTOR;ABL1;PRKD2;GATA1;GATA2;GATA3;FOXP1;AFF4;SETD2;MNX1;HLF;TLX1;HOXA13;HOXC11;HOXC13;HOXD13;HRAS;IRF8;IRF4;JAK2;LMO1;LMO2;ARNT;LYL1;MAF;KMT2A;MLLT1;FOXO4;MXI1;MYC;NFATC2;NOTCH1;NOTCH2;PAX5;PBX1;LEF1;DDX41;PER1;BCL11A;PRRX1;TET2;BCOR;FBXW7;MKL1;RAD21;RARA;KDM5A;CCND1;BCL3;BCL6;BCL9;RYR2;PRDM16;SRSF2;NSD1;CSRNP1;RBM15;RFX7;BCL11B;STAT3;STAT5B;TAL1;TAL2;TCF3;TERT;TNFRSF1A;TP53;U2AF1;VHL;WT1;XPO1;ZBTB16;DEK;MLLT10;TET1;CALR;CAMK2D;ELL;NCOA3;BRIP1;ARID5B;MAML2;LCOR;RUNX1;TP63;CBFA2T3;CBFB;TNKS;TRIM24;KAT2B;TRIP11;NCOR2;ZNF536;MED24;MAFB"
"60","GO:0006725",0.00156337384098843,1.43759654000618,201.873614190687,227,695,"cellular aromatic compound metabolic process","DUX4;CDH13;OLIG2;FSTL3;CDKN2A;CDKN2B;IKZF1;CDX2;NCOA2;CEBPA;CEBPE;CENPF;POLQ;STAG2;MLLT11;CLP1;PSIP1;SP140;CREBBP;CTNNB1;CUX1;TRMT44;DAB2IP;DDC;DDX3X;DDX10;GLIS3;ZNF384;ASXL1;DIO1;DNM2;DNMT3A;EBF1;ELF4;EP300;ERG;ESRRG;ETV6;MECOM;EWSR1;EZH2;FANCA;FANCC;FANCD2;FANCE;FANCF;FANCG;FGF2;FGFR1;FGFR3;FHIT;MLXIP;ELL2;NT5C2;FOXO3;SF3B1;CBX7;KAT6B;ALK;MTOR;ABL1;FUS;PRKD2;POT1;ZNF521;GATA1;GATA2;GATA3;FOXP1;AFF4;GNAS;SETD2;GRM7;TFPT;TLX3;HIP1;MNX1;HLF;TLX1;HOXA9;HOXA11;HOXA13;HOXC11;HOXC13;HOXD11;HOXD13;HRAS;IRF8;IDH1;SP110;MACC1;IL7R;ILF2;IRF4;JAK2;KIT;KRAS;AFF3;LMO1;LMO2;ARNT;LYL1;MAF;MLF1;KMT2A;MLLT1;AFF1;MLLT3;MLLT6;FOXO4;MN1;MXI1;MYC;MYCL;ATM;NF1;NFATC2;CNOT3;NOTCH1;NOTCH2;NPM1;NTRK1;NUP98;PAX5;PBX1;SBDS;LEF1;PDE4B;DDX41;PDE4D;PDGFRA;PDGFRB;PER1;PIK3CA;BCL11A;PML;PRRX1;ATR;TET2;BCOR;FBXW7;ZNF701;PRKCH;MYNN;MAPK1;METTL3;PTEN;MKL1;BAK1;RAD21;RARA;KDM5A;CCND1;BCL2;BCL3;BCL6;RNF6;BCL7A;BCL9;RPL5;RPL10;RPL22;RYR2;BCORL1;PRDM16;BLM;SET;SRSF2;NSD1;CSRNP1;RBM15;RFX7;BCL11B;STAT3;STAT5B;SYK;TAL1;TAL2;TCF3;BTG1;BTK;TERT;TNFRSF1A;TOP1;TP53;TPMT;U2AF1;VHL;WT1;XPO1;ZBTB16;ZNF230;DEK;KAT6A;NUP214;MLLT10;TET1;CALR;TAF15;CAMK2D;ELL;NCOA3;ZRSR2;PICALM;BRIP1;ARID5B;PHF6;MAML2;LCOR;GAS7;RUNX1;RUNX1T1;TP63;CBFA2T3;CBFB;TNKS;CBL;TRIM24;GMPS;KAT2B;HERC2;USP10;TRIP11;NCOR2;ZNF536;MED24;MAFB"
"61","GO:1901360",0.00158547525328836,1.4378583604525,205.940133037694,231,709,"organic cyclic compound metabolic process","DUX4;CDH13;OLIG2;GPHN;FSTL3;CDKN2A;CDKN2B;IKZF1;CDX2;NCOA2;CEBPA;CEBPE;SLCO1B1;CENPF;POLQ;STAG2;MLLT11;CLP1;PSIP1;SP140;CREBBP;CTNNB1;CUX1;TRMT44;DAB2IP;DDC;DDX3X;DDX10;GLIS3;ZNF384;ASXL1;DIO1;DNM2;DNMT3A;EBF1;ELF4;EP300;ERG;ESRRG;ETV6;MECOM;EWSR1;EZH2;FANCA;FANCC;FANCD2;FANCE;FANCF;FANCG;FGF2;FGFR1;FGFR3;FHIT;MLXIP;ELL2;NT5C2;FOXO3;SF3B1;CBX7;KAT6B;ALK;MTOR;ABL1;FUS;PRKD2;POT1;ZNF521;GATA1;GATA2;GATA3;FOXP1;AFF4;GNAS;SETD2;GRM7;TFPT;TLX3;HDLBP;HIP1;MNX1;HLF;TLX1;HOXA9;HOXA11;HOXA13;HOXC11;HOXC13;HOXD11;HOXD13;HRAS;IRF8;IDH1;SP110;MACC1;IL7R;ILF2;IRF4;JAK2;KIT;KRAS;AFF3;LMO1;LMO2;ARNT;LYL1;MAF;MLF1;KMT2A;MLLT1;AFF1;MLLT3;MLLT6;FOXO4;MN1;MXI1;MYC;MYCL;ATM;NF1;NFATC2;CNOT3;NOTCH1;NOTCH2;NPM1;NTRK1;NUP98;PAX5;PBX1;SBDS;LEF1;PDE4B;DDX41;PDE4D;PDGFRA;PDGFRB;PER1;PIK3CA;BCL11A;PML;PRRX1;ATR;TET2;BCOR;FBXW7;ZNF701;PRKCH;MYNN;MAPK1;METTL3;PTEN;MKL1;BAK1;RAD21;RARA;KDM5A;CCND1;BCL2;BCL3;BCL6;RNF6;BCL7A;BCL9;RPL5;RPL10;RPL22;RYR2;BCORL1;PRDM16;BLM;SET;SRSF2;NSD1;CSRNP1;RBM15;RFX7;BCL11B;SLCO1A2;STAT3;STAT5B;SYK;TAL1;TAL2;TCF3;BTG1;BTK;TERT;TNFRSF1A;TOP1;TP53;TPMT;U2AF1;VHL;WT1;XPO1;ZBTB16;ZNF230;DEK;KAT6A;NUP214;MLLT10;TET1;CALR;TAF15;CAMK2D;ELL;NCOA3;ZRSR2;PICALM;BRIP1;ARID5B;PHF6;MAML2;LCOR;GAS7;RUNX1;RUNX1T1;TP63;CBFA2T3;CBFB;TNKS;CBL;TRIM24;GMPS;KAT2B;HERC2;USP10;TRIP11;NCOR2;ZNF536;MED24;MAFB"
"62","GO:0018205",0.00161098273519474,2.08490320904248,22.6563192904656,35,78,"peptidyl-lysine modification","CDKN2A;NCOA2;STAG2;CREBBP;CTNNB1;EP300;EZH2;KAT6B;GATA2;GATA3;SETD2;IRF4;ARNT;KMT2A;NUP98;PAX5;LEF1;PER1;BCL11A;PML;TET2;BCOR;RAD21;BLM;SET;NSD1;TCF3;TOP1;KDM6A;KAT6A;NUP214;NCOA3;KAT2B;HERC2;MED24"
"63","GO:0000422",0.00162454988944183,4.07105263157895,6.09977827050998,13,21,"mitophagy","CDKN2A;FANCC;FANCF;MTOR;PRKD2;MYH11;PIK3CA;FBXW7;MAP2K1;MAP1LC3B2;SLCO1A2;TP53;U2AF1"
"64","GO:0061726",0.00162454988944183,4.07105263157895,6.09977827050998,13,21,"mitochondrion disassembly","CDKN2A;FANCC;FANCF;MTOR;PRKD2;MYH11;PIK3CA;FBXW7;MAP2K1;MAP1LC3B2;SLCO1A2;TP53;U2AF1"
"65","GO:0030852",0.00203045808045772,Inf,1.45232815964523,5,5,"regulation of granulocyte differentiation","IKZF1;LEF1;RARA;PRDM16;RUNX1"
"66","GO:0042255",0.00203045808045772,Inf,1.45232815964523,5,5,"ribosome assembly","DDX3X;NPM1;SBDS;RPL5;RPL10"
"67","GO:0060020",0.00203045808045772,Inf,1.45232815964523,5,5,"Bergmann glial cell differentiation","ABL1;ABL2;MAPK1;MAP2K1;PTPN11"
"68","GO:1902105",0.00203199646396352,2.18417945690673,18.880266075388,30,65,"regulation of leukocyte differentiation","FSTL3;CDKN2A;IKZF1;CSF1R;CTNNB1;FLT3;MTOR;GATA2;GATA3;FOXP1;GNAS;FAS;IL7R;IRF4;JAK3;LCK;MYC;NF1;LEF1;RARA;BCL6;PRDM16;STAT5B;SYK;TAL1;BTK;ZBTB16;CASP8;RUNX1;MAFB"
"69","GO:0002761",0.00207858250692925,3.05509118541033,9.00443458980044,17,31,"regulation of myeloid leukocyte differentiation","FSTL3;IKZF1;CSF1R;CTNNB1;MTOR;GATA2;FOXP1;GNAS;MYC;NF1;LEF1;RARA;PRDM16;TAL1;CASP8;RUNX1;MAFB"
"70","GO:0046649",0.0021799157340174,1.73293768545994,40.6651884700665,56,140,"lymphocyte activation","CDK6;CDKN2A;IKZF1;VAV3;CTNNB1;ELF4;EP300;FLT3;TNFRSF13B;MTOR;ABL1;GATA3;ABL2;FOXP1;SIT1;HLA-DQA1;HLA-DQB1;HLA-DRB1;FAS;IL7R;IRF4;JAK3;KIT;LCK;LMO1;LYL1;ATM;NFATC2;NOTCH2;NTRK1;LEF1;PIK3CA;BCL11A;PLCG2;BANK1;BAK1;PTPN11;PTPRC;RARA;BCL2;BCL3;BCL6;RPL22;BCL11B;BRAF;STAT5B;SYK;TCF3;BTK;TP53;ZBTB16;CASP8;CBFB;CBLB;CCND3;MAFB"
"71","GO:1901576",0.0021804734880309,1.41972987491367,202.745011086475,227,698,"organic substance biosynthetic process","DUX4;CDH13;OLIG2;GPHN;FSTL3;CDKN2A;CDKN2B;IKZF1;CDX2;NCOA2;CEBPA;CEBPE;AGPAT1;CENPF;POLQ;STAG2;MLLT11;CLP1;PSIP1;SP140;CREBBP;CTNNB1;CUX1;DAB2IP;DDC;DDX3X;GLIS3;ZNF384;ASXL1;DNM2;DNMT3A;EBF1;ELF4;EP300;ERG;ESRRG;ETV6;MECOM;EWSR1;EZH2;FGF2;FGFR1;FGFR3;GPC5;FHIT;MLXIP;ELL2;FOXO3;ACSL6;CBX7;KAT6B;ALK;MTOR;ABL1;FUS;ST6GALNAC3;PRKD2;POT1;ZNF521;GATA1;GATA2;GATA3;FOXP1;AFF4;GNAS;SETD2;GRM7;TFPT;TLX3;HIP1;MNX1;HLF;TLX1;HOXA9;HOXA11;HOXA13;HOXC11;HOXC13;HOXD11;HOXD13;HRAS;ST8SIA6;IRF8;IDH1;SP110;MACC1;ILF2;IRF4;JAK2;JAK3;KIT;KRAS;AFF3;LMO1;LMO2;ARNT;LYL1;MAF;MLF1;KMT2A;MLLT1;AFF1;MLLT3;MLLT6;FOXO4;MN1;MXI1;MYC;MYCL;ATM;NF1;NFATC2;CNOT3;NOTCH1;NOTCH2;NPM1;NTRK1;NUP98;PAX5;PBX1;CRYL1;LEF1;DDX41;PDGFRA;PDGFRB;PER1;PIK3CA;PIP4K2A;BCL11A;PLCG2;PML;PRRX1;ATR;TET2;BCOR;BANK1;FBXW7;ETNK1;ZNF701;PRKCH;MYNN;MAPK1;METTL3;PTEN;MKL1;PTPRC;PYGL;RAD21;RARA;KDM5A;CCND1;BCL2;BCL3;BCL6;RNF6;BCL7A;BCL9;RPL5;RPL10;RPL22;RPN1;RYR2;BCORL1;PRDM16;BLM;SET;SRSF2;NSD1;RPL13AP3;CSRNP1;RBM15;RFX7;BCL11B;STAT3;STAT5B;SYK;TAL1;TAL2;TBXAS1;TCF3;BTG1;BTK;TERT;TNFRSF1A;TOP1;TP53;U2AF1;VHL;WT1;XPO1;ZBTB16;ZNF230;DEK;KAT6A;NUP214;MLLT10;TET1;CALR;TAF15;CAMK2D;ELL;NCOA3;PICALM;BRIP1;ARID5B;PHF6;MAML2;LCOR;GAS7;RUNX1;RUNX1T1;TP63;CBFA2T3;CBFB;TNKS;CBL;TRIM24;GMPS;KAT2B;USP10;TRIP11;PPT2;NCOR2;ZNF536;MED24;MAFB;HS3ST2"
"72","GO:0009058",0.00219616976122385,1.4198093871695,204.778270509978,229,705,"biosynthetic process","DUX4;CDH13;OLIG2;GPHN;FSTL3;CDKN2A;CDKN2B;IKZF1;CDX2;NCOA2;CEBPA;CEBPE;AGPAT1;CENPF;POLQ;STAG2;MLLT11;CLP1;PSIP1;SP140;NDUFAF6;CREBBP;CTNNB1;CUX1;DAB2IP;DDC;DDX3X;GLIS3;ZNF384;ASXL1;DIO1;DNM2;DNMT3A;EBF1;ELF4;EP300;ERG;ESRRG;ETV6;MECOM;EWSR1;EZH2;FGF2;FGFR1;FGFR3;GPC5;FHIT;MLXIP;ELL2;FOXO3;ACSL6;CBX7;KAT6B;ALK;MTOR;ABL1;FUS;ST6GALNAC3;PRKD2;POT1;ZNF521;GATA1;GATA2;GATA3;FOXP1;AFF4;GNAS;SETD2;GRM7;TFPT;TLX3;HIP1;MNX1;HLF;TLX1;HOXA9;HOXA11;HOXA13;HOXC11;HOXC13;HOXD11;HOXD13;HRAS;ST8SIA6;IRF8;IDH1;SP110;MACC1;ILF2;IRF4;JAK2;JAK3;KIT;KRAS;AFF3;LMO1;LMO2;ARNT;LYL1;MAF;MLF1;KMT2A;MLLT1;AFF1;MLLT3;MLLT6;FOXO4;MN1;MXI1;MYC;MYCL;ATM;NF1;NFATC2;CNOT3;NOTCH1;NOTCH2;NPM1;NTRK1;NUP98;PAX5;PBX1;CRYL1;LEF1;DDX41;PDGFRA;PDGFRB;PER1;PIK3CA;PIP4K2A;BCL11A;PLCG2;PML;PRRX1;ATR;TET2;BCOR;BANK1;FBXW7;ETNK1;ZNF701;PRKCH;MYNN;MAPK1;METTL3;PTEN;MKL1;PTPRC;PYGL;RAD21;RARA;KDM5A;CCND1;BCL2;BCL3;BCL6;RNF6;BCL7A;BCL9;RPL5;RPL10;RPL22;RPN1;RYR2;BCORL1;PRDM16;BLM;SET;SRSF2;NSD1;RPL13AP3;CSRNP1;RBM15;RFX7;BCL11B;STAT3;STAT5B;SYK;TAL1;TAL2;TBXAS1;TCF3;BTG1;BTK;TERT;TNFRSF1A;TOP1;TP53;U2AF1;VHL;WT1;XPO1;ZBTB16;ZNF230;DEK;KAT6A;NUP214;MLLT10;TET1;CALR;TAF15;CAMK2D;ELL;NCOA3;PICALM;BRIP1;ARID5B;PHF6;MAML2;LCOR;GAS7;RUNX1;RUNX1T1;TP63;CBFA2T3;CBFB;TNKS;CBL;TRIM24;GMPS;KAT2B;USP10;TRIP11;PPT2;NCOR2;ZNF536;MED24;MAFB;HS3ST2"
"73","GO:0007548",0.00234496660544262,2.09333049222246,20.6230598669623,32,71,"sex differentiation","BCL2L11;FSTL3;NCOA2;CTNNB1;FANCA;FANCF;FANCG;FOXO3;GATA1;GATA3;TFPT;HOXA9;HOXA11;HOXA13;HOXD13;IDH1;FAS;KIT;NTRK1;PBX1;PDGFRA;BAK1;PTPN11;RARA;KDM5A;CCND1;BCL2;STAT5B;WT1;NCOA3;ARID5B;TP63"
"74","GO:0031323",0.00249450266413724,1.41529948924315,213.20177383592,237,734,"regulation of cellular metabolic process","ABI1;BCL2L11;DUX4;CDH13;OLIG2;FSTL3;CDKN2A;CDKN2B;CDKN2C;IKZF1;CDX2;VAV3;NCOA2;CEBPA;CEBPE;AGPAT1;CENPF;POLQ;STAG2;MLLT11;FGFR1OP;PSIP1;SP140;CREBBP;CSF1R;CTNNB1;CUX1;DAB2IP;DDX3X;GLIS3;ZNF384;ASXL1;DNM2;DNMT3A;EBF1;ELF4;EP300;ERG;ESRRG;ETV6;MECOM;EWSR1;EZH2;FGF2;FGFR1;FGFR3;FHIT;MLXIP;ELL2;FOXO3;FLT3;CBX7;KAT6B;CBLC;ALK;MTOR;ABL1;FUS;PRKD2;POT1;ZNF521;GATA1;GATA2;GATA3;ABL2;FOXP1;AFF4;GNAS;SETD2;GRM7;TFPT;TLX3;HIP1;MNX1;HLF;TLX1;HOXA9;HOXA11;HOXA13;HOXC11;HOXC13;HOXD11;HOXD13;HRAS;BIRC3;IRF8;IDH1;SP110;MACC1;FAS;IL7R;ILF2;IRF4;ARAF;JAK1;JAK2;JAK3;KIT;KRAS;AFF3;LCK;LMO1;LMO2;ARNT;LYL1;MAF;KMT2A;MLLT1;AFF1;MLLT3;MLLT6;FOXO4;MN1;MXI1;MYC;MYCL;ATM;NF1;NFATC2;CNOT3;NOTCH1;NOTCH2;NPM1;NRAS;NTRK1;PAX5;PBX1;LEF1;DDX41;PDE4D;PDGFRA;PDGFRB;PER1;SERPINB6;PIK3CA;PIP4K2A;BCL11A;PLCG2;PML;PRRX1;ATR;TET2;BCOR;ULK4;BANK1;PPP2R5E;FBXW7;ZNF701;PRKCH;MYNN;MAPK1;MAP2K1;PARD3;METTL3;CASC5;PTEN;MKL1;BAK1;PTPN11;PTPRC;PTPRJ;RAD21;RARA;KDM5A;CCND1;BCL2;BCL3;BCL6;RNF6;BCL7A;BCL9;RYR2;BCORL1;PRDM16;BLM;SET;SRSF2;NSD1;CSRNP1;RBM15;RFX7;STIL;BCL11B;BRAF;STAT3;STAT5B;SYK;TAL1;TAL2;TCF3;BTG1;BTK;TERT;TNFRSF1A;TP53;U2AF1;VHL;WT1;XPO1;ZBTB16;ZNF230;DEK;KAT6A;MLLT10;TET1;CALR;TAF15;CAMK2D;ELL;NCOA3;PICALM;BRIP1;CASP8;ARID5B;PHF6;MAML2;LCOR;GAS7;RUNX1;RUNX1T1;TP63;CBFA2T3;CBFB;TNKS;CBL;TRIM24;KAT2B;CCND2;CCND3;USP10;TRIP11;NCOR2;ZNF536;MED24;MAGI2;CDC20;MAFB"
"75","GO:0050864",0.00259151070635375,3.09161395633544,8.42350332594235,16,29,"regulation of B cell activation","CDKN2A;IKZF1;VAV3;FLT3;TNFRSF13B;FAS;ATM;NFATC2;BANK1;PTPRC;BCL2;BCL6;STAT5B;SYK;TCF3;BTK"
"76","GO:0002573",0.00266458760039808,2.27435873343982,15.9756097560976,26,55,"myeloid leukocyte differentiation","FSTL3;IKZF1;CEBPA;CEBPE;CSF1R;CTNNB1;MTOR;GATA1;GATA2;GATA3;FOXP1;GNAS;IRF4;KIT;MYC;NF1;NOTCH2;LEF1;RARA;PRDM16;TAL1;CASP8;RUNX1;CBFA2T3;FARP2;MAFB"
"77","GO:0002376",0.00275979867696592,1.4417602155366,116.186252771619,138,400,"immune system process","ABI1;BCL2L11;SH2B3;TSPAN32;CDK6;FSTL3;CDKN2A;CDKN2B;IKZF1;VAV3;CEBPA;CEBPE;POLQ;CREBBP;CSF1R;CSF3R;GCSAML;CTNNB1;DAB2IP;SBSPON;DDX3X;DNM2;ELF4;EP300;ETV6;MECOM;FANCC;FCGR2B;FGF2;FGFR1;FGFR3;FOXO3;FLT3;TNFRSF13B;MTOR;ABL1;PRKD2;GATA1;GATA2;GATA3;ABL2;FOXP1;SIT1;GNAS;MNX1;HLA-DQA1;HLA-DQB1;HLA-DRB1;TLX1;HOXA9;HRAS;BIRC3;IRF8;FAS;IL7R;ILF2;IRF4;ARAF;JAK1;JAK2;JAK3;KIT;KRAS;LCK;LMO1;LMO2;ARNT;LYL1;MLF1;KMT2A;FOXO4;MPL;MYC;MYD88;ATM;NF1;NFATC2;NOTCH1;NOTCH2;NRAS;NTRK1;PAX5;PBX1;SBDS;LEF1;PDE4B;DDX41;PDE4D;NCKIPSD;PDGFRA;PDGFRB;PIK3CA;PIP4K2A;BCL11A;PLCG2;PML;TET2;BANK1;PRKCH;MAPK1;MAP2K1;PTEN;BAK1;PTPN11;PTPRC;PTPRJ;RARA;BCL2;BCL3;BCL6;BCR;RPL22;PRDM16;RBM15;BCL11B;BRAF;STAT5B;SYK;TAL1;TCF3;BTK;TNFRSF1A;TP53;ZBTB16;SPEF2;KAT6A;CALR;CAMK2D;PICALM;CASP8;RUNX1;CBFA2T3;CBFB;CBLB;CCND3;ELMO1;FARP2;MAFB"
"78","GO:0019827",0.00292091647572791,2.21073506081438,16.8470066518847,27,58,"stem cell population maintenance","CDX2;STAG2;CREBBP;CTNNB1;FGF2;FGFR1;FGFR3;FOXO3;GATA2;KIT;CNOT3;NOTCH1;NOTCH2;PBX1;PCM1;PRRX1;METTL3;BCL9;PRDM16;BRAF;STAT3;TAL1;KAT6A;TET1;TCL1A;NCOA3;MED24"
"79","GO:1903008",0.00293772168947227,3.61491228070175,6.39024390243902,13,22,"organelle disassembly","CDKN2A;FANCC;FANCF;MTOR;PRKD2;MYH11;PIK3CA;FBXW7;MAP2K1;MAP1LC3B2;SLCO1A2;TP53;U2AF1"
"80","GO:0048736",0.0030107824330619,2.3364602876798,14.5232815964523,24,50,"appendage development","BCL2L11;CREBBP;CTNNB1;MECOM;FGFR1;GNAS;HOXA9;HOXA11;HOXA13;HOXC11;HOXC13;HOXD11;HOXD13;RSPO2;AFF3;NOTCH1;NOTCH2;PBX1;LEF1;PRRX1;BAK1;RARA;ZBTB16;TP63"
"81","GO:0060173",0.0030107824330619,2.3364602876798,14.5232815964523,24,50,"limb development","BCL2L11;CREBBP;CTNNB1;MECOM;FGFR1;GNAS;HOXA9;HOXA11;HOXA13;HOXC11;HOXC13;HOXD11;HOXD13;RSPO2;AFF3;NOTCH1;NOTCH2;PBX1;LEF1;PRRX1;BAK1;RARA;ZBTB16;TP63"
"82","GO:0034502",0.00301969976168314,5.6015625,3.77605321507761,9,13,"protein localization to chromosome","EZH2;POT1;PML;ATR;CASC5;RAD21;TERT;MIS12;TNKS"
"83","GO:0032212",0.00308357546068494,14.8682170542636,2.03325942350333,6,7,"positive regulation of telomere maintenance via telomerase","CTNNB1;POT1;ATM;ATR;MAPK1;TNKS"
"84","GO:0044346",0.0033971096023324,8.68652849740933,2.61419068736142,7,9,"fibroblast apoptotic process","BCL2L11;MYC;PIK3CA;BAK1;BTG1;TP53;TP63"
"85","GO:0046902",0.0033971096023324,8.68652849740933,2.61419068736142,7,9,"regulation of mitochondrial membrane permeability","BCL2L11;BAK1;BCL2;STAT3;TP53;CASP8;BMF"
"86","GO:0042100",0.00359209188903751,3.74803149606299,5.80931263858093,12,20,"B cell proliferation","CDKN2A;VAV3;TNFRSF13B;ABL1;IL7R;ATM;NFATC2;LEF1;PTPRC;BCL2;BCL6;TCF3"
"87","GO:0045321",0.00382643675463929,1.64680316785783,44.1507760532151,59,152,"leukocyte activation","TSPAN32;CDK6;CDKN2A;IKZF1;VAV3;CTNNB1;ELF4;EP300;FLT3;TNFRSF13B;MTOR;ABL1;GATA2;GATA3;ABL2;FOXP1;SIT1;HLA-DQA1;HLA-DQB1;HLA-DRB1;FAS;IL7R;IRF4;JAK3;KIT;LCK;LMO1;LYL1;ATM;NFATC2;NOTCH2;NTRK1;LEF1;PIK3CA;BCL11A;PLCG2;BANK1;BAK1;PTPN11;PTPRC;RARA;BCL2;BCL3;BCL6;BCR;RPL22;BCL11B;BRAF;STAT5B;SYK;TCF3;BTK;TP53;ZBTB16;CASP8;CBFB;CBLB;CCND3;MAFB"
"88","GO:0008285",0.00387032623472328,1.68312186800299,39.7937915742794,54,137,"negative regulation of cell proliferation","ABI1;DUX4;TSPAN32;CDH13;CDK6;CDKN2A;CDKN2B;CDKN2C;CEBPA;CSF1R;CTNNB1;DAB2IP;FGFR3;FLT3;TNFRSF13B;GATA1;GATA2;GATA3;HLA-DRB1;HRAS;JAK2;KMT2A;FOXO4;MXI1;MYC;ATM;NF1;NOTCH1;NOTCH2;NPM1;NTRK1;PML;FBXW7;MAP2K1;PTEN;BAK1;PTPRJ;RARA;BCL2;BCL6;BCL11B;STAT3;BTG1;TP53;VHL;WT1;ZBTB16;BRIP1;RUNX1;CBFA2T3;CBLB;TRIM24;KAT2B;MAGI2"
"89","GO:0046661",0.00421923697780506,2.40689149560117,12.490022172949,21,43,"male sex differentiation","BCL2L11;FSTL3;NCOA2;CTNNB1;FANCA;GATA1;GATA3;TFPT;HOXA9;HOXA11;HOXA13;HOXD13;KIT;NTRK1;RARA;KDM5A;CCND1;BCL2;STAT5B;WT1;ARID5B"
"90","GO:0022618",0.0043696180600459,3.92034405385191,5.22838137472284,11,18,"ribonucleoprotein complex assembly","CLP1;PSIP1;DDX3X;SF3B1;ATM;NPM1;SBDS;ATR;RPL5;RPL10;ZRSR2"
"91","GO:0048008",0.0043696180600459,3.92034405385191,5.22838137472284,11,18,"platelet-derived growth factor receptor signaling pathway","ABL1;ABL2;JAK2;PDGFRA;PDGFRB;PTEN;PTPN11;PTPRJ;BCR;CSRNP1;ARID5B"
"92","GO:0034109",0.00460882560339168,1.71594202898551,34.8558758314856,48,120,"homotypic cell-cell adhesion","TSPAN32;CDK6;CDKN2A;IKZF1;CTNNB1;ADAMTS18;ELF4;FLT3;MTOR;ABL1;GATA1;GATA3;ABL2;FOXP1;SIT1;GNAS;HLA-DQA1;HLA-DQB1;HLA-DRB1;FAS;IL7R;IRF4;JAK3;KIT;LCK;LMO1;LEF1;PDGFRA;PIK3CA;BCL11A;PTPN11;PTPRC;RARA;BCL2;BCL3;BCL6;RPL22;BCL11B;BRAF;STAT5B;SYK;TCF3;TP53;ZBTB16;CASP8;CBLB;CCND3;MAFB"
"93","GO:0080090",0.00512628190566253,1.37370951417004,211.168514412417,233,727,"regulation of primary metabolic process","ABI1;BCL2L11;DUX4;CDH13;OLIG2;FSTL3;CDKN2A;CDKN2B;CDKN2C;IKZF1;CDX2;VAV3;NCOA2;CEBPA;CEBPE;CENPF;POLQ;STAG2;MLLT11;FGFR1OP;PSIP1;SP140;CREBBP;CSF1R;CTNNB1;CUX1;DAB2IP;DDX3X;GLIS3;ZNF384;ASXL1;DNM2;DNMT3A;EBF1;ELF4;EP300;ERG;ESRRG;ETV6;MECOM;EWSR1;EZH2;FGF2;FGFR1;FGFR3;FHIT;MLXIP;ELL2;FOXO3;FLT3;CBX7;KAT6B;CBLC;ALK;MTOR;ABL1;FUS;PRKD2;POT1;ZNF521;GATA1;GATA2;GATA3;ABL2;FOXP1;AFF4;GNAS;SETD2;GRM7;TFPT;TLX3;HIP1;MNX1;HLF;TLX1;HOXA9;HOXA11;HOXA13;HOXC11;HOXC13;HOXD11;HOXD13;HRAS;BIRC3;IRF8;IDH1;SP110;MACC1;FAS;IL7R;ILF2;IRF4;ARAF;JAK1;JAK2;JAK3;KIT;KRAS;AFF3;LCK;LMO1;LMO2;ARNT;LYL1;MAF;KMT2A;MLLT1;AFF1;MLLT3;MLLT6;FOXO4;MN1;MXI1;MYC;MYCL;ATM;NF1;NFATC2;CNOT3;NOTCH1;NOTCH2;NPM1;NRAS;NTRK1;PAX5;PBX1;LEF1;DDX41;PDE4D;PDGFRA;PDGFRB;PER1;SERPINB6;PIK3CA;BCL11A;PML;PRRX1;ATR;TET2;BCOR;ULK4;BANK1;PPP2R5E;FBXW7;ZNF701;PRKCH;MYNN;MAPK1;MAP2K1;PARD3;METTL3;CASC5;PTEN;MKL1;BAK1;PTPN11;PTPRC;PTPRJ;RAD21;RARA;KDM5A;CCND1;BCL2;BCL3;BCL6;RNF6;BCL7A;BCL9;RYR2;BCORL1;PRDM16;BLM;SET;SRSF2;NSD1;CSRNP1;RBM15;RFX7;STIL;BCL11B;BRAF;STAT3;STAT5B;SYK;TAL1;TAL2;TCF3;BTG1;BTK;TERT;TNFRSF1A;TP53;VHL;WT1;XPO1;ZBTB16;ZNF230;DEK;KAT6A;MLLT10;TET1;CALR;TAF15;CAMK2D;ELL;NCOA3;PICALM;BRIP1;CASP8;ARID5B;PHF6;MAML2;LCOR;GAS7;RUNX1;RUNX1T1;TP63;CBFA2T3;CBFB;TNKS;CBL;CBLB;TRIM24;KAT2B;CCND2;CCND3;TRIP11;NCOR2;ZNF536;MED24;MAGI2;CDC20;MAFB"
"94","GO:0044249",0.00519890200306918,1.37052481310342,200.130820399113,222,689,"cellular biosynthetic process","DUX4;CDH13;OLIG2;GPHN;FSTL3;CDKN2A;CDKN2B;IKZF1;CDX2;NCOA2;CEBPA;CEBPE;AGPAT1;CENPF;POLQ;STAG2;MLLT11;CLP1;PSIP1;SP140;CREBBP;CTNNB1;CUX1;DAB2IP;DDC;DDX3X;GLIS3;ZNF384;ASXL1;DNM2;DNMT3A;EBF1;ELF4;EP300;ERG;ESRRG;ETV6;MECOM;EWSR1;EZH2;FGF2;FGFR1;FGFR3;FHIT;MLXIP;ELL2;FOXO3;ACSL6;CBX7;KAT6B;ALK;MTOR;ABL1;FUS;ST6GALNAC3;PRKD2;POT1;ZNF521;GATA1;GATA2;GATA3;FOXP1;AFF4;GNAS;SETD2;GRM7;TFPT;TLX3;HIP1;MNX1;HLF;TLX1;HOXA9;HOXA11;HOXA13;HOXC11;HOXC13;HOXD11;HOXD13;HRAS;ST8SIA6;IRF8;IDH1;SP110;MACC1;ILF2;IRF4;JAK2;JAK3;KIT;KRAS;AFF3;LMO1;LMO2;ARNT;LYL1;MAF;MLF1;KMT2A;MLLT1;AFF1;MLLT3;MLLT6;FOXO4;MN1;MXI1;MYC;MYCL;ATM;NF1;NFATC2;CNOT3;NOTCH1;NOTCH2;NPM1;NTRK1;NUP98;PAX5;PBX1;LEF1;DDX41;PDGFRA;PDGFRB;PER1;PIK3CA;PIP4K2A;BCL11A;PLCG2;PML;PRRX1;ATR;TET2;BCOR;BANK1;FBXW7;ETNK1;ZNF701;PRKCH;MYNN;MAPK1;METTL3;PTEN;MKL1;RAD21;RARA;KDM5A;CCND1;BCL2;BCL3;BCL6;RNF6;BCL7A;BCL9;RPL5;RPL10;RPL22;RPN1;RYR2;BCORL1;PRDM16;BLM;SET;SRSF2;NSD1;RPL13AP3;CSRNP1;RBM15;RFX7;BCL11B;STAT3;STAT5B;SYK;TAL1;TAL2;TBXAS1;TCF3;BTG1;BTK;TERT;TNFRSF1A;TOP1;TP53;U2AF1;VHL;WT1;XPO1;ZBTB16;ZNF230;DEK;KAT6A;NUP214;MLLT10;TET1;CALR;TAF15;CAMK2D;ELL;NCOA3;PICALM;BRIP1;ARID5B;PHF6;MAML2;LCOR;GAS7;RUNX1;RUNX1T1;TP63;CBFA2T3;CBFB;TNKS;CBL;TRIM24;GMPS;KAT2B;USP10;TRIP11;PPT2;NCOR2;ZNF536;MED24;MAFB"
"95","GO:0035162",0.00527750004664503,4.15143603133159,4.64745011086475,10,16,"embryonic hemopoiesis","SH2B3;GATA1;GATA3;KIT;LMO2;KMT2A;PBX1;TAL1;KAT6A;RUNX1"
"96","GO:0006357",0.00564835997346365,1.41339031339031,103.69623059867,123,357,"regulation of transcription from RNA polymerase II promoter","DUX4;CDH13;OLIG2;FSTL3;CDKN2A;CDKN2B;IKZF1;CDX2;NCOA2;CEBPA;CEBPE;STAG2;PSIP1;CREBBP;CTNNB1;CUX1;DAB2IP;DDX3X;GLIS3;ZNF384;ASXL1;DNMT3A;EBF1;ELF4;EP300;ERG;ESRRG;ETV6;MECOM;EZH2;FGF2;FGFR1;FGFR3;MLXIP;FOXO3;CBX7;KAT6B;ABL1;PRKD2;GATA1;GATA2;GATA3;FOXP1;MNX1;TLX1;HOXA13;HOXC11;HOXC13;HOXD13;HRAS;IRF8;IRF4;JAK2;LMO1;LMO2;ARNT;LYL1;MAF;KMT2A;FOXO4;MXI1;MYC;NFATC2;NOTCH1;NOTCH2;PAX5;PBX1;LEF1;DDX41;PER1;BCL11A;PRRX1;TET2;BCOR;FBXW7;MKL1;RAD21;RARA;KDM5A;CCND1;BCL3;BCL6;BCL9;RYR2;PRDM16;NSD1;CSRNP1;RBM15;RFX7;BCL11B;STAT3;STAT5B;TAL1;TAL2;TCF3;TERT;TNFRSF1A;TP53;VHL;WT1;XPO1;ZBTB16;DEK;MLLT10;TET1;CALR;CAMK2D;ELL;NCOA3;BRIP1;ARID5B;MAML2;LCOR;RUNX1;TP63;CBFA2T3;CBFB;TNKS;KAT2B;NCOR2;ZNF536;MED24;MAFB"
"97","GO:0002762",0.00630823328341051,4.4765625,4.06651884700665,9,14,"negative regulation of myeloid leukocyte differentiation","FSTL3;CTNNB1;GATA2;MYC;NF1;RARA;PRDM16;RUNX1;MAFB"
"98","GO:0006919",0.00630823328341051,4.4765625,4.06651884700665,9,14,"activation of cysteine-type endopeptidase activity involved in apoptotic process","BCL2L11;CDKN2A;HIP1;FAS;JAK2;LCK;PML;BAK1;CASP8"
"99","GO:0031638",0.00630823328341051,4.4765625,4.06651884700665,9,14,"zymogen activation","BCL2L11;CDKN2A;HIP1;FAS;JAK2;LCK;PML;BAK1;CASP8"
"100","GO:0097202",0.00630823328341051,4.4765625,4.06651884700665,9,14,"activation of cysteine-type endopeptidase activity","BCL2L11;CDKN2A;HIP1;FAS;JAK2;LCK;PML;BAK1;CASP8"
"101","GO:0035107",0.00654662606442348,2.2177897574124,13.6518847006652,22,47,"appendage morphogenesis","BCL2L11;CREBBP;CTNNB1;MECOM;FGFR1;GNAS;HOXA9;HOXA11;HOXA13;HOXC11;HOXD11;HOXD13;RSPO2;AFF3;NOTCH1;NOTCH2;PBX1;LEF1;PRRX1;BAK1;ZBTB16;TP63"
"102","GO:0035108",0.00654662606442348,2.2177897574124,13.6518847006652,22,47,"limb morphogenesis","BCL2L11;CREBBP;CTNNB1;MECOM;FGFR1;GNAS;HOXA9;HOXA11;HOXA13;HOXC11;HOXD11;HOXD13;RSPO2;AFF3;NOTCH1;NOTCH2;PBX1;LEF1;PRRX1;BAK1;ZBTB16;TP63"
"103","GO:0001562",0.0070413571993251,Inf,1.16186252771619,4,4,"response to protozoan","TSPAN32;IRF8;IRF4;BCL3"
"104","GO:0002437",0.0070413571993251,Inf,1.16186252771619,4,4,"inflammatory response to antigenic stimulus","GATA3;HLA-DRB1;NOTCH1;NOTCH2"
"105","GO:0032616",0.0070413571993251,Inf,1.16186252771619,4,4,"interleukin-13 production","GATA3;IRF4;LEF1;RARA"
"106","GO:0032656",0.0070413571993251,Inf,1.16186252771619,4,4,"regulation of interleukin-13 production","GATA3;IRF4;LEF1;RARA"
"107","GO:0033151",0.0070413571993251,Inf,1.16186252771619,4,4,"V(D)J recombination","ATM;LEF1;BCL11B;TCF3"
"108","GO:0042832",0.0070413571993251,Inf,1.16186252771619,4,4,"defense response to protozoan","TSPAN32;IRF8;IRF4;BCL3"
"109","GO:0048169",0.0070413571993251,Inf,1.16186252771619,4,4,"regulation of long-term neuronal synaptic plasticity","HRAS;KIT;KRAS;NF1"
"110","GO:0048387",0.0070413571993251,Inf,1.16186252771619,4,4,"negative regulation of retinoic acid receptor signaling pathway","ASXL1;EZH2;CALR;ZNF536"
"111","GO:0016569",0.00726660563240877,1.81763766959298,24.3991130820399,35,84,"covalent chromatin modification","NCOA2;CREBBP;CTNNB1;ASXL1;DNMT3A;EP300;EZH2;KAT6B;PRKD2;GATA2;GATA3;SETD2;IRF4;JAK2;KMT2A;ATM;PAX5;LEF1;PER1;PML;TET2;BCOR;KDM5A;BCL6;SET;NSD1;TCF3;TP53;KDM6A;KAT6A;TET1;CAMK2D;NCOA3;KAT2B;MED24"
"112","GO:0006278",0.00742193244811139,4.96623376623377,3.48558758314856,8,12,"RNA-dependent DNA replication","CTNNB1;POT1;ATM;PML;ATR;MAPK1;TERT;TNKS"
"113","GO:0007004",0.00742193244811139,4.96623376623377,3.48558758314856,8,12,"telomere maintenance via telomerase","CTNNB1;POT1;ATM;PML;ATR;MAPK1;TERT;TNKS"
"114","GO:0032743",0.00742193244811139,4.96623376623377,3.48558758314856,8,12,"positive regulation of interleukin-2 production","ABL1;PRKD2;ABL2;IRF4;PDE4B;PDE4D;STAT5B;RUNX1"
"115","GO:0045646",0.00742193244811139,4.96623376623377,3.48558758314856,8,12,"regulation of erythrocyte differentiation","CDK6;FOXO3;GATA1;GATA2;ARNT;STAT5B;TAL1;MAFB"
"116","GO:0034641",0.00755030114566091,1.35072496431523,210.29711751663,231,724,"cellular nitrogen compound metabolic process","DUX4;CDH13;OLIG2;FSTL3;CDKN2A;CDKN2B;IKZF1;CDX2;NCOA2;CEBPA;CEBPE;CENPF;POLQ;STAG2;MLLT11;CLP1;PSIP1;SP140;CREBBP;CTNNB1;CUX1;TRMT44;DAB2IP;DDC;DDX3X;DDX10;GLIS3;ZNF384;ASXL1;DIO1;DNM2;DNMT3A;EBF1;ELF4;EP300;ERG;ESRRG;ETV6;MECOM;EWSR1;EZH2;FANCA;FANCC;FANCD2;FANCE;FANCF;FANCG;FGF2;FGFR1;FGFR3;FHIT;MLXIP;ELL2;NT5C2;FOXO3;SF3B1;CBX7;KAT6B;ALK;MTOR;ABL1;FUS;ST6GALNAC3;PRKD2;POT1;ZNF521;GATA1;GATA2;GATA3;FOXP1;AFF4;GNAS;SETD2;GRM7;TFPT;TLX3;HIP1;MNX1;HLF;TLX1;HOXA9;HOXA11;HOXA13;HOXC11;HOXC13;HOXD11;HOXD13;HRAS;ST8SIA6;IRF8;IDH1;SP110;MACC1;IL7R;ILF2;IRF4;JAK2;KIT;KRAS;AFF3;LMO1;LMO2;ARNT;LYL1;MAF;MLF1;KMT2A;MLLT1;AFF1;MLLT3;MLLT6;FOXO4;MN1;MXI1;MYC;MYCL;ATM;NF1;NFATC2;CNOT3;NOTCH1;NOTCH2;NPM1;NTRK1;NUP98;PAX5;PBX1;SBDS;LEF1;PDE4B;DDX41;PDE4D;PDGFRA;PDGFRB;PER1;PIK3CA;BCL11A;PML;PRRX1;ATR;TET2;BCOR;BANK1;FBXW7;ZNF701;PRKCH;MYNN;MAPK1;METTL3;PTEN;MKL1;BAK1;RAD21;RARA;KDM5A;CCND1;BCL3;BCL6;RNF6;BCL7A;BCL9;RPL5;RPL10;RPL22;RPN1;RYR2;BCORL1;PRDM16;BLM;SET;SRSF2;NSD1;RPL13AP3;CSRNP1;RBM15;RFX7;BCL11B;STAT3;STAT5B;SYK;TAL1;TAL2;TCF3;BTG1;BTK;TERT;TNFRSF1A;TOP1;TP53;TPMT;U2AF1;VHL;WT1;XPO1;ZBTB16;ZNF230;DEK;KAT6A;NUP214;MLLT10;TET1;CALR;TAF15;CAMK2D;ELL;NCOA3;ZRSR2;PICALM;BRIP1;ARID5B;PHF6;MAML2;LCOR;GAS7;RUNX1;RUNX1T1;TP63;CBFA2T3;CBFB;TNKS;CBL;TRIM24;GMPS;KAT2B;HERC2;USP10;TRIP11;NCOR2;ZNF536;MED24;MAFB"
"117","GO:0071826",0.00771156856777212,3.42670157068063,5.51884700665188,11,19,"ribonucleoprotein complex subunit organization","CLP1;PSIP1;DDX3X;SF3B1;ATM;NPM1;SBDS;ATR;RPL5;RPL10;ZRSR2"
"118","GO:1902106",0.00808475754460073,2.95143540669856,6.97117516629712,13,24,"negative regulation of leukocyte differentiation","FSTL3;CDKN2A;CTNNB1;FLT3;GATA2;JAK3;MYC;NF1;RARA;BCL6;PRDM16;RUNX1;MAFB"
"119","GO:0002262",0.00836827994542232,2.37726315789474,10.7472283813747,18,37,"myeloid cell homeostasis","BCL2L11;CDK6;IKZF1;MECOM;FANCC;FOXO3;GATA1;GATA2;GATA3;JAK2;KIT;ARNT;PDE4B;BAK1;BCL6;STAT5B;TAL1;MAFB"
"120","GO:0007006",0.00850977361003938,5.78497409326425,2.90465631929047,7,10,"mitochondrial membrane organization","BCL2L11;BAK1;BCL2;STAT3;TP53;CASP8;BMF"
"121","GO:0016601",0.00850977361003938,5.78497409326425,2.90465631929047,7,10,"Rac protein signal transduction","CDH13;DNM2;KRAS;NF1;CAMK2D;ELMO1;FARP2"
"122","GO:0032210",0.00850977361003938,5.78497409326425,2.90465631929047,7,10,"regulation of telomere maintenance via telomerase","CTNNB1;POT1;ATM;PML;ATR;MAPK1;TNKS"
"123","GO:0035115",0.00850977361003938,5.78497409326425,2.90465631929047,7,10,"embryonic forelimb morphogenesis","CTNNB1;MECOM;HOXA9;HOXA11;HOXA13;HOXD11;RSPO2"
"124","GO:0098751",0.00850977361003938,5.78497409326425,2.90465631929047,7,10,"bone cell development","ABI1;EP300;FOXP1;KIT;PIP4K2A;PTPN11;TAL1"
"125","GO:0042127",0.00866430310674457,1.41176470588235,86.8492239467849,104,299,"regulation of cell proliferation","ABI1;DUX4;TSPAN32;CDH13;CDK6;CDKN2A;CDKN2B;CDKN2C;CDX2;VAV3;CEBPA;FGFR1OP;CSF1R;CTNNB1;DAB2IP;MECOM;EZH2;FANCA;FGF2;FGFR1;FGFR3;FOXO3;FLT3;TNFRSF13B;MTOR;ABL1;PRKD2;GATA1;GATA2;GATA3;ABL2;FOXP1;HLA-DRB1;TLX1;HOXD13;HRAS;FAS;JAK1;JAK2;JAK3;KIT;KRAS;LCK;LMO1;ARNT;KMT2A;FOXO4;MPL;MXI1;MYC;ATM;NF1;NFATC2;NOTCH1;NOTCH2;NPM1;NRAS;NTRK1;PBX1;LEF1;PDGFRA;PDGFRB;PML;PRRX1;FBXW7;PRKCH;MAPK1;MAP2K1;PTEN;BAK1;PTPRC;PTPRJ;RARA;CCND1;BCL2;BCL6;BCL11B;BRAF;STAT3;STAT5B;SYK;TAL1;TCF3;BTG1;BTK;TERT;TNFRSF1A;TP53;VHL;WT1;ZBTB16;TET1;CALR;CAMK2D;NCOA3;BRIP1;RUNX1;TP63;CBFA2T3;CBLB;TRIM24;KAT2B;MAGI2;CDC20"
"126","GO:0016570",0.00888291441841847,1.79944289693593,23.8181818181818,34,82,"histone modification","NCOA2;CREBBP;CTNNB1;ASXL1;EP300;EZH2;KAT6B;PRKD2;GATA2;GATA3;SETD2;IRF4;JAK2;KMT2A;ATM;PAX5;LEF1;PER1;PML;TET2;BCOR;KDM5A;BCL6;SET;NSD1;TCF3;TP53;KDM6A;KAT6A;TET1;CAMK2D;NCOA3;KAT2B;MED24"
"127","GO:0001775",0.00890531097126969,1.50505757858699,54.6075388026608,69,188,"cell activation","TSPAN32;CDK6;CDKN2A;IKZF1;VAV3;CTNNB1;DGKB;ADAMTS18;ELF4;EP300;FLT3;TNFRSF13B;MTOR;ABL1;GATA1;GATA2;GATA3;ABL2;FOXP1;SIT1;GNAS;HLA-DQA1;HLA-DQB1;HLA-DRB1;HOXA9;FAS;IL7R;IRF4;JAK2;JAK3;KIT;LCK;LMO1;LYL1;MPL;ATM;NFATC2;NOTCH2;NTRK1;LEF1;PDGFRA;PIK3CA;BCL11A;PLCG2;BANK1;PRKCH;MAPK1;BAK1;PTPN11;PTPRC;RARA;BCL2;BCL3;BCL6;BCR;RPL22;BCL11B;BRAF;STAT5B;SYK;TCF3;BTK;TP53;ZBTB16;CASP8;CBFB;CBLB;CCND3;MAFB"
"128","GO:0048168",0.00926057587437244,12.3582474226804,1.74279379157428,5,6,"regulation of neuronal synaptic plasticity","HRAS;KIT;KRAS;KMT2A;NF1"
"129","GO:0048485",0.00926057587437244,12.3582474226804,1.74279379157428,5,6,"sympathetic nervous system development","CTNNB1;GATA3;NF1;NTRK1;TP63"
"130","GO:0060397",0.00926057587437244,12.3582474226804,1.74279379157428,5,6,"JAK-STAT cascade involved in growth hormone signaling pathway","JAK2;JAK3;MAPK1;STAT3;STAT5B"
"131","GO:0030325",0.00931564571461335,7.42635658914729,2.32372505543237,6,8,"adrenal gland development","FSTL3;NF1;PBX1;PDGFRB;WT1;ARID5B"
"132","GO:0035794",0.00931564571461335,7.42635658914729,2.32372505543237,6,8,"positive regulation of mitochondrial membrane permeability","BCL2L11;BAK1;BCL2;TP53;CASP8;BMF"
"133","GO:0035855",0.00931564571461335,7.42635658914729,2.32372505543237,6,8,"megakaryocyte development","ABI1;EP300;KIT;PIP4K2A;PTPN11;TAL1"
"134","GO:0090344",0.00931564571461335,7.42635658914729,2.32372505543237,6,8,"negative regulation of cell aging","CDK6;ABL1;PTEN;BCL6;TERT;TP63"
"135","GO:0097345",0.00931564571461335,7.42635658914729,2.32372505543237,6,8,"mitochondrial outer membrane permeabilization","BCL2L11;BAK1;BCL2;TP53;CASP8;BMF"
"136","GO:1901028",0.00931564571461335,7.42635658914729,2.32372505543237,6,8,"regulation of mitochondrial outer membrane permeabilization involved in apoptotic signaling pathway","BCL2L11;BAK1;BCL2;TP53;CASP8;BMF"
"137","GO:1901030",0.00931564571461335,7.42635658914729,2.32372505543237,6,8,"positive regulation of mitochondrial outer membrane permeabilization involved in apoptotic signaling pathway","BCL2L11;BAK1;BCL2;TP53;CASP8;BMF"
"138","GO:1902108",0.00931564571461335,7.42635658914729,2.32372505543237,6,8,"regulation of mitochondrial membrane permeability involved in apoptotic process","BCL2L11;BAK1;BCL2;TP53;CASP8;BMF"
"139","GO:1902110",0.00931564571461335,7.42635658914729,2.32372505543237,6,8,"positive regulation of mitochondrial membrane permeability involved in apoptotic process","BCL2L11;BAK1;BCL2;TP53;CASP8;BMF"
"140","GO:1902686",0.00931564571461335,7.42635658914729,2.32372505543237,6,8,"mitochondrial outer membrane permeabilization involved in programmed cell death","BCL2L11;BAK1;BCL2;TP53;CASP8;BMF"
"141","GO:1904358",0.00931564571461335,7.42635658914729,2.32372505543237,6,8,"positive regulation of telomere maintenance via telomere lengthening","CTNNB1;POT1;ATM;ATR;MAPK1;TNKS"
"142","GO:0006325",0.00949559517280359,1.59028068705488,39.5033259423503,52,136,"chromatin organization","CDKN2A;IKZF1;NCOA2;CREBBP;CTNNB1;ASXL1;DNMT3A;EP300;MECOM;EZH2;CBX7;KAT6B;PRKD2;GATA1;GATA2;GATA3;SETD2;IRF4;JAK2;KMT2A;MYC;ATM;NPM1;PAX5;LEF1;PER1;PML;TET2;BCOR;CASC5;KDM5A;CCND1;BCL6;BCORL1;PRDM16;SET;NSD1;TAL1;TCF3;TOP1;TP53;KDM6A;DEK;KAT6A;TET1;CAMK2D;NCOA3;ARID5B;TP63;KAT2B;NCOR2;MED24"
"143","GO:0042110",0.00975180296808079,1.66415584415584,31.6607538802661,43,109,"T cell activation","CDK6;CDKN2A;IKZF1;CTNNB1;ELF4;FLT3;MTOR;ABL1;GATA3;ABL2;FOXP1;SIT1;HLA-DQA1;HLA-DQB1;HLA-DRB1;FAS;IL7R;IRF4;JAK3;KIT;LCK;LMO1;LEF1;PIK3CA;BCL11A;PTPN11;PTPRC;RARA;BCL2;BCL3;BCL6;RPL22;BCL11B;BRAF;STAT5B;SYK;TCF3;TP53;ZBTB16;CASP8;CBLB;CCND3;MAFB"
"144","GO:0070489",0.00975180296808079,1.66415584415584,31.6607538802661,43,109,"T cell aggregation","CDK6;CDKN2A;IKZF1;CTNNB1;ELF4;FLT3;MTOR;ABL1;GATA3;ABL2;FOXP1;SIT1;HLA-DQA1;HLA-DQB1;HLA-DRB1;FAS;IL7R;IRF4;JAK3;KIT;LCK;LMO1;LEF1;PIK3CA;BCL11A;PTPN11;PTPRC;RARA;BCL2;BCL3;BCL6;RPL22;BCL11B;BRAF;STAT5B;SYK;TCF3;TP53;ZBTB16;CASP8;CBLB;CCND3;MAFB"
"145","GO:0071593",0.00975180296808079,1.66415584415584,31.6607538802661,43,109,"lymphocyte aggregation","CDK6;CDKN2A;IKZF1;CTNNB1;ELF4;FLT3;MTOR;ABL1;GATA3;ABL2;FOXP1;SIT1;HLA-DQA1;HLA-DQB1;HLA-DRB1;FAS;IL7R;IRF4;JAK3;KIT;LCK;LMO1;LEF1;PIK3CA;BCL11A;PTPN11;PTPRC;RARA;BCL2;BCL3;BCL6;RPL22;BCL11B;BRAF;STAT5B;SYK;TCF3;TP53;ZBTB16;CASP8;CBLB;CCND3;MAFB"
"146","GO:0022613",0.00990499540958677,2.69088694946215,7.84257206208426,14,27,"ribonucleoprotein complex biogenesis","CDKN2A;CLP1;PSIP1;DDX3X;SF3B1;ATM;NPM1;SBDS;ATR;PTEN;RPL5;RPL10;XPO1;ZRSR2"
