"","GOCCID","Pvalue","OddsRatio","ExpCount","Count","Size","Term","Symbols"
"1","GO:0005634",6.050365165449e-05,1.6006374501992,215.367965367965,248,750,"nucleus","ABI1;DUX4;CDK6;OLIG2;FSTL3;CDKN2A;CDKN2B;CDKN2C;IKZF1;CDX2;NCOA2;CEBPA;CEBPE;CENPF;POLQ;STAG2;MLLT11;CLP1;FGFR1OP;PSIP1;SP140;FOPNL;NDUFAF6;CREBBP;METTL11B;CTNNB1;CUX1;DDX3X;GLIS3;ZNF384;ASXL1;DNM2;DNMT3A;EBF1;ELF4;EP300;ERG;ESRRG;ETV6;MECOM;EWSR1;EZH2;FANCA;FANCC;FANCD2;FANCE;FANCF;FANCG;FAT1;FGF2;FGFR1;FGFR3;FHIT;MLXIP;ELL2;FOXO3;FLT3;KAZN;MTUS2;SF3B1;CBX7;KAT6B;CBLC;MTOR;ABL1;FUS;PRKD2;POT1;ZNF521;SETBP1;GATA1;GATA2;FAM50B;GATA3;FOXP1;AFF4;GNAS;SETD2;ANKRD11;TFPT;TLX3;HDLBP;HIP1;MNX1;HLF;TLX1;HOXA9;HOXA11;HOXA13;HOXC11;HOXC13;HOXD11;HOXD13;HRAS;BIRC3;IRF8;SP110;MACC1;FAS;ILF2;IRF4;JAK1;JAK2;AFF3;LMO1;LMO2;LPP;ARNT;LYL1;MAF;MLF1;KMT2A;MLLT1;AFF1;MLLT3;MLLT4;MLLT6;FOXO4;MXI1;MYC;MYCL;ATM;NF1;NFATC2;CNOT3;NOTCH1;NOTCH2;NPM1;NUMA1;NUP98;PAX5;PBX1;PCM1;CRYL1;SBDS;LEF1;CRBN;NIN;DDX41;NCKIPSD;PDGFRA;PDGFRB;PER1;PIP4K2A;BCL11A;PML;PRRX1;ATR;BCOR;FBXW7;ETNK1;ZNF701;MYNN;MAPK1;MAP2K1;METTL3;CASC5;PTEN;ALPK3;MKL1;PTPN11;RAD21;RARA;KDM5A;CCND1;BCL2;RIT2;BCL3;BCL6;RNF6;BCL9;RPL5;RPL22;BCORL1;PRDM16;BLM;SET;SRSF2;NSD1;RPL13AP3;CSRNP1;RBM15;RFX7;RANBP17;BCL11B;BRAF;STAT3;STAT5B;SYK;TAL1;TAL2;TCF3;BTG1;BTK;TERT;TOP1;TP53;U2AF1;KDM6A;VHL;WT1;XPO1;ZBTB16;ZNF230;MIS12;DEK;KAT6A;NUP214;MLLT10;TET1;CALR;TCL1A;TAF15;CAMK2D;ELL;NCOA3;ZRSR2;PICALM;BRIP1;CASP8;ARID5B;PHF6;MAML2;LCOR;RUNX1;RUNX1T1;TP63;CBFA2T3;CBFB;TNKS;CBL;CBLB;TRIM24;KAT2B;HERC2;CCND2;CCND3;USP10;SPECC1;TRIP11;AKAP7;NCOR2;PDE4DIP;ZNF536;MED24;MAGI2;CDC20;MAFB"
"2","GO:0044451",0.000895800213624863,1.97167138810198,30.1515151515152,45,105,"nucleoplasm part","CDKN2A;CLP1;SP140;CREBBP;DDX3X;ELF4;EP300;MECOM;EZH2;FANCA;FANCC;FANCE;FANCF;FANCG;ELL2;SF3B1;KAT6B;MTOR;AFF4;KMT2A;MLLT1;AFF1;MLLT3;PML;ATR;METTL3;PTEN;RNF6;BLM;SRSF2;RBM15;TAL1;TERT;TP53;U2AF1;KDM6A;WT1;XPO1;ZBTB16;KAT6A;ELL;MAML2;KAT2B;NCOR2;MED24"
"3","GO:0043240",0.00191770925976854,Inf,1.43578643578644,5,5,"Fanconi anaemia nuclear complex","FANCA;FANCC;FANCE;FANCF;FANCG"
"4","GO:0005654",0.00278321582919007,1.43951004295832,115.150072150072,137,401,"nucleoplasm","DUX4;CDK6;FSTL3;CDKN2A;CDKN2B;CDX2;NCOA2;CEBPE;CENPF;POLQ;STAG2;CLP1;PSIP1;SP140;CREBBP;CTNNB1;CUX1;DDX3X;GLIS3;DNMT3A;ELF4;EP300;ESRRG;MECOM;EZH2;FANCA;FANCC;FANCD2;FANCE;FANCF;FANCG;ELL2;FOXO3;SF3B1;CBX7;KAT6B;MTOR;ABL1;FUS;PRKD2;POT1;GATA1;GATA2;GATA3;FOXP1;AFF4;SETD2;ANKRD11;TFPT;HOXC11;HOXD11;BIRC3;IRF8;ILF2;IRF4;JAK2;AFF3;ARNT;KMT2A;MLLT1;AFF1;MLLT3;MLLT4;FOXO4;MYC;ATM;NFATC2;NOTCH1;NOTCH2;NPM1;NUMA1;NUP98;PBX1;SBDS;LEF1;BCL11A;PML;ATR;FBXW7;ETNK1;MAPK1;METTL3;CASC5;PTEN;MKL1;RAD21;RARA;KDM5A;CCND1;BCL3;RNF6;BCL9;BCORL1;BLM;SET;SRSF2;NSD1;RBM15;STAT3;STAT5B;TAL1;TCF3;TERT;TOP1;TP53;U2AF1;KDM6A;VHL;WT1;XPO1;ZBTB16;DEK;KAT6A;NUP214;MLLT10;TAF15;CAMK2D;ELL;NCOA3;BRIP1;CASP8;ARID5B;PHF6;MAML2;RUNX1;RUNX1T1;TP63;CBFA2T3;CBLB;KAT2B;HERC2;CCND2;CCND3;USP10;NCOR2;MED24;CDC20"
"5","GO:0031981",0.00525839355029123,1.38526889583195,132.092352092352,153,460,"nuclear lumen","DUX4;CDK6;FSTL3;CDKN2A;CDKN2B;CDX2;NCOA2;CEBPA;CEBPE;CENPF;POLQ;STAG2;CLP1;PSIP1;SP140;CREBBP;CTNNB1;CUX1;DDX3X;GLIS3;ASXL1;DNMT3A;ELF4;EP300;ESRRG;ETV6;MECOM;EWSR1;EZH2;FANCA;FANCC;FANCD2;FANCE;FANCF;FANCG;ELL2;FOXO3;SF3B1;CBX7;KAT6B;MTOR;ABL1;FUS;PRKD2;POT1;GATA1;GATA2;GATA3;FOXP1;AFF4;SETD2;ANKRD11;TFPT;MNX1;HOXC11;HOXD11;BIRC3;IRF8;SP110;ILF2;IRF4;JAK2;AFF3;ARNT;KMT2A;MLLT1;AFF1;MLLT3;MLLT4;FOXO4;MXI1;MYC;ATM;NF1;NFATC2;NOTCH1;NOTCH2;NPM1;NUMA1;NUP98;PBX1;CRYL1;SBDS;LEF1;CRBN;NIN;BCL11A;PML;PRRX1;ATR;FBXW7;ETNK1;MAPK1;METTL3;CASC5;PTEN;MKL1;RAD21;RARA;KDM5A;CCND1;BCL3;RNF6;BCL9;RPL5;BCORL1;BLM;SET;SRSF2;NSD1;RBM15;STAT3;STAT5B;TAL1;TCF3;TERT;TOP1;TP53;U2AF1;KDM6A;VHL;WT1;XPO1;ZBTB16;MIS12;DEK;KAT6A;NUP214;MLLT10;TAF15;CAMK2D;ELL;NCOA3;BRIP1;CASP8;ARID5B;PHF6;MAML2;RUNX1;RUNX1T1;TP63;CBFA2T3;TNKS;CBLB;TRIM24;KAT2B;HERC2;CCND2;CCND3;USP10;NCOR2;MED24;CDC20"
"6","GO:0005829",0.00595326928698182,1.39326453014666,115.150072150072,135,401,"cytosol","ABI1;BCL2L11;SH2B3;TOM1;CDK6;CDKN2A;CDKN2B;CDKN2C;VAV3;PDLIM5;CENPF;STAG2;CNTRL;FGFR1OP;PSIP1;ARAP2;CTNNB1;CUX1;DAB2IP;DCC;DDC;DDX3X;DNM2;EPS15;MECOM;FANCC;FGFR1;FHIT;NT5C2;FOXO3;ARHGAP26;FLNB;FLT3;ARHGEF12;MTOR;ABL1;IPCEF1;GATA2;ABL2;GNAS;FAM126B;HRAS;BIRC3;IRF8;IDH1;IDH2;FAS;IRF4;ARAF;JAK1;JAK2;JAK3;KRAS;LCK;MLLT4;FOXO4;MYC;MYD88;MYH11;NEB;NF1;NFATC2;NFKBIE;CNOT3;NOTCH1;NPM1;NUMA1;NUP98;PCM1;CRYL1;PDE4B;DDX41;PDE4D;NCKIPSD;PDGFRA;SERPINB6;PIK3CA;PIP4K2A;PLCG2;PML;ETNK1;PRKCH;MAPK1;MAP2K1;PARD3;CASC5;PTEN;MKL1;BAK1;PTPN11;PYGL;RAD21;RAP1GDS1;CCND1;BCL2;RPL5;BCR;RPL10;RPL22;RYR2;PRDM16;SET;MAP1LC3B2;STIL;BRAF;STAT3;STAT5B;SYK;BTK;TP53;TPMT;VHL;XPO1;ZBTB16;MIS12;DENND1C;NUP214;CALR;CAMK2D;CASP8;TP63;TNKS;CBL;CBLB;TRIM24;GMPS;KAT2B;CCND2;BMF;ARHGAP18;AKAP7;ELMO1;FARP2;CDC20;ARHGAP44"
"7","GO:0016604",0.00733619978144506,2.02264581296839,16.9422799422799,26,59,"nuclear body","CDKN2A;SP140;CREBBP;DDX3X;ELF4;MECOM;SF3B1;MTOR;PML;ATR;METTL3;PTEN;RNF6;BLM;SRSF2;RBM15;TERT;TP53;U2AF1;WT1;XPO1;ZBTB16;KAT6A;ELL;MAML2;NCOR2"
"8","GO:0030529",0.00769291704742522,2.16489361702128,13.7835497835498,22,48,"intracellular ribonucleoprotein complex","MSI2;DDX3X;ERG;SF3B1;FUS;ILF2;NFATC2;CNOT3;NPM1;DDX41;RPL5;RPL10;RPL22;SRSF2;RPL13AP3;TERT;TOP1;U2AF1;XPO1;CALR;ZRSR2;CASP8"
"9","GO:1990904",0.00769291704742522,2.16489361702128,13.7835497835498,22,48,"ribonucleoprotein complex","MSI2;DDX3X;ERG;SF3B1;FUS;ILF2;NFATC2;CNOT3;NPM1;DDX41;RPL5;RPL10;RPL22;SRSF2;RPL13AP3;TERT;TOP1;U2AF1;XPO1;CALR;ZRSR2;CASP8"
"10","GO:0001669",0.0087626385842259,7.54591836734694,2.2972582972583,6,8,"acrosomal vesicle","KIT;NOTCH1;CASC5;CALR;BMF;TRIP11"
"11","GO:0000123",0.00877758162997605,12.5572519083969,1.72294372294372,5,6,"histone acetyltransferase complex","CREBBP;EP300;KAT6B;KAT6A;KAT2B"
"12","GO:0034399",0.00920577836098105,3.04041450777202,6.31746031746032,12,22,"nuclear periphery","CENPF;PSIP1;DNMT3A;SF3B1;JAK2;NUMA1;NUP98;PML;BLM;TP53;RUNX1T1;NCOR2"
