"","GOMFID","Pvalue","OddsRatio","ExpCount","Count","Size","Term","Symbols"
"1","GO:0001071",3.99444430165257e-05,1.92071307300509,56.7721518987342,81,195,"nucleic acid binding transcription factor activity","OLIG2;IKZF1;CDX2;CEBPA;CEBPE;STAG2;SP140;CREBBP;CTNNB1;CUX1;GLIS3;EBF1;ELF4;EP300;ERG;ESRRG;ETV6;MECOM;MLXIP;FOXO3;GATA1;GATA2;GATA3;FOXP1;AFF4;MNX1;HLF;TLX1;HOXA13;HOXC11;HOXC13;HOXD13;IRF8;IRF4;LMO2;ARNT;LYL1;MAF;KMT2A;AFF1;FOXO4;MYC;MYCL;NFATC2;NOTCH1;PAX5;PBX1;LEF1;BCL11A;FBXW7;MYNN;MKL1;RAD21;RARA;KDM5A;BCL3;BCL6;CSRNP1;RFX7;BCL11B;STAT3;STAT5B;TAL1;TAL2;TCF3;TP53;WT1;ZBTB16;MLLT10;NCOA3;ARID5B;LCOR;GAS7;RUNX1;RUNX1T1;TP63;CBFA2T3;CBFB;CBL;ZNF536;MAFB"
"2","GO:0003700",3.99444430165257e-05,1.92071307300509,56.7721518987342,81,195,"transcription factor activity, sequence-specific DNA binding","OLIG2;IKZF1;CDX2;CEBPA;CEBPE;STAG2;SP140;CREBBP;CTNNB1;CUX1;GLIS3;EBF1;ELF4;EP300;ERG;ESRRG;ETV6;MECOM;MLXIP;FOXO3;GATA1;GATA2;GATA3;FOXP1;AFF4;MNX1;HLF;TLX1;HOXA13;HOXC11;HOXC13;HOXD13;IRF8;IRF4;LMO2;ARNT;LYL1;MAF;KMT2A;AFF1;FOXO4;MYC;MYCL;NFATC2;NOTCH1;PAX5;PBX1;LEF1;BCL11A;FBXW7;MYNN;MKL1;RAD21;RARA;KDM5A;BCL3;BCL6;CSRNP1;RFX7;BCL11B;STAT3;STAT5B;TAL1;TAL2;TCF3;TP53;WT1;ZBTB16;MLLT10;NCOA3;ARID5B;LCOR;GAS7;RUNX1;RUNX1T1;TP63;CBFA2T3;CBFB;CBL;ZNF536;MAFB"
"3","GO:0003677",0.000210960608859029,1.60920027109454,104.227848101266,131,358,"DNA binding","DUX4;OLIG2;CDKN2A;IKZF1;CDX2;NCOA2;CEBPA;CEBPE;POLQ;PSIP1;SP140;CREBBP;CTNNB1;CUX1;DDX3X;GLIS3;ZNF384;ASXL1;DNMT3A;EBF1;ELF4;EP300;ERG;ESRRG;ETV6;MECOM;EZH2;FANCG;MLXIP;FOXO3;KAT6B;MTOR;ABL1;FUS;POT1;ZNF521;SETBP1;GATA1;GATA2;GATA3;FOXP1;TFPT;TLX3;MNX1;HLF;TLX1;HOXA9;HOXA11;HOXA13;HOXC11;HOXC13;HOXD11;HOXD13;IRF8;SP110;ILF2;IRF4;AFF3;LMO2;ARNT;LYL1;MAF;MLF1;KMT2A;MLLT1;FOXO4;MXI1;MYC;MYCL;ATM;NFATC2;NOTCH1;PAX5;PBX1;LEF1;DDX41;PER1;BCL11A;PML;PRRX1;ATR;TET2;BCOR;ZNF701;MYNN;MAPK1;MKL1;RARA;KDM5A;BCL2;BCL3;BCL6;RNF6;PRDM16;BLM;SET;NSD1;CSRNP1;RFX7;BCL11B;STAT3;STAT5B;TAL1;TAL2;TCF3;TERT;TOP1;TP53;KDM6A;WT1;ZBTB16;ZNF230;DEK;KAT6A;MLLT10;TET1;CALR;TAF15;BRIP1;ARID5B;PHF6;LCOR;RUNX1;RUNX1T1;TP63;CBFB;TRIM24;KAT2B;NCOR2;ZNF536;MAFB"
"4","GO:0043565",0.000493547160898681,1.72779552715655,57.6455696202532,78,198,"sequence-specific DNA binding","DUX4;IKZF1;CDX2;NCOA2;CEBPA;CEBPE;CREBBP;CUX1;ZNF384;DNMT3A;EBF1;ELF4;EP300;ERG;ESRRG;ETV6;EZH2;FOXO3;MTOR;POT1;GATA1;GATA2;GATA3;FOXP1;TLX3;MNX1;HLF;TLX1;HOXA9;HOXA11;HOXA13;HOXC11;HOXC13;HOXD11;HOXD13;IRF4;LMO2;ARNT;LYL1;MAF;KMT2A;FOXO4;MYC;NFATC2;NOTCH1;PAX5;PBX1;LEF1;PER1;BCL11A;PRRX1;MKL1;RARA;BCL2;BCL6;PRDM16;NSD1;CSRNP1;RFX7;BCL11B;STAT3;STAT5B;TAL1;TAL2;TCF3;TERT;TOP1;TP53;KDM6A;WT1;ZBTB16;ARID5B;RUNX1;TP63;TRIM24;KAT2B;ZNF536;MAFB"
"5","GO:0004402",0.0012263772794143,9.92167101827676,2.91139240506329,8,10,"histone acetyltransferase activity","NCOA2;CREBBP;EP300;KAT6B;KAT6A;NCOA3;KAT2B;MED24"
"6","GO:0061733",0.0012263772794143,9.92167101827676,2.91139240506329,8,10,"peptide-lysine-N-acetyltransferase activity","NCOA2;CREBBP;EP300;KAT6B;KAT6A;NCOA3;KAT2B;MED24"
"7","GO:0003713",0.00328474757804328,2.14809249519993,17.7594936708861,28,61,"transcription coactivator activity","NCOA2;CEBPA;PSIP1;CREBBP;CTNNB1;ASXL1;EP300;FGF2;FUS;GATA3;ARNT;NPM1;PML;PRRX1;MKL1;RARA;KDM5A;PRDM16;TCF3;KAT6A;NCOA3;ARID5B;MAML2;CBFB;TRIM24;KAT2B;TRIP11;MED24"
"8","GO:0034212",0.00335859390964594,6.60748476936466,3.20253164556962,8,11,"peptide N-acetyltransferase activity","NCOA2;CREBBP;EP300;KAT6B;KAT6A;NCOA3;KAT2B;MED24"
"9","GO:0097159",0.00345197368800618,1.39443911792905,193.025316455696,216,663,"organic cyclic compound binding","DUX4;CDK6;OLIG2;GPHN;CDKN2A;IKZF1;CDX2;NCOA2;CEBPA;CEBPE;POLQ;SEPT9;CLP1;PSIP1;SP140;MSI2;CREBBP;CSF1R;CTNNB1;TTL;CUX1;DGKB;DDC;DDX3X;DDX10;GLIS3;ZNF384;ASXL1;DNM2;DNMT3A;EBF1;ELF4;EP300;ERG;ESRRG;ETV6;MECOM;EWSR1;EZH2;FANCG;FGFR1;FGFR3;FHIT;MLXIP;NT5C2;FOXO3;SEPT6;FLNB;FLT3;ACSL6;SF3B1;CBX7;KAT6B;OSBP2;ALK;MTOR;ABL1;FUS;PRKD2;POT1;ZNF521;ULK3;SETBP1;GATA1;GATA2;GATA3;ABL2;FOXP1;GNAS;TFPT;TLX3;HDLBP;MNX1;HLF;TLX1;HOXA9;HOXA11;HOXA13;HOXC11;HOXC13;HOXD11;HOXD13;HRAS;IRF8;IDH1;IDH2;SP110;FTCDNL1;ILF2;IRF4;ARAF;JAK1;JAK2;JAK3;KIT;KRAS;AFF3;LCK;LMO2;ARNT;LYL1;MAF;MLF1;KMT2A;MLLT1;FOXO4;MXI1;MYC;MYCL;MYH11;ATM;NFATC2;NOTCH1;NPM1;NRAS;NTRK1;PAX5;PBX1;CRYL1;SBDS;LEF1;NIN;PDE4B;DDX41;PDE4D;PDGFRA;PDGFRB;PER1;PIK3CA;PIP4K2A;BCL11A;PML;PRRX1;SEPT5;ATR;TET2;BCOR;ULK4;ACOXL;ETNK1;ZNF701;PRKCH;MYNN;MAPK1;MAP2K1;METTL3;ALPK3;MKL1;PYGL;RARA;KDM5A;BCL2;RIT2;BCL3;BCL6;RNF6;RPL5;BCR;RPL10;RPL22;RPN1;RYR2;PRDM16;BLM;SET;SRSF2;NSD1;CSRNP1;RBM15;RFX7;RANBP17;BCL11B;BRAF;STAT3;STAT5B;SYK;TAL1;TAL2;TBXAS1;TCF3;BTK;TERT;TOP1;TP53;U2AF1;KDM6A;WT1;XPO1;ZBTB16;CACNA1B;ZNF230;DEK;KAT6A;MLLT10;TET1;CALR;TAF15;CAMK2D;ZRSR2;BRIP1;ARID5B;PHF6;LCOR;RUNX1;RUNX1T1;TP63;CBFB;DNAH11;TRIM24;GMPS;KAT2B;USP10;AKAP7;NCOR2;ZNF536;MAFB"
"10","GO:1901363",0.00419593700981657,1.38331551890874,191.569620253165,214,658,"heterocyclic compound binding","DUX4;CDK6;OLIG2;GPHN;CDKN2A;IKZF1;CDX2;NCOA2;CEBPA;CEBPE;POLQ;SEPT9;CLP1;PSIP1;SP140;MSI2;CREBBP;CSF1R;CTNNB1;TTL;CUX1;DGKB;DDC;DDX3X;DDX10;GLIS3;ZNF384;ASXL1;DNM2;DNMT3A;EBF1;ELF4;EP300;ERG;ESRRG;ETV6;MECOM;EWSR1;EZH2;FANCG;FGFR1;FGFR3;FHIT;MLXIP;NT5C2;FOXO3;SEPT6;FLNB;FLT3;ACSL6;SF3B1;CBX7;KAT6B;ALK;MTOR;ABL1;FUS;PRKD2;POT1;ZNF521;ULK3;SETBP1;GATA1;GATA2;GATA3;ABL2;FOXP1;GNAS;TFPT;TLX3;HDLBP;MNX1;HLF;TLX1;HOXA9;HOXA11;HOXA13;HOXC11;HOXC13;HOXD11;HOXD13;HRAS;IRF8;IDH1;IDH2;SP110;FTCDNL1;ILF2;IRF4;ARAF;JAK1;JAK2;JAK3;KIT;KRAS;AFF3;LCK;LMO2;ARNT;LYL1;MAF;MLF1;KMT2A;MLLT1;FOXO4;MXI1;MYC;MYCL;MYH11;ATM;NFATC2;NOTCH1;NPM1;NRAS;NTRK1;PAX5;PBX1;CRYL1;SBDS;LEF1;NIN;PDE4B;DDX41;PDE4D;PDGFRA;PDGFRB;PER1;PIK3CA;PIP4K2A;BCL11A;PML;PRRX1;SEPT5;ATR;TET2;BCOR;ULK4;ACOXL;ETNK1;ZNF701;PRKCH;MYNN;MAPK1;MAP2K1;METTL3;ALPK3;MKL1;PYGL;RARA;KDM5A;BCL2;RIT2;BCL3;BCL6;RNF6;RPL5;BCR;RPL10;RPL22;RPN1;PRDM16;BLM;SET;SRSF2;NSD1;CSRNP1;RBM15;RFX7;RANBP17;BCL11B;BRAF;STAT3;STAT5B;SYK;TAL1;TAL2;TBXAS1;TCF3;BTK;TERT;TOP1;TP53;U2AF1;KDM6A;WT1;XPO1;ZBTB16;CACNA1B;ZNF230;DEK;KAT6A;MLLT10;TET1;CALR;TAF15;CAMK2D;ZRSR2;BRIP1;ARID5B;PHF6;LCOR;RUNX1;RUNX1T1;TP63;CBFB;DNAH11;TRIM24;GMPS;KAT2B;USP10;AKAP7;NCOR2;ZNF536;MAFB"
"11","GO:0008134",0.00709091490348116,1.65143120960295,36.3924050632911,49,125,"transcription factor binding","CDKN2A;NCOA2;CEBPA;CENPF;PSIP1;CREBBP;CTNNB1;DDX3X;ASXL1;EP300;FOXO3;KAT6B;MTOR;FUS;GATA1;GATA2;GATA3;IRF4;LMO2;ARNT;FOXO4;MYC;NFATC2;NPM1;PBX1;LEF1;PER1;BCOR;MAPK1;RARA;CCND1;BCL2;BCL3;PRDM16;NSD1;STAT3;TAL1;TCF3;TERT;TP53;VHL;KAT6A;NCOA3;LCOR;RUNX1;KAT2B;NCOR2;MED24;MAFB"
"12","GO:0001784",0.00710657897393921,Inf,1.16455696202532,4,4,"phosphotyrosine binding","CBLC;MAPK1;CBL;CBLB"
"13","GO:0008080",0.00753618576456111,4.95039164490862,3.49367088607595,8,12,"N-acetyltransferase activity","NCOA2;CREBBP;EP300;KAT6B;KAT6A;NCOA3;KAT2B;MED24"
"14","GO:0016410",0.00753618576456111,4.95039164490862,3.49367088607595,8,12,"N-acyltransferase activity","NCOA2;CREBBP;EP300;KAT6B;KAT6A;NCOA3;KAT2B;MED24"
"15","GO:0045309",0.00936100077565663,12.3186528497409,1.74683544303797,5,6,"protein phosphorylated amino acid binding","CBLC;FBXW7;MAPK1;CBL;CBLB"
"16","GO:0070742",0.00936100077565663,12.3186528497409,1.74683544303797,5,6,"C2H2 zinc finger domain binding","EBF1;GATA1;GATA2;LEF1;WT1"
