"","GOMFID","Pvalue","OddsRatio","ExpCount","Count","Size","Term","Symbols"
"1","GO:0048407",0.000313876361204164,47.4512195121951,0.163812360387193,3,5,"platelet-derived growth factor binding","COL1A1;COL2A1;PDGFRA"
"2","GO:0000978",0.000472129881676393,4.8038961038961,2.45718540580789,9,75,"RNA polymerase II core promoter proximal region sequence-specific DNA binding","NCOA2;EGR2;ETV1;ETV4;FLI1;NFATC2;NFIB;TCF12;NR4A3"
"3","GO:0003677",0.000656503557396793,2.86607142857143,11.728965003723,22,358,"DNA binding","CDKN2A;NCOA2;EGFR;EGR2;ERCC2;ERG;ETV1;ETV4;FLI1;HEY1;FUS;H3F3B;NFATC2;NFIB;FEV;TCF12;WRN;CNBP;NR4A3;TAF15;RECQL4;THRAP3"
"4","GO:0000987",0.000701321111821279,4.51469387755102,2.58823529411765,9,79,"core promoter proximal region sequence-specific DNA binding","NCOA2;EGR2;ETV1;ETV4;FLI1;NFATC2;NFIB;TCF12;NR4A3"
"5","GO:0001159",0.000771044673720599,4.44748490945674,2.62099776619509,9,80,"core promoter proximal region DNA binding","NCOA2;EGR2;ETV1;ETV4;FLI1;NFATC2;NFIB;TCF12;NR4A3"
"6","GO:0046983",0.00090173058514309,3.25235173824131,5.79895755770663,14,177,"protein dimerization activity","NCOA2;EGFR;EXT1;EXT2;FGFR1;HEY1;H3F3B;IDH1;PDGFRA;RAF1;TCF12;WRN;NR4A3;CASP8"
"7","GO:0042328",0.00104976624391197,Inf,0.0655249441548771,2,2,"heparan sulfate N-acetylglucosaminyltransferase activity","EXT1;EXT2"
"8","GO:0050508",0.00104976624391197,Inf,0.0655249441548771,2,2,"glucuronosyl-N-acetylglucosaminyl-proteoglycan 4-alpha-N-acetylglucosaminyltransferase activity","EXT1;EXT2"
"9","GO:0050509",0.00104976624391197,Inf,0.0655249441548771,2,2,"N-acetylglucosaminyl-proteoglycan 4-beta-glucuronosyltransferase activity","EXT1;EXT2"
"10","GO:0001077",0.00105965541564387,4.67043314500942,2.19508562918838,8,67,"transcriptional activator activity, RNA polymerase II core promoter proximal region sequence-specific binding","EGR2;ETV1;ETV4;FLI1;NFATC2;NFIB;TCF12;NR4A3"
"11","GO:0003690",0.0012019738992809,3.26133391455972,5.27475800446761,13,161,"double-stranded DNA binding","NCOA2;EGFR;EGR2;ETV1;ETV4;FLI1;HEY1;H3F3B;NFATC2;NFIB;TCF12;NR4A3;THRAP3"
"12","GO:1990837",0.00130421948438168,3.37211538461538,4.65227103499628,12,142,"sequence-specific double-stranded DNA binding","NCOA2;EGR2;ETV1;ETV4;FLI1;HEY1;H3F3B;NFATC2;NFIB;TCF12;NR4A3;THRAP3"
"13","GO:0000981",0.00138983483517362,3.34351145038168,4.68503350707372,12,143,"RNA polymerase II transcription factor activity, sequence-specific DNA binding","STAG2;EGR2;ERG;ETV1;ETV4;FLI1;HEY1;NFATC2;NFIB;FEV;TCF12;NR4A3"
"14","GO:0046966",0.00163979871132491,18.9365853658537,0.262099776619509,3,8,"thyroid hormone receptor binding","NCOA2;FUS;THRAP3"
"15","GO:0001228",0.00232200425333235,3.71938775510204,3.04690990320179,9,93,"transcriptional activator activity, RNA polymerase II transcription regulatory region sequence-specific binding","STAG2;EGR2;ETV1;ETV4;FLI1;NFATC2;NFIB;TCF12;NR4A3"
"16","GO:0043565",0.00279360487185713,2.82789855072464,6.48696947133284,14,198,"sequence-specific DNA binding","NCOA2;EGR2;ERG;ETV1;ETV4;FLI1;HEY1;H3F3B;NFATC2;NFIB;FEV;TCF12;NR4A3;THRAP3"
"17","GO:0043140",0.00308354156209488,61.8095238095238,0.0982874162323157,2,3,"ATP-dependent 3'-5' DNA helicase activity","WRN;RECQL4"
"18","GO:0000976",0.00312665043113348,3.13066666666667,4.45569620253165,11,136,"transcription regulatory region sequence-specific DNA binding","NCOA2;EGR2;ETV1;ETV4;FLI1;H3F3B;NFATC2;NFIB;TCF12;NR4A3;THRAP3"
"19","GO:0003676",0.00323443447319718,2.42511627906977,14.8741623231571,24,454,"nucleic acid binding","CDKN2A;NCOA2;EGFR;EGR2;ERCC2;ERG;ETV1;ETV4;EWSR1;FLI1;HEY1;FUS;H3F3B;NFATC2;NFIB;FEV;TCF12;WRN;CNBP;NR4A3;TAF15;USP6;RECQL4;THRAP3"
"20","GO:0000982",0.00341365374817629,3.78703703703704,2.62099776619509,8,80,"transcription factor activity, RNA polymerase II core promoter proximal region sequence-specific binding","EGR2;ETV1;ETV4;FLI1;NFATC2;NFIB;TCF12;NR4A3"
"21","GO:0042802",0.0034325552327409,2.84257291867877,5.89724497393894,13,180,"identical protein binding","COL1A1;COL2A1;EGFR;EWSR1;EXT1;FGFR1;FUS;IDH1;PDGFRA;RAF1;TCF12;WRN;NR4A3"
"22","GO:0000977",0.00453763905527142,3.1171218487395,3.99702159344751,10,122,"RNA polymerase II regulatory region sequence-specific DNA binding","NCOA2;EGR2;ETV1;ETV4;FLI1;H3F3B;NFATC2;NFIB;TCF12;NR4A3"
"23","GO:0001012",0.00542347444739293,3.02813299232737,4.09530900967982,10,125,"RNA polymerase II regulatory region DNA binding","NCOA2;EGR2;ETV1;ETV4;FLI1;H3F3B;NFATC2;NFIB;TCF12;NR4A3"
"24","GO:0004003",0.00587440006818997,10.4878048780488,0.393149664929263,3,12,"ATP-dependent DNA helicase activity","ERCC2;WRN;RECQL4"
"25","GO:0015020",0.00603858674455916,30.8809523809524,0.131049888309754,2,4,"glucuronosyltransferase activity","EXT1;EXT2"
"26","GO:0043138",0.00603858674455916,30.8809523809524,0.131049888309754,2,4,"3'-5' DNA helicase activity","WRN;RECQL4"
"27","GO:0004175",0.00660343976488651,6.395,0.786299329858526,4,24,"endopeptidase activity","ADAMTS6;ADAMTS17;CASP8;USP6"
"28","GO:0001071",0.00700543119038065,2.57373271889401,6.38868205510052,13,195,"nucleic acid binding transcription factor activity","STAG2;EGR2;ERG;ETV1;ETV4;FLI1;HEY1;NFATC2;NFIB;FEV;TCF12;CNBP;NR4A3"
"29","GO:0003700",0.00700543119038065,2.57373271889401,6.38868205510052,13,195,"transcription factor activity, sequence-specific DNA binding","STAG2;EGR2;ERG;ETV1;ETV4;FLI1;HEY1;NFATC2;NFIB;FEV;TCF12;CNBP;NR4A3"
"30","GO:0003678",0.00746308592563124,9.43170731707317,0.425912137006701,3,13,"DNA helicase activity","ERCC2;WRN;RECQL4"
"31","GO:0019838",0.00767516481170607,6.08571428571429,0.819061801935964,4,25,"growth factor binding","COL1A1;COL2A1;FGFR1;PDGFRA"
"32","GO:0000405",0.00985506033346248,20.5714285714286,0.163812360387193,2,5,"bubble DNA binding","WRN;RECQL4"
"33","GO:0008375",0.00985506033346248,20.5714285714286,0.163812360387193,2,5,"acetylglucosaminyltransferase activity","EXT1;EXT2"
