"","GOCCID","Pvalue","OddsRatio","ExpCount","Count","Size","Term","Symbols"
"1","GO:0005583",0.00103145951521403,Inf,0.0649350649350649,2,2,"fibrillar collagen trimer","COL1A1;COL2A1"
"2","GO:0098643",0.00103145951521403,Inf,0.0649350649350649,2,2,"banded collagen fibril","COL1A1;COL2A1"
"3","GO:0098644",0.00103145951521403,Inf,0.0649350649350649,2,2,"complex of collagen trimers","COL1A1;COL2A1"
"4","GO:0043233",0.00247863961007636,2.46258652895286,16.3961038961039,26,505,"organelle lumen","CDKN2A;CDKN2B;NCOA2;STAG2;COL1A1;COL2A1;EGFR;ERCC2;ETV4;EWSR1;HEY1;FUS;H3F3B;IDH1;JAK2;NF1;NFATC2;NFIB;OMD;FAM208B;TCF12;WRN;NR4A3;TAF15;CASP8;THRAP3"
"5","GO:0031974",0.00264607298586921,2.44665718349929,16.461038961039,26,507,"membrane-enclosed lumen","CDKN2A;CDKN2B;NCOA2;STAG2;COL1A1;COL2A1;EGFR;ERCC2;ETV4;EWSR1;HEY1;FUS;H3F3B;IDH1;JAK2;NF1;NFATC2;NFIB;OMD;FAM208B;TCF12;WRN;NR4A3;TAF15;CASP8;THRAP3"
"6","GO:0043231",0.00478894424887194,3.23350785340314,32.3051948051948,40,995,"intracellular membrane-bounded organelle","CDKN2A;CDKN2B;TFG;NCOA2;STAG2;COL1A1;COL2A1;EGFR;EGR2;ERCC2;ERG;ETV1;ETV4;EWSR1;EXT1;EXT2;FGFR1;FLI1;HEY1;FUS;H3F3B;IDH1;JAK2;NF1;NFATC2;NFIB;OMD;PDGFRA;FEV;FAM208B;RAF1;TCF12;WRN;CNBP;NR4A3;TAF15;CASP8;USP6;RECQL4;THRAP3"
"7","GO:0070013",0.00510060379107402,2.28639240506329,16.2012987012987,25,499,"intracellular organelle lumen","CDKN2A;CDKN2B;NCOA2;STAG2;COL1A1;COL2A1;ERCC2;ETV4;EWSR1;HEY1;FUS;H3F3B;IDH1;JAK2;NF1;NFATC2;NFIB;OMD;FAM208B;TCF12;WRN;NR4A3;TAF15;CASP8;THRAP3"
"8","GO:0043227",0.00564997348337084,4.01727447216891,35.1948051948052,42,1084,"membrane-bounded organelle","CDH11;CDKN2A;CDKN2B;TFG;NCOA2;STAG2;COL1A1;COL2A1;EGFR;EGR2;ERCC2;ERG;ETV1;ETV4;EWSR1;EXT1;EXT2;FGFR1;FLI1;HEY1;FUS;H3F3B;IDH1;JAK2;NF1;NFATC2;NFIB;OMD;PDGFRA;FEV;FAM208B;PTPRD;RAF1;TCF12;WRN;CNBP;NR4A3;TAF15;CASP8;USP6;RECQL4;THRAP3"
"9","GO:0005581",0.00593530242519602,31.1395348837209,0.12987012987013,2,4,"collagen trimer","COL1A1;COL2A1"
"10","GO:0043226",0.00978684882095098,4.61548913043478,37.2402597402597,43,1147,"organelle","CDH11;CDKN2A;CDKN2B;TFG;NCOA2;STAG2;COL1A1;COL2A1;EGFR;EGR2;ERCC2;ERG;ETV1;ETV4;EWSR1;EXT1;EXT2;FGFR1;FLI1;HEY1;FUS;GRM4;H3F3B;IDH1;JAK2;NF1;NFATC2;NFIB;OMD;PDGFRA;FEV;FAM208B;PTPRD;RAF1;TCF12;WRN;CNBP;NR4A3;TAF15;CASP8;USP6;RECQL4;THRAP3"
"11","GO:0005578",0.00997049789485429,4.40540540540541,1.36363636363636,5,42,"proteinaceous extracellular matrix","ADAMTS6;COL1A1;COL2A1;ADAMTS17;OMD"
