"","GOBPID","Pvalue","OddsRatio","ExpCount","Count","Size","Term","Symbols"
"1","GO:0001503",4.16315536856112e-06,6.73913043478261,2.63414634146341,12,81,"ossification","CDH11;COL1A1;COL2A1;EGFR;EGR2;ERCC2;EXT1;EXT2;FGFR1;HEY1;NF1;OMD"
"2","GO:0043170",1.5007950379142e-05,9.74832214765101,30.4390243902439,42,936,"macromolecule metabolic process","CDKN2A;CDKN2B;TFG;NCOA2;STAG2;ADAMTS6;COL1A1;COL2A1;ADAMTS17;EGFR;EGR2;ERCC2;ERG;ETV1;ETV4;EWSR1;EXT1;EXT2;FGFR1;FLI1;HEY1;FUS;GRM4;H3F3B;JAK2;NF1;NFATC2;NFIB;OMD;PDGFRA;FEV;PTPRD;RAF1;TCF12;WRN;CNBP;NR4A3;TAF15;CASP8;USP6;RECQL4;THRAP3"
"3","GO:0000904",1.50137825992371e-05,4.31449213769656,6.47154471544715,18,199,"cell morphogenesis involved in differentiation","CDH11;COL1A1;COL2A1;EGFR;EGR2;ERG;ETV1;ETV4;EXT1;FGFR1;HEY1;JAK2;NF1;NFIB;PDGFRA;PTPRD;RAF1;NR4A3"
"4","GO:0044249",1.62116658939105e-05,4.52067381316999,22.4065040650407,36,689,"cellular biosynthetic process","CDKN2A;CDKN2B;TFG;NCOA2;STAG2;COL1A1;EGFR;EGR2;ERCC2;ERG;ETV1;ETV4;EWSR1;EXT1;EXT2;FGFR1;FLI1;HEY1;FUS;H3F3B;IDH1;JAK2;NF1;NFATC2;NFIB;OMD;PDGFRA;FEV;RAF1;TCF12;WRN;CNBP;NR4A3;TAF15;RECQL4;THRAP3"
"5","GO:0044238",1.74231885131789e-05,16.1871713985279,32.3252032520325,43,994,"primary metabolic process","CDKN2A;CDKN2B;TFG;NCOA2;STAG2;ADAMTS6;COL1A1;COL2A1;ADAMTS17;EGFR;EGR2;ERCC2;ERG;ETV1;ETV4;EWSR1;EXT1;EXT2;FGFR1;FLI1;HEY1;FUS;GRM4;H3F3B;IDH1;JAK2;NF1;NFATC2;NFIB;OMD;PDGFRA;FEV;PTPRD;RAF1;TCF12;WRN;CNBP;NR4A3;TAF15;CASP8;USP6;RECQL4;THRAP3"
"6","GO:0007411",2.26198203029962e-05,5.18202764976959,3.60975609756098,13,111,"axon guidance","COL2A1;EGFR;EGR2;ETV1;ETV4;EXT1;FGFR1;JAK2;NF1;NFIB;PDGFRA;RAF1;NR4A3"
"7","GO:0097485",2.26198203029962e-05,5.18202764976959,3.60975609756098,13,111,"neuron projection guidance","COL2A1;EGFR;EGR2;ETV1;ETV4;EXT1;FGFR1;JAK2;NF1;NFIB;PDGFRA;RAF1;NR4A3"
"8","GO:1901576",2.36259884666946e-05,4.39803625377643,22.6991869918699,36,698,"organic substance biosynthetic process","CDKN2A;CDKN2B;TFG;NCOA2;STAG2;COL1A1;EGFR;EGR2;ERCC2;ERG;ETV1;ETV4;EWSR1;EXT1;EXT2;FGFR1;FLI1;HEY1;FUS;H3F3B;IDH1;JAK2;NF1;NFATC2;NFIB;OMD;PDGFRA;FEV;RAF1;TCF12;WRN;CNBP;NR4A3;TAF15;RECQL4;THRAP3"
"9","GO:0048667",2.44323377854992e-05,4.61206896551724,4.78048780487805,15,147,"cell morphogenesis involved in neuron differentiation","CDH11;COL2A1;EGFR;EGR2;ETV1;ETV4;EXT1;FGFR1;JAK2;NF1;NFIB;PDGFRA;PTPRD;RAF1;NR4A3"
"10","GO:0009059",2.76094936248162e-05,4.03005008347245,20.5853658536585,34,633,"macromolecule biosynthetic process","CDKN2A;CDKN2B;TFG;NCOA2;STAG2;COL1A1;EGFR;EGR2;ERCC2;ERG;ETV1;ETV4;EWSR1;EXT1;EXT2;FGFR1;FLI1;HEY1;FUS;H3F3B;JAK2;NFATC2;NFIB;OMD;PDGFRA;FEV;RAF1;TCF12;WRN;CNBP;NR4A3;TAF15;RECQL4;THRAP3"
"11","GO:0009058",3.15006378979919e-05,4.30493273542601,22.9268292682927,36,705,"biosynthetic process","CDKN2A;CDKN2B;TFG;NCOA2;STAG2;COL1A1;EGFR;EGR2;ERCC2;ERG;ETV1;ETV4;EWSR1;EXT1;EXT2;FGFR1;FLI1;HEY1;FUS;H3F3B;IDH1;JAK2;NF1;NFATC2;NFIB;OMD;PDGFRA;FEV;RAF1;TCF12;WRN;CNBP;NR4A3;TAF15;RECQL4;THRAP3"
"12","GO:0048812",4.01210038699155e-05,4.38905547226387,4.97560975609756,15,153,"neuron projection morphogenesis","CDH11;COL2A1;EGFR;EGR2;ETV1;ETV4;EXT1;FGFR1;JAK2;NF1;NFIB;PDGFRA;PTPRD;RAF1;NR4A3"
"13","GO:0071704",4.47775667668041e-05,14.7895277207392,33.0731707317073,43,1017,"organic substance metabolic process","CDKN2A;CDKN2B;TFG;NCOA2;STAG2;ADAMTS6;COL1A1;COL2A1;ADAMTS17;EGFR;EGR2;ERCC2;ERG;ETV1;ETV4;EWSR1;EXT1;EXT2;FGFR1;FLI1;HEY1;FUS;GRM4;H3F3B;IDH1;JAK2;NF1;NFATC2;NFIB;OMD;PDGFRA;FEV;PTPRD;RAF1;TCF12;WRN;CNBP;NR4A3;TAF15;CASP8;USP6;RECQL4;THRAP3"
"14","GO:0007409",4.96024210677492e-05,4.49972899728997,4.45528455284553,14,137,"axonogenesis","CDH11;COL2A1;EGFR;EGR2;ETV1;ETV4;EXT1;FGFR1;JAK2;NF1;NFIB;PDGFRA;RAF1;NR4A3"
"15","GO:0061564",6.37007909414629e-05,4.38148148148148,4.55284552845528,14,140,"axon development","CDH11;COL2A1;EGFR;EGR2;ETV1;ETV4;EXT1;FGFR1;JAK2;NF1;NFIB;PDGFRA;RAF1;NR4A3"
"16","GO:0032989",0.000108606100292327,3.52810344827586,8.16260162601626,19,251,"cellular component morphogenesis","CDH11;COL1A1;COL2A1;EGFR;EGR2;ERCC2;ERG;ETV1;ETV4;EXT1;FGFR1;HEY1;JAK2;NF1;NFIB;PDGFRA;PTPRD;RAF1;NR4A3"
"17","GO:0045944",0.000160987156739164,3.40251046025105,8.39024390243902,19,258,"positive regulation of transcription from RNA polymerase II promoter","CDKN2A;CDKN2B;NCOA2;STAG2;EGFR;EGR2;ERCC2;ETV1;ETV4;FLI1;HEY1;JAK2;NFATC2;NFIB;RAF1;TCF12;CNBP;NR4A3;THRAP3"
"18","GO:0032990",0.00016412442390654,3.79529980232814,5.59349593495935,15,172,"cell part morphogenesis","CDH11;COL2A1;EGFR;EGR2;ETV1;ETV4;EXT1;FGFR1;JAK2;NF1;NFIB;PDGFRA;PTPRD;RAF1;NR4A3"
"19","GO:0048858",0.00016412442390654,3.79529980232814,5.59349593495935,15,172,"cell projection morphogenesis","CDH11;COL2A1;EGFR;EGR2;ETV1;ETV4;EXT1;FGFR1;JAK2;NF1;NFIB;PDGFRA;PTPRD;RAF1;NR4A3"
"20","GO:0034645",0.000169216921320164,3.34136546184739,19.9349593495935,32,613,"cellular macromolecule biosynthetic process","CDKN2A;CDKN2B;TFG;NCOA2;STAG2;COL1A1;EGFR;EGR2;ERCC2;ERG;ETV1;ETV4;EWSR1;EXT1;EXT2;FGFR1;FLI1;HEY1;H3F3B;JAK2;NFATC2;NFIB;PDGFRA;FEV;RAF1;TCF12;WRN;CNBP;NR4A3;TAF15;RECQL4;THRAP3"
"21","GO:0000902",0.000247087029804419,3.33538461538462,7.90243902439024,18,243,"cell morphogenesis","CDH11;COL1A1;COL2A1;EGFR;EGR2;ERG;ETV1;ETV4;EXT1;FGFR1;HEY1;JAK2;NF1;NFIB;PDGFRA;PTPRD;RAF1;NR4A3"
"22","GO:0048666",0.000395815579773082,3.34480179506358,6.73170731707317,16,207,"neuron development","CDH11;COL2A1;EGFR;EGR2;ETV1;ETV4;EXT1;FGFR1;JAK2;NF1;NFIB;PDGFRA;FEV;PTPRD;RAF1;NR4A3"
"23","GO:0045935",0.000416971479908329,2.96614056387428,12.2276422764228,23,376,"positive regulation of nucleobase-containing compound metabolic process","CDKN2A;CDKN2B;NCOA2;STAG2;COL1A1;EGFR;EGR2;ERCC2;ETV1;ETV4;FLI1;HEY1;JAK2;NF1;NFATC2;NFIB;PDGFRA;RAF1;TCF12;CNBP;NR4A3;TAF15;THRAP3"
"24","GO:0031326",0.000457561978198922,2.98511360668582,18.7642276422764,30,577,"regulation of cellular biosynthetic process","CDKN2A;CDKN2B;NCOA2;STAG2;COL1A1;EGFR;EGR2;ERCC2;ERG;ETV1;ETV4;EWSR1;FGFR1;FLI1;HEY1;FUS;H3F3B;IDH1;JAK2;NF1;NFATC2;NFIB;PDGFRA;FEV;RAF1;TCF12;CNBP;NR4A3;TAF15;THRAP3"
"25","GO:0044260",0.000479403562489091,4.16975381008206,29.0081300813008,39,892,"cellular macromolecule metabolic process","CDKN2A;CDKN2B;TFG;NCOA2;STAG2;COL1A1;COL2A1;EGFR;EGR2;ERCC2;ERG;ETV1;ETV4;EWSR1;EXT1;EXT2;FGFR1;FLI1;HEY1;FUS;GRM4;H3F3B;JAK2;NF1;NFATC2;NFIB;PDGFRA;FEV;PTPRD;RAF1;TCF12;WRN;CNBP;NR4A3;TAF15;CASP8;USP6;RECQL4;THRAP3"
"26","GO:0031175",0.000515320471769129,3.35172413793103,6.17886178861789,15,190,"neuron projection development","CDH11;COL2A1;EGFR;EGR2;ETV1;ETV4;EXT1;FGFR1;JAK2;NF1;NFIB;PDGFRA;PTPRD;RAF1;NR4A3"
"27","GO:0030182",0.000517046240911872,3.09945284840682,8.35772357723577,18,257,"neuron differentiation","CDH11;COL2A1;EGFR;EGR2;ERCC2;ETV1;ETV4;EXT1;FGFR1;JAK2;NF1;NFIB;PDGFRA;FEV;PTPRD;RAF1;TCF12;NR4A3"
"28","GO:0031328",0.000537817484803728,2.89826236901446,12.4227642276423,23,382,"positive regulation of cellular biosynthetic process","CDKN2A;CDKN2B;NCOA2;STAG2;COL1A1;EGFR;EGR2;ERCC2;ETV1;ETV4;FLI1;HEY1;JAK2;NF1;NFATC2;NFIB;PDGFRA;RAF1;TCF12;CNBP;NR4A3;TAF15;THRAP3"
"29","GO:0048468",0.000560755786741386,2.88716931216931,12.4552845528455,23,383,"cell development","CDH11;COL1A1;COL2A1;EGFR;EGR2;ERCC2;ERG;ETV1;ETV4;EXT1;FGFR1;FLI1;HEY1;JAK2;NF1;NFATC2;NFIB;PDGFRA;FEV;PTPRD;RAF1;TCF12;NR4A3"
"30","GO:0006357",0.00056249008512361,2.90746268656716,11.609756097561,22,357,"regulation of transcription from RNA polymerase II promoter","CDKN2A;CDKN2B;NCOA2;STAG2;EGFR;EGR2;ERCC2;ERG;ETV1;ETV4;FGFR1;FLI1;HEY1;JAK2;NFATC2;NFIB;FEV;RAF1;TCF12;CNBP;NR4A3;THRAP3"
"31","GO:0006807",0.000570127235763629,3.26076779026217,24.2926829268293,35,747,"nitrogen compound metabolic process","CDKN2A;CDKN2B;NCOA2;STAG2;COL1A1;EGFR;EGR2;ERCC2;ERG;ETV1;ETV4;EWSR1;EXT1;EXT2;FGFR1;FLI1;HEY1;FUS;H3F3B;IDH1;JAK2;NF1;NFATC2;NFIB;OMD;PDGFRA;FEV;RAF1;TCF12;WRN;CNBP;NR4A3;TAF15;RECQL4;THRAP3"
"32","GO:0009889",0.000589054173469443,2.92031975244972,18.9918699186992,30,584,"regulation of biosynthetic process","CDKN2A;CDKN2B;NCOA2;STAG2;COL1A1;EGFR;EGR2;ERCC2;ERG;ETV1;ETV4;EWSR1;FGFR1;FLI1;HEY1;FUS;H3F3B;IDH1;JAK2;NF1;NFATC2;NFIB;PDGFRA;FEV;RAF1;TCF12;CNBP;NR4A3;TAF15;THRAP3"
"33","GO:0030199",0.000600177933858823,31.8536585365854,0.195121951219512,3,6,"collagen fibril organization","COL1A1;COL2A1;NF1"
"34","GO:0009891",0.00063491203565423,2.85425685425685,12.5528455284553,23,386,"positive regulation of biosynthetic process","CDKN2A;CDKN2B;NCOA2;STAG2;COL1A1;EGFR;EGR2;ERCC2;ETV1;ETV4;FLI1;HEY1;JAK2;NF1;NFATC2;NFIB;PDGFRA;RAF1;TCF12;CNBP;NR4A3;TAF15;THRAP3"
"35","GO:0051173",0.000717705196210119,2.82188394483476,12.650406504065,23,389,"positive regulation of nitrogen compound metabolic process","CDKN2A;CDKN2B;NCOA2;STAG2;COL1A1;EGFR;EGR2;ERCC2;ETV1;ETV4;FLI1;HEY1;JAK2;NF1;NFATC2;NFIB;PDGFRA;RAF1;TCF12;CNBP;NR4A3;TAF15;THRAP3"
"36","GO:0006935",0.000724351495010952,3.47380462136811,5.00813008130081,13,154,"chemotaxis","COL2A1;EGFR;EGR2;ETV1;ETV4;EXT1;FGFR1;JAK2;NF1;NFIB;PDGFRA;RAF1;NR4A3"
"37","GO:0042330",0.000724351495010952,3.47380462136811,5.00813008130081,13,154,"taxis","COL2A1;EGFR;EGR2;ETV1;ETV4;EXT1;FGFR1;JAK2;NF1;NFIB;PDGFRA;RAF1;NR4A3"
"38","GO:0010604",0.000740350525069941,2.81324701195219,17.2357723577236,28,530,"positive regulation of macromolecule metabolic process","CDKN2A;CDKN2B;NCOA2;STAG2;COL1A1;EGFR;EGR2;ERCC2;ETV1;ETV4;FGFR1;FLI1;HEY1;GRM4;H3F3B;JAK2;NF1;NFATC2;NFIB;PDGFRA;FEV;RAF1;TCF12;CNBP;NR4A3;TAF15;CASP8;THRAP3"
"39","GO:0008152",0.000779195477167355,10.7089694656489,35.479674796748,43,1091,"metabolic process","CDKN2A;CDKN2B;TFG;NCOA2;STAG2;ADAMTS6;COL1A1;COL2A1;ADAMTS17;EGFR;EGR2;ERCC2;ERG;ETV1;ETV4;EWSR1;EXT1;EXT2;FGFR1;FLI1;HEY1;FUS;GRM4;H3F3B;IDH1;JAK2;NF1;NFATC2;NFIB;OMD;PDGFRA;FEV;PTPRD;RAF1;TCF12;WRN;CNBP;NR4A3;TAF15;CASP8;USP6;RECQL4;THRAP3"
"40","GO:0044237",0.000847119822349426,5.10528156698146,32.3252032520325,41,994,"cellular metabolic process","CDKN2A;CDKN2B;TFG;NCOA2;STAG2;COL1A1;COL2A1;EGFR;EGR2;ERCC2;ERG;ETV1;ETV4;EWSR1;EXT1;EXT2;FGFR1;FLI1;HEY1;FUS;GRM4;H3F3B;IDH1;JAK2;NF1;NFATC2;NFIB;OMD;PDGFRA;FEV;PTPRD;RAF1;TCF12;WRN;CNBP;NR4A3;TAF15;CASP8;USP6;RECQL4;THRAP3"
"41","GO:0045893",0.000848668874713697,2.821875,11.0894308943089,21,341,"positive regulation of transcription, DNA-templated","CDKN2A;CDKN2B;NCOA2;STAG2;COL1A1;EGFR;EGR2;ERCC2;ETV1;ETV4;FLI1;HEY1;JAK2;NFATC2;NFIB;RAF1;TCF12;CNBP;NR4A3;TAF15;THRAP3"
"42","GO:1903508",0.000848668874713697,2.821875,11.0894308943089,21,341,"positive regulation of nucleic acid-templated transcription","CDKN2A;CDKN2B;NCOA2;STAG2;COL1A1;EGFR;EGR2;ERCC2;ETV1;ETV4;FLI1;HEY1;JAK2;NFATC2;NFIB;RAF1;TCF12;CNBP;NR4A3;TAF15;THRAP3"
"43","GO:0019219",0.000885864650752527,2.78818407960199,18.3739837398374,29,565,"regulation of nucleobase-containing compound metabolic process","CDKN2A;CDKN2B;NCOA2;STAG2;COL1A1;EGFR;EGR2;ERCC2;ERG;ETV1;ETV4;EWSR1;FGFR1;FLI1;HEY1;FUS;H3F3B;JAK2;NF1;NFATC2;NFIB;PDGFRA;FEV;RAF1;TCF12;CNBP;NR4A3;TAF15;THRAP3"
"44","GO:0034654",0.000885864650752527,2.78818407960199,18.3739837398374,29,565,"nucleobase-containing compound biosynthetic process","CDKN2A;CDKN2B;NCOA2;STAG2;COL1A1;EGFR;EGR2;ERCC2;ERG;ETV1;ETV4;EWSR1;FGFR1;FLI1;HEY1;FUS;H3F3B;JAK2;NF1;NFATC2;NFIB;FEV;RAF1;TCF12;WRN;CNBP;NR4A3;TAF15;THRAP3"
"45","GO:0010628",0.00091270132761591,2.75870455709165,12.8455284552846,23,395,"positive regulation of gene expression","CDKN2A;CDKN2B;NCOA2;STAG2;COL1A1;EGFR;EGR2;ERCC2;ETV1;ETV4;FLI1;HEY1;H3F3B;JAK2;NFATC2;NFIB;FEV;RAF1;TCF12;CNBP;NR4A3;TAF15;THRAP3"
"46","GO:1902680",0.000923342576226376,2.79867674858223,11.1544715447154,21,343,"positive regulation of RNA biosynthetic process","CDKN2A;CDKN2B;NCOA2;STAG2;COL1A1;EGFR;EGR2;ERCC2;ETV1;ETV4;FLI1;HEY1;JAK2;NFATC2;NFIB;RAF1;TCF12;CNBP;NR4A3;TAF15;THRAP3"
"47","GO:0010557",0.000928591807218445,2.77233429394813,12,22,369,"positive regulation of macromolecule biosynthetic process","CDKN2A;CDKN2B;NCOA2;STAG2;COL1A1;EGFR;EGR2;ERCC2;ETV1;ETV4;FLI1;HEY1;JAK2;NFATC2;NFIB;PDGFRA;RAF1;TCF12;CNBP;NR4A3;TAF15;THRAP3"
"48","GO:0048513",0.000950256396676162,2.75049115913556,17.4634146341463,28,537,"animal organ development","CDKN2A;CDKN2B;NCOA2;ADAMTS6;COL1A1;COL2A1;EGFR;EGR2;ERCC2;ERG;ETV1;ETV4;EXT1;FGFR1;FLI1;HEY1;H3F3B;IDH1;JAK2;NF1;NFIB;OMD;PDGFRA;RAF1;TCF12;WRN;NR4A3;CASP8"
"49","GO:0018130",0.00098314599478641,2.76190476190476,18.4715447154472,29,568,"heterocycle biosynthetic process","CDKN2A;CDKN2B;NCOA2;STAG2;COL1A1;EGFR;EGR2;ERCC2;ERG;ETV1;ETV4;EWSR1;FGFR1;FLI1;HEY1;FUS;H3F3B;JAK2;NF1;NFATC2;NFIB;FEV;RAF1;TCF12;WRN;CNBP;NR4A3;TAF15;THRAP3"
"50","GO:0051254",0.00100375830845382,2.77576489533011,11.219512195122,21,345,"positive regulation of RNA metabolic process","CDKN2A;CDKN2B;NCOA2;STAG2;COL1A1;EGFR;EGR2;ERCC2;ETV1;ETV4;FLI1;HEY1;JAK2;NFATC2;NFIB;RAF1;TCF12;CNBP;NR4A3;TAF15;THRAP3"
"51","GO:0015014",0.00103430028383124,Inf,0.0650406504065041,2,2,"heparan sulfate proteoglycan biosynthetic process, polysaccharide chain biosynthetic process","EXT1;EXT2"
"52","GO:0019438",0.00112787076541332,2.72731737262124,18.6016260162602,29,572,"aromatic compound biosynthetic process","CDKN2A;CDKN2B;NCOA2;STAG2;COL1A1;EGFR;EGR2;ERCC2;ERG;ETV1;ETV4;EWSR1;FGFR1;FLI1;HEY1;FUS;H3F3B;JAK2;NF1;NFATC2;NFIB;FEV;RAF1;TCF12;WRN;CNBP;NR4A3;TAF15;THRAP3"
"53","GO:0044707",0.00127849589948457,3.14007782101167,26.2439024390244,36,807,"single-multicellular organism process","CDH11;CDKN2A;CDKN2B;NCOA2;STAG2;ADAMTS6;COL1A1;COL2A1;EGFR;EGR2;ERCC2;ERG;ETV1;ETV4;EXT1;EXT2;FGFR1;FLI1;HEY1;GRM4;H3F3B;IDH1;JAK2;NF1;NFATC2;NFIB;OMD;PDGFRA;FEV;PTPRD;RAF1;TCF12;WRN;NR4A3;CASP8;RECQL4"
"54","GO:0009725",0.00132168579656357,3.00915948275862,6.73170731707317,15,207,"response to hormone","NCOA2;COL1A1;EGFR;EGR2;FGFR1;HEY1;H3F3B;IDH1;JAK2;NF1;PDGFRA;RAF1;NR4A3;CASP8;THRAP3"
"55","GO:1901362",0.00138119048538054,2.67638129933212,18.7967479674797,29,578,"organic cyclic compound biosynthetic process","CDKN2A;CDKN2B;NCOA2;STAG2;COL1A1;EGFR;EGR2;ERCC2;ERG;ETV1;ETV4;EWSR1;FGFR1;FLI1;HEY1;FUS;H3F3B;JAK2;NF1;NFATC2;NFIB;FEV;RAF1;TCF12;WRN;CNBP;NR4A3;TAF15;THRAP3"
"56","GO:0048699",0.00140043729577906,2.79319526627219,9.04065040650407,18,278,"generation of neurons","CDH11;COL2A1;EGFR;EGR2;ERCC2;ETV1;ETV4;EXT1;FGFR1;JAK2;NF1;NFIB;PDGFRA;FEV;PTPRD;RAF1;TCF12;NR4A3"
"57","GO:0007399",0.00143555559005427,2.65642458100559,12.3577235772358,22,380,"nervous system development","CDH11;NCOA2;COL2A1;EGFR;EGR2;ERCC2;ETV1;ETV4;EXT1;FGFR1;H3F3B;JAK2;NF1;NFIB;PDGFRA;FEV;PTPRD;RAF1;TCF12;WRN;NR4A3;CASP8"
"58","GO:1903506",0.00146744861807451,2.62880324543611,16.9105691056911,27,520,"regulation of nucleic acid-templated transcription","CDKN2A;CDKN2B;NCOA2;STAG2;COL1A1;EGFR;EGR2;ERCC2;ERG;ETV1;ETV4;EWSR1;FGFR1;FLI1;HEY1;FUS;H3F3B;JAK2;NFATC2;NFIB;FEV;RAF1;TCF12;CNBP;NR4A3;TAF15;THRAP3"
"59","GO:2001141",0.00146744861807451,2.62880324543611,16.9105691056911,27,520,"regulation of RNA biosynthetic process","CDKN2A;CDKN2B;NCOA2;STAG2;COL1A1;EGFR;EGR2;ERCC2;ERG;ETV1;ETV4;EWSR1;FGFR1;FLI1;HEY1;FUS;H3F3B;JAK2;NFATC2;NFIB;FEV;RAF1;TCF12;CNBP;NR4A3;TAF15;THRAP3"
"60","GO:0044708",0.00148101525117521,4.97015765765766,1.78861788617886,7,55,"single-organism behavior","NCOA2;EGFR;EGR2;ETV1;GRM4;NF1;NR4A3"
"61","GO:0006139",0.00154601863038145,2.7536231884058,21.9837398373984,32,676,"nucleobase-containing compound metabolic process","CDKN2A;CDKN2B;NCOA2;STAG2;COL1A1;EGFR;EGR2;ERCC2;ERG;ETV1;ETV4;EWSR1;FGFR1;FLI1;HEY1;FUS;H3F3B;IDH1;JAK2;NF1;NFATC2;NFIB;PDGFRA;FEV;RAF1;TCF12;WRN;CNBP;NR4A3;TAF15;RECQL4;THRAP3"
"62","GO:0006366",0.00155023072032486,2.63611111111111,12.4227642276423,22,382,"transcription from RNA polymerase II promoter","CDKN2A;CDKN2B;NCOA2;STAG2;EGFR;EGR2;ERCC2;ERG;ETV1;ETV4;FGFR1;FLI1;HEY1;JAK2;NFATC2;NFIB;FEV;RAF1;TCF12;CNBP;NR4A3;THRAP3"
"63","GO:0051252",0.00179874993371999,2.57809737121301,17.1056910569106,27,526,"regulation of RNA metabolic process","CDKN2A;CDKN2B;NCOA2;STAG2;COL1A1;EGFR;EGR2;ERCC2;ERG;ETV1;ETV4;EWSR1;FGFR1;FLI1;HEY1;FUS;H3F3B;JAK2;NFATC2;NFIB;FEV;RAF1;TCF12;CNBP;NR4A3;TAF15;THRAP3"
"64","GO:0007275",0.00199036950662655,2.74122807017544,23.3170731707317,33,717,"multicellular organism development","CDH11;CDKN2A;CDKN2B;NCOA2;ADAMTS6;COL1A1;COL2A1;EGFR;EGR2;ERCC2;ERG;ETV1;ETV4;EXT1;EXT2;FGFR1;FLI1;HEY1;H3F3B;IDH1;JAK2;NF1;NFIB;OMD;PDGFRA;FEV;PTPRD;RAF1;TCF12;WRN;NR4A3;CASP8;RECQL4"
"65","GO:0044767",0.00215306210694653,2.87147705474399,25.6260162601626,35,788,"single-organism developmental process","CDH11;CDKN2A;CDKN2B;NCOA2;STAG2;ADAMTS6;COL1A1;COL2A1;EGFR;EGR2;ERCC2;ERG;ETV1;ETV4;EXT1;EXT2;FGFR1;FLI1;HEY1;H3F3B;IDH1;JAK2;NF1;NFATC2;NFIB;OMD;PDGFRA;FEV;PTPRD;RAF1;TCF12;WRN;NR4A3;CASP8;RECQL4"
"66","GO:0097659",0.00219518209397647,2.52859638905067,17.3008130081301,27,532,"nucleic acid-templated transcription","CDKN2A;CDKN2B;NCOA2;STAG2;COL1A1;EGFR;EGR2;ERCC2;ERG;ETV1;ETV4;EWSR1;FGFR1;FLI1;HEY1;FUS;H3F3B;JAK2;NFATC2;NFIB;FEV;RAF1;TCF12;CNBP;NR4A3;TAF15;THRAP3"
"67","GO:0046483",0.0022547889354777,2.65447154471545,22.3739837398374,32,688,"heterocycle metabolic process","CDKN2A;CDKN2B;NCOA2;STAG2;COL1A1;EGFR;EGR2;ERCC2;ERG;ETV1;ETV4;EWSR1;FGFR1;FLI1;HEY1;FUS;H3F3B;IDH1;JAK2;NF1;NFATC2;NFIB;PDGFRA;FEV;RAF1;TCF12;WRN;CNBP;NR4A3;TAF15;RECQL4;THRAP3"
"68","GO:0010556",0.00235627144006408,2.52378731343284,18.3414634146341,28,564,"regulation of macromolecule biosynthetic process","CDKN2A;CDKN2B;NCOA2;STAG2;COL1A1;EGFR;EGR2;ERCC2;ERG;ETV1;ETV4;EWSR1;FGFR1;FLI1;HEY1;FUS;H3F3B;JAK2;NFATC2;NFIB;PDGFRA;FEV;RAF1;TCF12;CNBP;NR4A3;TAF15;THRAP3"
"69","GO:0051171",0.00240007551009694,2.53792697290931,19.349593495935,29,595,"regulation of nitrogen compound metabolic process","CDKN2A;CDKN2B;NCOA2;STAG2;COL1A1;EGFR;EGR2;ERCC2;ERG;ETV1;ETV4;EWSR1;FGFR1;FLI1;HEY1;FUS;H3F3B;JAK2;NF1;NFATC2;NFIB;PDGFRA;FEV;RAF1;TCF12;CNBP;NR4A3;TAF15;THRAP3"
"70","GO:0060322",0.00251998747910943,3.0818661971831,5.00813008130081,12,154,"head development","NCOA2;COL1A1;EGFR;EGR2;EXT1;FGFR1;H3F3B;NF1;NFIB;RAF1;WRN;NR4A3"
"71","GO:0022008",0.00254791424450912,2.61510387422796,9.49593495934959,18,292,"neurogenesis","CDH11;COL2A1;EGFR;EGR2;ERCC2;ETV1;ETV4;EXT1;FGFR1;JAK2;NF1;NFIB;PDGFRA;FEV;PTPRD;RAF1;TCF12;NR4A3"
"72","GO:0030030",0.00263530433214568,2.76950117174423,7.1869918699187,15,221,"cell projection organization","CDH11;COL2A1;EGFR;EGR2;ETV1;ETV4;EXT1;FGFR1;JAK2;NF1;NFIB;PDGFRA;PTPRD;RAF1;NR4A3"
"73","GO:0032502",0.00274546224942413,2.80040881880567,25.8861788617886,35,796,"developmental process","CDH11;CDKN2A;CDKN2B;NCOA2;STAG2;ADAMTS6;COL1A1;COL2A1;EGFR;EGR2;ERCC2;ERG;ETV1;ETV4;EXT1;EXT2;FGFR1;FLI1;HEY1;H3F3B;IDH1;JAK2;NF1;NFATC2;NFIB;OMD;PDGFRA;FEV;PTPRD;RAF1;TCF12;WRN;NR4A3;CASP8;RECQL4"
"74","GO:0006725",0.00279273832532217,2.5982905982906,22.6016260162602,32,695,"cellular aromatic compound metabolic process","CDKN2A;CDKN2B;NCOA2;STAG2;COL1A1;EGFR;EGR2;ERCC2;ERG;ETV1;ETV4;EWSR1;FGFR1;FLI1;HEY1;FUS;H3F3B;IDH1;JAK2;NF1;NFATC2;NFIB;PDGFRA;FEV;RAF1;TCF12;WRN;CNBP;NR4A3;TAF15;RECQL4;THRAP3"
"75","GO:0009893",0.00280696085051111,2.49877408056042,19.5121951219512,29,600,"positive regulation of metabolic process","CDKN2A;CDKN2B;NCOA2;STAG2;COL1A1;EGFR;EGR2;ERCC2;ETV1;ETV4;FGFR1;FLI1;HEY1;GRM4;H3F3B;JAK2;NF1;NFATC2;NFIB;PDGFRA;FEV;RAF1;TCF12;WRN;CNBP;NR4A3;TAF15;CASP8;THRAP3"
"76","GO:0032774",0.00284376720070877,2.46439628482972,17.5609756097561,27,540,"RNA biosynthetic process","CDKN2A;CDKN2B;NCOA2;STAG2;COL1A1;EGFR;EGR2;ERCC2;ERG;ETV1;ETV4;EWSR1;FGFR1;FLI1;HEY1;FUS;H3F3B;JAK2;NFATC2;NFIB;FEV;RAF1;TCF12;CNBP;NR4A3;TAF15;THRAP3"
"77","GO:0048731",0.00291143347729382,2.54660347551343,21.5934959349593,31,664,"system development","CDH11;CDKN2A;CDKN2B;NCOA2;ADAMTS6;COL1A1;COL2A1;EGFR;EGR2;ERCC2;ERG;ETV1;ETV4;EXT1;FGFR1;FLI1;HEY1;H3F3B;IDH1;JAK2;NF1;NFIB;OMD;PDGFRA;FEV;PTPRD;RAF1;TCF12;WRN;NR4A3;CASP8"
"78","GO:0003199",0.00303859202555603,62.2857142857143,0.0975609756097561,2,3,"endocardial cushion to mesenchymal transition involved in heart valve formation","ERG;HEY1"
"79","GO:0071550",0.00303859202555603,62.2857142857143,0.0975609756097561,2,3,"death-inducing signaling complex assembly","RAF1;CASP8"
"80","GO:0090500",0.00303859202555603,62.2857142857143,0.0975609756097561,2,3,"endocardial cushion to mesenchymal transition","ERG;HEY1"
"81","GO:0044271",0.00307959895116701,2.47560975609756,19.609756097561,29,603,"cellular nitrogen compound biosynthetic process","CDKN2A;CDKN2B;NCOA2;STAG2;COL1A1;EGFR;EGR2;ERCC2;ERG;ETV1;ETV4;EWSR1;FGFR1;FLI1;HEY1;FUS;H3F3B;JAK2;NF1;NFATC2;NFIB;FEV;RAF1;TCF12;WRN;CNBP;NR4A3;TAF15;THRAP3"
"82","GO:0006355",0.00316988103430867,2.43010018214936,16.7154471544715,26,514,"regulation of transcription, DNA-templated","CDKN2A;CDKN2B;NCOA2;STAG2;COL1A1;EGFR;EGR2;ERCC2;ERG;ETV1;ETV4;EWSR1;FGFR1;FLI1;HEY1;H3F3B;JAK2;NFATC2;NFIB;FEV;RAF1;TCF12;CNBP;NR4A3;TAF15;THRAP3"
"83","GO:0007417",0.00321137759160264,2.86768398686498,5.85365853658537,13,180,"central nervous system development","CDH11;NCOA2;COL2A1;EGFR;EGR2;ERCC2;EXT1;FGFR1;H3F3B;NF1;NFIB;WRN;NR4A3"
"84","GO:0032501",0.0032287554620927,2.85393258426966,27.219512195122,36,837,"multicellular organismal process","CDH11;CDKN2A;CDKN2B;NCOA2;STAG2;ADAMTS6;COL1A1;COL2A1;EGFR;EGR2;ERCC2;ERG;ETV1;ETV4;EXT1;EXT2;FGFR1;FLI1;HEY1;GRM4;H3F3B;IDH1;JAK2;NF1;NFATC2;NFIB;OMD;PDGFRA;FEV;PTPRD;RAF1;TCF12;WRN;NR4A3;CASP8;RECQL4"
"85","GO:0007435",0.00328537260206384,13.609756097561,0.32520325203252,3,10,"salivary gland morphogenesis","EGFR;FGFR1;NFIB"
"86","GO:0021537",0.00329171849465209,4.88318356867779,1.52845528455285,6,47,"telencephalon development","EGFR;EXT1;FGFR1;NF1;NFIB;NR4A3"
"87","GO:0031325",0.00348748240005183,2.40642679339217,16.8130081300813,26,517,"positive regulation of cellular metabolic process","CDKN2A;CDKN2B;NCOA2;STAG2;COL1A1;EGFR;EGR2;ERCC2;ETV1;ETV4;FGFR1;FLI1;HEY1;GRM4;JAK2;NF1;NFATC2;NFIB;PDGFRA;RAF1;TCF12;CNBP;NR4A3;TAF15;CASP8;THRAP3"
"88","GO:0048856",0.00386005716000645,2.56232294617564,24.0325203252033,33,739,"anatomical structure development","CDH11;CDKN2A;CDKN2B;NCOA2;ADAMTS6;COL1A1;COL2A1;EGFR;EGR2;ERCC2;ERG;ETV1;ETV4;EXT1;EXT2;FGFR1;FLI1;HEY1;H3F3B;IDH1;JAK2;NF1;NFATC2;NFIB;OMD;PDGFRA;FEV;PTPRD;RAF1;TCF12;WRN;NR4A3;CASP8"
"89","GO:0010467",0.00390172844177513,2.44047619047619,20.8780487804878,30,642,"gene expression","CDKN2A;CDKN2B;NCOA2;STAG2;COL1A1;COL2A1;EGFR;EGR2;ERCC2;ERG;ETV1;ETV4;EWSR1;FGFR1;FLI1;HEY1;FUS;H3F3B;JAK2;NF1;NFATC2;NFIB;FEV;RAF1;TCF12;CNBP;NR4A3;TAF15;CASP8;THRAP3"
"90","GO:2000112",0.00401030414794427,2.37932195779075,17.9186991869919,27,551,"regulation of cellular macromolecule biosynthetic process","CDKN2A;CDKN2B;NCOA2;STAG2;COL1A1;EGFR;EGR2;ERCC2;ERG;ETV1;ETV4;EWSR1;FGFR1;FLI1;HEY1;H3F3B;JAK2;NFATC2;NFIB;PDGFRA;FEV;RAF1;TCF12;CNBP;NR4A3;TAF15;THRAP3"
"91","GO:1901360",0.00422734524828672,2.48941408173314,23.0569105691057,32,709,"organic cyclic compound metabolic process","CDKN2A;CDKN2B;NCOA2;STAG2;COL1A1;EGFR;EGR2;ERCC2;ERG;ETV1;ETV4;EWSR1;FGFR1;FLI1;HEY1;FUS;H3F3B;IDH1;JAK2;NF1;NFATC2;NFIB;PDGFRA;FEV;RAF1;TCF12;WRN;CNBP;NR4A3;TAF15;RECQL4;THRAP3"
"92","GO:0090304",0.00426265462180619,2.41811846689895,20.9756097560976,30,645,"nucleic acid metabolic process","CDKN2A;CDKN2B;NCOA2;STAG2;COL1A1;EGFR;EGR2;ERCC2;ERG;ETV1;ETV4;EWSR1;FGFR1;FLI1;HEY1;FUS;H3F3B;JAK2;NFATC2;NFIB;PDGFRA;FEV;RAF1;TCF12;WRN;CNBP;NR4A3;TAF15;RECQL4;THRAP3"
"93","GO:0007431",0.00441521254815881,11.8993902439024,0.357723577235772,3,11,"salivary gland development","EGFR;FGFR1;NFIB"
"94","GO:1902041",0.00441521254815881,11.8993902439024,0.357723577235772,3,11,"regulation of extrinsic apoptotic signaling pathway via death domain receptors","NF1;RAF1;CASP8"
"95","GO:0000186",0.00452578682460503,4.53947368421053,1.6260162601626,6,50,"activation of MAPKK activity","EGFR;FGFR1;JAK2;NF1;PDGFRA;RAF1"
"96","GO:2001236",0.00452615962391044,5.46581196581197,1.13821138211382,5,35,"regulation of extrinsic apoptotic signaling pathway","COL2A1;FGFR1;NF1;RAF1;CASP8"
"97","GO:0006351",0.00490373379727321,2.32204515272244,17.1707317073171,26,528,"transcription, DNA-templated","CDKN2A;CDKN2B;NCOA2;STAG2;COL1A1;EGFR;EGR2;ERCC2;ERG;ETV1;ETV4;EWSR1;FGFR1;FLI1;HEY1;H3F3B;JAK2;NFATC2;NFIB;FEV;RAF1;TCF12;CNBP;NR4A3;TAF15;THRAP3"
"98","GO:0007498",0.00513003558543494,5.28535980148883,1.17073170731707,5,36,"mesoderm development","EXT1;EXT2;FGFR1;JAK2;NR4A3"
"99","GO:0043434",0.00547445688525729,3.21296023564065,3.44715447154472,9,106,"response to peptide hormone","COL1A1;EGFR;EGR2;FGFR1;JAK2;NF1;PDGFRA;RAF1;NR4A3"
"100","GO:0006029",0.00575393911452453,10.5691056910569,0.390243902439024,3,12,"proteoglycan metabolic process","COL2A1;EXT1;EXT2"
"101","GO:0010812",0.00575393911452453,10.5691056910569,0.390243902439024,3,12,"negative regulation of cell-substrate adhesion","CDKN2A;COL1A1;NF1"
"102","GO:0071103",0.00578927830652973,5.1161858974359,1.20325203252033,5,37,"DNA conformation change","CDKN2A;ERCC2;H3F3B;WRN;RECQL4"
"103","GO:0010468",0.00587112915284707,2.29726148409894,19.3170731707317,28,594,"regulation of gene expression","CDKN2A;CDKN2B;NCOA2;STAG2;COL1A1;COL2A1;EGFR;EGR2;ERCC2;ERG;ETV1;ETV4;EWSR1;FGFR1;FLI1;HEY1;H3F3B;JAK2;NF1;NFATC2;NFIB;FEV;RAF1;TCF12;CNBP;NR4A3;TAF15;THRAP3"
"104","GO:0015012",0.00595149602352939,31.1190476190476,0.130081300813008,2,4,"heparan sulfate proteoglycan biosynthetic process","EXT1;EXT2"
"105","GO:0030201",0.00595149602352939,31.1190476190476,0.130081300813008,2,4,"heparan sulfate proteoglycan metabolic process","EXT1;EXT2"
"106","GO:2000108",0.00595149602352939,31.1190476190476,0.130081300813008,2,4,"positive regulation of leukocyte apoptotic process","CDKN2A;NR4A3"
"107","GO:0048646",0.0059763087745345,2.55742574257426,7.02439024390244,14,216,"anatomical structure formation involved in morphogenesis","COL1A1;COL2A1;EGR2;ERCC2;ERG;EXT2;FGFR1;HEY1;NF1;NFATC2;NFIB;PDGFRA;NR4A3;CASP8"
"108","GO:0038095",0.00636374588798529,3.36899862825789,2.89430894308943,8,89,"Fc-epsilon receptor signaling pathway","EGFR;FGFR1;JAK2;NF1;NFATC2;PDGFRA;RAF1;NR4A3"
"109","GO:0034641",0.00646444571765841,2.3776493256262,23.5447154471545,32,724,"cellular nitrogen compound metabolic process","CDKN2A;CDKN2B;NCOA2;STAG2;COL1A1;EGFR;EGR2;ERCC2;ERG;ETV1;ETV4;EWSR1;FGFR1;FLI1;HEY1;FUS;H3F3B;IDH1;JAK2;NF1;NFATC2;NFIB;PDGFRA;FEV;RAF1;TCF12;WRN;CNBP;NR4A3;TAF15;RECQL4;THRAP3"
"110","GO:0007610",0.00701564016522481,3.07553041018388,3.57723577235772,9,110,"behavior","NCOA2;EGFR;EGR2;ETV1;FGFR1;GRM4;NF1;PDGFRA;NR4A3"
"111","GO:0048545",0.00701564016522481,3.07553041018388,3.57723577235772,9,110,"response to steroid hormone","NCOA2;COL1A1;EGFR;HEY1;IDH1;JAK2;NR4A3;CASP8;THRAP3"
"112","GO:0080090",0.00702092051707299,2.35587529976019,23.6422764227642,32,727,"regulation of primary metabolic process","CDKN2A;CDKN2B;NCOA2;STAG2;COL1A1;EGFR;EGR2;ERCC2;ERG;ETV1;ETV4;EWSR1;FGFR1;FLI1;HEY1;FUS;GRM4;H3F3B;IDH1;JAK2;NF1;NFATC2;NFIB;PDGFRA;FEV;RAF1;TCF12;CNBP;NR4A3;TAF15;CASP8;THRAP3"
"113","GO:2001239",0.00731129440425647,9.50487804878049,0.422764227642276,3,13,"regulation of extrinsic apoptotic signaling pathway in absence of ligand","COL2A1;FGFR1;NF1"
"114","GO:0097191",0.00798168815752379,3.97578947368421,1.82113821138211,6,56,"extrinsic apoptotic signaling pathway","COL2A1;FGFR1;JAK2;NF1;RAF1;CASP8"
"115","GO:1901652",0.00837813842569269,2.9793956043956,3.67479674796748,9,113,"response to peptide","COL1A1;EGFR;EGR2;FGFR1;JAK2;NF1;PDGFRA;RAF1;NR4A3"
"116","GO:0031323",0.00848701177288519,2.30579297245964,23.869918699187,32,734,"regulation of cellular metabolic process","CDKN2A;CDKN2B;NCOA2;STAG2;COL1A1;EGFR;EGR2;ERCC2;ERG;ETV1;ETV4;EWSR1;FGFR1;FLI1;HEY1;FUS;GRM4;H3F3B;IDH1;JAK2;NF1;NFATC2;NFIB;PDGFRA;FEV;RAF1;TCF12;CNBP;NR4A3;TAF15;CASP8;THRAP3"
"117","GO:0016925",0.00863088556116543,5.85,0.845528455284553,4,26,"protein sumoylation","CDKN2A;STAG2;EGR2;WRN"
"118","GO:0016070",0.00880387607192892,2.18490445179887,18.7967479674797,27,578,"RNA metabolic process","CDKN2A;CDKN2B;NCOA2;STAG2;COL1A1;EGFR;EGR2;ERCC2;ERG;ETV1;ETV4;EWSR1;FGFR1;FLI1;HEY1;FUS;H3F3B;JAK2;NFATC2;NFIB;FEV;RAF1;TCF12;CNBP;NR4A3;TAF15;THRAP3"
"119","GO:0009792",0.00893741502498797,2.78588235294118,4.39024390243902,10,135,"embryo development ending in birth or egg hatching","COL1A1;COL2A1;EGFR;ERCC2;EXT1;FGFR1;HEY1;NF1;PDGFRA;CASP8"
"120","GO:0043009",0.00893741502498797,2.78588235294118,4.39024390243902,10,135,"chordate embryonic development","COL1A1;COL2A1;EGFR;ERCC2;EXT1;FGFR1;HEY1;NF1;PDGFRA;CASP8"
"121","GO:0009653",0.00905215289894853,2.17051740969736,15.0243902439024,23,462,"anatomical structure morphogenesis","CDH11;COL1A1;COL2A1;EGFR;EGR2;ERCC2;ERG;ETV1;ETV4;EXT1;EXT2;FGFR1;FLI1;HEY1;JAK2;NF1;NFATC2;NFIB;PDGFRA;PTPRD;RAF1;NR4A3;CASP8"
"122","GO:0006919",0.00909549106488762,8.63414634146342,0.455284552845528,3,14,"activation of cysteine-type endopeptidase activity involved in apoptotic process","CDKN2A;JAK2;CASP8"
"123","GO:0021954",0.00909549106488762,8.63414634146342,0.455284552845528,3,14,"central nervous system neuron development","CDH11;FGFR1;NFIB"
"124","GO:0031638",0.00909549106488762,8.63414634146342,0.455284552845528,3,14,"zymogen activation","CDKN2A;JAK2;CASP8"
"125","GO:0097202",0.00909549106488762,8.63414634146342,0.455284552845528,3,14,"activation of cysteine-type endopeptidase activity","CDKN2A;JAK2;CASP8"
"126","GO:0060255",0.00919370114907334,2.28463356973995,23.9674796747967,32,737,"regulation of macromolecule metabolic process","CDKN2A;CDKN2B;NCOA2;STAG2;COL1A1;COL2A1;EGFR;EGR2;ERCC2;ERG;ETV1;ETV4;EWSR1;FGFR1;FLI1;HEY1;FUS;GRM4;H3F3B;JAK2;NF1;NFATC2;NFIB;PDGFRA;FEV;RAF1;TCF12;CNBP;NR4A3;TAF15;CASP8;THRAP3"
"127","GO:0006979",0.00951403978420792,3.39992166079123,2.47154471544715,7,76,"response to oxidative stress","COL1A1;ERCC2;IDH1;JAK2;PDGFRA;WRN;NR4A3"
"128","GO:0030154",0.00956115679314399,2.16447228710979,18.8943089430894,27,581,"cell differentiation","CDH11;CDKN2A;CDKN2B;COL1A1;COL2A1;EGFR;EGR2;ERCC2;ERG;ETV1;ETV4;EXT1;EXT2;FGFR1;FLI1;HEY1;JAK2;NF1;NFATC2;NFIB;PDGFRA;FEV;PTPRD;RAF1;TCF12;NR4A3;CASP8"
"129","GO:0021952",0.0097144468763598,20.7301587301587,0.16260162601626,2,5,"central nervous system projection neuron axonogenesis","CDH11;NFIB"
"130","GO:0031958",0.0097144468763598,20.7301587301587,0.16260162601626,2,5,"corticosteroid receptor signaling pathway","NCOA2;JAK2"
"131","GO:0060343",0.0097144468763598,20.7301587301587,0.16260162601626,2,5,"trabecula formation","COL1A1;HEY1"
"132","GO:0097296",0.0097144468763598,20.7301587301587,0.16260162601626,2,5,"activation of cysteine-type endopeptidase activity involved in apoptotic signaling pathway","JAK2;CASP8"
"133","GO:2000647",0.0097144468763598,20.7301587301587,0.16260162601626,2,5,"negative regulation of stem cell proliferation","NF1;NFIB"
"134","GO:2001269",0.0097144468763598,20.7301587301587,0.16260162601626,2,5,"positive regulation of cysteine-type endopeptidase activity involved in apoptotic signaling pathway","JAK2;CASP8"
