"","GOMFID","Pvalue","OddsRatio","ExpCount","Count","Size","Term","Symbols"
"1","GO:0005057",3.18129279442224e-06,6.00934903047091,4.22784810126582,15,34,"receptor signaling protein activity","CDKN1B;EGFR;ERBB2;ALK;ARAF;KCNH1;KDR;SMAD2;SMAD3;SMAD4;SMAD7;MAP2K1;BRAF;TGFBR2;ACVR2A"
"2","GO:0008013",1.22625137212754e-05,6.12012987012987,3.60610573343261,13,29,"beta-catenin binding","PTPRT;EP300;BCL9L;APC;SHROOM2;SMAD3;SMAD7;PTPRK;TCF7L2;TBL1XR1;AXIN1;AXIN2;CDH1"
"3","GO:0005160",2.14309780304287e-05,43.7888198757764,0.870439314966493,6,7,"transforming growth factor beta receptor binding","SMAD2;SMAD3;SMAD7;BMP4;TGFB1;TGFBR2"
"4","GO:0070411",2.14309780304287e-05,43.7888198757764,0.870439314966493,6,7,"I-SMAD binding","CTNNB1;SMAD2;SMAD4;SMAD7;AXIN1;AXIN2"
"5","GO:0005072",2.81966344561842e-05,Inf,0.621742367833209,5,5,"transforming growth factor beta receptor, cytoplasmic mediator activity","CDKN1B;SMAD2;SMAD3;SMAD4;SMAD7"
"6","GO:0005126",4.73015437631674e-05,5.61290322580645,3.48175725986597,12,28,"cytokine receptor binding","GATA3;GREM1;SMAD2;SMAD3;SMAD7;NTRK1;ERAP1;PIK3R1;BMP4;TGFB1;TGFBR2;VEGFA"
"7","GO:0032404",0.000152110095295021,36.2654320987654,0.746090841399851,5,6,"mismatch repair complex binding","MSH6;MLH1;MSH2;MUTYH;PMS2"
"8","GO:0070412",0.000187470540464425,10.24625,1.4921816827997,7,12,"R-SMAD binding","CTNNB1;FOS;JUN;SMAD2;SMAD3;SMAD4;AXIN1"
"9","GO:0019207",0.000210764266630531,3.89397240377633,5.09828741623232,14,41,"kinase regulator activity","CDKN1A;CDKN1B;ERBB3;GREM1;GSTP1;NRG1;APC;IGF2;PIK3CA;PIK3R1;MAP2K1;LRRC4C;WNK1;TGFB1"
"10","GO:0019902",0.000210764266630531,3.89397240377633,5.09828741623232,14,41,"phosphatase binding","CDKN1B;CTNNB1;EGFR;EIF4EBP1;ERBB2;AKT1;PPP1R15A;SMAD2;SMAD3;MET;PIK3R1;ROS1;WNK1;TP53"
"11","GO:0032403",0.000215340318844493,2.27067669172932,19.0253164556962,34,153,"protein complex binding","CDKN1A;CDKN1B;CTNNB1;EGFR;FGFR1;MACF1;GNAS;MSH6;HIF1A;APC;IGF2;SHROOM2;KDR;KRAS;KRT8;LAMA5;SMAD3;SMAD4;SMAD7;MAX;MLH1;MSH2;MTHFR;MUTYH;ATF1;ATM;NRAS;LIMA1;PIK3R1;PMS2;PTEN;SRC;HNF1B;ACVR2A"
"12","GO:0046982",0.000221364396979131,2.87671232876712,9.57483246463142,21,77,"protein heterodimerization activity","EGFR;EPAS1;ERBB2;ERBB3;FOS;HIF1A;KCNH1;SMAD2;SMAD3;SMAD4;MAX;ATF1;NOTCH1;PIK3R1;ANO1;BRAF;HNF1B;TGFB1;TP53;TWIST1;VEGFA"
"13","GO:0034713",0.000231627567710617,Inf,0.497393894266567,4,4,"type I transforming growth factor beta receptor binding","SMAD2;SMAD7;TGFB1;TGFBR2"
"14","GO:0030295",0.000259613078774555,7.34591194968553,1.98957557706627,8,16,"protein kinase activator activity","CDKN1A;ERBB3;GREM1;NRG1;IGF2;PIK3CA;MAP2K1;TGFB1"
"15","GO:0019887",0.000312923259291141,4.25806451612903,4.10349962769918,12,33,"protein kinase regulator activity","CDKN1A;CDKN1B;ERBB3;GREM1;NRG1;APC;IGF2;PIK3CA;MAP2K1;LRRC4C;WNK1;TGFB1"
"16","GO:0046332",0.000417398690016523,4.92993630573248,3.10871183916605,10,25,"SMAD binding","CTNNB1;FOS;JUN;SMAD2;SMAD3;SMAD4;SMAD7;TGFBR2;AXIN1;AXIN2"
"17","GO:0030983",0.0004788078884565,18.1172839506173,0.870439314966493,5,7,"mismatched DNA binding","MSH6;MLH1;MSH2;PMS1;PMS2"
"18","GO:0045295",0.0004788078884565,18.1172839506173,0.870439314966493,5,7,"gamma-catenin binding","PTPRT;APC;PTPRK;TCF7L2;CDH1"
"19","GO:0098772",0.000726615952960571,2.10829996359665,19.3983618763961,33,156,"molecular function regulator","FRY;CDKN1A;CDKN1B;DPP6;EGFR;ERBB3;AKT1;DKK1;PPP1R15A;GREM1;GSTP1;NRG1;APC;ECT2L;IGF2;JUN;NOS1;NOTCH1;ARHGEF4;PIK3CA;PIK3R1;FBXW7;MAP2K1;PREX1;DPP10;LRRC4C;WNK1;TGFB1;TP53;VEGFA;BIRC7;AXIN1;AXIN2"
"20","GO:0019199",0.000785912326541767,3.71612903225806,4.47654504839911,12,36,"transmembrane receptor protein kinase activity","EGFR;EPHB4;ERBB2;FGFR1;FGFR2;ALK;KDR;MET;NTRK1;ROS1;TGFBR2;ACVR2A"
"21","GO:0019903",0.00097847815845893,3.87820512820513,3.97915115413254,11,32,"protein phosphatase binding","CDKN1B;CTNNB1;EGFR;EIF4EBP1;ERBB2;AKT1;PPP1R15A;MET;PIK3R1;ROS1;TP53"
"22","GO:0019209",0.0010931877157125,5.32875929102344,2.3626209977662,8,19,"kinase activator activity","CDKN1A;ERBB3;GREM1;NRG1;IGF2;PIK3CA;MAP2K1;TGFB1"
"23","GO:0030234",0.00117399726427206,2.22505910165485,14.4244229337305,26,116,"enzyme regulator activity","FRY;CDKN1A;CDKN1B;EGFR;ERBB3;AKT1;PPP1R15A;GREM1;GSTP1;NRG1;APC;IGF2;JUN;NOTCH1;PIK3CA;PIK3R1;FBXW7;MAP2K1;PREX1;LRRC4C;WNK1;TGFB1;TP53;BIRC7;AXIN1;AXIN2"
"24","GO:0097367",0.00146835545519636,1.77937694243007,35.3149664929263,51,284,"carbohydrate derivative binding","HSPH1;NEK10;EGFR;EPHB4;ERBB2;ERBB3;AKT1;FGFR1;FGFR2;ALK;HSPA12A;GNAS;MSH6;HRAS;HSPA5;RSPO2;HCN1;ARAF;KDR;KRAS;LAMC1;MET;MLH1;MSH2;ATM;NOS1;NRAS;NTRK1;PIK3CA;PMS1;PMS2;MAP2K1;B2M;RAD51B;ROS1;MAP2K4;WNK1;BMP4;SRC;BRAF;TGFB1;TGFBR2;THBS2;TP53;VEGFA;TUBA1C;RSPO3;RNGTT;SLFN11;ACVR2A;CDH1"
"25","GO:0005102",0.00154561134474677,1.93872215831852,22.6314221891288,36,182,"receptor binding","CTNNB1;DVL1;EP300;ERBB2;EREG;ALCAM;DKK1;GATA3;GREM1;GNAS;NRG1;HIF1A;RSPO2;IGF2;AREG;KDR;LAMA5;SMAD2;SMAD3;SMAD7;MDM2;NOTCH1;NTRK1;ERAP1;PIK3R1;RNF43;PTEN;BMP4;SRC;TCF7L2;TGFB1;TGFBR2;TP53;VEGFA;ZNRF3;RSPO3"
"26","GO:0043125",0.00189256671178187,Inf,0.373045420699926,3,3,"ErbB-3 class receptor binding","ERBB2;NRG1;PIK3R1"
"27","GO:0000166",0.0022651240393414,1.73887415266726,35.066269545793,50,282,"nucleotide binding","HSPH1;NEK10;EGFR;EPHB4;ERBB2;ERBB3;AKT1;FGFR1;FGFR2;SCAF8;RALY;ALK;HSPA12A;GNAS;MSH6;HRAS;HSPA5;HCN1;ARAF;KDR;KRAS;MET;MLH1;MSH2;MTHFR;ATM;NOS1;NRAS;NT5E;NTRK1;PIK3CA;PMS1;PMS2;POLE;ACOXL;MAP2K1;RAD51B;ROS1;MAP2K4;WNK1;SRC;BRAF;TGFBR2;TP53;TYMS;TUBA1C;RNGTT;SYNJ2;SLFN11;ACVR2A"
"28","GO:1901265",0.0022651240393414,1.73887415266726,35.066269545793,50,282,"nucleoside phosphate binding","HSPH1;NEK10;EGFR;EPHB4;ERBB2;ERBB3;AKT1;FGFR1;FGFR2;SCAF8;RALY;ALK;HSPA12A;GNAS;MSH6;HRAS;HSPA5;HCN1;ARAF;KDR;KRAS;MET;MLH1;MSH2;MTHFR;ATM;NOS1;NRAS;NT5E;NTRK1;PIK3CA;PMS1;PMS2;POLE;ACOXL;MAP2K1;RAD51B;ROS1;MAP2K4;WNK1;SRC;BRAF;TGFBR2;TP53;TYMS;TUBA1C;RNGTT;SYNJ2;SLFN11;ACVR2A"
"29","GO:0042802",0.00250831892637103,1.88531870428422,22.3827252419955,35,180,"identical protein binding","DVL1;EGFR;ERBB2;ERBB3;AKT1;FGFR1;FGFR2;ALK;HCN1;JUN;KCNH1;SMAD2;SMAD3;SMAD4;MAX;MDM2;MSH2;NOS1;NTRK1;ANO1;FBXW7;B2M;PTEN;PTGS2;BMP4;BRAF;HNF1B;TERT;TGFB1;TP53;TWIST1;TYMS;VEGFA;CUBN;AXIN1"
"30","GO:0005125",0.00274494219650924,6.22360248447205,1.61653015636634,6,13,"cytokine activity","GREM1;NRG1;AREG;BMP4;TGFB1;VEGFA"
"31","GO:0004871",0.0027769338916884,1.87058945620589,22.5070737155622,35,181,"signal transducer activity","SH2B3;CDKN1B;CTNNB1;EGFR;EPHB4;ERBB2;ERBB3;FGFR1;FGFR2;DKK1;ALK;GREM1;GNAS;GRIA1;GRIN2A;NRG1;ARAF;KCNH1;KDR;SMAD2;SMAD3;SMAD4;SMAD7;MET;NTRK1;PIK3R1;MAP2K1;PTPRK;ROS1;SFRP4;BRAF;TGFBR2;VEGFA;AXIN1;ACVR2A"
"32","GO:0005109",0.00283183371159501,14.4049079754601,0.746090841399851,4,6,"frizzled binding","DVL1;RNF43;ZNRF3;RSPO3"
"33","GO:0004714",0.00288890156628111,3.5031847133758,3.8548026805659,10,31,"transmembrane receptor protein tyrosine kinase activity","EGFR;EPHB4;ERBB2;FGFR1;FGFR2;ALK;KDR;MET;NTRK1;ROS1"
"34","GO:0046983",0.00362923732865692,1.84667963615332,22.0096798212956,34,177,"protein dimerization activity","EGFR;EPAS1;ERBB2;ERBB3;FGFR1;FGFR2;FOS;GATA3;HIF1A;KCNH1;SMAD2;SMAD3;SMAD4;MAX;MSH2;ATF1;ATM;NOS1;NOTCH1;NTRK1;PIK3R1;ANO1;PTGS2;BMP4;BRAF;HNF1B;TERT;TGFB1;TP53;TWIST1;TYMS;VEGFA;CUBN;AXIN1"
"35","GO:0044877",0.0041085908526309,1.69249622926094,33.32539091586,47,268,"macromolecular complex binding","CDKN1A;CDKN1B;CTNNB1;CUX1;EGFR;EP300;EZH2;FGFR1;MACF1;FOS;GATA3;GNAS;MSH6;HIF1A;APC;HSPA5;IGF2;SHROOM2;JUN;KDR;KRAS;KRT8;LAMA5;SMAD2;SMAD3;SMAD4;SMAD7;MAX;MLH1;MSH2;MTHFR;MUTYH;ATF1;ATM;NOTCH1;NRAS;LIMA1;PIK3R1;PMS2;POLE;PTEN;SRC;HNF1B;TCF7L2;TOP1;TP53;ACVR2A"
"36","GO:0008083",0.00456012142807278,3.89433962264151,2.86001489203276,8,23,"growth factor activity","EREG;DKK1;NRG1;IGF2;AREG;BMP4;TGFB1;VEGFA"
"37","GO:0043168",0.00480187888993321,1.63792172739541,38.9210722263589,53,313,"anion binding","HSPH1;TPH2;NEK10;EGFR;EPHB4;ERBB2;ERBB3;AKT1;FGFR1;FGFR2;ALK;HSPA12A;GNAS;GSTP1;MSH6;HRAS;HSPA5;RSPO2;HCN1;ARAF;KDR;KRAS;MET;MLH1;MSH2;MTHFR;ATM;NOS1;NRAS;NTRK1;PIK3CA;PMS1;PMS2;ACOXL;MAP2K1;PREX1;RAD51B;ROS1;MAP2K4;WNK1;BMP4;SRC;BRAF;TGFBR2;THBS2;TP53;TYMS;VEGFA;TUBA1C;RSPO3;RNGTT;SLFN11;ACVR2A"
"38","GO:0036094",0.00566482438019102,1.625,38.2993298585257,52,308,"small molecule binding","HSPH1;TPH2;NEK10;EGFR;EPHB4;ERBB2;ERBB3;AKT1;FGFR1;FGFR2;SCAF8;RALY;ALK;HSPA12A;GNAS;MSH6;HRAS;HSPA5;HCN1;ARAF;KDR;KRAS;MET;MLH1;MSH2;MTHFR;ATM;NOS1;NRAS;NT5E;NTRK1;PIK3CA;PMS1;PMS2;POLE;ACOXL;MAP2K1;RAD51B;ROS1;MAP2K4;WNK1;SRC;BRAF;TGFBR2;TP53;TYMS;CUBN;TUBA1C;RNGTT;SYNJ2;SLFN11;ACVR2A"
"39","GO:0031625",0.00591637952614073,2.5986310986311,6.21742367833209,13,50,"ubiquitin protein ligase binding","CDKN1A;EGFR;HIF1A;HSPA5;SMAD2;SMAD3;SMAD7;MDM2;POU5F1;FBXW7;TP53;AXIN1;AXIN2"
"40","GO:0044389",0.00591637952614073,2.5986310986311,6.21742367833209,13,50,"ubiquitin-like protein ligase binding","CDKN1A;EGFR;HIF1A;HSPA5;SMAD2;SMAD3;SMAD7;MDM2;POU5F1;FBXW7;TP53;AXIN1;AXIN2"
"41","GO:1901681",0.00626103245011184,3.29240506329114,3.60610573343261,9,29,"sulfur compound binding","FGFR1;FGFR2;GSTP1;RSPO2;ACOXL;BMP4;THBS2;VEGFA;RSPO3"
"42","GO:0004672",0.0064544524828371,1.95443266411008,14.5487714072971,24,117,"protein kinase activity","CDKN1A;NEK10;EGFR;EPHB4;ERBB2;AKT1;FGFR1;FGFR2;ALK;ARAF;KCNH1;KDR;MET;ATM;NTRK1;PIK3CA;MAP2K1;ROS1;MAP2K4;WNK1;SRC;BRAF;TGFBR2;ACVR2A"
"43","GO:0005159",0.00687538414399565,21.4939024390244,0.497393894266567,3,4,"insulin-like growth factor receptor binding","GNAS;IGF2;PIK3R1"
"44","GO:0032138",0.00687538414399565,21.4939024390244,0.497393894266567,3,4,"single base insertion or deletion binding","MSH6;MSH2;PMS2"
"45","GO:0032407",0.00687538414399565,21.4939024390244,0.497393894266567,3,4,"MutSalpha complex binding","MLH1;MUTYH;PMS2"
"46","GO:0034061",0.00687538414399565,21.4939024390244,0.497393894266567,3,4,"DNA polymerase activity","POLD3;POLE;TERT"
"47","GO:0043539",0.00687538414399565,21.4939024390244,0.497393894266567,3,4,"protein serine/threonine kinase activator activity","IGF2;MAP2K1;TGFB1"
"48","GO:0004702",0.00691290280331589,6.01851851851852,1.36783320923306,5,11,"receptor signaling protein serine/threonine kinase activity","EGFR;ALK;BRAF;TGFBR2;ACVR2A"
"49","GO:0004713",0.00709176761587344,2.52802460697198,6.34177215189873,13,51,"protein tyrosine kinase activity","EGFR;EPHB4;ERBB2;FGFR1;FGFR2;ALK;KDR;MET;NTRK1;MAP2K1;ROS1;MAP2K4;SRC"
"50","GO:0016772",0.00719173416701015,1.84073430910444,17.9061801935964,28,144,"transferase activity, transferring phosphorus-containing groups","CDKN1A;POLD3;NEK10;EGFR;EPHB4;ERBB2;AKT1;FGFR1;FGFR2;ALK;ARAF;KCNH1;KDR;MET;ATM;NTRK1;PIK3CA;POLE;MAP2K1;ROS1;MAP2K4;WNK1;SRC;BRAF;TERT;TGFBR2;RNGTT;ACVR2A"
"51","GO:0032553",0.00736463848225137,1.65963636363636,29.843633655994,42,240,"ribonucleotide binding","HSPH1;NEK10;EGFR;EPHB4;ERBB2;ERBB3;AKT1;FGFR1;FGFR2;ALK;HSPA12A;GNAS;MSH6;HRAS;HSPA5;HCN1;ARAF;KDR;KRAS;MET;MLH1;MSH2;ATM;NOS1;NRAS;NTRK1;PIK3CA;PMS1;PMS2;MAP2K1;RAD51B;ROS1;MAP2K4;WNK1;SRC;BRAF;TGFBR2;TP53;TUBA1C;RNGTT;SLFN11;ACVR2A"
"52","GO:0005539",0.00807376715354478,3.43026267110618,3.10871183916605,8,25,"glycosaminoglycan binding","FGFR1;FGFR2;RSPO2;BMP4;TGFBR2;THBS2;VEGFA;RSPO3"
"53","GO:0019838",0.00807376715354478,3.43026267110618,3.10871183916605,8,25,"growth factor binding","ERBB2;ERBB3;FGFR1;FGFR2;KDR;NTRK1;TGFBR2;ACVR2A"
"54","GO:0019899",0.0086944691900007,1.59812785873843,35.4393149664929,48,285,"enzyme binding","CDKN1A;CDKN1B;CTNNB1;DVL1;EGFR;EIF4EBP1;EPAS1;ERBB2;AKT1;SCAF8;PPP1R15A;GSTP1;NRG1;HIF1A;APC;HSPA5;JUN;KCNH1;SMAD2;SMAD3;SMAD7;MDM2;MET;MSH2;NOS1;NOTCH1;NTRK1;PIK3R1;POU5F1;FBXW7;MAP2K1;PTEN;PTGS2;PREX1;PTPRK;ROS1;WNK1;SRC;BRAF;BRCA2;TCF7L2;TGFB1;TGFBR2;TP53;BIRC7;AXIN1;AXIN2;CCND2"
