"","GOCCID","Pvalue","OddsRatio","ExpCount","Count","Size","Term","Symbols"
"1","GO:0009986",3.10101058417762e-05,2.73676542010685,14.5194805194805,30,117,"cell surface","PTPRT;DPP6;EGFR;ALCAM;FGFR2;GREM1;GRIA1;GRIN2A;NRG1;HLA-C;HSPA5;RSPO2;AREG;KCNH1;KDR;MET;NOTCH1;NT5E;NTRK1;LIMA1;ANO1;B2M;PTPRK;ROS1;SFRP4;TGFB1;TGFBR2;VEGFA;CUBN;ACVR2A"
"2","GO:0016328",0.000205014463212676,14.5903614457831,1.11688311688312,6,9,"lateral plasma membrane","CTNNB1;DVL1;ERBB3;APC;AXIN1;CDH1"
"3","GO:0016342",0.000229979385590747,Inf,0.496392496392496,4,4,"catenin complex","CTNNB1;APC;SMAD7;CDH1"
"4","GO:1990391",0.000360212270459283,8.54141414141414,1.61327561327561,7,13,"DNA repair complex","MSH6;MLH1;MSH2;ATM;PMS1;PMS2;POLE"
"5","GO:0032300",0.000474870263322186,18.1437125748503,0.868686868686869,5,7,"mismatch repair complex","MSH6;MLH1;MSH2;PMS1;PMS2"
"6","GO:0043005",0.000641863170457176,2.26446759259259,15.3881673881674,28,124,"neuron projection","TPH2;VTI1A;CTNNB1;CUX1;DVL1;ALCAM;FOS;GNAS;GRIA1;GRIN2A;NRG1;HIF1A;APC;HCN1;KCNH1;MAX;MTHFR;NOS1;NTRK1;PTEN;PTGS2;PREX1;PTPRK;ELOVL5;SRC;BRAF;TGFB1;SYNJ2"
"7","GO:0036477",0.000676106068124253,2.58406323435163,10.3001443001443,21,83,"somatodendritic compartment","VTI1A;CTNNB1;DPP6;DVL1;ALCAM;GNAS;GRIA1;NRG1;APC;HCN1;SHROOM2;KCNH1;MAX;NOS1;NTRK1;PTEN;PREX1;PTPRK;ELOVL5;TGFB1;TOP1"
"8","GO:0030877",0.00103806903568385,28.8809523809524,0.620490620490621,4,5,"beta-catenin destruction complex","CTNNB1;APC;AXIN1;AXIN2"
"9","GO:0030425",0.00112935207835099,2.86202686202686,7.1976911976912,16,58,"dendrite","CTNNB1;DVL1;ALCAM;GNAS;GRIA1;NRG1;APC;HCN1;KCNH1;MAX;NOS1;NTRK1;PTEN;PREX1;PTPRK;ELOVL5"
"10","GO:0005886",0.00123509098683668,1.67608764687202,59.5670995670996,78,480,"plasma membrane","PTPRT;PTP4A3;CTNNB1;DPP6;DSG3;DVL1;EGFR;EPHB4;ERBB2;ERBB3;EREG;AKT1;ALCAM;FGFR1;FGFR2;DKK1;EFR3A;MACF1;ALK;GNAS;GRIA1;GRIN2A;GSTP1;MSH6;NRG1;HLA-C;APC;HRAS;HSPA5;IGF2;HCN1;SHROOM2;KCNH1;KDR;KRAS;KRT8;LSAMP;SMAD3;SMAD7;MDM2;MET;MMP2;NOS1;NOTCH1;NRAS;NT5E;NTRK1;ARHGEF4;LIMA1;ERAP1;PIK3CA;PIK3R1;POLE;RNF43;ANO1;MAP2K1;B2M;PTEN;PTGS2;PREX1;DPP10;LRRC4C;PTPRK;ROS1;SLC22A23;PARVG;SLC22A3;SRC;BRAF;TGFB1;TGFBR2;CUBN;AXIN1;AXIN2;ZNRF3;SYNJ2;ACVR2A;CDH1"
"11","GO:0043234",0.00153065238666118,1.6575256107171,59.9393939393939,78,483,"protein complex","CDKN1A;CDKN1B;CDX2;POLD3;VTI1A;CTNNB1;NEK10;DPP6;EGFR;EIF4EBP1;EP300;EPAS1;ERBB2;ERBB3;ALCAM;EZH2;FGFR1;KLHL18;FOS;PPP1R15A;ALK;GATA3;GNAS;GRIA1;GRIN2A;GSTP1;MSH6;HIF1A;HLA-C;APC;HSPA5;SHROOM2;EIF3E;JUN;KCNH1;KRT8;LAMA5;LAMC1;SMAD2;SMAD3;SMAD4;SMAD7;MAX;MDM2;MLH1;MSH2;ATF1;ATM;NOS1;NOTCH1;NTRK1;PIK3CA;PIK3R1;PMS1;PMS2;POLE;POU5F1;ANO1;FBXW7;B2M;SALL4;PTGS2;RAD21;RAD51B;BCKDHB;BRCA2;HNF1B;TCF7L2;TERT;TGFBR2;TOP1;TP53;TBL1XR1;AXIN1;AXIN2;CCND2;ACVR2A;CDH1"
"12","GO:0071944",0.00193407420941234,1.63547091592175,61.3044733044733,79,494,"cell periphery","FRY;PTPRT;PTP4A3;CTNNB1;DPP6;DSG3;DVL1;EGFR;EPHB4;ERBB2;ERBB3;EREG;AKT1;ALCAM;FGFR1;FGFR2;DKK1;EFR3A;MACF1;ALK;GNAS;GRIA1;GRIN2A;GSTP1;MSH6;NRG1;HLA-C;APC;HRAS;HSPA5;IGF2;HCN1;SHROOM2;KCNH1;KDR;KRAS;KRT8;LSAMP;SMAD3;SMAD7;MDM2;MET;MMP2;NOS1;NOTCH1;NRAS;NT5E;NTRK1;ARHGEF4;LIMA1;ERAP1;PIK3CA;PIK3R1;POLE;RNF43;ANO1;MAP2K1;B2M;PTEN;PTGS2;PREX1;DPP10;LRRC4C;PTPRK;ROS1;SLC22A23;PARVG;SLC22A3;SRC;BRAF;TGFB1;TGFBR2;CUBN;AXIN1;AXIN2;ZNRF3;SYNJ2;ACVR2A;CDH1"
"13","GO:0031410",0.00374169046162556,1.95151515151515,17.1255411255411,28,138,"cytoplasmic vesicle","HSPH1;VTI1A;DVL1;EGFR;ERBB2;FGFR1;FGFR2;GNAS;GRIA1;GRIN2A;HLA-C;HSPA5;IGF2;AREG;KDR;MDM2;ATM;NOS1;NOTCH1;NTRK1;B2M;BRCA2;TGFB1;THBS2;VEGFA;CUBN;AXIN1;AXIN2"
"14","GO:0098797",0.0042611179036286,2.35603345280765,8.81096681096681,17,71,"plasma membrane protein complex","CTNNB1;DPP6;EGFR;ALCAM;GNAS;GRIA1;GRIN2A;HLA-C;APC;KCNH1;KRT8;SMAD7;NOS1;B2M;TGFBR2;ACVR2A;CDH1"
"15","GO:0097458",0.00451065855101689,1.84221748400853,20.6002886002886,32,166,"neuron part","TPH2;VTI1A;CTNNB1;CUX1;DPP6;DVL1;ALCAM;MACF1;FOS;GNAS;GRIA1;GRIN2A;NRG1;HIF1A;APC;HCN1;SHROOM2;KCNH1;MAX;MTHFR;NOS1;NTRK1;PTEN;PTGS2;PREX1;PTPRK;ELOVL5;SRC;BRAF;TGFB1;TOP1;SYNJ2"
"16","GO:0044454",0.00497393529615386,2.15037593984962,11.1688311688312,20,90,"nuclear chromosome part","POLD3;CTNNB1;EZH2;GATA3;MSH6;JUN;SMAD2;SMAD3;SMAD4;MLH1;MSH2;ATM;PMS1;POLE;RAD21;BRCA2;TCF7L2;TERT;TOP1;TP53"
"17","GO:0016023",0.00517045635583928,1.94144507117916,15.8845598845599,26,128,"cytoplasmic, membrane-bounded vesicle","HSPH1;VTI1A;DVL1;EGFR;FGFR1;FGFR2;GNAS;GRIA1;GRIN2A;HLA-C;HSPA5;IGF2;AREG;KDR;MDM2;ATM;NOS1;NOTCH1;B2M;BRCA2;TGFB1;THBS2;VEGFA;CUBN;AXIN1;AXIN2"
"18","GO:0000228",0.0055630187042769,2.08243290345068,12.037518037518,21,97,"nuclear chromosome","CDX2;POLD3;CTNNB1;EZH2;GATA3;MSH6;JUN;SMAD2;SMAD3;SMAD4;MLH1;MSH2;ATM;PMS1;POLE;RAD21;BRCA2;TCF7L2;TERT;TOP1;TP53"
"19","GO:0005901",0.00640504204960984,4.83935742971888,1.86147186147186,6,15,"caveola","CTNNB1;NOS1;PTGS2;SRC;TGFBR2;CDH1"
"20","GO:0032389",0.006838144453216,21.5325443786982,0.496392496392496,3,4,"MutLalpha complex","MLH1;PMS1;PMS2"
"21","GO:0071141",0.006838144453216,21.5325443786982,0.496392496392496,3,4,"SMAD protein complex","SMAD2;SMAD3;SMAD4"
"22","GO:0005913",0.00685996435918147,6.02794411177645,1.36507936507937,5,11,"cell-cell adherens junction","CTNNB1;APC;SHROOM2;SMAD7;CDH1"
"23","GO:0031256",0.00799361293082783,3.43472022955524,3.1024531024531,8,25,"leading edge membrane","MACF1;GRIA1;NRG1;APC;KCNH1;ARHGEF4;PTPRK;SRC"
"24","GO:0044459",0.00858430712724948,1.59575336872193,35.3679653679654,48,285,"plasma membrane part","CTNNB1;DPP6;DVL1;EGFR;EPHB4;ERBB2;ERBB3;EREG;ALCAM;FGFR1;FGFR2;MACF1;ALK;GNAS;GRIA1;GRIN2A;NRG1;HLA-C;APC;HCN1;SHROOM2;KCNH1;KDR;KRAS;KRT8;SMAD7;MET;NOS1;NOTCH1;NT5E;NTRK1;ARHGEF4;RNF43;ANO1;B2M;PTEN;PTGS2;LRRC4C;PTPRK;SLC22A23;SLC22A3;SRC;TGFBR2;CUBN;AXIN1;ZNRF3;ACVR2A;CDH1"
