"","GOMFID","Pvalue","OddsRatio","ExpCount","Count","Size","Term","Symbols"
"1","GO:0000104",3.82428435316396e-05,Inf,0.318689501116902,4,4,"succinate dehydrogenase activity","SDHA;SDHB;SDHC;SDHD"
"2","GO:0016627",0.000135330617423384,20.1470588235294,0.637379002233805,5,8,"oxidoreductase activity, acting on the CH-CH group of donors","ETFA;SDHA;SDHB;SDHC;SDHD"
"3","GO:0003677",0.000228657966570397,2.14031742759971,28.5227103499628,45,358,"DNA binding","CDKN2A;KLF6;CTNNB1;DDX3X;EGFR;EPAS1;ERCC5;CIC;DICER1;SSBP2;MTOR;GLI2;H3F3A;HIF1A;LIN28B;MEN1;MGMT;MLH1;MYCN;NBN;ATM;RTEL1;PMS2;POLE;POLR2A;ATR;ATRX;POLR3B;SALL4;KMT2C;RB1;SMARCE1;STAT6;TERT;TP53;KDM6A;WRN;ZBTB16;PALB2;MLLT10;KMT2D;HIST1H3B;FUBP1;PHOX2B;KLF4"
"4","GO:0047485",0.000431419304669398,5.79441473559121,1.99180938198064,8,25,"protein N-terminus binding","DAXX;ERCC5;MEN1;NBN;ATM;SMARCE1;TP53;TSC1"
"5","GO:0032407",0.00185624878988189,35.625,0.318689501116902,3,4,"MutSalpha complex binding","MLH1;PMS2;ATR"
"6","GO:0034062",0.00185624878988189,35.625,0.318689501116902,3,4,"RNA polymerase activity","POLR2A;POLR3B;TERT"
"7","GO:0003678",0.00224530453449287,7.52450980392157,1.03574087862993,5,13,"DNA helicase activity","DDX3X;NBN;RTEL1;ATRX;WRN"
"8","GO:0097159",0.00283212128526538,1.79865771812081,52.8227848101266,67,663,"organic cyclic compound binding","CDK8;CDKN2A;KLF6;CTNNB1;DDX3X;EGFR;EPAS1;ERCC5;ETFA;FGFR3;CIC;DICER1;SSBP2;ALK;MTOR;GLI2;GNAS;H3F3A;HIF1A;IDH1;IDH2;KRAS;LIN28B;MEN1;MET;MGMT;MLH1;MYCN;NBN;ATM;NRAS;PDGFRA;RTEL1;PIK3CA;PMS2;POLE;POLR2A;ATR;ATRX;POLR3B;SALL4;PTCH1;BARD1;KMT2C;RAF1;RB1;ROS1;SDHA;SDHC;SDHD;SMARCE1;BRAF;STAT6;TERT;TP53;KDM6A;WRN;ZBTB16;PALB2;MLLT10;KMT2D;HIST1H3B;FUBP1;PHOX2B;ACVR1;KLF4;QKI"
"9","GO:0009055",0.0035125272504251,9.56116504854369,0.71705137751303,4,9,"electron carrier activity","ETFA;SDHB;SDHC;SDHD"
"10","GO:0043167",0.00397149290258523,1.74687054026504,48.3611317944899,62,607,"ion binding","CDK8;KLF6;DDX3X;EGFR;ERCC5;ETFA;FGFR3;DICER1;ALK;MTOR;GLI2;GNAS;IDH1;IDH2;KRAS;LIN28B;LMO1;MDM2;MDM4;MET;MGMT;MLH1;MMP2;ATM;NF1;NRAS;HSD17B12;PDGFRA;RTEL1;PIK3CA;LRP1B;PMS2;POLE;POLR2A;ATR;ATRX;POLR3B;SALL4;PTCH1;PTEN;BARD1;KMT2C;RAF1;HPSE2;ROS1;SDHA;SDHB;SDHC;SDHD;PCDH15;BRAF;TERT;TP53;KDM6A;WRN;ZBTB16;MLLT10;KMT2D;TRAF7;PPM1D;ACVR1;KLF4"
"11","GO:1901363",0.0041099037597367,1.75115359261701,52.4244229337305,66,658,"heterocyclic compound binding","CDK8;CDKN2A;KLF6;CTNNB1;DDX3X;EGFR;EPAS1;ERCC5;ETFA;FGFR3;CIC;DICER1;SSBP2;ALK;MTOR;GLI2;GNAS;H3F3A;HIF1A;IDH1;IDH2;KRAS;LIN28B;MEN1;MET;MGMT;MLH1;MYCN;NBN;ATM;NRAS;PDGFRA;RTEL1;PIK3CA;PMS2;POLE;POLR2A;ATR;ATRX;POLR3B;SALL4;BARD1;KMT2C;RAF1;RB1;ROS1;SDHA;SDHC;SDHD;SMARCE1;BRAF;STAT6;TERT;TP53;KDM6A;WRN;ZBTB16;PALB2;MLLT10;KMT2D;HIST1H3B;FUBP1;PHOX2B;ACVR1;KLF4;QKI"
"12","GO:0046983",0.00415501643861417,2.04677533664068,14.1020104244229,24,177,"protein dimerization activity","DAXX;EGFR;EPAS1;ERCC5;H3F3A;HGF;HIF1A;IDH1;MYCN;ATM;PDGFRA;PIK3R1;BARD1;RAF1;BRAF;TERT;TP53;TSC2;WRN;ZBTB16;AXIN1;HIST1H3B;CASP8;ACVR1"
"13","GO:0016779",0.00549793739652569,7.96116504854369,0.796723752792256,4,10,"nucleotidyltransferase activity","POLE;POLR2A;POLR3B;TERT"
"14","GO:0003968",0.00629304901609382,Inf,0.159344750558451,2,2,"RNA-directed RNA polymerase activity","POLR2A;TERT"
"15","GO:0004448",0.00629304901609382,Inf,0.159344750558451,2,2,"isocitrate dehydrogenase activity","IDH1;IDH2"
"16","GO:0004450",0.00629304901609382,Inf,0.159344750558451,2,2,"isocitrate dehydrogenase (NADP+) activity","IDH1;IDH2"
"17","GO:0005113",0.00629304901609382,Inf,0.159344750558451,2,2,"patched binding","PTCH1;SMO"
"18","GO:0008177",0.00629304901609382,Inf,0.159344750558451,2,2,"succinate dehydrogenase (ubiquinone) activity","SDHA;SDHB"
"19","GO:0016635",0.00629304901609382,Inf,0.159344750558451,2,2,"oxidoreductase activity, acting on the CH-CH group of donors, quinone or related compound as acceptor","SDHA;SDHB"
"20","GO:0048038",0.00629304901609382,Inf,0.159344750558451,2,2,"quinone binding","SDHB;SDHD"
"21","GO:0048039",0.00629304901609382,Inf,0.159344750558451,2,2,"ubiquinone binding","SDHB;SDHD"
"22","GO:0032403",0.00655751229968152,2.04228329809725,12.1898734177215,21,153,"protein complex binding","CTNNB1;EGFR;GNAS;H3F3A;HIF1A;APC;KRAS;MLH1;ATM;NF2;NRAS;HSD17B12;PIK3R1;PMS2;ATR;PTCH1;PTEN;SMARCE1;WRN;CASP8;ACVR1"
"23","GO:0004702",0.0081150786243724,6.81830790568655,0.876396128071482,4,11,"receptor signaling protein serine/threonine kinase activity","EGFR;ALK;BRAF;ACVR1"
"24","GO:0004861",0.00823761930730009,11.8557692307692,0.478034251675354,3,6,"cyclin-dependent protein serine/threonine kinase inhibitor activity","CDKN2A;CDKN2B;CDKN2C"
"25","GO:0032404",0.00823761930730009,11.8557692307692,0.478034251675354,3,6,"mismatch repair complex binding","MLH1;PMS2;ATR"
"26","GO:0048037",0.0091352517658599,4.01980198019802,1.91213700670141,6,24,"cofactor binding","ETFA;IDH1;IDH2;SDHA;SDHB;SDHD"
