"","GOCCID","Pvalue","OddsRatio","ExpCount","Count","Size","Term","Symbols"
"1","GO:0044451",4.41728638922144e-07,4.16906318082789,8.25757575757576,24,105,"nucleoplasm part","CDK8;CDKN2A;DAXX;DDX3X;EPAS1;ERCC5;MTOR;GLI2;HIF1A;MDM2;MEN1;NBN;POLR2A;ATR;ATRX;POLR3B;PTEN;KMT2C;RB1;TERT;TP53;KDM6A;ZBTB16;KMT2D"
"2","GO:0016604",4.58963789719966e-06,4.93723430857714,4.63997113997114,16,59,"nuclear body","CDKN2A;DAXX;DDX3X;EPAS1;MTOR;GLI2;HIF1A;MDM2;NBN;ATR;ATRX;PTEN;RB1;TERT;TP53;ZBTB16"
"3","GO:0016605",1.0991485697168e-05,7.96085858585859,2.04473304473304,10,26,"PML body","DAXX;MTOR;NBN;ATR;ATRX;PTEN;RB1;TERT;TP53;ZBTB16"
"4","GO:0043233",2.86583427224116e-05,2.28938316899794,39.7150072150072,60,505,"organelle lumen","CDK8;CDKN2A;CDKN2B;STAG2;CTNNB1;DAXX;DDX3X;EGFR;EPAS1;ERCC5;ETFA;MTOR;GLI2;GOLGA3;H3F3A;HGF;HIF1A;APC;IDH1;IDH2;LIN28B;MDM2;MEN1;MGMT;MLH1;NBN;ATM;NF1;NF2;SUFU;RTEL1;PMS2;POLE;POLR2A;ATR;ATRX;SDHAF2;POLR3B;SALL4;PTEN;BARD1;KMT2C;RB1;SDHB;SMARCE1;STAT6;TERT;TP53;KDM6A;WRN;ZBTB16;PALB2;MLLT10;KMT2D;HIST1H3B;CASP8;FUBP1;PHOX2B;KLF4;FAM131B"
"5","GO:0031974",3.30447059113715e-05,2.27366114230927,39.8722943722944,60,507,"membrane-enclosed lumen","CDK8;CDKN2A;CDKN2B;STAG2;CTNNB1;DAXX;DDX3X;EGFR;EPAS1;ERCC5;ETFA;MTOR;GLI2;GOLGA3;H3F3A;HGF;HIF1A;APC;IDH1;IDH2;LIN28B;MDM2;MEN1;MGMT;MLH1;NBN;ATM;NF1;NF2;SUFU;RTEL1;PMS2;POLE;POLR2A;ATR;ATRX;SDHAF2;POLR3B;SALL4;PTEN;BARD1;KMT2C;RB1;SDHB;SMARCE1;STAT6;TERT;TP53;KDM6A;WRN;ZBTB16;PALB2;MLLT10;KMT2D;HIST1H3B;CASP8;FUBP1;PHOX2B;KLF4;FAM131B"
"6","GO:0005746",3.63386360658353e-05,Inf,0.314574314574315,4,4,"mitochondrial respiratory chain","SDHA;SDHB;SDHC;SDHD"
"7","GO:0005749",3.63386360658353e-05,Inf,0.314574314574315,4,4,"mitochondrial respiratory chain complex II, succinate dehydrogenase complex (ubiquinone)","SDHA;SDHB;SDHC;SDHD"
"8","GO:0045257",3.63386360658353e-05,Inf,0.314574314574315,4,4,"succinate dehydrogenase complex (ubiquinone)","SDHA;SDHB;SDHC;SDHD"
"9","GO:0045273",3.63386360658353e-05,Inf,0.314574314574315,4,4,"respiratory chain complex II","SDHA;SDHB;SDHC;SDHD"
"10","GO:0045281",3.63386360658353e-05,Inf,0.314574314574315,4,4,"succinate dehydrogenase complex","SDHA;SDHB;SDHC;SDHD"
"11","GO:0045283",3.63386360658353e-05,Inf,0.314574314574315,4,4,"fumarate reductase complex","SDHA;SDHB;SDHC;SDHD"
"12","GO:0070469",3.63386360658353e-05,Inf,0.314574314574315,4,4,"respiratory chain","SDHA;SDHB;SDHC;SDHD"
"13","GO:0098800",3.63386360658353e-05,Inf,0.314574314574315,4,4,"inner mitochondrial membrane protein complex","SDHA;SDHB;SDHC;SDHD"
"14","GO:0098803",3.63386360658353e-05,Inf,0.314574314574315,4,4,"respiratory chain complex","SDHA;SDHB;SDHC;SDHD"
"15","GO:1902494",4.23507746691619e-05,3.08082535339717,9.83044733044733,23,125,"catalytic complex","ERCC5;DICER1;MTOR;GNAS;MEN1;PIK3CA;PIK3R1;POLE;POLR2A;POLR3B;BARD1;KMT2C;SDHA;SDHB;SDHC;SDHD;TERT;TP53;KDM6A;KMT2D;CASP8;TRAF7;ACVR1"
"16","GO:0044427",6.55470580051067e-05,2.9084851639771,10.7741702741703,24,137,"chromosomal part","CDKN2A;STAG2;CTNNB1;DAXX;ERCC5;H3F3A;APC;MEN1;MLH1;MYCN;NBN;ATM;POLE;ATR;ATRX;SALL4;RB1;SMARCE1;STAT6;TERT;TP53;HIST1H3B;PHOX2B;KLF4"
"17","GO:0005654",6.80787219750825e-05,2.23574291370902,31.536075036075,50,401,"nucleoplasm","CDK8;CDKN2A;CDKN2B;STAG2;CTNNB1;DAXX;DDX3X;EPAS1;ERCC5;MTOR;GLI2;GOLGA3;H3F3A;HIF1A;APC;MDM2;MEN1;MGMT;MLH1;NBN;ATM;SUFU;RTEL1;PMS2;POLE;POLR2A;ATR;ATRX;POLR3B;SALL4;PTEN;BARD1;KMT2C;RB1;SDHB;SMARCE1;STAT6;TERT;TP53;KDM6A;WRN;ZBTB16;PALB2;MLLT10;KMT2D;HIST1H3B;CASP8;FUBP1;KLF4;FAM131B"
"18","GO:0005634",8.07777297531978e-05,2.26526497695853,58.982683982684,78,750,"nucleus","CDK8;CDKN2A;CDKN2B;CDKN2C;STAG2;KLF6;CTNNB1;DAXX;DDX3X;EGFR;EPAS1;ERCC5;FGFR3;CIC;DICER1;SSBP2;MTOR;GLI2;GNAS;GOLGA3;H3F3A;HIF1A;APC;LIN28B;LMO1;MDM2;MDM4;MEN1;MGMT;MLH1;MMP2;MYCN;NAB2;NBN;ATM;NF1;NF2;PDGFRA;SUFU;RTEL1;PIK3R1;PMS2;POLE;POLR2A;ATR;ATRX;POLR3B;SALL4;PTEN;BARD1;KMT2C;RAF1;RB1;SDHB;SMARCE1;BRAF;STAT6;TERT;TP53;TSC1;TSC2;KDM6A;WRN;ZBTB16;PALB2;MLLT10;KMT2D;AXIN1;HIST1H3B;CASP8;TRAF7;PPM1D;FUBP1;PHOX2B;PTTG1;KLF4;QKI;FAM131B"
"19","GO:0070013",9.8549297619372e-05,2.15588457605264,39.2431457431457,58,499,"intracellular organelle lumen","CDK8;CDKN2A;CDKN2B;STAG2;CTNNB1;DAXX;DDX3X;EPAS1;ERCC5;ETFA;MTOR;GLI2;GOLGA3;H3F3A;HIF1A;APC;IDH1;IDH2;LIN28B;MDM2;MEN1;MGMT;MLH1;NBN;ATM;NF1;NF2;SUFU;RTEL1;PMS2;POLE;POLR2A;ATR;ATRX;SDHAF2;POLR3B;SALL4;PTEN;BARD1;KMT2C;RB1;SDHB;SMARCE1;STAT6;TERT;TP53;KDM6A;WRN;ZBTB16;PALB2;MLLT10;KMT2D;HIST1H3B;CASP8;FUBP1;PHOX2B;KLF4;FAM131B"
"20","GO:0044429",0.000101026379564723,4.29861111111111,4.08946608946609,13,52,"mitochondrial part","DDX3X;ETFA;MTOR;IDH2;SDHAF2;RAF1;SDHA;SDHB;SDHC;SDHD;TERT;TP53;CASP8"
"21","GO:0000784",0.000143171177633014,7.14568599717115,1.73015873015873,8,22,"nuclear chromosome, telomeric region","H3F3A;MEN1;NBN;ATM;ATR;ATRX;TERT;HIST1H3B"
"22","GO:0043234",0.000164490075942773,2.10330961954841,37.9848484848485,56,483,"protein complex","CDK8;CDKN2A;CTNNB1;DAXX;DDX3X;EGFR;EPAS1;ERCC5;DICER1;ALK;MTOR;GNAS;GOLGA3;H3F3A;HIF1A;APC;LEPR;MDM2;MEN1;MLH1;NBN;ATM;NF2;PDGFRA;PIK3CA;PIK3R1;LRP1B;PMS2;POLE;POLR2A;ATRX;POLR3B;GOPC;SALL4;BARD1;KMT2C;RB1;SDHA;SDHB;SDHC;SDHD;SMARCE1;TERT;TP53;TSC1;TSC2;KDM6A;WRN;ZBTB16;KMT2D;AXIN1;HIST1H3B;CASP8;TRAF7;ACVR1;KLF4"
"23","GO:0031981",0.000170230032402211,2.10631437527989,36.1760461760462,54,460,"nuclear lumen","CDK8;CDKN2A;CDKN2B;STAG2;CTNNB1;DAXX;DDX3X;EPAS1;ERCC5;MTOR;GLI2;GOLGA3;H3F3A;HIF1A;APC;LIN28B;MDM2;MEN1;MGMT;MLH1;NBN;ATM;NF1;NF2;SUFU;RTEL1;PMS2;POLE;POLR2A;ATR;ATRX;POLR3B;SALL4;PTEN;BARD1;KMT2C;RB1;SDHB;SMARCE1;STAT6;TERT;TP53;KDM6A;WRN;ZBTB16;PALB2;MLLT10;KMT2D;HIST1H3B;CASP8;FUBP1;PHOX2B;KLF4;FAM131B"
"24","GO:0098798",0.000170649600627548,48.6095238095238,0.393217893217893,4,5,"mitochondrial protein complex","SDHA;SDHB;SDHC;SDHD"
"25","GO:0043231",0.000171036953713561,2.61516833148354,78.2503607503608,94,995,"intracellular membrane-bounded organelle","CDK8;CDKN2A;CDKN2B;CDKN2C;STAG2;KLF6;CTNNB1;DAXX;DDX3X;EGFR;EPAS1;ERCC5;ETFA;FGFR3;CIC;DICER1;SSBP2;MTOR;GLI2;GNAS;GOLGA3;H3F3A;HGF;HIF1A;APC;IDH1;IDH2;KRAS;LIN28B;LMO1;MDM2;MDM4;MEN1;MGMT;MLH1;MMP2;MYCN;NAB2;NBN;ATM;NF1;NF2;NRAS;HSD17B12;PDGFRA;SUFU;RTEL1;PIK3R1;PMS2;POLE;POLR2A;ATR;ATRX;SDHAF2;POLR3B;GOPC;SALL4;PTCH1;PTEN;HACE1;BARD1;KMT2C;RAF1;RB1;SDHA;SDHB;SDHC;SDHD;SMARCE1;SMO;BRAF;STAT6;TERT;TP53;TSC1;TSC2;KDM6A;WRN;ZBTB16;PALB2;MLLT10;KMT2D;LZTR1;AXIN1;HIST1H3B;CASP8;TRAF7;PPM1D;FUBP1;PHOX2B;PTTG1;KLF4;QKI;FAM131B"
"26","GO:0032991",0.000212827800928173,2.06745435016112,42.0743145743146,60,535,"macromolecular complex","CDK8;CDKN2A;STAG2;CTNNB1;DAXX;DDX3X;EGFR;EPAS1;ERCC5;DICER1;ALK;MTOR;GNAS;GOLGA3;H3F3A;HIF1A;APC;LEPR;MDM2;MEN1;MLH1;MYCN;NBN;ATM;NF2;PDGFRA;PIK3CA;PIK3R1;LRP1B;PMS2;POLE;POLR2A;ATRX;POLR3B;GOPC;SALL4;BARD1;KMT2C;RB1;SDHA;SDHB;SDHC;SDHD;SMARCE1;STAT6;TERT;TP53;TSC1;TSC2;KDM6A;WRN;ZBTB16;KMT2D;AXIN1;HIST1H3B;CASP8;TRAF7;PHOX2B;ACVR1;KLF4"
"27","GO:0005694",0.000266660624864886,2.60216470588235,11.7178932178932,24,149,"chromosome","CDKN2A;STAG2;CTNNB1;DAXX;ERCC5;H3F3A;APC;MEN1;MLH1;MYCN;NBN;ATM;POLE;ATR;ATRX;SALL4;RB1;SMARCE1;STAT6;TERT;TP53;HIST1H3B;PHOX2B;KLF4"
"28","GO:0044428",0.00035232333509719,2.01693385481583,38.9285714285714,56,495,"nuclear part","CDK8;CDKN2A;CDKN2B;STAG2;CTNNB1;DAXX;DDX3X;EGFR;EPAS1;ERCC5;DICER1;MTOR;GLI2;GOLGA3;H3F3A;HIF1A;APC;LIN28B;MDM2;MEN1;MGMT;MLH1;NBN;ATM;NF1;NF2;SUFU;RTEL1;PMS2;POLE;POLR2A;ATR;ATRX;POLR3B;SALL4;PTEN;BARD1;KMT2C;RB1;SDHB;SMARCE1;STAT6;TERT;TP53;KDM6A;WRN;ZBTB16;PALB2;MLLT10;KMT2D;HIST1H3B;CASP8;FUBP1;PHOX2B;KLF4;FAM131B"
"29","GO:0044454",0.000359160194161387,3.04764740917213,7.07792207792208,17,90,"nuclear chromosome part","CTNNB1;ERCC5;H3F3A;MEN1;MLH1;NBN;ATM;POLE;ATR;ATRX;SMARCE1;STAT6;TERT;TP53;HIST1H3B;PHOX2B;KLF4"
"30","GO:0000785",0.000370005895199082,3.15672857608341,6.44877344877345,16,82,"chromatin","CDKN2A;STAG2;CTNNB1;DAXX;H3F3A;MEN1;MYCN;ATRX;SALL4;RB1;SMARCE1;STAT6;TP53;HIST1H3B;PHOX2B;KLF4"
"31","GO:0000781",0.000396027849490339,5.87070471753058,1.96608946608947,8,25,"chromosome, telomeric region","H3F3A;MEN1;NBN;ATM;ATR;ATRX;TERT;HIST1H3B"
"32","GO:0044455",0.000480897230570968,24.2857142857143,0.471861471861472,4,6,"mitochondrial membrane part","SDHA;SDHB;SDHC;SDHD"
"33","GO:0005739",0.0006687626543793,2.68769414575866,8.80808080808081,19,112,"mitochondrion","CDKN2A;DDX3X;ETFA;MTOR;IDH1;IDH2;KRAS;MMP2;SDHAF2;PTEN;RAF1;SDHA;SDHB;SDHC;SDHD;BRAF;TERT;TP53;CASP8"
"34","GO:0000228",0.000904473283846927,2.7648097826087,7.62842712842713,17,97,"nuclear chromosome","CTNNB1;ERCC5;H3F3A;MEN1;MLH1;NBN;ATM;POLE;ATR;ATRX;SMARCE1;STAT6;TERT;TP53;HIST1H3B;PHOX2B;KLF4"
"35","GO:0031966",0.00102766839584852,4.33038461538462,2.75252525252525,9,35,"mitochondrial membrane","DDX3X;MTOR;IDH2;RAF1;SDHA;SDHB;SDHC;SDHD;CASP8"
"36","GO:0044422",0.00105065684440625,1.96517748684033,62.521645021645,78,795,"organelle part","CDK8;CDKN2A;CDKN2B;STAG2;CTNNB1;DAXX;DDX3X;EGFR;EPAS1;ERCC5;ETFA;DICER1;MTOR;GLI2;GNAS;GOLGA3;H3F3A;HGF;HIF1A;APC;IDH1;IDH2;LIN28B;MDM2;MEN1;MGMT;MLH1;MMP2;MYCN;NBN;ATM;NF1;NF2;NRAS;HSD17B12;SUFU;RTEL1;PIK3R1;PMS2;POLE;POLR2A;ATR;ATRX;SDHAF2;POLR3B;GOPC;SALL4;PTCH1;PTEN;HACE1;BARD1;KMT2C;RAF1;RB1;SDHA;SDHB;SDHC;SDHD;PCDH15;SMARCE1;SMO;STAT6;TERT;TP53;TSC1;KDM6A;WRN;ZBTB16;PALB2;MLLT10;KMT2D;AXIN1;HIST1H3B;CASP8;FUBP1;PHOX2B;KLF4;FAM131B"
"37","GO:1990234",0.00110665637865226,2.79686137750654,7.07792207792208,16,90,"transferase complex","ERCC5;MTOR;MEN1;PIK3CA;PIK3R1;POLE;POLR2A;POLR3B;BARD1;KMT2C;TERT;TP53;KDM6A;KMT2D;TRAF7;ACVR1"
"38","GO:0005740",0.00158277342214189,4.01464285714286,2.90981240981241,9,37,"mitochondrial envelope","DDX3X;MTOR;IDH2;RAF1;SDHA;SDHB;SDHC;SDHD;CASP8"
"39","GO:0044446",0.00158436023112717,1.89835497835498,61.027417027417,76,776,"intracellular organelle part","CDK8;CDKN2A;CDKN2B;STAG2;CTNNB1;DAXX;DDX3X;EGFR;EPAS1;ERCC5;ETFA;DICER1;MTOR;GLI2;GNAS;GOLGA3;H3F3A;HGF;HIF1A;APC;IDH1;IDH2;LIN28B;MDM2;MEN1;MGMT;MLH1;MYCN;NBN;ATM;NF1;NF2;NRAS;HSD17B12;SUFU;RTEL1;PIK3R1;PMS2;POLE;POLR2A;ATR;ATRX;SDHAF2;POLR3B;GOPC;SALL4;PTCH1;PTEN;HACE1;BARD1;KMT2C;RAF1;RB1;SDHA;SDHB;SDHC;SDHD;SMARCE1;SMO;STAT6;TERT;TP53;TSC1;KDM6A;WRN;ZBTB16;PALB2;MLLT10;KMT2D;AXIN1;HIST1H3B;CASP8;FUBP1;PHOX2B;KLF4;FAM131B"
"40","GO:0032389",0.00178744951365345,36.1132075471698,0.314574314574315,3,4,"MutLalpha complex","MLH1;PMS2;WRN"
"41","GO:1990204",0.00198103798592804,12.1238095238095,0.629148629148629,4,8,"oxidoreductase complex","SDHA;SDHB;SDHC;SDHD"
"42","GO:1990391",0.00212108302730138,7.62620192307692,1.02236652236652,5,13,"DNA repair complex","MLH1;ATM;PMS2;POLE;WRN"
"43","GO:0005743",0.0030947376324137,6.77350427350427,1.1010101010101,5,14,"mitochondrial inner membrane","IDH2;SDHA;SDHB;SDHC;SDHD"
"44","GO:0061695",0.003593570683185,3.20642320642321,3.85353535353535,10,49,"transferase complex, transferring phosphorus-containing groups","ERCC5;MTOR;PIK3CA;PIK3R1;POLE;POLR2A;POLR3B;TERT;TP53;ACVR1"
"45","GO:0098687",0.0036027404201807,3.00377107364685,4.48268398268398,11,57,"chromosomal region","STAG2;DAXX;H3F3A;APC;MEN1;NBN;ATM;ATR;ATRX;TERT;HIST1H3B"
"46","GO:0030877",0.00421264938319229,18.0424528301887,0.393217893217893,3,5,"beta-catenin destruction complex","CTNNB1;APC;AXIN1"
"47","GO:0030880",0.00435452746841617,6.09134615384615,1.17965367965368,5,15,"RNA polymerase complex","ERCC5;POLR2A;POLR3B;TERT;TP53"
"48","GO:0043227",0.00457561233880856,2.16007474307069,85.2496392496392,96,1084,"membrane-bounded organelle","CDK8;CDKN2A;CDKN2B;CDKN2C;STAG2;KLF6;CTNNB1;DAXX;DDX3X;EGFR;EPAS1;ERCC5;ETFA;FGFR3;CIC;DICER1;SSBP2;ALK;MTOR;GLI2;GNAS;GOLGA3;H3F3A;HGF;HIF1A;APC;IDH1;IDH2;KRAS;LIN28B;LMO1;MDM2;MDM4;MEN1;MGMT;MLH1;MMP2;MYCN;NAB2;NBN;ATM;NF1;NF2;NRAS;HSD17B12;PDGFRA;SUFU;RTEL1;PIK3R1;PMS2;POLE;POLR2A;ATR;ATRX;SDHAF2;POLR3B;GOPC;SALL4;PTCH1;PTEN;HACE1;BARD1;KMT2C;RAF1;RB1;SDHA;SDHB;SDHC;SDHD;PCDH15;SMARCE1;SMO;BRAF;STAT6;TERT;TP53;TSC1;TSC2;KDM6A;WRN;ZBTB16;PALB2;MLLT10;KMT2D;LZTR1;AXIN1;HIST1H3B;CASP8;TRAF7;PPM1D;FUBP1;PHOX2B;PTTG1;KLF4;QKI;FAM131B"
"49","GO:0005943",0.00613249566318158,Inf,0.157287157287157,2,2,"phosphatidylinositol 3-kinase complex, class IA","PIK3CA;PIK3R1"
"50","GO:0033596",0.00613249566318158,Inf,0.157287157287157,2,2,"TSC1-TSC2 complex","TSC1;TSC2"
"51","GO:0097651",0.00613249566318158,Inf,0.157287157287157,2,2,"phosphatidylinositol 3-kinase complex, class I","PIK3CA;PIK3R1"
"52","GO:1990909",0.00613249566318158,Inf,0.157287157287157,2,2,"Wnt signalosome","CTNNB1;APC"
"53","GO:0019898",0.0076623002165546,3.01621621621622,3.61760461760462,9,46,"extrinsic component of membrane","CTNNB1;MTOR;GNAS;GOLGA3;APC;KRAS;NF2;PIK3CA;PIK3R1"
"54","GO:0035097",0.00775414526592339,6.91156462585034,0.865079365079365,4,11,"histone methyltransferase complex","MEN1;KMT2C;KDM6A;KMT2D"
"55","GO:0097542",0.00794440153581361,12.0188679245283,0.471861471861472,3,6,"ciliary tip","GLI2;SUFU;SMO"
"56","GO:0043229",0.00938301872307282,1.94948665297741,83.991341991342,94,1068,"intracellular organelle","CDK8;CDKN2A;CDKN2B;CDKN2C;STAG2;KLF6;CTNNB1;DAXX;DDX3X;EGFR;EPAS1;ERCC5;ETFA;FGFR3;CIC;DICER1;SSBP2;MTOR;GLI2;GNAS;GOLGA3;H3F3A;HGF;HIF1A;APC;IDH1;IDH2;KRAS;LIN28B;LMO1;MDM2;MDM4;MEN1;MGMT;MLH1;MMP2;MYCN;NAB2;NBN;ATM;NF1;NF2;NRAS;HSD17B12;PDGFRA;SUFU;RTEL1;PIK3R1;PMS2;POLE;POLR2A;ATR;ATRX;SDHAF2;POLR3B;GOPC;SALL4;PTCH1;PTEN;HACE1;BARD1;KMT2C;RAF1;RB1;SDHA;SDHB;SDHC;SDHD;SMARCE1;SMO;BRAF;STAT6;TERT;TP53;TSC1;TSC2;KDM6A;WRN;ZBTB16;PALB2;MLLT10;KMT2D;LZTR1;AXIN1;HIST1H3B;CASP8;TRAF7;PPM1D;FUBP1;PHOX2B;PTTG1;KLF4;QKI;FAM131B"
"57","GO:0000790",0.00971746904113815,2.70311813790075,4.4040404040404,10,56,"nuclear chromatin","CTNNB1;H3F3A;MEN1;ATRX;SMARCE1;STAT6;TP53;HIST1H3B;PHOX2B;KLF4"
