"","GOBPID","Pvalue","OddsRatio","ExpCount","Count","Size","Term","Symbols"
"1","GO:0055021",0.00014252456253009,19.292817679558,1.10569105691057,6,8,"regulation of cardiac muscle tissue growth","ERBB4;FGFR1;FGFR2;MTOR;NOTCH1;TGFBR2"
"2","GO:0048732",0.00028278170157955,2.25954738330976,18.520325203252,33,134,"gland development","CDKN1B;ERBB4;AKT1;AKT2;ESR1;FGF3;FGFR1;FGFR2;GATA3;HGF;FOXA1;AR;MET;MKI67;NOTCH1;NOTCH2;PBX1;PGR;PIK3CA;TET2;PTEN;CCND1;BRCA2;TBX3;HNF1B;TCF7L2;TGFBR2;CACNB4;NCOA3;CCNE1;NTN1;NCOR1;CDH1"
"3","GO:0046620",0.00031229975209006,7.39984038308061,2.07317073170732,8,15,"regulation of organ growth","ERBB4;FGFR1;FGFR2;MTOR;NOTCH1;PTEN;TCF7L2;TGFBR2"
"4","GO:0010812",0.000372028762777522,9.03,1.65853658536585,7,12,"negative regulation of cell-substrate adhesion","CDKN2A;COL1A1;NF2;NOTCH1;PIK3R1;BCAS3;PTEN"
"5","GO:0061180",0.000440579945514817,4.13954887218045,4.28455284552845,12,31,"mammary gland epithelium development","ERBB4;AKT1;AKT2;ESR1;FGFR2;GATA3;PGR;CCND1;BRCA2;TBX3;NCOA3;NTN1"
"6","GO:0032879",0.000677498365687763,1.75957292359809,46.4390243902439,65,336,"regulation of localization","CDH13;PLXNC1;CDK6;CDKN1B;CDKN2A;AGR2;COL1A1;DVL1;ERBB2;ERBB4;AKT1;AKT2;ESR1;FGF4;FGFR1;MTCL1;MTOR;STXBP4;GATA3;GCKR;GRIK1;GRM7;HGF;HCN1;AR;ITPR1;KCNH1;KCNN4;MAP3K1;MET;MMP9;NF2;NOTCH1;NTRK3;FOXP3;PDE4D;PDPK1;PIK3CB;PIK3R1;PLCG2;BCAS3;PRKACB;PTEN;RB1;LGR6;RET;SGK1;BRCA1;TCF7L2;TERT;TGFBR2;TIMP1;TP53;CACNB4;FTO;ARHGEF5;BAP1;CASP8;INPP4B;NTN1;NCOR1;DOCK4;SNX17;KEAP1;CDH1"
"7","GO:0055024",0.000712480599860605,7.51851851851852,1.79674796747967,7,13,"regulation of cardiac muscle tissue development","ERBB4;FGF3;FGFR1;FGFR2;MTOR;NOTCH1;TGFBR2"
"8","GO:0006359",0.000796578914194417,15.989010989011,0.967479674796748,5,7,"regulation of transcription from RNA polymerase III promoter","ERBB2;MTOR;AR;BRCA1;ELL"
"9","GO:0032890",0.000796578914194417,15.989010989011,0.967479674796748,5,7,"regulation of organic acid transport","AKT1;AKT2;GRIK1;GRM7;NCOR1"
"10","GO:0055023",0.000796578914194417,15.989010989011,0.967479674796748,5,7,"positive regulation of cardiac muscle tissue growth","ERBB4;FGFR1;FGFR2;MTOR;NOTCH1"
"11","GO:0060043",0.000796578914194417,15.989010989011,0.967479674796748,5,7,"regulation of cardiac muscle cell proliferation","ERBB4;FGFR1;FGFR2;NOTCH1;TGFBR2"
"12","GO:0060420",0.000838044906470783,9.62983425414365,1.38211382113821,6,10,"regulation of heart growth","ERBB4;FGFR1;FGFR2;MTOR;NOTCH1;TGFBR2"
"13","GO:0044282",0.0010034825356097,4.8623595505618,2.90243902439024,9,21,"small molecule catabolic process","CTH;AKT1;AKT2;MTOR;PFKFB3;PTEN;BCKDHB;TP53;SNX17"
"14","GO:0045893",0.00106409236111313,1.71804466619149,47.130081300813,65,341,"positive regulation of transcription, DNA-templated","CDH13;CDKN2A;CTCF;CHEK2;COL1A1;CTH;DVL1;EBF1;EP300;ERBB2;ERBB4;AKT1;AKT2;ESR1;ETV6;FGF4;FGFR2;TAB2;KAT6B;ALK;MTOR;GATA3;TOX3;HGF;FOXA1;HNF4G;AR;MET;NOTCH1;PAX9;PBX1;CDON;FOXP3;RSF1;PGR;PIK3R1;TET2;BCAS3;SALL4;ZMIZ1;PTEN;ARID1B;MKL1;RB1;RET;BCL9;SMARCD1;BRCA1;BRCA2;TBX3;HNF1B;TCF7L2;TERT;TOP2A;TP53;ARHGEF5;ZNF613;ELL;NCOA3;ARID1A;MAML2;CCNE1;MAP3K13;CD80;CDH1"
"15","GO:1903508",0.00106409236111313,1.71804466619149,47.130081300813,65,341,"positive regulation of nucleic acid-templated transcription","CDH13;CDKN2A;CTCF;CHEK2;COL1A1;CTH;DVL1;EBF1;EP300;ERBB2;ERBB4;AKT1;AKT2;ESR1;ETV6;FGF4;FGFR2;TAB2;KAT6B;ALK;MTOR;GATA3;TOX3;HGF;FOXA1;HNF4G;AR;MET;NOTCH1;PAX9;PBX1;CDON;FOXP3;RSF1;PGR;PIK3R1;TET2;BCAS3;SALL4;ZMIZ1;PTEN;ARID1B;MKL1;RB1;RET;BCL9;SMARCD1;BRCA1;BRCA2;TBX3;HNF1B;TCF7L2;TERT;TOP2A;TP53;ARHGEF5;ZNF613;ELL;NCOA3;ARID1A;MAML2;CCNE1;MAP3K13;CD80;CDH1"
"16","GO:0048589",0.00108753101907889,2.09539223153085,18.2439024390244,31,132,"developmental growth","PLXNC1;AGR2;DVL1;ERBB4;ESR1;FGFR1;FGFR2;MTOR;GATA3;NOTCH1;NOTCH2;NTRK3;PDE4D;PIK3CA;SALL4;ZMIZ1;PTEN;RAD51B;BCL9;BRCA2;HNF1B;TCF7L2;TGFBR2;TP53;FTO;PALB2;NCOA3;CCNE1;DCLK1;NTN1;NCOR1"
"17","GO:0002764",0.00117231398199278,2.03667953667954,19.9024390243902,33,144,"immune response-regulating signaling pathway","CDKN1B;EP300;ERBB2;ERBB4;AKT1;FCGR2A;FCGR3A;FGF3;FGF4;FGFR1;FGFR2;TAB2;MTOR;GATA3;ITPR1;KCNN4;MAP3K1;MYD88;FOXP3;PDE4D;PDPK1;PIK3CA;PIK3CB;PIK3R1;PLCG2;PRKACB;PTEN;MAP2K4;CACNB4;TNIP3;CASP8;CD80;ELMO1"
"18","GO:1902680",0.00126766271452382,1.70185163344734,47.4065040650407,65,343,"positive regulation of RNA biosynthetic process","CDH13;CDKN2A;CTCF;CHEK2;COL1A1;CTH;DVL1;EBF1;EP300;ERBB2;ERBB4;AKT1;AKT2;ESR1;ETV6;FGF4;FGFR2;TAB2;KAT6B;ALK;MTOR;GATA3;TOX3;HGF;FOXA1;HNF4G;AR;MET;NOTCH1;PAX9;PBX1;CDON;FOXP3;RSF1;PGR;PIK3R1;TET2;BCAS3;SALL4;ZMIZ1;PTEN;ARID1B;MKL1;RB1;RET;BCL9;SMARCD1;BRCA1;BRCA2;TBX3;HNF1B;TCF7L2;TERT;TOP2A;TP53;ARHGEF5;ZNF613;ELL;NCOA3;ARID1A;MAML2;CCNE1;MAP3K13;CD80;CDH1"
"19","GO:0051254",0.00150549173224462,1.68588992974239,47.6829268292683,65,345,"positive regulation of RNA metabolic process","CDH13;CDKN2A;CTCF;CHEK2;COL1A1;CTH;DVL1;EBF1;EP300;ERBB2;ERBB4;AKT1;AKT2;ESR1;ETV6;FGF4;FGFR2;TAB2;KAT6B;ALK;MTOR;GATA3;TOX3;HGF;FOXA1;HNF4G;AR;MET;NOTCH1;PAX9;PBX1;CDON;FOXP3;RSF1;PGR;PIK3R1;TET2;BCAS3;SALL4;ZMIZ1;PTEN;ARID1B;MKL1;RB1;RET;BCL9;SMARCD1;BRCA1;BRCA2;TBX3;HNF1B;TCF7L2;TERT;TOP2A;TP53;ARHGEF5;ZNF613;ELL;NCOA3;ARID1A;MAML2;CCNE1;MAP3K13;CD80;CDH1"
"20","GO:0031049",0.00158182979158459,25.4644808743169,0.691056910569106,4,5,"programmed DNA elimination","BRCA1;BRCA2;TP53;PALB2"
"21","GO:0031052",0.00158182979158459,25.4644808743169,0.691056910569106,4,5,"chromosome breakage","BRCA1;BRCA2;TP53;PALB2"
"22","GO:0045945",0.00158182979158459,25.4644808743169,0.691056910569106,4,5,"positive regulation of transcription from RNA polymerase III promoter","ERBB2;MTOR;AR;ELL"
"23","GO:0048638",0.00159704057019524,2.77746999076639,7.46341463414634,16,54,"regulation of developmental growth","PLXNC1;AGR2;ERBB4;FGFR1;FGFR2;MTOR;NOTCH1;NTRK3;PIK3CA;PTEN;HNF1B;TCF7L2;TGFBR2;FTO;NTN1;NCOR1"
"24","GO:0002768",0.00162916352550605,2.02921597633136,18.6585365853659,31,135,"immune response-regulating cell surface receptor signaling pathway","CDKN1B;EP300;ERBB2;ERBB4;AKT1;FCGR2A;FCGR3A;FGF3;FGF4;FGFR1;FGFR2;TAB2;MTOR;GATA3;ITPR1;KCNN4;MAP3K1;FOXP3;PDE4D;PDPK1;PIK3CA;PIK3CB;PIK3R1;PLCG2;PRKACB;PTEN;MAP2K4;CACNB4;CASP8;CD80;ELMO1"
"25","GO:0055017",0.00163320531948586,7.69723756906077,1.52032520325203,6,11,"cardiac muscle tissue growth","ERBB4;FGFR1;FGFR2;MTOR;NOTCH1;TGFBR2"
"26","GO:0009725",0.00176326532261964,1.82444105691057,28.609756097561,43,207,"response to hormone","CDK4;CDKN1B;COL1A1;EP300;ERBB2;ERBB4;AKT1;AKT2;ESR1;FBN1;FGF3;FGF4;FGFR1;FGFR2;MTOR;STXBP4;GATA3;FOXA1;HNF4G;AR;NOTCH1;NTRK3;PDPK1;PGR;PIK3CA;PIK3CB;PIK3R1;BCAS3;PRKACB;PTEN;RB1;CCND1;SGK1;BRCA1;BRCA2;TGFBR2;TIMP1;NCOA3;ARID1A;CASP8;CCNE1;NCOR1;KEAP1"
"27","GO:0008284",0.00181137306874244,1.89970149253731,23.6341463414634,37,171,"positive regulation of cell proliferation","CDH13;CDK4;CDK6;CDKN1B;ERBB2;ERBB4;AKT1;ESR1;FGF3;FGF4;FGFR1;FGFR2;MTOR;STXBP4;HGF;BIRC5;AR;MDM4;NOTCH1;NOTCH2;NTRK3;PBX1;CDON;FOXP3;ZMIZ1;PTEN;RAD51B;CCND1;TBX3;TCF7L2;TERT;TGFBR2;TIMP1;PRC1;CD80;NTN1;NCOR1"
"28","GO:0010507",0.00188666950030163,10.6501831501831,1.10569105691057,5,8,"negative regulation of autophagy","AKT1;MTOR;HGF;MET;TP53"
"29","GO:0060038",0.00188666950030163,10.6501831501831,1.10569105691057,5,8,"cardiac muscle cell proliferation","ERBB4;FGFR1;FGFR2;NOTCH1;TGFBR2"
"30","GO:0060421",0.00188666950030163,10.6501831501831,1.10569105691057,5,8,"positive regulation of heart growth","ERBB4;FGFR1;FGFR2;MTOR;NOTCH1"
"31","GO:0071156",0.00217103673678725,4.16051364365971,3.17886178861789,9,23,"regulation of cell cycle arrest","CDK4;CDKN1B;CDKN2A;CHEK2;AKT2;MDM4;CCND1;BRCA1;TP53"
"32","GO:1901989",0.00222880844412938,4.6927374301676,2.6260162601626,8,19,"positive regulation of cell cycle phase transition","CDK4;STXBP4;BIRC5;PBX1;PTEN;RAD51B;RB1;CCND1"
"33","GO:0060548",0.00224716343407271,1.82907600126143,26.3983739837398,40,191,"negative regulation of cell death","CDKN1B;AGR2;CTH;ERBB4;AKT1;AKT2;ESR1;FGF4;FGFR2;MTOR;GATA3;TOX3;HGF;BIRC5;AR;MDM4;MET;MMP9;MYD88;NOTCH1;NOTCH2;NTRK3;PDPK1;PIK3CA;PIK3R1;PLCG2;PTEN;MKL1;MAP2K4;SGK1;SIAH2;BRCA1;TBX3;HNF1B;TCF7L2;TERT;TIMP1;TP53;PALB2;CASP8"
"34","GO:0065009",0.00228392602098269,1.6176780446692,56.6666666666667,74,410,"regulation of molecular function","FRY;CDK4;CDKN1B;CDKN2A;CTCF;CTH;NEK10;CYP2D6;DVL1;EP300;ERBB2;ERBB4;AKT1;AKT2;ESR1;FGF3;FGF4;FGFR1;FGFR2;TAB2;MTCL1;ALK;ALOX5AP;MTOR;GATA3;GCKR;GRM7;HGF;FOXA1;BIRC5;AR;ITPR1;MAP3K1;MET;MMP9;NF2;NOTCH1;NTRK3;PBX1;CDON;FOXP3;PDE4D;PDPK1;RSF1;PEX14;PIK3CA;PIK3CB;PIK3R1;PLCG2;BCAS3;PRKACB;PTEN;MKL1;DENND1A;RB1;CCND1;RET;MAP2K4;SGK1;SIAH2;TCF7L2;TERT;TGFBR2;TIMP1;TP53;CACNB4;ARHGEF5;ELL;NCOA3;CASP8;CCNE1;MAP3K13;DOCK4;KEAP1"
"35","GO:0032891",0.00260373296710775,Inf,0.414634146341463,3,3,"negative regulation of organic acid transport","AKT1;AKT2;GRM7"
"36","GO:0046621",0.00260373296710775,Inf,0.414634146341463,3,3,"negative regulation of organ growth","PTEN;TCF7L2;TGFBR2"
"37","GO:0060134",0.00260373296710775,Inf,0.414634146341463,3,3,"prepulse inhibition","CTNNA2;DVL1;PTEN"
"38","GO:0072602",0.00260373296710775,Inf,0.414634146341463,3,3,"interleukin-4 secretion","GATA3;NOTCH1;NOTCH2"
"39","GO:0090313",0.00260373296710775,Inf,0.414634146341463,3,3,"regulation of protein targeting to membrane","ERBB2;AKT2;MTCL1"
"40","GO:0090314",0.00260373296710775,Inf,0.414634146341463,3,3,"positive regulation of protein targeting to membrane","ERBB2;AKT2;MTCL1"
"41","GO:1903960",0.00260373296710775,Inf,0.414634146341463,3,3,"negative regulation of anion transmembrane transport","AKT1;AKT2;MTOR"
"42","GO:1990705",0.00260373296710775,Inf,0.414634146341463,3,3,"cholangiocyte proliferation","MTOR;MKI67;NOTCH2"
"43","GO:0051234",0.00296802441704485,1.5780903034789,64.6829268292683,82,468,"establishment of localization","CDH13;STAM2;ABCC4;CDKN1B;CDKN2A;AGR2;OSBPL6;COL1A1;SYT6;DVL1;ERBB2;ERBB4;AKT1;AKT2;ESR1;FCGR2A;FCGR3A;FGFR2;SV2C;MTCL1;MTOR;STXBP4;GATA3;GCKR;GRIK1;GRM7;HGF;BIRC5;HCN1;AR;ITPR1;KCNH1;KCNN4;MET;MMP9;MTX1;NOTCH1;NOTCH2;SLC45A1;FOXP3;PDE4D;PDPK1;PEX14;ABCB1;PIK3CA;PIK3CB;PIK3R1;PLCG2;BCAS3;PRKACB;PTEN;DENND1A;RB1;CCND1;SGK1;BRCA1;BRCA2;TBX3;HNF1B;TCF7L2;TERT;TGFBR2;TIMP1;TP53;CACNB4;ARHGEF5;ARID1A;BAP1;CASP8;TUBA1C;CADPS;ABCC3;INPP4B;DCLK1;NTN1;SLC4A7;NCOR1;SNX17;KEAP1;ELMO1;ZC3H11A;CDH1"
"44","GO:0012501",0.00299890410388984,1.64672181372549,43.3983739837398,59,314,"programmed cell death","KLLN;CDK4;CDKN1B;CDKN2A;CHEK2;CTH;EP300;ERBB4;AKT1;AKT2;ESR1;FGF4;FGFR1;FGFR2;FHIT;ALK;MTOR;GATA3;TOX3;HGF;BIRC5;AR;ITPR1;KRT8;MDM4;MAP3K1;MET;MMP9;MYD88;NOTCH1;NOTCH2;NTRK3;PDPK1;PIK3CA;PIK3R1;PLCG2;PTEN;MKL1;RB1;RET;MAP2K4;SGK1;SIAH2;BRCA1;BRCA2;TBX3;HNF1B;TCF7L2;TERT;TGFBR2;TIMP1;TOP2A;TP53;PALB2;CASP8;NTN1;SLC4A7;ELMO1;CDH1"
"45","GO:0022612",0.00300713093064754,2.66106222501571,7.1869918699187,15,52,"gland morphogenesis","ESR1;FGFR1;FGFR2;HGF;FOXA1;MET;MKI67;NOTCH1;NOTCH2;PGR;TET2;TBX3;TGFBR2;NCOA3;NTN1"
"46","GO:0040007",0.00313701857246717,1.8100298284862,25.1544715447154,38,182,"growth","PLXNC1;CDKN1B;CDKN2A;AGR2;DVL1;ERBB2;ERBB4;AKT1;ESR1;FGFR1;FGFR2;MTOR;GATA3;AR;NOTCH1;NOTCH2;NTRK3;PDE4D;PIK3CA;SALL4;ZMIZ1;PTEN;RAD51B;BCL9;SGK1;BRCA2;HNF1B;TCF7L2;TGFBR2;TP53;FTO;PALB2;NCOA3;BAP1;CCNE1;DCLK1;NTN1;NCOR1"
"47","GO:0008637",0.00328123076117623,4.29795158286778,2.76422764227642,8,20,"apoptotic mitochondrial changes","CDKN2A;ERBB4;AKT1;HGF;MAP3K1;MMP9;TP53;CASP8"
"48","GO:1901992",0.00328479816307202,4.99938271604938,2.21138211382114,7,16,"positive regulation of mitotic cell cycle phase transition","CDK4;BIRC5;PBX1;PTEN;RAD51B;RB1;CCND1"
"49","GO:0010628",0.00338451157583897,1.59062366964666,54.5934959349593,71,395,"positive regulation of gene expression","CDH13;CDK4;CDK6;CDKN2A;AGR2;CTCF;CHEK2;COL1A1;CTH;DVL1;EBF1;EP300;ERBB2;ERBB4;AKT1;AKT2;ESR1;ETV6;FGF4;FGFR2;TAB2;SF3B1;KAT6B;ALK;MTOR;GATA3;TOX3;HGF;FOXA1;HNF4G;AR;MET;NOTCH1;NTRK3;PAX9;PBX1;CDON;FOXP3;RSF1;PGR;PIK3CB;PIK3R1;TET2;BCAS3;SALL4;ZMIZ1;PTEN;ARID1B;MKL1;RB1;RET;BCL9;SMARCD1;BRCA1;BRCA2;TBX3;HNF1B;TCF7L2;TERT;TOP2A;TP53;ARHGEF5;ZNF613;ELL;NCOA3;ARID1A;MAML2;CCNE1;MAP3K13;CD80;CDH1"
"50","GO:0009792",0.00338661963389191,1.93084622383985,18.6585365853659,30,135,"embryo development ending in birth or egg hatching","COL1A1;DVL1;EP300;AKT1;FGFR1;FGFR2;SF3B1;GATA3;FOXA1;KRT8;NOTCH1;NOTCH2;PBX1;PRKACB;SALL4;ZMIZ1;RAD51B;BRCA1;BRCA2;TBX3;HNF1B;TCF7L2;TGFBR2;TP53;PALB2;ELL;NCOA3;ARID1A;CASP8;KEAP1"
"51","GO:0043009",0.00338661963389191,1.93084622383985,18.6585365853659,30,135,"chordate embryonic development","COL1A1;DVL1;EP300;AKT1;FGFR1;FGFR2;SF3B1;GATA3;FOXA1;KRT8;NOTCH1;NOTCH2;PBX1;PRKACB;SALL4;ZMIZ1;RAD51B;BRCA1;BRCA2;TBX3;HNF1B;TCF7L2;TGFBR2;TP53;PALB2;ELL;NCOA3;ARID1A;CASP8;KEAP1"
"52","GO:0048584",0.00345969266087367,1.61524453694069,47.2682926829268,63,342,"positive regulation of response to stimulus","SH2B3;CDH13;CDKN2A;AGR2;COL1A1;CTH;NEK10;DVL1;EP300;ERBB2;ERBB4;AKT1;AKT2;ESR1;FCGR2A;FCGR3A;FGF3;FGF4;FGFR1;FGFR2;TAB2;ALK;MTOR;GATA3;BABAM1;HGF;FOXA1;ITPR1;KCNN4;MAP3K1;MET;MMP2;MMP9;MYD88;NOTCH1;NOTCH2;NTRK3;CDON;FOXP3;PDE4D;PDPK1;PIK3CA;PIK3CB;PIK3R1;PLCG2;PRKACB;PTEN;LGR6;RET;MAP2K4;BRCA1;TCF7L2;TERT;TGFBR2;TP53;CACNB4;ARHGEF5;TNIP3;RNF146;CASP8;MAP3K13;CD80;ELMO1"
"53","GO:1903829",0.00351043059779358,2.43478260869565,8.70731707317073,17,63,"positive regulation of cellular protein localization","CDKN2A;AGR2;ERBB2;ERBB4;AKT1;AKT2;MTCL1;PDPK1;PIK3R1;BCAS3;BRCA1;TCF7L2;TERT;TP53;BAP1;CASP8;CDH1"
"54","GO:0045787",0.00356522049600267,2.2470313610068,10.9186991869919,20,79,"positive regulation of cell cycle","CDK4;CDKN1B;CDKN2A;CHEK2;AKT1;FGFR1;FGFR2;STXBP4;FOXA1;BIRC5;MDM4;PBX1;PTEN;RAD51B;RB1;CCND1;BRCA1;BRCA2;TBX3;TP53"
"55","GO:0001953",0.00377183730943574,7.98076923076923,1.24390243902439,5,9,"negative regulation of cell-matrix adhesion","CDKN2A;NF2;PIK3R1;BCAS3;PTEN"
"56","GO:0006383",0.00377183730943574,7.98076923076923,1.24390243902439,5,9,"transcription from RNA polymerase III promoter","ERBB2;MTOR;AR;BRCA1;ELL"
"57","GO:0002757",0.0038622132561399,2.09981623788841,13.2682926829268,23,96,"immune response-activating signal transduction","EP300;FCGR2A;FCGR3A;TAB2;GATA3;ITPR1;KCNN4;MAP3K1;MYD88;FOXP3;PDE4D;PDPK1;PIK3CA;PIK3CB;PIK3R1;PLCG2;PRKACB;PTEN;MAP2K4;CACNB4;TNIP3;CASP8;ELMO1"
"58","GO:0007049",0.00398766003083911,1.64339419978518,39.390243902439,54,285,"cell cycle","KLLN;CDH13;CDK4;CDK6;CDKN1B;CDKN2A;TUBB3;CTCF;CHEK2;NEK10;EP300;AKT1;AKT2;FGFR1;FGFR2;ZNF365;MTOR;STXBP4;GATA3;BABAM1;HGF;FOXA1;BIRC5;MDM4;MAP3K1;MKI67;NOTCH2;PBX1;ABCB1;TET2;PBRM1;PRKACB;PTEN;RAD51B;RAD51D;RB1;CCND1;MAP2K4;SGK1;SIAH2;DCLRE1B;BRCA1;BRCA2;TBX3;TCF7L2;TOP2A;TP53;BAP1;BRIP1;PPM1D;CCNE1;PRC1;CABLES1;NCOR1"
"59","GO:0006006",0.00422631715602846,3.63412921348315,3.45528455284553,9,25,"glucose metabolic process","AKT1;AKT2;MTOR;GCKR;PFKFB3;PIK3CA;PRKACB;TCF7L2;TP53"
"60","GO:0060045",0.00423278952051832,12.7213114754098,0.829268292682927,4,6,"positive regulation of cardiac muscle cell proliferation","ERBB4;FGFR1;FGFR2;NOTCH1"
"61","GO:1903792",0.00423278952051832,12.7213114754098,0.829268292682927,4,6,"negative regulation of anion transport","AKT1;AKT2;MTOR;GRM7"
"62","GO:0008219",0.00429450194123124,1.60629921259843,44.9186991869919,60,325,"cell death","KLLN;CDK4;CDKN1B;CDKN2A;AGR2;CHEK2;CTH;EP300;ERBB4;AKT1;AKT2;ESR1;FGF4;FGFR1;FGFR2;FHIT;ALK;MTOR;GATA3;TOX3;HGF;BIRC5;AR;ITPR1;KRT8;MDM4;MAP3K1;MET;MMP9;MYD88;NOTCH1;NOTCH2;NTRK3;PDPK1;PIK3CA;PIK3R1;PLCG2;PTEN;MKL1;RB1;RET;MAP2K4;SGK1;SIAH2;BRCA1;BRCA2;TBX3;HNF1B;TCF7L2;TERT;TGFBR2;TIMP1;TOP2A;TP53;PALB2;CASP8;NTN1;SLC4A7;ELMO1;CDH1"
"63","GO:0016265",0.00429450194123124,1.60629921259843,44.9186991869919,60,325,"death","KLLN;CDK4;CDKN1B;CDKN2A;AGR2;CHEK2;CTH;EP300;ERBB4;AKT1;AKT2;ESR1;FGF4;FGFR1;FGFR2;FHIT;ALK;MTOR;GATA3;TOX3;HGF;BIRC5;AR;ITPR1;KRT8;MDM4;MAP3K1;MET;MMP9;MYD88;NOTCH1;NOTCH2;NTRK3;PDPK1;PIK3CA;PIK3R1;PLCG2;PTEN;MKL1;RB1;RET;MAP2K4;SGK1;SIAH2;BRCA1;BRCA2;TBX3;HNF1B;TCF7L2;TERT;TGFBR2;TIMP1;TOP2A;TP53;PALB2;CASP8;NTN1;SLC4A7;ELMO1;CDH1"
"64","GO:0050673",0.00452829926566434,2.14281742354032,11.8861788617886,21,86,"epithelial cell proliferation","CDH13;CDK6;CDKN1B;ERBB2;AKT1;ESR1;FGFR2;MTOR;STXBP4;GATA3;MKI67;NOTCH1;NOTCH2;PGR;PIK3CB;PTEN;RB1;CCND1;BRCA2;HNF1B;TCF7L2"
"65","GO:0060419",0.0047645829701944,5.48855564325178,1.79674796747967,6,13,"heart growth","ERBB4;FGFR1;FGFR2;MTOR;NOTCH1;TGFBR2"
"66","GO:0097194",0.0047645829701944,5.48855564325178,1.79674796747967,6,13,"execution phase of apoptosis","CDKN2A;AKT1;TOP2A;TP53;CASP8;CDH1"
"67","GO:0043069",0.00478519346749787,1.76461538461538,24.8780487804878,37,180,"negative regulation of programmed cell death","CDKN1B;CTH;ERBB4;AKT1;AKT2;FGF4;FGFR2;MTOR;GATA3;TOX3;HGF;BIRC5;AR;MDM4;MET;MMP9;MYD88;NOTCH1;NOTCH2;PDPK1;PIK3CA;PIK3R1;PLCG2;PTEN;MKL1;MAP2K4;SGK1;SIAH2;BRCA1;TBX3;HNF1B;TCF7L2;TERT;TIMP1;TP53;PALB2;CASP8"
"68","GO:0006661",0.00494063760295474,4.49555555555556,2.34959349593496,7,17,"phosphatidylinositol biosynthetic process","PIGH;PIK3CA;PIK3CB;PIK3R1;PLCG2;PTEN;INPP4B"
"69","GO:0002253",0.00511046957845863,2.04008130081301,13.5447154471545,23,98,"activation of immune response","EP300;FCGR2A;FCGR3A;TAB2;GATA3;ITPR1;KCNN4;MAP3K1;MYD88;FOXP3;PDE4D;PDPK1;PIK3CA;PIK3CB;PIK3R1;PLCG2;PRKACB;PTEN;MAP2K4;CACNB4;TNIP3;CASP8;ELMO1"
"70","GO:0043627",0.00543727633426259,2.45494186046512,7.60162601626016,15,55,"response to estrogen","CDKN1B;COL1A1;EP300;ESR1;GATA3;FOXA1;BCAS3;PTEN;CCND1;BRCA1;BRCA2;TGFBR2;NCOA3;CASP8;CCNE1"
"71","GO:0030879",0.00557074159439628,2.54014129736673,6.91056910569106,14,50,"mammary gland development","ERBB4;AKT1;AKT2;ESR1;FGFR2;GATA3;PGR;CCND1;BRCA2;TBX3;TGFBR2;NCOA3;NTN1;NCOR1"
"72","GO:0048015",0.00558630870673426,2.23668639053254,9.8130081300813,18,71,"phosphatidylinositol-mediated signaling","CDKN1B;ERBB2;ERBB4;AKT1;FGF3;FGF4;FGFR1;FGFR2;MTOR;GATA3;HGF;PDPK1;PIK3CA;PIK3CB;PIK3R1;PTEN;CD80;NCOR1"
"73","GO:0048017",0.00558630870673426,2.23668639053254,9.8130081300813,18,71,"inositol lipid-mediated signaling","CDKN1B;ERBB2;ERBB4;AKT1;FGF3;FGF4;FGFR1;FGFR2;MTOR;GATA3;HGF;PDPK1;PIK3CA;PIK3CB;PIK3R1;PTEN;CD80;NCOR1"
"74","GO:0019318",0.00570524243379238,3.41738268341044,3.59349593495935,9,26,"hexose metabolic process","AKT1;AKT2;MTOR;GCKR;PFKFB3;PIK3CA;PRKACB;TCF7L2;TP53"
"75","GO:1903827",0.00585108453864408,2.01139281129653,13.6829268292683,23,99,"regulation of cellular protein localization","CDKN2A;AGR2;DVL1;ERBB2;ERBB4;AKT1;AKT2;MTCL1;MTOR;AR;NF2;PDPK1;PIK3R1;BCAS3;RB1;BRCA1;TCF7L2;TERT;TP53;BAP1;CASP8;KEAP1;CDH1"
"76","GO:0010557",0.00588734471703431,1.55355535553555,51,66,369,"positive regulation of macromolecule biosynthetic process","CDH13;CDK4;CDKN2A;CTCF;CHEK2;COL1A1;CTH;DVL1;EBF1;EP300;ERBB2;ERBB4;AKT1;AKT2;ESR1;ETV6;FGF4;FGFR2;TAB2;KAT6B;ALK;MTOR;GATA3;TOX3;HGF;FOXA1;HNF4G;AR;MET;NOTCH1;PAX9;PBX1;CDON;FOXP3;RSF1;PGR;PIK3R1;TET2;BCAS3;SALL4;ZMIZ1;PTEN;ARID1B;MKL1;RB1;RET;BCL9;SMARCD1;BRCA1;BRCA2;TBX3;HNF1B;TCF7L2;TERT;TOP2A;TP53;ARHGEF5;ZNF613;ELL;NCOA3;ARID1A;MAML2;CCNE1;MAP3K13;CD80;CDH1"
"77","GO:0001701",0.00605774415470423,2.0750764251034,12.1626016260163,21,88,"in utero embryonic development","AKT1;FGFR1;FGFR2;SF3B1;GATA3;KRT8;NOTCH1;NOTCH2;SALL4;ZMIZ1;RAD51B;BRCA2;TBX3;HNF1B;TGFBR2;TP53;PALB2;ELL;NCOA3;CASP8;KEAP1"
"78","GO:0002429",0.00610755884344855,2.16050903119869,10.6422764227642,19,77,"immune response-activating cell surface receptor signaling pathway","EP300;FCGR2A;FCGR3A;TAB2;GATA3;ITPR1;KCNN4;FOXP3;PDE4D;PDPK1;PIK3CA;PIK3CB;PIK3R1;PLCG2;PRKACB;PTEN;CACNB4;CASP8;ELMO1"
"79","GO:0035556",0.0064619000473654,1.53109143626385,55.8373983739837,71,404,"intracellular signal transduction","AKT3;SH2B3;CDH13;CDKN1B;CDKN2A;CHEK2;CTH;NEK10;DVL1;EP300;ERBB2;ERBB4;AKT1;AKT2;ESR1;FGF3;FGF4;FGFR1;FGFR2;FHIT;TAB2;ALK;MTOR;GATA3;HGF;BIRC5;AR;ITPR1;KCNH1;MDM4;MAP3K1;MET;MMP9;CCDC88C;MYD88;NF2;NOTCH1;NOTCH2;NTRK3;CDON;PDE4D;PDPK1;PIK3CA;PIK3CB;PIK3R1;PRKACB;PTEN;MKL1;DENND1A;RB1;RET;MAP2K4;SGK1;SIAH2;BRCA1;BRCA2;TCF7L2;TP53;ARHGEF5;TNIP3;CASP8;INPP4B;PRC1;MAP3K13;DCLK1;CD80;NTN1;NCOR1;DOCK4;ELMO1;CDH1"
"80","GO:0043154",0.00650291068382436,3.67757382282522,3.04065040650406,8,22,"negative regulation of cysteine-type endopeptidase activity involved in apoptotic process","AKT1;AKT2;HGF;BIRC5;MMP9;MKL1;SIAH2;CASP8"
"81","GO:2000117",0.00650291068382436,3.67757382282522,3.04065040650406,8,22,"negative regulation of cysteine-type endopeptidase activity","AKT1;AKT2;HGF;BIRC5;MMP9;MKL1;SIAH2;CASP8"
"82","GO:0006810",0.00650408044788036,1.5179347826087,61.5040650406504,77,445,"transport","CDH13;STAM2;ABCC4;CDKN1B;CDKN2A;AGR2;OSBPL6;COL1A1;SYT6;DVL1;ERBB2;ERBB4;AKT1;AKT2;ESR1;FCGR2A;FCGR3A;FGFR2;SV2C;MTCL1;MTOR;STXBP4;GATA3;GCKR;GRIK1;GRM7;HGF;HCN1;AR;ITPR1;KCNH1;KCNN4;MET;MMP9;MTX1;NOTCH1;NOTCH2;SLC45A1;FOXP3;PDE4D;PDPK1;PEX14;ABCB1;PIK3CA;PIK3CB;PIK3R1;PLCG2;BCAS3;PRKACB;PTEN;DENND1A;CCND1;SGK1;BRCA1;TBX3;HNF1B;TCF7L2;TGFBR2;TIMP1;TP53;CACNB4;ARHGEF5;ARID1A;BAP1;CASP8;TUBA1C;CADPS;ABCC3;INPP4B;DCLK1;SLC4A7;NCOR1;SNX17;KEAP1;ELMO1;ZC3H11A;CDH1"
"83","GO:1901700",0.00666444297831311,1.61642512077295,35.7967479674797,49,259,"response to oxygen-containing compound","CDK4;CDKN1B;CHEK2;COL1A1;ERBB2;ERBB4;AKT1;AKT2;ESR1;FBN1;FGF3;FGF4;FGFR1;FGFR2;MTOR;STXBP4;GATA3;GCKR;HGF;FOXA1;HCN1;KRT8;MET;MMP2;NOTCH1;NTRK3;PDE4D;PDPK1;PIK3CA;PIK3CB;PIK3R1;PLCG2;PRKACB;PTEN;CCND1;RET;SMARCD1;BRCA1;BRCA2;HNF1B;TCF7L2;TGFBR2;TIMP1;TNIP3;NCOA3;CASP8;CCNE1;CD80;CDH1"
"84","GO:0014855",0.0067056297124007,6.37912087912088,1.38211382113821,5,10,"striated muscle cell proliferation","ERBB4;FGFR1;FGFR2;NOTCH1;TGFBR2"
"85","GO:0046622",0.0067056297124007,6.37912087912088,1.38211382113821,5,10,"positive regulation of organ growth","ERBB4;FGFR1;FGFR2;MTOR;NOTCH1"
"86","GO:0055025",0.0067056297124007,6.37912087912088,1.38211382113821,5,10,"positive regulation of cardiac muscle tissue development","ERBB4;FGFR1;FGFR2;MTOR;NOTCH1"
"87","GO:0031647",0.00675468431584256,2.8525,4.97560975609756,11,36,"regulation of protein stability","CDKN2A;CHEK2;DVL1;EP300;STXBP4;MDM4;CCDC88C;NF2;PIK3R1;PTEN;TERT"
"88","GO:0009790",0.00678760263698789,1.65745942571785,30.5447154471545,43,221,"embryo development","SH2B3;COL1A1;DVL1;EP300;ERBB4;AKT1;FBN1;FGF3;FGF4;FGFR1;FGFR2;SF3B1;GATA3;FOXA1;KRT8;MMP2;MMP9;NF2;NOTCH1;NOTCH2;PBX1;CDON;PIK3CB;PRKACB;SALL4;ZMIZ1;RAD51B;RET;BRCA1;BRCA2;TBX3;HNF1B;TCF7L2;TGFBR2;TOP2A;TP53;PALB2;ELL;NCOA3;ARID1A;CASP8;NTN1;KEAP1"
"89","GO:0051726",0.00682487113479482,1.69353589258048,27.0894308943089,39,196,"regulation of cell cycle","KLLN;CDK4;CDK6;CDKN1B;CDKN2A;CTCF;CHEK2;NEK10;EP300;AKT1;AKT2;FGFR1;FGFR2;MTOR;STXBP4;GATA3;FOXA1;BIRC5;MDM4;MAP3K1;NOTCH2;PBX1;PRKACB;PTEN;RAD51B;RAD51D;RB1;CCND1;MAP2K4;SGK1;BRCA1;BRCA2;TBX3;TCF7L2;TOP2A;TP53;BAP1;CCNE1;CABLES1"
"90","GO:0009888",0.00715156133835346,1.54759010600707,47.6829268292683,62,345,"tissue development","CDK6;AGR2;COL1A1;ADAMTS16;DVL1;EP300;ERBB4;AKT1;AKT2;ESR1;FGF3;FGF4;FGFR1;FGFR2;MTOR;GATA3;HGF;FOXA1;HCN1;MDM4;MAP3K1;MET;MMP2;MMP9;NF2;NOTCH1;NOTCH2;NTRK3;PAX9;PBX1;CDON;PDE4D;PDPK1;PGR;PIK3CA;PRKACB;SALL4;PTEN;RAD51B;RB1;CCND1;RET;BCL9;BRCA2;TBX3;HNF1B;TCF7L2;TGFBR2;TIMP1;TP53;CACNB4;FTO;PALB2;NCOA3;ARID1A;C10orf11;CASP8;NTN1;FOXQ1;SLC4A7;NCOR1;KEAP1"
"91","GO:0043467",0.007393157586174,4.79834254143646,1.9349593495935,6,14,"regulation of generation of precursor metabolites and energy","AKT1;AKT2;MTOR;PIK3CA;TP53;NCOR1"
"92","GO:0038093",0.00760101995348784,1.95622263914947,13.9593495934959,23,101,"Fc receptor signaling pathway","CDKN1B;ERBB2;ERBB4;AKT1;FCGR2A;FCGR3A;FGF3;FGF4;FGFR1;FGFR2;TAB2;MTOR;ITPR1;MAP3K1;PDPK1;PIK3CA;PIK3CB;PIK3R1;PLCG2;PTEN;MAP2K4;CD80;ELMO1"
"93","GO:0014070",0.00778657858847378,1.69666666666667,25.5691056910569,37,185,"response to organic cyclic compound","CDK4;CDKN1B;CHEK2;COL1A1;EP300;AKT1;AKT2;ESR1;MTOR;GATA3;FOXA1;HNF4G;HCN1;AR;MKI67;NOTCH1;NTRK3;PDE4D;PGR;TET2;BCAS3;PRKACB;PTEN;RB1;CCND1;SGK1;BRCA1;BRCA2;HNF1B;TERT;TGFBR2;NCOA3;ARID1A;CASP8;CCNE1;KEAP1;CDH1"
"94","GO:0007569",0.00817930342740041,2.93785310734463,4.42276422764228,10,32,"cell aging","CDK6;CDKN2A;CHEK2;MTOR;ZMIZ1;PTEN;BRCA2;TBX3;TERT;TP53"
"95","GO:0010810",0.00847315865991086,2.74038461538462,5.11382113821138,11,37,"regulation of cell-substrate adhesion","CDH13;CDK6;CDKN2A;AGR2;COL1A1;NF2;NOTCH1;PIK3CB;PIK3R1;BCAS3;PTEN"
"96","GO:0050776",0.00854653669201808,1.68362416107383,25.7073170731707,37,186,"regulation of immune response","CDKN1B;COL1A1;EP300;ERBB2;ERBB4;AKT1;FCGR2A;FCGR2B;FCGR3A;FGF3;FGF4;FGFR1;FGFR2;TAB2;MTOR;GATA3;ITPR1;KCNN4;MAP3K1;MMP2;MYD88;FOXP3;PDE4D;PDPK1;PIK3CA;PIK3CB;PIK3R1;PLCG2;PRKACB;PTEN;MAP2K4;CACNB4;TNIP3;CASP8;CD80;ELMO1;CDH1"
"97","GO:0006915",0.00871228034459662,1.55046649703138,42.5691056910569,56,308,"apoptotic process","KLLN;CDK4;CDKN1B;CDKN2A;CHEK2;CTH;EP300;ERBB4;AKT1;AKT2;ESR1;FGF4;FGFR1;FGFR2;FHIT;ALK;MTOR;GATA3;TOX3;HGF;BIRC5;AR;ITPR1;KRT8;MDM4;MAP3K1;MMP9;MYD88;NOTCH1;NOTCH2;NTRK3;PDPK1;PIK3CA;PIK3R1;PTEN;MKL1;RB1;RET;MAP2K4;SGK1;SIAH2;BRCA1;BRCA2;TBX3;HNF1B;TCF7L2;TERT;TGFBR2;TIMP1;TOP2A;TP53;PALB2;CASP8;NTN1;ELMO1;CDH1"
"98","GO:0002433",0.00881324345557751,3.42942271880819,3.17886178861789,8,23,"immune response-regulating cell surface receptor signaling pathway involved in phagocytosis","FCGR2A;FCGR3A;ITPR1;PIK3CA;PIK3CB;PIK3R1;PLCG2;ELMO1"
"99","GO:0038096",0.00881324345557751,3.42942271880819,3.17886178861789,8,23,"Fc-gamma receptor signaling pathway involved in phagocytosis","FCGR2A;FCGR3A;ITPR1;PIK3CA;PIK3CB;PIK3R1;PLCG2;ELMO1"
"100","GO:0050821",0.00881324345557751,3.42942271880819,3.17886178861789,8,23,"protein stabilization","CDKN2A;CHEK2;DVL1;EP300;STXBP4;MDM4;PIK3R1;PTEN"
"101","GO:0001832",0.00881440366228353,8.4735883424408,0.967479674796748,4,7,"blastocyst growth","SALL4;RAD51B;BRCA2;PALB2"
"102","GO:0001964",0.00881440366228353,8.4735883424408,0.967479674796748,4,7,"startle response","CTNNA2;DVL1;KCNH1;PTEN"
"103","GO:0002011",0.00881440366228353,8.4735883424408,0.967479674796748,4,7,"morphogenesis of an epithelial sheet","DVL1;MAP3K1;NOTCH1;NOTCH2"
"104","GO:0005977",0.00881440366228353,8.4735883424408,0.967479674796748,4,7,"glycogen metabolic process","AKT1;AKT2;MTOR;TCF7L2"
"105","GO:0006073",0.00881440366228353,8.4735883424408,0.967479674796748,4,7,"cellular glucan metabolic process","AKT1;AKT2;MTOR;TCF7L2"
"106","GO:0007566",0.00881440366228353,8.4735883424408,0.967479674796748,4,7,"embryo implantation","MMP2;MMP9;TGFBR2;TIMP1"
"107","GO:0010823",0.00881440366228353,8.4735883424408,0.967479674796748,4,7,"negative regulation of mitochondrion organization","AKT1;MTOR;HGF;TP53"
"108","GO:0010971",0.00881440366228353,8.4735883424408,0.967479674796748,4,7,"positive regulation of G2/M transition of mitotic cell cycle","CDK4;PBX1;RAD51B;CCND1"
"109","GO:0044042",0.00881440366228353,8.4735883424408,0.967479674796748,4,7,"glucan metabolic process","AKT1;AKT2;MTOR;TCF7L2"
"110","GO:0060445",0.00881440366228353,8.4735883424408,0.967479674796748,4,7,"branching involved in salivary gland morphogenesis","FGFR1;FGFR2;HGF;MET"
"111","GO:0090399",0.00881440366228353,8.4735883424408,0.967479674796748,4,7,"replicative senescence","CDKN2A;CHEK2;TERT;TP53"
"112","GO:0030334",0.00925734880123977,1.81875,17.4146341463415,27,126,"regulation of cell migration","CDH13;PLXNC1;COL1A1;ERBB4;AKT1;AKT2;FGF4;FGFR1;GATA3;HGF;MAP3K1;MET;MMP9;NF2;NOTCH1;NTRK3;PDPK1;PIK3R1;BCAS3;PTEN;LGR6;RET;SGK1;TGFBR2;TIMP1;NTN1;DOCK4"
"113","GO:0000096",0.00935029438854693,18.9945652173913,0.552845528455285,3,4,"sulfur amino acid metabolic process","CTH;MSRA;MTAP"
"114","GO:0002437",0.00935029438854693,18.9945652173913,0.552845528455285,3,4,"inflammatory response to antigenic stimulus","GATA3;NOTCH1;NOTCH2"
"115","GO:0005978",0.00935029438854693,18.9945652173913,0.552845528455285,3,4,"glycogen biosynthetic process","AKT1;AKT2;MTOR"
"116","GO:0005979",0.00935029438854693,18.9945652173913,0.552845528455285,3,4,"regulation of glycogen biosynthetic process","AKT1;AKT2;MTOR"
"117","GO:0009250",0.00935029438854693,18.9945652173913,0.552845528455285,3,4,"glucan biosynthetic process","AKT1;AKT2;MTOR"
"118","GO:0010962",0.00935029438854693,18.9945652173913,0.552845528455285,3,4,"regulation of glucan biosynthetic process","AKT1;AKT2;MTOR"
"119","GO:0031998",0.00935029438854693,18.9945652173913,0.552845528455285,3,4,"regulation of fatty acid beta-oxidation","AKT1;AKT2;MTOR"
"120","GO:0033083",0.00935029438854693,18.9945652173913,0.552845528455285,3,4,"regulation of immature T cell proliferation","CDKN2A;ERBB2;FOXP3"
"121","GO:0033084",0.00935029438854693,18.9945652173913,0.552845528455285,3,4,"regulation of immature T cell proliferation in thymus","CDKN2A;ERBB2;FOXP3"
"122","GO:0033599",0.00935029438854693,18.9945652173913,0.552845528455285,3,4,"regulation of mammary gland epithelial cell proliferation","GATA3;CCND1;BRCA2"
"123","GO:0045792",0.00935029438854693,18.9945652173913,0.552845528455285,3,4,"negative regulation of cell size","AKT1;MTOR;PTEN"
"124","GO:0048096",0.00935029438854693,18.9945652173913,0.552845528455285,3,4,"chromatin-mediated maintenance of transcription","ARID1B;SMARCD1;ARID1A"
"125","GO:0060665",0.00935029438854693,18.9945652173913,0.552845528455285,3,4,"regulation of branching involved in salivary gland morphogenesis by mesenchymal-epithelial signaling","FGFR1;HGF;MET"
"126","GO:0060693",0.00935029438854693,18.9945652173913,0.552845528455285,3,4,"regulation of branching involved in salivary gland morphogenesis","FGFR1;HGF;MET"
"127","GO:0070873",0.00935029438854693,18.9945652173913,0.552845528455285,3,4,"regulation of glycogen metabolic process","AKT1;AKT2;MTOR"
"128","GO:0070989",0.00935029438854693,18.9945652173913,0.552845528455285,3,4,"oxidative demethylation","CYP2D6;TET2;FTO"
"129","GO:1903959",0.00935029438854693,18.9945652173913,0.552845528455285,3,4,"regulation of anion transmembrane transport","AKT1;AKT2;MTOR"
"130","GO:0045935",0.00958915566788763,1.50615835777126,51.9674796747967,66,376,"positive regulation of nucleobase-containing compound metabolic process","CDH13;CDKN2A;CTCF;CHEK2;COL1A1;CTH;DVL1;EBF1;EP300;ERBB2;ERBB4;AKT1;AKT2;ESR1;ETV6;FGF4;FGFR2;TAB2;KAT6B;ALK;MTOR;GATA3;TOX3;BABAM1;HGF;FOXA1;HNF4G;AR;MET;NOTCH1;PAX9;PBX1;CDON;FOXP3;RSF1;PGR;PIK3R1;TET2;BCAS3;SALL4;ZMIZ1;PTEN;ARID1B;MKL1;RB1;RET;BCL9;SMARCD1;BRCA1;BRCA2;TBX3;HNF1B;TCF7L2;TERT;TOP2A;TP53;ARHGEF5;ZNF613;ELL;NCOA3;ARID1A;MAML2;CCNE1;MAP3K13;CD80;CDH1"
"131","GO:0040008",0.00976078960508375,1.90381097560976,14.2357723577236,23,103,"regulation of growth","PLXNC1;CDKN1B;CDKN2A;AGR2;ERBB2;ERBB4;AKT1;FGFR1;FGFR2;MTOR;NOTCH1;NTRK3;PIK3CA;PTEN;SGK1;HNF1B;TCF7L2;TGFBR2;TP53;FTO;BAP1;NTN1;NCOR1"
"132","GO:0010951",0.00983056666480082,3.05233589591957,3.86991869918699,9,28,"negative regulation of endopeptidase activity","AKT1;AKT2;HGF;BIRC5;MMP9;MKL1;SIAH2;TIMP1;CASP8"
"133","GO:0016202",0.00983056666480082,3.05233589591957,3.86991869918699,9,28,"regulation of striated muscle tissue development","ERBB4;FGF3;FGFR1;FGFR2;MTOR;NOTCH1;CDON;TCF7L2;TGFBR2"
"134","GO:0048634",0.00983056666480082,3.05233589591957,3.86991869918699,9,28,"regulation of muscle organ development","ERBB4;FGF3;FGFR1;FGFR2;MTOR;NOTCH1;CDON;TCF7L2;TGFBR2"
"135","GO:1901861",0.00983056666480082,3.05233589591957,3.86991869918699,9,28,"regulation of muscle tissue development","ERBB4;FGF3;FGFR1;FGFR2;MTOR;NOTCH1;CDON;TCF7L2;TGFBR2"
