"","GOCCID","Pvalue","OddsRatio","ExpCount","Count","Size","Term","Symbols"
"1","GO:0044428",0.00121060831990164,1.64467791522429,66.7857142857143,86,495,"nuclear part","AKT3;KLLN;CDK4;CDK6;STAM2;CDKN1B;CDKN2A;CTCF;CHEK2;OSBPL6;APOBEC3A;EP300;ERBB4;AKT1;AKT2;ESR1;ETV6;FGFR2;RALY;SF3B1;KAT6B;ALOX5AP;MTOR;STXBP4;GATA3;GCKR;BABAM1;FOXA1;HNF4G;BIRC5;AR;ITPR1;KCNH1;KRT8;MKI67;MSRA;NF2;NOTCH1;NOTCH2;PBX1;PDPK1;RSF1;PEX14;PFKFB3;PGR;PIK3CB;BCAS3;PBRM1;PRKACB;SALL4;ZMIZ1;PTEN;ARID1B;MKL1;RAD51B;RAD51D;RB1;CCND1;BCL9;SGK1;SIAH2;DCLRE1B;SMARCD1;BRCA1;BRCA2;HNF1B;TCF7L2;TERT;TOP2A;TP53;FTO;PALB2;ARHGEF5;ELL;NCOA3;ARID1A;BAP1;BRIP1;CASP8;MAML2;PRPF18;CCNE1;PRC1;NCOR1;KEAP1;ZC3H11A"
"2","GO:0031981",0.00205379744423413,1.61141170683719,62.0634920634921,80,460,"nuclear lumen","AKT3;KLLN;CDK4;CDK6;STAM2;CDKN1B;CDKN2A;CTCF;CHEK2;APOBEC3A;EP300;ERBB4;AKT1;AKT2;ESR1;ETV6;FGFR2;SF3B1;KAT6B;MTOR;STXBP4;GATA3;GCKR;BABAM1;FOXA1;HNF4G;BIRC5;AR;ITPR1;KRT8;MKI67;MSRA;NF2;NOTCH1;NOTCH2;PBX1;PDPK1;RSF1;PEX14;PFKFB3;PGR;PIK3CB;BCAS3;PBRM1;PRKACB;SALL4;ZMIZ1;PTEN;ARID1B;MKL1;RAD51B;RAD51D;RB1;CCND1;BCL9;SGK1;SIAH2;DCLRE1B;BRCA1;BRCA2;HNF1B;TCF7L2;TERT;TOP2A;TP53;FTO;PALB2;ARHGEF5;ELL;NCOA3;ARID1A;BAP1;BRIP1;CASP8;MAML2;PRPF18;CCNE1;PRC1;NCOR1;KEAP1"
"3","GO:0097038",0.00242201699026473,Inf,0.404761904761905,3,3,"perinuclear endoplasmic reticulum","OSBPL6;SYT6;PIK3R1"
"4","GO:0061695",0.00364080306539081,2.69132947976879,6.61111111111111,14,49,"transferase complex, transferring phosphorus-containing groups","CDK4;CDK6;NEK10;MTOR;PIK3CA;PIK3CB;PIK3R1;PRKACB;CCND1;TERT;TGFBR2;TP53;CCNE1;MAP3K13"
"5","GO:0005654",0.0043470905942806,1.56893123660495,54.1031746031746,70,401,"nucleoplasm","AKT3;CDK4;CDK6;STAM2;CDKN1B;CDKN2A;CTCF;CHEK2;APOBEC3A;EP300;ERBB4;AKT1;AKT2;ESR1;FGFR2;SF3B1;KAT6B;MTOR;STXBP4;GATA3;GCKR;BABAM1;HNF4G;BIRC5;AR;KRT8;MSRA;NOTCH1;NOTCH2;PBX1;PDPK1;RSF1;PFKFB3;PGR;PBRM1;PRKACB;SALL4;ZMIZ1;PTEN;ARID1B;MKL1;RAD51B;RAD51D;RB1;CCND1;BCL9;SGK1;SIAH2;BRCA1;BRCA2;HNF1B;TCF7L2;TERT;TOP2A;TP53;FTO;PALB2;ARHGEF5;ELL;NCOA3;ARID1A;BAP1;BRIP1;CASP8;MAML2;PRPF18;CCNE1;PRC1;NCOR1;KEAP1"
"6","GO:0043233",0.00644180133575001,1.50709129903374,68.1349206349206,84,505,"organelle lumen","AKT3;KLLN;CDK4;CDK6;STAM2;CDKN1B;CDKN2A;CTCF;CHEK2;COL1A1;APOBEC3A;EP300;ERBB4;AKT1;AKT2;ESR1;ETV6;FGFR2;SF3B1;KAT6B;MTOR;STXBP4;GATA3;GCKR;BABAM1;HGF;FOXA1;HNF4G;BIRC5;AR;ITPR1;KRT8;MKI67;MSRA;NF2;NOTCH1;NOTCH2;PBX1;PDPK1;RSF1;PEX14;PFKFB3;PGR;PIK3CB;BCAS3;PBRM1;PRKACB;SALL4;ZMIZ1;PTEN;ARID1B;MKL1;RAD51B;RAD51D;RB1;BCKDHB;CCND1;BCL9;SGK1;SIAH2;DCLRE1B;BRCA1;BRCA2;HNF1B;TCF7L2;TERT;TIMP1;TOP2A;TP53;FTO;PALB2;ARHGEF5;ELL;NCOA3;ARID1A;BAP1;BRIP1;CASP8;MAML2;PRPF18;CCNE1;PRC1;NCOR1;KEAP1"
"7","GO:0031974",0.00730243473638039,1.49610961922468,68.4047619047619,84,507,"membrane-enclosed lumen","AKT3;KLLN;CDK4;CDK6;STAM2;CDKN1B;CDKN2A;CTCF;CHEK2;COL1A1;APOBEC3A;EP300;ERBB4;AKT1;AKT2;ESR1;ETV6;FGFR2;SF3B1;KAT6B;MTOR;STXBP4;GATA3;GCKR;BABAM1;HGF;FOXA1;HNF4G;BIRC5;AR;ITPR1;KRT8;MKI67;MSRA;NF2;NOTCH1;NOTCH2;PBX1;PDPK1;RSF1;PEX14;PFKFB3;PGR;PIK3CB;BCAS3;PBRM1;PRKACB;SALL4;ZMIZ1;PTEN;ARID1B;MKL1;RAD51B;RAD51D;RB1;BCKDHB;CCND1;BCL9;SGK1;SIAH2;DCLRE1B;BRCA1;BRCA2;HNF1B;TCF7L2;TERT;TIMP1;TOP2A;TP53;FTO;PALB2;ARHGEF5;ELL;NCOA3;ARID1A;BAP1;BRIP1;CASP8;MAML2;PRPF18;CCNE1;PRC1;NCOR1;KEAP1"
"8","GO:0005942",0.00807288598139542,8.71402550091075,0.944444444444444,4,7,"phosphatidylinositol 3-kinase complex","MTOR;PIK3CA;PIK3CB;PIK3R1"
"9","GO:0016514",0.00807288598139542,8.71402550091075,0.944444444444444,4,7,"SWI/SNF complex","ARID1B;RB1;SMARCD1;ARID1A"
"10","GO:0032420",0.0087213626981333,19.5326086956522,0.53968253968254,3,4,"stereocilium","PCDH15;SLC4A7;DOCK4"
"11","GO:0032421",0.0087213626981333,19.5326086956522,0.53968253968254,3,4,"stereocilium bundle","PCDH15;SLC4A7;DOCK4"
"12","GO:0090544",0.00986420333096766,5.46245421245421,1.48412698412698,5,11,"BAF-type complex","PBRM1;ARID1B;RB1;SMARCD1;ARID1A"
