"","GOMFID","Pvalue","OddsRatio","ExpCount","Count","Size","Term","Symbols"
"1","GO:0019864",0.00266237344441489,Inf,0.417721518987342,3,3,"IgG binding","FCGR2A;FCGR2B;FCGR3A"
"2","GO:0019865",0.00266237344441489,Inf,0.417721518987342,3,3,"immunoglobulin binding","FCGR2A;FCGR2B;FCGR3A"
"3","GO:0004672",0.00346558052624038,1.99875,16.2911392405063,27,117,"protein kinase activity","AKT3;CDK4;CDK6;CHEK2;NEK10;ERBB2;ERBB4;AKT1;AKT2;FGFR1;FGFR2;ALK;MTOR;KCNH1;MAP3K1;MET;NTRK3;PDPK1;PIK3CA;PRKACB;CCND1;RET;MAP2K4;SGK1;TGFBR2;MAP3K13;DCLK1"
"4","GO:0005102",0.00359449126872999,1.79231916480239,25.3417721518987,38,182,"receptor binding","PLXNC1;AGR2;DVL1;EP300;ERBB2;ERBB4;ESR1;FBN1;FGF3;FGF4;GATA3;NXPH1;HGF;AR;MYD88;NF2;NOTCH1;PDE4D;PDPK1;PEX14;PGR;PIK3R1;BCAS3;PTEN;RB1;SMARCD1;BRCA1;TCF7L2;TGFBR2;TIMP1;TP53;NCOA3;ARID1A;CASP8;CCNE1;NCOR1;DOCK4;SNX17"
"5","GO:0016301",0.00380161221366027,1.91264786169245,18.7974683544304,30,135,"kinase activity","AKT3;CDK4;CDK6;CHEK2;NEK10;ERBB2;ERBB4;AKT1;AKT2;FGFR1;FGFR2;ALK;MTOR;KCNH1;MAP3K1;MET;NTRK3;PDPK1;PFKFB3;PIK3CA;PIK3CB;PRKACB;CCND1;RET;MAP2K4;SGK1;TGFBR2;CCNE1;MAP3K13;DCLK1"
"6","GO:0016538",0.00389992842273301,7.91208791208791,1.25316455696203,5,9,"cyclin-dependent protein serine/threonine kinase regulator activity","CDK4;CDKN1B;CDKN2A;CCND1;CCNE1"
"7","GO:0016773",0.00419194758805628,1.91722020303296,18.1012658227848,29,130,"phosphotransferase activity, alcohol group as acceptor","AKT3;CDK4;CDK6;CHEK2;NEK10;ERBB2;ERBB4;AKT1;AKT2;FGFR1;FGFR2;ALK;MTOR;KCNH1;MAP3K1;MET;NTRK3;PDPK1;PFKFB3;PIK3CA;PIK3CB;PRKACB;CCND1;RET;MAP2K4;SGK1;TGFBR2;MAP3K13;DCLK1"
"8","GO:0004674",0.00514068575990272,2.26126536185708,9.74683544303798,18,70,"protein serine/threonine kinase activity","AKT3;CDK4;CDK6;CHEK2;NEK10;AKT1;AKT2;ALK;MTOR;MAP3K1;PDPK1;PIK3CA;PRKACB;MAP2K4;SGK1;TGFBR2;MAP3K13;DCLK1"
"9","GO:0016772",0.00546503930076394,1.83418425232585,20.0506329113924,31,144,"transferase activity, transferring phosphorus-containing groups","AKT3;CDK4;CDK6;CHEK2;NEK10;ERBB2;ERBB4;AKT1;AKT2;FGFR1;FGFR2;ALK;MTOR;KCNH1;MAP3K1;MET;NTRK3;PDPK1;PFKFB3;PIK3CA;PIK3CB;PRKACB;CCND1;RET;MAP2K4;SGK1;TERT;TGFBR2;CCNE1;MAP3K13;DCLK1"
