"","GOMFID","Pvalue","OddsRatio","ExpCount","Count","Size","Term","Symbols"
"1","GO:0019902",0.000801414681677368,12.6879606879607,0.457930007446016,4,41,"phosphatase binding","EGFR;MAPK1;TP53;SPHK1"
"2","GO:0000166",0.00106345424359584,5.7967032967033,3.14966492926284,9,282,"nucleotide binding","EGFR;HRAS;KRAS;PIK3CA;POLE;MAPK1;AURKA;TP53;SPHK1"
"3","GO:1901265",0.00106345424359584,5.7967032967033,3.14966492926284,9,282,"nucleoside phosphate binding","EGFR;HRAS;KRAS;PIK3CA;POLE;MAPK1;AURKA;TP53;SPHK1"
"4","GO:0001883",0.00145426965927964,5.66303651505445,2.58004467609829,8,231,"purine nucleoside binding","EGFR;HRAS;KRAS;PIK3CA;MAPK1;AURKA;TP53;SPHK1"
"5","GO:0032550",0.00145426965927964,5.66303651505445,2.58004467609829,8,231,"purine ribonucleoside binding","EGFR;HRAS;KRAS;PIK3CA;MAPK1;AURKA;TP53;SPHK1"
"6","GO:0035639",0.00145426965927964,5.66303651505445,2.58004467609829,8,231,"purine ribonucleoside triphosphate binding","EGFR;HRAS;KRAS;PIK3CA;MAPK1;AURKA;TP53;SPHK1"
"7","GO:0001882",0.00149810012250949,5.63265306122449,2.59121370067014,8,232,"nucleoside binding","EGFR;HRAS;KRAS;PIK3CA;MAPK1;AURKA;TP53;SPHK1"
"8","GO:0032549",0.00149810012250949,5.63265306122449,2.59121370067014,8,232,"ribonucleoside binding","EGFR;HRAS;KRAS;PIK3CA;MAPK1;AURKA;TP53;SPHK1"
"9","GO:0031625",0.00171609802924976,10.1343873517787,0.558451228592703,4,50,"ubiquitin protein ligase binding","EGFR;HIF1A;AURKA;TP53"
"10","GO:0044389",0.00171609802924976,10.1343873517787,0.558451228592703,4,50,"ubiquitin-like protein ligase binding","EGFR;HIF1A;AURKA;TP53"
"11","GO:0017076",0.00183626655558581,5.42733457019171,2.66939687267312,8,239,"purine nucleotide binding","EGFR;HRAS;KRAS;PIK3CA;MAPK1;AURKA;TP53;SPHK1"
"12","GO:0032555",0.00183626655558581,5.42733457019171,2.66939687267312,8,239,"purine ribonucleotide binding","EGFR;HRAS;KRAS;PIK3CA;MAPK1;AURKA;TP53;SPHK1"
"13","GO:0032553",0.00188930543619263,5.39901477832512,2.68056589724497,8,240,"ribonucleotide binding","EGFR;HRAS;KRAS;PIK3CA;MAPK1;AURKA;TP53;SPHK1"
"14","GO:0036094",0.00209105289999825,5.16220735785953,3.44005956813105,9,308,"small molecule binding","EGFR;HRAS;KRAS;PIK3CA;POLE;MAPK1;AURKA;TP53;SPHK1"
"15","GO:0043168",0.00236194360340787,5.05263157894737,3.49590469099032,9,313,"anion binding","EGFR;HRAS;KRAS;PIK3CA;EXOC1;MAPK1;AURKA;TP53;SPHK1"
"16","GO:0016772",0.00302226114196505,5.7487922705314,1.60833953834698,6,144,"transferase activity, transferring phosphorus-containing groups","EGFR;PIK3CA;POLE;MAPK1;AURKA;SPHK1"
"17","GO:0035035",0.00313808319340449,33.8974358974359,0.0893521965748325,2,8,"histone acetyltransferase binding","HIF1A;TP53"
"18","GO:0051721",0.00313808319340449,33.8974358974359,0.0893521965748325,2,8,"protein phosphatase 2A binding","TP53;SPHK1"
"19","GO:0019903",0.00460630232944855,11.198275862069,0.35740878629933,3,32,"protein phosphatase binding","EGFR;TP53;SPHK1"
"20","GO:0097367",0.00580573476233061,4.35610766045549,3.17200297840655,8,284,"carbohydrate derivative binding","EGFR;HRAS;KRAS;PIK3CA;MAPK1;AURKA;TP53;SPHK1"
"21","GO:0019899",0.00594007456925978,4.33625580195977,3.18317200297841,8,285,"enzyme binding","EGFR;HIF1A;EXOC1;MAPK1;AURKA;TP53;XRCC1;SPHK1"
"22","GO:0004674",0.0059736518487527,6.95316804407713,0.781831720029784,4,70,"protein serine/threonine kinase activity","EGFR;PIK3CA;MAPK1;AURKA"
"23","GO:0004702",0.00604556740066901,22.5470085470085,0.122859270290395,2,11,"receptor signaling protein serine/threonine kinase activity","EGFR;MAPK1"
"24","GO:0046982",0.00841022501324408,6.25155666251557,0.860014892032762,4,77,"protein heterodimerization activity","EGFR;HIF1A;MAX;TP53"
"25","GO:0051087",0.00846352934604405,18.4195804195804,0.145197319434103,2,13,"chaperone binding","HLA-B;TP53"
