"","GOBPID","Pvalue","OddsRatio","ExpCount","Count","Size","Term","Symbols"
"1","GO:0048010",2.3048990719022e-06,19.6,0.745011086474501,7,72,"vascular endothelial growth factor receptor signaling pathway","EGFR;HIF1A;HRAS;KRAS;PIK3CA;MAPK1;SPHK1"
"2","GO:0051402",3.99152303549934e-06,22.6046511627907,0.507021433850702,6,49,"neuron apoptotic process","HIF1A;HRAS;KRAS;MAX;PIK3CA;TP53"
"3","GO:0032868",6.69366072058761e-06,16.3896103896104,0.869179600886918,7,84,"response to insulin","EGFR;HIF1A;HRAS;KRAS;MAX;PIK3CA;MAPK1"
"4","GO:0071375",1.91177239775205e-05,13.7142857142857,1.0140428677014,7,98,"cellular response to peptide hormone stimulus","EGFR;HIF1A;HRAS;KRAS;MAX;PIK3CA;MAPK1"
"5","GO:0070997",1.97814324013309e-05,16.5646551724138,0.662232076866223,6,64,"neuron death","HIF1A;HRAS;KRAS;MAX;PIK3CA;TP53"
"6","GO:1901653",2.34269200278082e-05,13.2446808510638,1.04508499630451,7,101,"cellular response to peptide","EGFR;HIF1A;HRAS;KRAS;MAX;PIK3CA;MAPK1"
"7","GO:0043434",3.2401330551381e-05,12.5252525252525,1.09682187730968,7,106,"response to peptide hormone","EGFR;HIF1A;HRAS;KRAS;MAX;PIK3CA;MAPK1"
"8","GO:0009725",3.89265160176916e-05,10.3727272727273,2.14190687361419,9,207,"response to hormone","EGFR;HIF1A;HRAS;KRAS;MAX;PIK3CA;MAPK1;AURKA;SPHK1"
"9","GO:1901652",4.96342327755796e-05,11.6320754716981,1.16925351071693,7,113,"response to peptide","EGFR;HIF1A;HRAS;KRAS;MAX;PIK3CA;MAPK1"
"10","GO:0043523",5.80808254764181e-05,17.5880758807588,0.475979305247598,5,46,"regulation of neuron apoptotic process","HIF1A;HRAS;KRAS;PIK3CA;TP53"
"11","GO:0010243",6.26190274345386e-05,10.1111111111111,1.6969696969697,8,164,"response to organonitrogen compound","EGFR;HIF1A;HRAS;KRAS;MAX;PIK3CA;MAPK1;SPHK1"
"12","GO:0032869",8.39922864812239e-05,12.4638157894737,0.848484848484849,6,82,"cellular response to insulin stimulus","EGFR;HIF1A;HRAS;KRAS;PIK3CA;MAPK1"
"13","GO:0043524",9.44003961249563e-05,23.9454545454545,0.269031781226903,4,26,"negative regulation of neuron apoptotic process","HIF1A;HRAS;KRAS;PIK3CA"
"14","GO:0006089",9.94940019330262e-05,Inf,0.0206947524020695,2,2,"lactate metabolic process","HIF1A;TP53"
"15","GO:0032768",0.000101591831270611,51.8961038961039,0.103473762010347,3,10,"regulation of monooxygenase activity","EGFR;HIF1A;KRAS"
"16","GO:0050999",0.000101591831270611,51.8961038961039,0.103473762010347,3,10,"regulation of nitric-oxide synthase activity","EGFR;HIF1A;KRAS"
"17","GO:0043066",0.000105750795663724,9.29365079365079,1.82113821138211,8,176,"negative regulation of apoptotic process","EGFR;HIF1A;HRAS;KRAS;PIK3CA;AURKA;TP53;SPHK1"
"18","GO:0033554",0.000106800725946026,9.04310344827586,3.10421286031042,10,300,"cellular response to stress","EGFR;HIF1A;HRAS;MAX;PIK3CA;POLE;MAPK1;TP53;XRCC1;SPHK1"
"19","GO:0071417",0.000118799758615971,9.97540983606557,1.33481152993348,7,129,"cellular response to organonitrogen compound","EGFR;HIF1A;HRAS;KRAS;MAX;PIK3CA;MAPK1"
"20","GO:0043069",0.000124807316348229,9.04651162790698,1.86252771618625,8,180,"negative regulation of programmed cell death","EGFR;HIF1A;HRAS;KRAS;PIK3CA;AURKA;TP53;SPHK1"
"21","GO:1901698",0.000124807316348229,9.04651162790698,1.86252771618625,8,180,"response to nitrogen compound","EGFR;HIF1A;HRAS;KRAS;MAX;PIK3CA;MAPK1;SPHK1"
"22","GO:0010033",0.000126040195570188,11.4652173913043,4.8839615668884,12,472,"response to organic substance","EGFR;HIF1A;HLA-B;HRAS;KRAS;MAX;PIK3CA;MAPK1;AURKA;TP53;XRCC1;SPHK1"
"23","GO:0006915",0.000135810191541334,8.73322147651007,3.1869918699187,10,308,"apoptotic process","EGFR;HIF1A;HRAS;KRAS;MAX;PIK3CA;MAPK1;AURKA;TP53;SPHK1"
"24","GO:0006284",0.000138834046381135,45.375,0.113821138211382,3,11,"base-excision repair","POLE;TP53;XRCC1"
"25","GO:0009719",0.000144056275919203,8.65833333333333,3.20768662232077,10,310,"response to endogenous stimulus","EGFR;HIF1A;HRAS;KRAS;MAX;PIK3CA;MAPK1;AURKA;TP53;SPHK1"
"26","GO:0012501",0.000161868178453055,8.51151315789474,3.24907612712491,10,314,"programmed cell death","EGFR;HIF1A;HRAS;KRAS;MAX;PIK3CA;MAPK1;AURKA;TP53;SPHK1"
"27","GO:1901701",0.000178506966485765,8.53038674033149,1.95565410199557,8,189,"cellular response to oxygen-containing compound","EGFR;HIF1A;HRAS;KRAS;MAX;PIK3CA;MAPK1;SPHK1"
"28","GO:0042327",0.000185522592836767,8.47619047619048,1.9660014781966,8,190,"positive regulation of phosphorylation","EGFR;HIF1A;HRAS;KRAS;PIK3CA;MAPK1;TP53;SPHK1"
"29","GO:0060548",0.000192768997888433,8.42258652094718,1.97634885439763,8,191,"negative regulation of cell death","EGFR;HIF1A;HRAS;KRAS;PIK3CA;AURKA;TP53;SPHK1"
"30","GO:0008219",0.000221109211435085,8.12698412698413,3.36289726533629,10,325,"cell death","EGFR;HIF1A;HRAS;KRAS;MAX;PIK3CA;MAPK1;AURKA;TP53;SPHK1"
"31","GO:0016265",0.000221109211435085,8.12698412698413,3.36289726533629,10,325,"death","EGFR;HIF1A;HRAS;KRAS;MAX;PIK3CA;MAPK1;AURKA;TP53;SPHK1"
"32","GO:1901699",0.000221604589610308,8.91851851851852,1.46932742054693,7,142,"cellular response to nitrogen compound","EGFR;HIF1A;HRAS;KRAS;MAX;PIK3CA;MAPK1"
"33","GO:1901214",0.000231390681763369,12.7281746031746,0.631189948263119,5,61,"regulation of neuron death","HIF1A;HRAS;KRAS;PIK3CA;TP53"
"34","GO:1901700",0.000247419092067078,7.8408,2.679970436068,9,259,"response to oxygen-containing compound","EGFR;HIF1A;HRAS;KRAS;MAX;PIK3CA;MAPK1;AURKA;SPHK1"
"35","GO:0010562",0.000250479380338306,8.06315789473684,2.04878048780488,8,198,"positive regulation of phosphorus metabolic process","EGFR;HIF1A;HRAS;KRAS;PIK3CA;MAPK1;TP53;SPHK1"
"36","GO:0045937",0.000250479380338306,8.06315789473684,2.04878048780488,8,198,"positive regulation of phosphate metabolic process","EGFR;HIF1A;HRAS;KRAS;PIK3CA;MAPK1;TP53;SPHK1"
"37","GO:0071363",0.00025980004134371,8.01396160558464,2.05912786400591,8,199,"cellular response to growth factor stimulus","EGFR;HIF1A;HRAS;KRAS;PIK3CA;MAPK1;TP53;SPHK1"
"38","GO:0050804",0.000279105214774321,17.4533333333333,0.351810790835181,4,34,"modulation of synaptic transmission","HRAS;KRAS;MAPK1;SPHK1"
"39","GO:0006297",0.000296714532781764,223,0.0310421286031042,2,3,"nucleotide-excision repair, DNA gap filling","POLE;XRCC1"
"40","GO:0043467",0.000300686632231275,32.9256198347107,0.144863266814486,3,14,"regulation of generation of precursor metabolites and energy","HIF1A;PIK3CA;TP53"
"41","GO:0051341",0.000300686632231275,32.9256198347107,0.144863266814486,3,14,"regulation of oxidoreductase activity","EGFR;HIF1A;KRAS"
"42","GO:1901215",0.000313229654580794,16.8774193548387,0.362158167036216,4,35,"negative regulation of neuron death","HIF1A;HRAS;KRAS;PIK3CA"
"43","GO:0070848",0.000322059946850164,7.72927241962775,2.12121212121212,8,205,"response to growth factor","EGFR;HIF1A;HRAS;KRAS;PIK3CA;MAPK1;TP53;SPHK1"
"44","GO:0050878",0.000323547746851529,9.49744897959184,1.07612712490761,6,104,"regulation of body fluid levels","HIF1A;HRAS;KRAS;PIK3CA;MAPK1;TP53"
"45","GO:0097285",0.000323547746851529,9.49744897959184,1.07612712490761,6,104,"cell-type specific apoptotic process","HIF1A;HRAS;KRAS;MAX;PIK3CA;TP53"
"46","GO:0006260",0.000362924515315185,11.4426523297491,0.693274205469327,5,67,"DNA replication","EGFR;HRAS;POLE;MAPK1;TP53"
"47","GO:0048545",0.000442162206806198,8.90625,1.13821138211382,6,110,"response to steroid hormone","EGFR;HIF1A;KRAS;MAPK1;AURKA;SPHK1"
"48","GO:0008286",0.000447043330566439,10.8888888888889,0.724316334072432,5,70,"insulin receptor signaling pathway","EGFR;HRAS;KRAS;PIK3CA;MAPK1"
"49","GO:0006950",0.000475525065663664,9.45,5.50480413895048,12,532,"response to stress","EGFR;HIF1A;HLA-B;HRAS;KRAS;MAX;PIK3CA;POLE;MAPK1;TP53;XRCC1;SPHK1"
"50","GO:0032870",0.000534547695571088,7.58333333333333,1.68662232076866,7,163,"cellular response to hormone stimulus","EGFR;HIF1A;HRAS;KRAS;MAX;PIK3CA;MAPK1"
"51","GO:0009651",0.000589915721976888,111.416666666667,0.041389504804139,2,4,"response to salt stress","HIF1A;TP53"
"52","GO:0043457",0.000589915721976888,111.416666666667,0.041389504804139,2,4,"regulation of cellular respiration","HIF1A;PIK3CA"
"53","GO:0048169",0.000589915721976888,111.416666666667,0.041389504804139,2,4,"regulation of long-term neuronal synaptic plasticity","HRAS;KRAS"
"54","GO:0061419",0.000589915721976888,111.416666666667,0.041389504804139,2,4,"positive regulation of transcription from RNA polymerase II promoter in response to hypoxia","HIF1A;TP53"
"55","GO:0006275",0.000703540156230003,13.3333333333333,0.444937176644494,4,43,"regulation of DNA replication","EGFR;HRAS;MAPK1;TP53"
"56","GO:0009605",0.000720401562457653,6.77285318559557,3.83887657058389,10,371,"response to external stimulus","EGFR;HIF1A;HLA-B;HRAS;KRAS;MAX;PIK3CA;MAPK1;TP53;SPHK1"
"57","GO:0009611",0.000749440139168108,7.11515151515152,1.77974870657797,7,172,"response to wounding","HIF1A;HRAS;KRAS;MAX;PIK3CA;MAPK1;TP53"
"58","GO:0030335",0.000790373977705866,9.496996996997,0.817442719881744,5,79,"positive regulation of cell migration","EGFR;HIF1A;HRAS;MAPK1;SPHK1"
"59","GO:0006952",0.000802799312961066,6.60148148148148,2.41093865484109,8,233,"defense response","EGFR;HIF1A;HLA-B;HRAS;KRAS;PIK3CA;MAPK1;SPHK1"
"60","GO:0006259",0.000928229577556961,6.83040935672515,1.84183296378418,7,178,"DNA metabolic process","EGFR;HRAS;PIK3CA;POLE;MAPK1;TP53;XRCC1"
"61","GO:0010800",0.00097737308788139,74.2222222222222,0.0517368810051737,2,5,"positive regulation of peptidyl-threonine phosphorylation","MAPK1;SPHK1"
"62","GO:0070243",0.00097737308788139,74.2222222222222,0.0517368810051737,2,5,"regulation of thymocyte apoptotic process","HIF1A;TP53"
"63","GO:1904951",0.000994937956604112,8.98148148148148,0.858832224685883,5,83,"positive regulation of establishment of protein localization","EGFR;HIF1A;EXOC1;TP53;SPHK1"
"64","GO:0042060",0.00101542459392043,7.48155737704918,1.32446415373245,6,128,"wound healing","HIF1A;HRAS;KRAS;PIK3CA;MAPK1;TP53"
"65","GO:0001934",0.00102976852181468,6.69540229885058,1.87287509238729,7,181,"positive regulation of protein phosphorylation","EGFR;HRAS;KRAS;PIK3CA;MAPK1;TP53;SPHK1"
"66","GO:0051052",0.00105180306283964,8.86075949367089,0.869179600886918,5,84,"regulation of DNA metabolic process","EGFR;HRAS;PIK3CA;MAPK1;TP53"
"67","GO:2000147",0.00105180306283964,8.86075949367089,0.869179600886918,5,84,"positive regulation of cell motility","EGFR;HIF1A;HRAS;MAPK1;SPHK1"
"68","GO:0000422",0.00105240640598514,20.0151515151515,0.217294900221729,3,21,"mitophagy","HIF1A;PIK3CA;TP53"
"69","GO:0061726",0.00105240640598514,20.0151515151515,0.217294900221729,3,21,"mitochondrion disassembly","HIF1A;PIK3CA;TP53"
"70","GO:0032270",0.0011097014108817,6.2316384180791,2.52475979305248,8,244,"positive regulation of cellular protein metabolic process","EGFR;HRAS;KRAS;PIK3CA;MAPK1;AURKA;TP53;SPHK1"
"71","GO:0007265",0.00111108796082987,8.74305555555556,0.879526977087953,5,85,"Ras protein signal transduction","EGFR;HRAS;KRAS;MAPK1;TP53"
"72","GO:0008543",0.00111108796082987,8.74305555555556,0.879526977087953,5,85,"fibroblast growth factor receptor signaling pathway","EGFR;HRAS;KRAS;PIK3CA;MAPK1"
"73","GO:0007596",0.0011728589363958,8.62825788751715,0.889874353288987,5,86,"blood coagulation","HRAS;KRAS;PIK3CA;MAPK1;TP53"
"74","GO:0040017",0.0011728589363958,8.62825788751715,0.889874353288987,5,86,"positive regulation of locomotion","EGFR;HIF1A;HRAS;MAPK1;SPHK1"
"75","GO:0050817",0.0011728589363958,8.62825788751715,0.889874353288987,5,86,"coagulation","HRAS;KRAS;PIK3CA;MAPK1;TP53"
"76","GO:0042221",0.00117493927325183,8.19434628975265,5.98078344419808,12,578,"response to chemical","EGFR;HIF1A;HLA-B;HRAS;KRAS;MAX;PIK3CA;MAPK1;AURKA;TP53;XRCC1;SPHK1"
"77","GO:0048167",0.00121110582888268,18.9473684210526,0.227642276422764,3,22,"regulation of synaptic plasticity","HRAS;KRAS;MAPK1"
"78","GO:1903008",0.00121110582888268,18.9473684210526,0.227642276422764,3,22,"organelle disassembly","HIF1A;PIK3CA;TP53"
"79","GO:0007599",0.00123718294263798,8.51626016260163,0.900221729490022,5,87,"hemostasis","HRAS;KRAS;PIK3CA;MAPK1;TP53"
"80","GO:0000186",0.00125856366359874,11.2434782608696,0.517368810051737,4,50,"activation of MAPKK activity","EGFR;HRAS;KRAS;MAPK1"
"81","GO:0043406",0.00125856366359874,11.2434782608696,0.517368810051737,4,50,"positive regulation of MAP kinase activity","EGFR;HRAS;KRAS;MAPK1"
"82","GO:0044344",0.00130412758374878,8.40696117804552,0.910569105691057,5,88,"cellular response to fibroblast growth factor stimulus","EGFR;HRAS;KRAS;PIK3CA;MAPK1"
"83","GO:0051272",0.00130412758374878,8.40696117804552,0.910569105691057,5,88,"positive regulation of cellular component movement","EGFR;HIF1A;HRAS;MAPK1;SPHK1"
"84","GO:0038095",0.00137376109864331,8.30026455026455,0.920916481892092,5,89,"Fc-epsilon receptor signaling pathway","EGFR;HRAS;KRAS;PIK3CA;MAPK1"
"85","GO:0071774",0.00137376109864331,8.30026455026455,0.920916481892092,5,89,"response to fibroblast growth factor","EGFR;HRAS;KRAS;PIK3CA;MAPK1"
"86","GO:0007167",0.00138913836776965,5.98360655737705,2.60753880266075,8,252,"enzyme linked receptor protein signaling pathway","EGFR;HIF1A;HRAS;KRAS;PIK3CA;MAPK1;TP53;SPHK1"
"87","GO:0032770",0.00145738332605685,55.625,0.0620842572062084,2,6,"positive regulation of monooxygenase activity","HIF1A;KRAS"
"88","GO:0048168",0.00145738332605685,55.625,0.0620842572062084,2,6,"regulation of neuronal synaptic plasticity","HRAS;KRAS"
"89","GO:0051000",0.00145738332605685,55.625,0.0620842572062084,2,6,"positive regulation of nitric-oxide synthase activity","HIF1A;KRAS"
"90","GO:0070232",0.00145738332605685,55.625,0.0620842572062084,2,6,"regulation of T cell apoptotic process","HIF1A;TP53"
"91","GO:1903146",0.00145738332605685,55.625,0.0620842572062084,2,6,"regulation of mitophagy","HIF1A;TP53"
"92","GO:0006289",0.00157227912344263,17.1168831168831,0.248337028824834,3,24,"nucleotide-excision repair","POLE;TP53;XRCC1"
"93","GO:0007169",0.00157881861326073,6.16042780748663,2.00739098300074,7,194,"transmembrane receptor protein tyrosine kinase signaling pathway","EGFR;HIF1A;HRAS;KRAS;PIK3CA;MAPK1;SPHK1"
"94","GO:0032147",0.00168056995892486,7.89772727272727,0.962305986696231,5,93,"activation of protein kinase activity","EGFR;HRAS;KRAS;PIK3CA;MAPK1"
"95","GO:0071310",0.0017205551709856,5.86875,4.24242424242424,10,410,"cellular response to organic substance","EGFR;HIF1A;HLA-B;HRAS;KRAS;MAX;PIK3CA;MAPK1;TP53;SPHK1"
"96","GO:0016310",0.00172769075064786,5.68509316770186,3.4249815225425,9,331,"phosphorylation","EGFR;HIF1A;HRAS;KRAS;PIK3CA;MAPK1;AURKA;TP53;SPHK1"
"97","GO:0001892",0.00177572298680718,16.3264462809917,0.258684405025868,3,25,"embryonic placenta development","EGFR;HIF1A;MAPK1"
"98","GO:0043627",0.00180828146371731,10.1019607843137,0.569105691056911,4,55,"response to estrogen","EGFR;HIF1A;MAPK1;AURKA"
"99","GO:0051247",0.00181761268856519,5.69553805774278,2.7110125646711,8,262,"positive regulation of protein metabolic process","EGFR;HRAS;KRAS;PIK3CA;MAPK1;AURKA;TP53;SPHK1"
"100","GO:0016477",0.00184411823182474,5.97395833333333,2.05912786400591,7,199,"cell migration","EGFR;HIF1A;HRAS;KRAS;PIK3CA;MAPK1;SPHK1"
"101","GO:0071495",0.00186584783975321,5.66797385620915,2.72135994087214,8,263,"cellular response to endogenous stimulus","EGFR;HIF1A;HRAS;KRAS;MAX;PIK3CA;MAPK1;TP53"
"102","GO:0042981",0.00191512914609816,5.640625,2.73170731707317,8,264,"regulation of apoptotic process","EGFR;HIF1A;HRAS;KRAS;PIK3CA;AURKA;TP53;SPHK1"
"103","GO:0042325",0.00196547382693445,5.61348897535668,2.74205469327421,8,265,"regulation of phosphorylation","EGFR;HIF1A;HRAS;KRAS;PIK3CA;MAPK1;TP53;SPHK1"
"104","GO:0045740",0.0019950259334179,15.604743083004,0.269031781226903,3,26,"positive regulation of DNA replication","EGFR;HRAS;MAPK1"
"105","GO:0070242",0.00202826409929893,44.4666666666667,0.0724316334072432,2,7,"thymocyte apoptotic process","HIF1A;TP53"
"106","GO:2000269",0.00202826409929893,44.4666666666667,0.0724316334072432,2,7,"regulation of fibroblast apoptotic process","PIK3CA;TP53"
"107","GO:0007346",0.00213301411144619,7.44324970131422,1.0140428677014,5,98,"regulation of mitotic cell cycle","EGFR;HRAS;AURKA;TP53;SPHK1"
"108","GO:0048011",0.00213301411144619,7.44324970131422,1.0140428677014,5,98,"neurotrophin TRK receptor signaling pathway","EGFR;HRAS;KRAS;PIK3CA;MAPK1"
"109","GO:0043067",0.00217783692521124,5.50702426564496,2.78344419807834,8,269,"regulation of programmed cell death","EGFR;HIF1A;HRAS;KRAS;PIK3CA;AURKA;TP53;SPHK1"
"110","GO:0048584",0.00222120810780514,5.43783783783784,3.53880266075388,9,342,"positive regulation of response to stimulus","EGFR;HIF1A;HLA-B;HRAS;KRAS;PIK3CA;MAPK1;TP53;SPHK1"
"111","GO:0007173",0.00233729669494064,7.27485380116959,1.03473762010347,5,100,"epidermal growth factor receptor signaling pathway","EGFR;HRAS;KRAS;PIK3CA;MAPK1"
"112","GO:0038127",0.00233729669494064,7.27485380116959,1.03473762010347,5,100,"ERBB signaling pathway","EGFR;HRAS;KRAS;PIK3CA;MAPK1"
"113","GO:0038179",0.00233729669494064,7.27485380116959,1.03473762010347,5,100,"neurotrophin signaling pathway","EGFR;HRAS;KRAS;PIK3CA;MAPK1"
"114","GO:0031401",0.00234190795418104,5.695,2.14190687361419,7,207,"positive regulation of protein modification process","EGFR;HRAS;KRAS;PIK3CA;MAPK1;TP53;SPHK1"
"115","GO:0038093",0.00244472735002214,7.19328703703704,1.04508499630451,5,101,"Fc receptor signaling pathway","EGFR;HRAS;KRAS;PIK3CA;MAPK1"
"116","GO:0009267",0.00248298138948668,14.3345454545455,0.289726533628973,3,28,"cellular response to starvation","MAX;TP53;SPHK1"
"117","GO:0071897",0.00248298138948668,14.3345454545455,0.289726533628973,3,28,"DNA biosynthetic process","POLE;MAPK1;TP53"
"118","GO:0048870",0.00262814331324447,5.56372549019608,2.18329637841833,7,211,"cell motility","EGFR;HIF1A;HRAS;KRAS;PIK3CA;MAPK1;SPHK1"
"119","GO:0051674",0.00262814331324447,5.56372549019608,2.18329637841833,7,211,"localization of cell","EGFR;HIF1A;HRAS;KRAS;PIK3CA;MAPK1;SPHK1"
"120","GO:0006110",0.00268835382942951,37.0277777777778,0.0827790096082779,2,8,"regulation of glycolytic process","HIF1A;TP53"
"121","GO:0010799",0.00268835382942951,37.0277777777778,0.0827790096082779,2,8,"regulation of peptidyl-threonine phosphorylation","MAPK1;SPHK1"
"122","GO:0030811",0.00268835382942951,37.0277777777778,0.0827790096082779,2,8,"regulation of nucleotide catabolic process","HIF1A;TP53"
"123","GO:0035176",0.00268835382942951,37.0277777777778,0.0827790096082779,2,8,"social behavior","HRAS;KRAS"
"124","GO:0043470",0.00268835382942951,37.0277777777778,0.0827790096082779,2,8,"regulation of carbohydrate catabolic process","HIF1A;TP53"
"125","GO:0043471",0.00268835382942951,37.0277777777778,0.0827790096082779,2,8,"regulation of cellular carbohydrate catabolic process","HIF1A;TP53"
"126","GO:0046834",0.00268835382942951,37.0277777777778,0.0827790096082779,2,8,"lipid phosphorylation","PIK3CA;SPHK1"
"127","GO:0051193",0.00268835382942951,37.0277777777778,0.0827790096082779,2,8,"regulation of cofactor metabolic process","HIF1A;TP53"
"128","GO:0051196",0.00268835382942951,37.0277777777778,0.0827790096082779,2,8,"regulation of coenzyme metabolic process","HIF1A;TP53"
"129","GO:0051353",0.00268835382942951,37.0277777777778,0.0827790096082779,2,8,"positive regulation of oxidoreductase activity","HIF1A;KRAS"
"130","GO:0051703",0.00268835382942951,37.0277777777778,0.0827790096082779,2,8,"intraspecies interaction between organisms","HRAS;KRAS"
"131","GO:2000378",0.00268835382942951,37.0277777777778,0.0827790096082779,2,8,"negative regulation of reactive oxygen species metabolic process","HIF1A;TP53"
"132","GO:0060322",0.0027245759831114,6.03547297297297,1.59349593495935,6,154,"head development","EGFR;HIF1A;KRAS;MAPK1;TP53;SPHK1"
"133","GO:0048699",0.00272488172894526,5.27901234567901,2.87657058388766,8,278,"generation of neurons","EGFR;HIF1A;HRAS;KRAS;MAPK1;AURKA;TP53;SPHK1"
"134","GO:0010638",0.00278907710937347,6.95847362514029,1.07612712490761,5,104,"positive regulation of organelle organization","HIF1A;HRAS;MAPK1;AURKA;TP53"
"135","GO:0010941",0.00286050499058851,5.23039215686275,2.89726533628973,8,280,"regulation of cell death","EGFR;HIF1A;HRAS;KRAS;PIK3CA;AURKA;TP53;SPHK1"
"136","GO:0080134",0.0028605740442043,5.46859903381643,2.21433850702143,7,214,"regulation of response to stress","EGFR;HIF1A;HLA-B;HRAS;KRAS;MAPK1;TP53"
"137","GO:0060249",0.00300866195027075,8.67796610169492,0.651884700665188,4,63,"anatomical structure homeostasis","HIF1A;KRAS;POLE;MAPK1"
"138","GO:0071216",0.00303954319679198,13.2525252525253,0.310421286031042,3,30,"cellular response to biotic stimulus","HIF1A;MAPK1;TP53"
"139","GO:0045088",0.00318980622408103,8.52666666666667,0.662232076866223,4,64,"regulation of innate immune response","HLA-B;HRAS;KRAS;MAPK1"
"140","GO:0019220",0.00322377714699566,5.11191335740072,2.9490022172949,8,285,"regulation of phosphate metabolic process","EGFR;HIF1A;HRAS;KRAS;PIK3CA;MAPK1;TP53;SPHK1"
"141","GO:0051174",0.00322377714699566,5.11191335740072,2.9490022172949,8,285,"regulation of phosphorus metabolic process","EGFR;HIF1A;HRAS;KRAS;PIK3CA;MAPK1;TP53;SPHK1"
"142","GO:0048568",0.00330251389340037,6.66666666666667,1.11751662971175,5,108,"embryonic organ development","EGFR;HIF1A;POLE;MAPK1;TP53"
"143","GO:0048145",0.00334455025055801,12.7694805194805,0.320768662232077,3,31,"regulation of fibroblast proliferation","EGFR;TP53;SPHK1"
"144","GO:0071902",0.00337838481056964,8.38032786885246,0.672579453067258,4,65,"positive regulation of protein serine/threonine kinase activity","EGFR;HRAS;KRAS;MAPK1"
"145","GO:0006096",0.00343601149083285,31.7142857142857,0.0931263858093126,2,9,"glycolytic process","HIF1A;TP53"
"146","GO:0006165",0.00343601149083285,31.7142857142857,0.0931263858093126,2,9,"nucleoside diphosphate phosphorylation","HIF1A;TP53"
"147","GO:0006757",0.00343601149083285,31.7142857142857,0.0931263858093126,2,9,"ATP generation from ADP","HIF1A;TP53"
"148","GO:0009118",0.00343601149083285,31.7142857142857,0.0931263858093126,2,9,"regulation of nucleoside metabolic process","HIF1A;TP53"
"149","GO:0044275",0.00343601149083285,31.7142857142857,0.0931263858093126,2,9,"cellular carbohydrate catabolic process","HIF1A;TP53"
"150","GO:0044346",0.00343601149083285,31.7142857142857,0.0931263858093126,2,9,"fibroblast apoptotic process","PIK3CA;TP53"
"151","GO:0046031",0.00343601149083285,31.7142857142857,0.0931263858093126,2,9,"ADP metabolic process","HIF1A;TP53"
"152","GO:0046579",0.00343601149083285,31.7142857142857,0.0931263858093126,2,9,"positive regulation of Ras protein signal transduction","HRAS;KRAS"
"153","GO:0046939",0.00343601149083285,31.7142857142857,0.0931263858093126,2,9,"nucleotide phosphorylation","HIF1A;TP53"
"154","GO:0051205",0.00343601149083285,31.7142857142857,0.0931263858093126,2,9,"protein insertion into membrane","EGFR;TP53"
"155","GO:1903578",0.00343601149083285,31.7142857142857,0.0931263858093126,2,9,"regulation of ATP metabolic process","HIF1A;TP53"
"156","GO:0048513",0.00348263815845244,5.66730038022814,5.55654101995565,11,537,"animal organ development","EGFR;HIF1A;HLA-B;HRAS;KRAS;MAX;PIK3CA;POLE;MAPK1;TP53;SPHK1"
"157","GO:0007610",0.00358388717770116,6.52910052910053,1.13821138211382,5,110,"behavior","EGFR;HIF1A;HRAS;KRAS;TP53"
"158","GO:0042594",0.00366787936715525,12.3197492163009,0.331116038433112,3,32,"response to starvation","MAX;TP53;SPHK1"
"159","GO:0048144",0.00366787936715525,12.3197492163009,0.331116038433112,3,32,"fibroblast proliferation","EGFR;TP53;SPHK1"
"160","GO:0006606",0.00377846613600009,8.1015873015873,0.693274205469327,4,67,"protein import into nucleus","EGFR;MAPK1;TP53;SPHK1"
"161","GO:0044744",0.00377846613600009,8.1015873015873,0.693274205469327,4,67,"protein targeting to nucleus","EGFR;MAPK1;TP53;SPHK1"
"162","GO:0051170",0.00377846613600009,8.1015873015873,0.693274205469327,4,67,"nuclear import","EGFR;MAPK1;TP53;SPHK1"
"163","GO:1902593",0.00377846613600009,8.1015873015873,0.693274205469327,4,67,"single-organism nuclear import","EGFR;MAPK1;TP53;SPHK1"
"164","GO:0022008",0.00379455672640732,4.95305164319249,3.02143385070214,8,292,"neurogenesis","EGFR;HIF1A;HRAS;KRAS;MAPK1;AURKA;TP53;SPHK1"
"165","GO:0033993",0.00415423568802704,5.48757763975155,1.7280118255728,6,167,"response to lipid","EGFR;HIF1A;KRAS;MAPK1;AURKA;SPHK1"
"166","GO:0071496",0.00421014040630492,7.84,0.713968957871397,4,69,"cellular response to external stimulus","HIF1A;MAX;TP53;SPHK1"
"167","GO:0006090",0.00426961640572342,27.7291666666667,0.103473762010347,2,10,"pyruvate metabolic process","HIF1A;TP53"
"168","GO:0051057",0.00426961640572342,27.7291666666667,0.103473762010347,2,10,"positive regulation of small GTPase mediated signal transduction","HRAS;KRAS"
"169","GO:0060571",0.00426961640572342,27.7291666666667,0.103473762010347,2,10,"morphogenesis of an epithelial fold","EGFR;HIF1A"
"170","GO:1901522",0.00426961640572342,27.7291666666667,0.103473762010347,2,10,"positive regulation of transcription from RNA polymerase II promoter involved in cellular response to chemical stimulus","HIF1A;TP53"
"171","GO:1902692",0.00426961640572342,27.7291666666667,0.103473762010347,2,10,"regulation of neuroblast proliferation","HIF1A;TP53"
"172","GO:0071345",0.00436421758409367,6.20707070707071,1.18994826311899,5,115,"cellular response to cytokine stimulus","HIF1A;HLA-B;KRAS;MAPK1;SPHK1"
"173","GO:2000377",0.00437093576975048,11.5073313782991,0.351810790835181,3,34,"regulation of reactive oxygen species metabolic process","EGFR;HIF1A;TP53"
"174","GO:0000278",0.00441714003579673,5.41104294478528,1.74870657797487,6,169,"mitotic cell cycle","EGFR;HRAS;POLE;AURKA;TP53;SPHK1"
"175","GO:0002684",0.00441714003579673,5.41104294478528,1.74870657797487,6,169,"positive regulation of immune system process","HIF1A;HLA-B;HRAS;KRAS;PIK3CA;MAPK1"
"176","GO:0017038",0.0044382068957436,7.71515151515151,0.724316334072432,4,70,"protein import","EGFR;MAPK1;TP53;SPHK1"
"177","GO:0051222",0.0044382068957436,7.71515151515151,0.724316334072432,4,70,"positive regulation of protein transport","EGFR;HIF1A;EXOC1;SPHK1"
"178","GO:0006468",0.00444465743320344,4.80183276059565,3.09386548410939,8,299,"protein phosphorylation","EGFR;HRAS;KRAS;PIK3CA;MAPK1;AURKA;TP53;SPHK1"
"179","GO:0045087",0.00455326140772316,5.3734756097561,1.75905395417591,6,170,"innate immune response","EGFR;HLA-B;HRAS;KRAS;PIK3CA;MAPK1"
"180","GO:0008284",0.00469255925880696,5.33636363636364,1.76940133037694,6,171,"positive regulation of cell proliferation","EGFR;HIF1A;HRAS;KRAS;MAPK1;SPHK1"
"181","GO:0070887",0.00473076066492107,4.90597345132743,4.78048780487805,10,462,"cellular response to chemical stimulus","EGFR;HIF1A;HLA-B;HRAS;KRAS;MAX;PIK3CA;MAPK1;TP53;SPHK1"
"182","GO:0001890",0.00475134571804763,11.1392045454545,0.362158167036216,3,35,"placenta development","EGFR;HIF1A;MAPK1"
"183","GO:0016236",0.00475134571804763,11.1392045454545,0.362158167036216,3,35,"macroautophagy","HIF1A;PIK3CA;TP53"
"184","GO:1902533",0.00498087681101365,5.26347305389222,1.79009608277901,6,173,"positive regulation of intracellular signal transduction","EGFR;HRAS;KRAS;MAPK1;TP53;SPHK1"
"185","GO:0044710",0.00506933645752788,5.29257907542579,5.78418329637842,11,559,"single-organism metabolic process","EGFR;HIF1A;HRAS;KRAS;PIK3CA;POLE;MAPK1;AURKA;TP53;XRCC1;SPHK1"
"186","GO:0050896",0.00509561855602122,Inf,9.62305986696231,14,930,"response to stimulus","EGFR;HIF1A;HLA-B;HRAS;KRAS;MAX;PIK3CA;POLE;EXOC1;MAPK1;AURKA;TP53;XRCC1;SPHK1"
"187","GO:0048731",0.00514524411392444,6.32208588957055,6.87065779748707,12,664,"system development","EGFR;HIF1A;HLA-B;HRAS;KRAS;MAX;PIK3CA;POLE;MAPK1;AURKA;TP53;SPHK1"
"188","GO:0007611",0.0051514435036009,10.7933884297521,0.372505543237251,3,36,"learning or memory","EGFR;HIF1A;KRAS"
"189","GO:0050803",0.0051514435036009,10.7933884297521,0.372505543237251,3,36,"regulation of synapse structure or activity","HRAS;KRAS;MAPK1"
"190","GO:0007268",0.00517313406450137,7.36231884057971,0.755358462675536,4,73,"synaptic transmission","HRAS;KRAS;MAPK1;SPHK1"
"191","GO:0099536",0.00517313406450137,7.36231884057971,0.755358462675536,4,73,"synaptic signaling","HRAS;KRAS;MAPK1;SPHK1"
"192","GO:0099537",0.00517313406450137,7.36231884057971,0.755358462675536,4,73,"trans-synaptic signaling","HRAS;KRAS;MAPK1;SPHK1"
"193","GO:0006970",0.00518756804113281,24.6296296296296,0.113821138211382,2,11,"response to osmotic stress","HIF1A;TP53"
"194","GO:0009135",0.00518756804113281,24.6296296296296,0.113821138211382,2,11,"purine nucleoside diphosphate metabolic process","HIF1A;TP53"
"195","GO:0009179",0.00518756804113281,24.6296296296296,0.113821138211382,2,11,"purine ribonucleoside diphosphate metabolic process","HIF1A;TP53"
"196","GO:0009185",0.00518756804113281,24.6296296296296,0.113821138211382,2,11,"ribonucleoside diphosphate metabolic process","HIF1A;TP53"
"197","GO:0016052",0.00518756804113281,24.6296296296296,0.113821138211382,2,11,"carbohydrate catabolic process","HIF1A;TP53"
"198","GO:0044724",0.00518756804113281,24.6296296296296,0.113821138211382,2,11,"single-organism carbohydrate catabolic process","HIF1A;TP53"
"199","GO:0051705",0.00518756804113281,24.6296296296296,0.113821138211382,2,11,"multi-organism behavior","HRAS;KRAS"
"200","GO:0061418",0.00518756804113281,24.6296296296296,0.113821138211382,2,11,"regulation of transcription from RNA polymerase II promoter in response to hypoxia","HIF1A;TP53"
"201","GO:0070231",0.00518756804113281,24.6296296296296,0.113821138211382,2,11,"T cell apoptotic process","HIF1A;TP53"
"202","GO:0060341",0.00528247970202362,5.19230769230769,1.81079083518108,6,175,"regulation of cellular localization","EGFR;HIF1A;EXOC1;MAPK1;TP53;SPHK1"
"203","GO:0045860",0.00545685530477932,5.85727969348659,1.2520325203252,5,121,"positive regulation of protein kinase activity","EGFR;HRAS;KRAS;PIK3CA;MAPK1"
"204","GO:0009416",0.00570684567832835,7.14366197183099,0.776053215077605,4,75,"response to light stimulus","EGFR;HIF1A;KRAS;TP53"
"205","GO:0022411",0.00598726956065974,7.03888888888889,0.78640059127864,4,76,"cellular component disassembly","HIF1A;PIK3CA;AURKA;TP53"
"206","GO:0050890",0.00601192609521083,10.161038961039,0.39320029563932,3,38,"cognition","EGFR;HIF1A;KRAS"
"207","GO:1903532",0.00601192609521083,10.161038961039,0.39320029563932,3,38,"positive regulation of secretion by cell","HIF1A;EXOC1;SPHK1"
"208","GO:0050778",0.00607207264629942,5.69561157796452,1.28307464892831,5,124,"positive regulation of immune response","HLA-B;HRAS;KRAS;PIK3CA;MAPK1"
"209","GO:0007417",0.00609717971922389,5.02155172413793,1.86252771618625,6,180,"central nervous system development","EGFR;HIF1A;KRAS;MAPK1;TP53;SPHK1"
"210","GO:0007632",0.00618828580760371,22.15,0.124168514412417,2,12,"visual behavior","HIF1A;KRAS"
"211","GO:0008542",0.00618828580760371,22.15,0.124168514412417,2,12,"visual learning","HIF1A;KRAS"
"212","GO:0009132",0.00618828580760371,22.15,0.124168514412417,2,12,"nucleoside diphosphate metabolic process","HIF1A;TP53"
"213","GO:0036003",0.00618828580760371,22.15,0.124168514412417,2,12,"positive regulation of transcription from RNA polymerase II promoter in response to stress","HIF1A;TP53"
"214","GO:0051972",0.00618828580760371,22.15,0.124168514412417,2,12,"regulation of telomerase activity","MAPK1;TP53"
"215","GO:0070849",0.00618828580760371,22.15,0.124168514412417,2,12,"response to epidermal growth factor","EGFR;MAPK1"
"216","GO:0003008",0.00627091953170652,4.98857142857143,1.87287509238729,6,181,"system process","EGFR;HIF1A;KRAS;PIK3CA;MAPK1;SPHK1"
"217","GO:0002429",0.00627693150890589,6.93698630136986,0.796747967479675,4,77,"immune response-activating cell surface receptor signaling pathway","HRAS;KRAS;PIK3CA;MAPK1"
"218","GO:0033674",0.00628788106268878,5.64351851851852,1.29342202512934,5,125,"positive regulation of kinase activity","EGFR;HRAS;KRAS;PIK3CA;MAPK1"
"219","GO:0051704",0.00640288954702563,4.46320346320346,3.26977087952698,8,316,"multi-organism process","HIF1A;HLA-B;HRAS;KRAS;MAPK1;AURKA;TP53;SPHK1"
"220","GO:0032355",0.0064728915391266,9.87121212121212,0.403547671840355,3,39,"response to estradiol","EGFR;HIF1A;AURKA"
"221","GO:0072593",0.0064728915391266,9.87121212121212,0.403547671840355,3,39,"reactive oxygen species metabolic process","EGFR;HIF1A;TP53"
"222","GO:0001932",0.00650326295489931,4.60251046025105,2.54545454545455,7,246,"regulation of protein phosphorylation","EGFR;HRAS;KRAS;PIK3CA;MAPK1;TP53;SPHK1"
"223","GO:0030334",0.00650918969762115,5.59228650137741,1.30376940133038,5,126,"regulation of cell migration","EGFR;HIF1A;HRAS;MAPK1;SPHK1"
"224","GO:0070201",0.0067360778400036,5.54189435336976,1.31411677753141,5,127,"regulation of establishment of protein localization","EGFR;HIF1A;EXOC1;TP53;SPHK1"
"225","GO:0080135",0.0067360778400036,5.54189435336976,1.31411677753141,5,127,"regulation of cellular response to stress","EGFR;HIF1A;HRAS;MAPK1;TP53"
"226","GO:0045787",0.00688453975686258,6.74133333333333,0.817442719881744,4,79,"positive regulation of cell cycle","EGFR;AURKA;TP53;SPHK1"
"227","GO:0051047",0.00695470652459427,9.5970515970516,0.413895048041389,3,40,"positive regulation of secretion","HIF1A;EXOC1;SPHK1"
"228","GO:0014070",0.00700354248011277,4.86033519553073,1.91426459719143,6,185,"response to organic cyclic compound","EGFR;HIF1A;KRAS;MAPK1;AURKA;SPHK1"
"229","GO:0006796",0.00718017944613836,4.36419437340153,4.13895048041389,9,400,"phosphate-containing compound metabolic process","EGFR;HIF1A;HRAS;KRAS;PIK3CA;MAPK1;AURKA;TP53;SPHK1"
"230","GO:0050776",0.00719636590369424,4.82916666666667,1.92461197339246,6,186,"regulation of immune response","EGFR;HLA-B;HRAS;KRAS;PIK3CA;MAPK1"
"231","GO:0034504",0.00720276769806947,6.64736842105263,0.827790096082779,4,80,"protein localization to nucleus","EGFR;MAPK1;TP53;SPHK1"
"232","GO:0009967",0.0073042065979396,4.48770491803279,2.59719142645972,7,251,"positive regulation of signal transduction","EGFR;HIF1A;HRAS;KRAS;MAPK1;TP53;SPHK1"
"233","GO:0015980",0.00745763121379852,9.33732057416268,0.424242424242424,3,41,"energy derivation by oxidation of organic compounds","HIF1A;PIK3CA;TP53"
"234","GO:0031669",0.00745763121379852,9.33732057416268,0.424242424242424,3,41,"cellular response to nutrient levels","MAX;TP53;SPHK1"
"235","GO:0051347",0.00770100883887543,5.34832451499118,1.35550628233555,5,131,"positive regulation of transferase activity","EGFR;HRAS;KRAS;PIK3CA;MAPK1"
"236","GO:0035556",0.00772110879780891,4.30177215189873,4.18033998521803,9,404,"intracellular signal transduction","EGFR;HIF1A;HRAS;KRAS;PIK3CA;EXOC1;MAPK1;TP53;SPHK1"
"237","GO:0051338",0.00779884909187221,4.73770491803279,1.95565410199557,6,189,"regulation of transferase activity","EGFR;HRAS;KRAS;PIK3CA;MAPK1;TP53"
"238","GO:0006793",0.00786140999599573,4.28636363636364,4.19068736141907,9,405,"phosphorus metabolic process","EGFR;HIF1A;HRAS;KRAS;PIK3CA;MAPK1;AURKA;TP53;SPHK1"
"239","GO:0009636",0.00798191408291287,9.09090909090909,0.434589800443459,3,42,"response to toxic substance","HIF1A;MAPK1;TP53"
"240","GO:0050679",0.00798191408291287,9.09090909090909,0.434589800443459,3,42,"positive regulation of epithelial cell proliferation","EGFR;HIF1A;HRAS"
"241","GO:0006955",0.00799848681427331,4.3991935483871,2.63858093126386,7,255,"immune response","EGFR;HLA-B;HRAS;KRAS;PIK3CA;MAPK1;TP53"
"242","GO:0031175",0.00800785087642887,4.70788043478261,1.9660014781966,6,190,"neuron projection development","EGFR;HRAS;KRAS;MAPK1;AURKA;SPHK1"
"243","GO:0033365",0.00821900693435995,5.25607638888889,1.37620103473762,5,133,"protein localization to organelle","EGFR;MAPK1;AURKA;TP53;SPHK1"
"244","GO:0030182",0.00836426230859985,4.356,2.65927568366593,7,257,"neuron differentiation","EGFR;HIF1A;HRAS;KRAS;MAPK1;AURKA;SPHK1"
"245","GO:0006733",0.00843179589746954,18.4305555555556,0.144863266814486,2,14,"oxidoreduction coenzyme metabolic process","HIF1A;TP53"
"246","GO:0008306",0.00843179589746954,18.4305555555556,0.144863266814486,2,14,"associative learning","HIF1A;KRAS"
"247","GO:0009144",0.00843179589746954,18.4305555555556,0.144863266814486,2,14,"purine nucleoside triphosphate metabolic process","HIF1A;TP53"
"248","GO:0009205",0.00843179589746954,18.4305555555556,0.144863266814486,2,14,"purine ribonucleoside triphosphate metabolic process","HIF1A;TP53"
"249","GO:0010165",0.00843179589746954,18.4305555555556,0.144863266814486,2,14,"response to X-ray","HIF1A;TP53"
"250","GO:0019362",0.00843179589746954,18.4305555555556,0.144863266814486,2,14,"pyridine nucleotide metabolic process","HIF1A;TP53"
"251","GO:0031503",0.00843179589746954,18.4305555555556,0.144863266814486,2,14,"protein complex localization","EXOC1;SPHK1"
"252","GO:0046034",0.00843179589746954,18.4305555555556,0.144863266814486,2,14,"ATP metabolic process","HIF1A;TP53"
"253","GO:0046496",0.00843179589746954,18.4305555555556,0.144863266814486,2,14,"nicotinamide nucleotide metabolic process","HIF1A;TP53"
"254","GO:0070228",0.00843179589746954,18.4305555555556,0.144863266814486,2,14,"regulation of lymphocyte apoptotic process","HIF1A;TP53"
"255","GO:0070555",0.00843179589746954,18.4305555555556,0.144863266814486,2,14,"response to interleukin-1","HIF1A;SPHK1"
"256","GO:0072524",0.00843179589746954,18.4305555555556,0.144863266814486,2,14,"pyridine-containing compound metabolic process","HIF1A;TP53"
"257","GO:0065009",0.00859445557197203,4.21047381546135,4.24242424242424,9,410,"regulation of molecular function","EGFR;HIF1A;HRAS;KRAS;PIK3CA;MAPK1;AURKA;TP53;SPHK1"
"258","GO:0016043",0.00863829173777305,5.71137026239067,7.22246858832225,12,698,"cellular component organization","EGFR;HIF1A;HRAS;KRAS;MAX;PIK3CA;POLE;EXOC1;MAPK1;AURKA;TP53;SPHK1"
"259","GO:0002768",0.00876153251248019,5.16666666666667,1.39689578713969,5,135,"immune response-regulating cell surface receptor signaling pathway","EGFR;HRAS;KRAS;PIK3CA;MAPK1"
"260","GO:0051050",0.00876153251248019,5.16666666666667,1.39689578713969,5,135,"positive regulation of transport","EGFR;HIF1A;EXOC1;TP53;SPHK1"
"261","GO:0071840",0.00902784528774286,5.66037735849057,7.25351071692535,12,701,"cellular component organization or biogenesis","EGFR;HIF1A;HRAS;KRAS;MAX;PIK3CA;POLE;EXOC1;MAPK1;AURKA;TP53;SPHK1"
"262","GO:0044772",0.00932271052728113,6.13170731707317,0.889874353288987,4,86,"mitotic cell cycle phase transition","EGFR;POLE;AURKA;TP53"
"263","GO:0050673",0.00932271052728113,6.13170731707317,0.889874353288987,4,86,"epithelial cell proliferation","EGFR;HIF1A;HRAS;MAPK1"
"264","GO:2000145",0.00932921145219376,5.07996632996633,1.41759053954176,5,137,"regulation of cell motility","EGFR;HIF1A;HRAS;MAPK1;SPHK1"
"265","GO:1902589",0.00935207666379953,4.12640163098879,3.46637102734664,8,335,"single-organism organelle organization","HIF1A;HRAS;KRAS;PIK3CA;POLE;MAPK1;AURKA;TP53"
"266","GO:0007420",0.0096226781079139,5.03759398496241,1.42793791574279,5,138,"brain development","EGFR;HIF1A;KRAS;TP53;SPHK1"
"267","GO:0000423",0.00967152497140198,17,0.155210643015521,2,15,"macromitophagy","PIK3CA;TP53"
"268","GO:0009166",0.00967152497140198,17,0.155210643015521,2,15,"nucleotide catabolic process","HIF1A;TP53"
"269","GO:0009199",0.00967152497140198,17,0.155210643015521,2,15,"ribonucleoside triphosphate metabolic process","HIF1A;TP53"
"270","GO:0016241",0.00967152497140198,17,0.155210643015521,2,15,"regulation of macroautophagy","HIF1A;TP53"
"271","GO:1901292",0.00967152497140198,17,0.155210643015521,2,15,"nucleoside phosphate catabolic process","HIF1A;TP53"
"272","GO:0007267",0.00992266624487228,4.99585406301824,1.43828529194383,5,139,"cell-cell signaling","HIF1A;HRAS;KRAS;MAPK1;SPHK1"
"273","GO:0034097",0.00992266624487228,4.99585406301824,1.43828529194383,5,139,"response to cytokine","HIF1A;HLA-B;KRAS;MAPK1;SPHK1"
"274","GO:0002682",0.00995845850921078,4.18992248062016,2.74205469327421,7,265,"regulation of immune system process","EGFR;HIF1A;HLA-B;HRAS;KRAS;PIK3CA;MAPK1"
"275","GO:0023056",0.00995845850921078,4.18992248062016,2.74205469327421,7,265,"positive regulation of signaling","EGFR;HIF1A;HRAS;KRAS;MAPK1;TP53;SPHK1"
