"","GOCCID","Pvalue","OddsRatio","ExpCount","Count","Size","Term","Symbols"
"1","GO:0030424",0.00154291694747679,10.576,0.545454545454545,4,54,"axon","HIF1A;MAPK1;AURKA;SPHK1"
"2","GO:0072686",0.00256399769622954,37.9444444444444,0.0808080808080808,2,8,"mitotic spindle","MAPK1;AURKA"
"3","GO:0043005",0.00547303385692888,5.84967320261438,1.25252525252525,5,124,"neuron projection","HIF1A;MAX;MAPK1;AURKA;SPHK1"
"4","GO:0043234",0.00560643291752999,4.75158562367865,4.87878787878788,10,483,"protein complex","EGFR;HIF1A;HLA-B;MAX;PIK3CA;POLE;EXOC1;MAPK1;AURKA;TP53"
"5","GO:0005829",0.00613358009727546,4.5,4.05050505050505,9,401,"cytosol","HIF1A;HRAS;KRAS;PIK3CA;EXOC1;MAPK1;AURKA;TP53;SPHK1"
"6","GO:0005769",0.00746771193593998,9.32167832167832,0.424242424242424,3,42,"early endosome","EGFR;HLA-B;MAPK1"
"7","GO:0005657",0.00804859512893502,18.8888888888889,0.141414141414141,2,14,"replication fork","POLE;TP53"
