"","GOBPID","Pvalue","OddsRatio","ExpCount","Count","Size","Term","Symbols"
"1","GO:0060158",3.93602645009775e-05,Inf,0.0133037694013304,2,2,"phospholipase C-activating dopamine receptor signaling pathway","GNA11;GNAQ"
"2","GO:0007213",0.000117672915114321,383.714285714286,0.0199556541019956,2,3,"G-protein coupled acetylcholine receptor signaling pathway","GNA11;GNAQ"
"3","GO:0007212",0.000234532792640678,191.714285714286,0.0266075388026608,2,4,"dopamine receptor signaling pathway","GNA11;GNAQ"
"4","GO:0045634",0.0003895374436319,127.714285714286,0.0332594235033259,2,5,"regulation of melanocyte differentiation","GNA11;GNAQ"
"5","GO:0050932",0.0003895374436319,127.714285714286,0.0332594235033259,2,5,"regulation of pigment cell differentiation","GNA11;GNAQ"
"6","GO:0007507",0.000557637890081508,12.8676470588235,0.824833702882483,5,124,"heart development","GNA11;GNAQ;MDM4;MET;BCOR"
"7","GO:0009649",0.000582287107002849,95.7142857142857,0.0399113082039911,2,6,"entrainment of circadian clock","GNA11;GNAQ"
"8","GO:0007200",0.00081238470069289,76.5142857142857,0.0465631929046563,2,7,"phospholipase C-activating G-protein coupled receptor signaling pathway","GNA11;GNAQ"
"9","GO:0048070",0.00081238470069289,76.5142857142857,0.0465631929046563,2,7,"regulation of developmental pigmentation","GNA11;GNAQ"
"10","GO:0042551",0.00172283414971765,47.7142857142857,0.0665188470066519,2,10,"neuron maturation","GNAQ;RB1"
"11","GO:0007602",0.00209840576049332,42.3809523809524,0.0731707317073171,2,11,"phototransduction","GNA11;GNAQ"
"12","GO:0007603",0.00209840576049332,42.3809523809524,0.0731707317073171,2,11,"phototransduction, visible light","GNA11;GNAQ"
"13","GO:0030318",0.00209840576049332,42.3809523809524,0.0731707317073171,2,11,"melanocyte differentiation","GNA11;GNAQ"
"14","GO:0050931",0.00209840576049332,42.3809523809524,0.0731707317073171,2,11,"pigment cell differentiation","GNA11;GNAQ"
"15","GO:0009583",0.00395091469327459,29.2527472527473,0.0997782705099778,2,15,"detection of light stimulus","GNA11;GNAQ"
"16","GO:0009584",0.00395091469327459,29.2527472527473,0.0997782705099778,2,15,"detection of visible light","GNA11;GNAQ"
"17","GO:0001508",0.0044997104671775,27.1428571428571,0.106430155210643,2,16,"action potential","GNA11;GNAQ"
"18","GO:0048066",0.0044997104671775,27.1428571428571,0.106430155210643,2,16,"developmental pigmentation","GNA11;GNAQ"
"19","GO:0042752",0.00508202779795058,25.3142857142857,0.113082039911308,2,17,"regulation of circadian rhythm","GNA11;GNAQ"
"20","GO:0072358",0.00570869517620607,7.15,1.36363636363636,5,205,"cardiovascular system development","GNA11;GNAQ;MDM4;MET;BCOR"
"21","GO:0072359",0.00570869517620607,7.15,1.36363636363636,5,205,"circulatory system development","GNA11;GNAQ;MDM4;MET;BCOR"
"22","GO:0000415",0.00665188470066469,Inf,0.00665188470066519,1,1,"negative regulation of histone H3-K36 methylation","BCOR"
"23","GO:0031134",0.00665188470066469,Inf,0.00665188470066519,1,1,"sister chromatid biorientation","RB1"
"24","GO:0043353",0.00665188470066469,Inf,0.00665188470066519,1,1,"enucleate erythrocyte differentiation","RB1"
"25","GO:0065001",0.00665188470066469,Inf,0.00665188470066519,1,1,"specification of axis polarity","BCOR"
"26","GO:0070171",0.00665188470066469,Inf,0.00665188470066519,1,1,"negative regulation of tooth mineralization","BCOR"
"27","GO:0071921",0.00665188470066469,Inf,0.00665188470066519,1,1,"cohesin localization to chromatin","RB1"
"28","GO:0071922",0.00665188470066469,Inf,0.00665188470066519,1,1,"regulation of cohesin localization to chromatin","RB1"
"29","GO:0071930",0.00665188470066469,Inf,0.00665188470066519,1,1,"negative regulation of transcription involved in G1/S transition of mitotic cell cycle","RB1"
"30","GO:0090230",0.00665188470066469,Inf,0.00665188470066519,1,1,"regulation of centromere complex assembly","RB1"
"31","GO:0043473",0.00773918087450773,19.9248120300752,0.139689578713969,2,21,"pigmentation","GNA11;GNAQ"
"32","GO:0060563",0.00773918087450773,19.9248120300752,0.139689578713969,2,21,"neuroepithelial cell differentiation","GNA11;GNAQ"
"33","GO:0009581",0.00848362906948942,18.9142857142857,0.146341463414634,2,22,"detection of external stimulus","GNA11;GNAQ"
"34","GO:0009582",0.00848362906948942,18.9142857142857,0.146341463414634,2,22,"detection of abiotic stimulus","GNA11;GNAQ"
"35","GO:0050821",0.00925942553557033,18,0.152993348115299,2,23,"protein stabilization","GNAQ;MDM4"
