"","GOMFID","Pvalue","OddsRatio","ExpCount","Count","Size","Term","Symbols"
"1","GO:0031821",3.99488211213856e-05,Inf,0.0134028294862249,2,2,"G-protein coupled serotonin receptor binding","GNA11;GNAQ"
"2","GO:0031826",3.99488211213856e-05,Inf,0.0134028294862249,2,2,"type 2A serotonin receptor binding","GNA11;GNAQ"
"3","GO:0031683",0.000119429398863263,380.857142857143,0.0201042442293373,2,3,"G-protein beta/gamma-subunit complex binding","GNA11;GNAQ"
"4","GO:0003924",0.00515601695964242,25.1238095238095,0.113924050632911,2,17,"GTPase activity","GNA11;GNAQ"
"5","GO:0005008",0.00670141474311259,Inf,0.00670141474311243,1,1,"hepatocyte growth factor-activated receptor activity","MET"
"6","GO:0001664",0.00939277089380917,17.8639455782313,0.154132539091586,2,23,"G-protein coupled receptor binding","GNA11;GNAQ"
