"","GOMFID","Pvalue","OddsRatio","ExpCount","Count","Size","Term","Symbols"
"1","GO:0019902",1.81217007466802e-05,7.85625,1.64854802680566,9,41,"phosphatase binding","CDKN1B;VCAN;EGFR;AKT1;SMAD3;MET;MAPK1;TP53;TSC2"
"2","GO:0030971",5.58023428073599e-05,18.6880466472303,0.482501861504095,5,12,"receptor tyrosine kinase binding","GAS6;NRG1;NTRK2;PTPN11;TP53"
"3","GO:1990782",5.58023428073599e-05,18.6880466472303,0.482501861504095,5,12,"protein tyrosine kinase binding","GAS6;NRG1;NTRK2;PTPN11;TP53"
"4","GO:0005030",6.15765945249098e-05,Inf,0.120625465376024,3,3,"neurotrophin receptor activity","NTRK1;NTRK2;NTRK3"
"5","GO:0043121",6.15765945249098e-05,Inf,0.120625465376024,3,3,"neurotrophin binding","NTRK1;NTRK2;NTRK3"
"6","GO:0002039",8.02037025674481e-05,11.3839285714286,0.804169769173492,6,20,"p53 binding","CDKN2A;BRD4;MDM2;NTRK3;TP53;TP63"
"7","GO:0004871",0.000110164898298401,3.45398773006135,7.2777364110201,18,181,"signal transducer activity","CDKN1B;EGF;EGFR;FGFR1;FGFR2;GAS6;NRG1;LIFR;SMAD3;SMAD4;MET;NTRK1;NTRK2;NTRK3;TNFRSF19;MAPK1;PTPRD;CASP8"
"8","GO:0005102",0.000118761161367132,3.42987804878049,7.31794489947878,18,182,"receptor binding","EGF;FES;GAS6;NRG1;HLA-A;AREG;LIFR;SMAD3;MDM2;NOTCH1;NTRK1;NTRK2;PTEN;PTPN11;PTPRD;TGFA;TP53;CASP8"
"9","GO:0004714",0.000142699956538879,7.85017730496454,1.24646314221891,7,31,"transmembrane receptor protein tyrosine kinase activity","EGFR;FGFR1;FGFR2;MET;NTRK1;NTRK2;NTRK3"
"10","GO:0019887",0.000217741711604502,7.23486088379705,1.32688011913626,7,33,"protein kinase regulator activity","CDKN1B;CDKN2A;EGF;GAS6;NRG1;PIK3CA;CCND1"
"11","GO:0019838",0.000313484179530395,8.35526315789474,1.00521221146687,6,25,"growth factor binding","FGFR1;FGFR2;LIFR;NTRK1;NTRK2;NTRK3"
"12","GO:0019199",0.000387272542115916,6.47101980924431,1.44750558451229,7,36,"transmembrane receptor protein kinase activity","EGFR;FGFR1;FGFR2;MET;NTRK1;NTRK2;NTRK3"
"13","GO:0030234",0.000402159136183907,3.65095903386218,4.66418466120625,13,116,"enzyme regulator activity","CDKN1B;CDKN2A;EGF;EGFR;AKT1;GAS6;NRG1;NF1;NOTCH1;PIK3CA;CCND1;TP53;TSC2"
"14","GO:0005072",0.000581137218611686,37.8529411764706,0.201042442293373,3,5,"transforming growth factor beta receptor, cytoplasmic mediator activity","CDKN1B;SMAD3;SMAD4"
"15","GO:0004713",0.000671926598552802,5.03943377148635,2.0506329113924,8,51,"protein tyrosine kinase activity","EGFR;FES;FGFR1;FGFR2;MET;NTRK1;NTRK2;NTRK3"
"16","GO:0019207",0.000891627880587249,5.49749687108886,1.64854802680566,7,41,"kinase regulator activity","CDKN1B;CDKN2A;EGF;GAS6;NRG1;PIK3CA;CCND1"
"17","GO:0043560",0.00112918888826673,25.2156862745098,0.241250930752048,3,6,"insulin receptor substrate binding","PIK3CA;PIK3CB;PTPN11"
"18","GO:0016773",0.00124328880587067,3.17615176151762,5.2271034996277,13,130,"phosphotransferase activity, alcohol group as acceptor","EGFR;AKT1;FES;FGFR1;FGFR2;MET;NTRK1;NTRK2;NTRK3;PIK3CA;PIK3CB;MAPK1;CCND1"
"19","GO:0019903",0.00128928006209262,6.07211538461539,1.28667163067759,6,32,"protein phosphatase binding","CDKN1B;VCAN;EGFR;AKT1;MET;TP53"
"20","GO:0004672",0.0015898904699999,3.22176870748299,4.70439314966493,12,117,"protein kinase activity","EGFR;AKT1;FES;FGFR1;FGFR2;MET;NTRK1;NTRK2;NTRK3;PIK3CA;MAPK1;CCND1"
"21","GO:0016301",0.00178202545147743,3.03298680527789,5.42814594192107,13,135,"kinase activity","EGFR;AKT1;FES;FGFR1;FGFR2;MET;NTRK1;NTRK2;NTRK3;PIK3CA;PIK3CB;MAPK1;CCND1"
"22","GO:0030296",0.00191990816333375,18.8970588235294,0.281459419210722,3,7,"protein tyrosine kinase activator activity","EGF;GAS6;NRG1"
"23","GO:0004888",0.00199974235192439,3.2898224556139,4.18168279970216,11,104,"transmembrane signaling receptor activity","EGF;EGFR;FGFR1;FGFR2;LIFR;MET;NTRK1;NTRK2;NTRK3;TNFRSF19;PTPRD"
"24","GO:0099600",0.00252934764476219,3.17902131782946,4.30230826507818,11,107,"transmembrane receptor activity","EGF;EGFR;FGFR1;FGFR2;LIFR;MET;NTRK1;NTRK2;NTRK3;TNFRSF19;PTPRD"
"25","GO:0030295",0.00296836580235842,8.51333333333333,0.643335815338794,4,16,"protein kinase activator activity","EGF;GAS6;NRG1;PIK3CA"
"26","GO:0005154",0.00298465664824808,15.1058823529412,0.321667907669397,3,8,"epidermal growth factor receptor binding","EGF;AREG;TGFA"
"27","GO:0030546",0.00298465664824808,15.1058823529412,0.321667907669397,3,8,"receptor activator activity","EGF;GAS6;NRG1"
"28","GO:0016772",0.00324292297438718,2.80283001303295,5.79002233804914,13,144,"transferase activity, transferring phosphorus-containing groups","EGFR;AKT1;FES;FGFR1;FGFR2;MET;NTRK1;NTRK2;NTRK3;PIK3CA;PIK3CB;MAPK1;CCND1"
"29","GO:0004725",0.00376676831413611,7.85230769230769,0.683544303797468,4,17,"protein tyrosine phosphatase activity","PTPRT;PTEN;PTPN11;PTPRD"
"30","GO:0019900",0.00398838382255676,2.83535108958838,5.2271034996277,12,130,"kinase binding","CDKN2A;AKT1;GAS6;NRG1;SMAD3;NTRK1;NTRK2;MAPK1;PTEN;PTPN11;CCND1;TP53"
"31","GO:0016538",0.00435008691504459,12.578431372549,0.361876396128071,3,9,"cyclin-dependent protein serine/threonine kinase regulator activity","CDKN1B;CDKN2A;CCND1"
"32","GO:0005004",0.00464074372967541,49.5384615384615,0.120625465376024,2,3,"GPI-linked ephrin receptor activity","NTRK1;NTRK3"
"33","GO:0008140",0.00464074372967541,49.5384615384615,0.120625465376024,2,3,"cAMP response element binding protein binding","CRTC1;CRTC3"
"34","GO:0030297",0.00464074372967541,49.5384615384615,0.120625465376024,2,3,"transmembrane receptor protein tyrosine kinase activator activity","EGF;NRG1"
"35","GO:0035005",0.00464074372967541,49.5384615384615,0.120625465376024,2,3,"1-phosphatidylinositol-4-phosphate 3-kinase activity","PIK3CA;PIK3CB"
"36","GO:0046934",0.00464074372967541,49.5384615384615,0.120625465376024,2,3,"phosphatidylinositol-4,5-bisphosphate 3-kinase activity","PIK3CA;PIK3CB"
"37","GO:0052813",0.00464074372967541,49.5384615384615,0.120625465376024,2,3,"phosphatidylinositol bisphosphate kinase activity","PIK3CA;PIK3CB"
"38","GO:0019899",0.00480334964582644,2.27302996670366,11.4594192107223,20,285,"enzyme binding","CDKN1B;CDKN2A;VCAN;EGFR;AKT1;GAS6;NRG1;SMAD3;MDM2;MET;NOTCH1;NTRK1;NTRK2;MAPK1;PTEN;PTPN11;CCND1;TP53;TSC2;CASP8"
"39","GO:0019901",0.00553404539320446,2.8259074114323,4.7446016381236,11,118,"protein kinase binding","CDKN2A;AKT1;GAS6;NRG1;SMAD3;NTRK2;MAPK1;PTEN;PTPN11;CCND1;TP53"
"40","GO:0032403",0.00557671489963399,2.60226480836237,6.15189873417722,13,153,"protein complex binding","CDKN1B;EGFR;FES;FGFR1;HLA-A;ITGA9;KRAS;SMAD3;SMAD4;PTEN;PTPN11;CCND1;CASP8"
"41","GO:0019209",0.00577697246256094,6.79466666666667,0.763961280714818,4,19,"kinase activator activity","EGF;GAS6;NRG1;PIK3CA"
"42","GO:0098772",0.00660558735019987,2.5410199556541,6.27252419955324,13,156,"molecular function regulator","CDKN1B;CDKN2A;EGF;EGFR;AKT1;GAS6;NRG1;NF1;NOTCH1;PIK3CA;CCND1;TP53;TSC2"
"43","GO:0038023",0.00715821943573168,2.71485438927299,4.9054355919583,11,122,"signaling receptor activity","EGF;EGFR;FGFR1;FGFR2;LIFR;MET;NTRK1;NTRK2;NTRK3;TNFRSF19;PTPRD"
"44","GO:0005518",0.00806832125006719,9.41911764705882,0.442293373045421,3,11,"collagen binding","ITGA9;SMAD3;SMAD4"
"45","GO:0008047",0.0084414626628239,3.47330389401847,2.41250930752048,7,60,"enzyme activator activity","CDKN1B;EGF;GAS6;NRG1;NF1;PIK3CA;TSC2"
"46","GO:0001085",0.00875533719868122,4.59548104956268,1.32688011913626,5,33,"RNA polymerase II transcription factor binding","SPEN;SMAD3;SMAD4;NFE2L2;TP53"
"47","GO:0042802",0.00881334215629124,2.36777108433735,7.23752792256143,14,180,"identical protein binding","EGFR;AKT1;MECOM;FGFR1;FGFR2;SMAD3;SMAD4;MDM2;NTRK1;NTRK2;PTEN;TP53;TSC2;TP63"
"48","GO:0005007",0.00904221184167081,24.75,0.160833953834698,2,4,"fibroblast growth factor-activated receptor activity","FGFR1;FGFR2"
"49","GO:0016307",0.00904221184167081,24.75,0.160833953834698,2,4,"phosphatidylinositol phosphate kinase activity","PIK3CA;PIK3CB"
"50","GO:0017134",0.00904221184167081,24.75,0.160833953834698,2,4,"fibroblast growth factor binding","FGFR1;FGFR2"
"51","GO:0005057",0.00995491987721085,4.43349753694581,1.36708860759494,5,34,"receptor signaling protein activity","CDKN1B;EGFR;SMAD3;SMAD4;MAPK1"
