"","GOCCID","Pvalue","OddsRatio","ExpCount","Count","Size","Term","Symbols"
"1","GO:0043235",8.17220285551557e-05,5.55796786799826,2.42640692640693,10,59,"receptor complex","EGF;EGFR;FGFR1;ITGA9;LIFR;SMAD3;NOTCH1;NTRK1;NTRK2;NTRK3"
"2","GO:0005886",0.000559738143183388,2.51714285714286,19.7402597402597,32,480,"plasma membrane","PTPRT;EGF;EGFR;AKT1;FAT1;FES;FGFR1;FGFR2;CRTC1;NRG1;HLA-A;ITGA9;KRAS;LIFR;SMAD3;MDM2;MET;NF1;NFE2L2;NOTCH1;NTRK1;NTRK2;NTRK3;PIK3CA;PIK3CB;MAPK1;PTEN;PTPRD;BCORL1;TGFA;CACNA2D1;CASP8"
"3","GO:0071944",0.00100254302884801,2.40207792207792,20.3160173160173,32,494,"cell periphery","PTPRT;EGF;EGFR;AKT1;FAT1;FES;FGFR1;FGFR2;CRTC1;NRG1;HLA-A;ITGA9;KRAS;LIFR;SMAD3;MDM2;MET;NF1;NFE2L2;NOTCH1;NTRK1;NTRK2;NTRK3;PIK3CA;PIK3CB;MAPK1;PTEN;PTPRD;BCORL1;TGFA;CACNA2D1;CASP8"
"4","GO:0044459",0.00108253975359685,2.54774579033134,11.7207792207792,22,285,"plasma membrane part","EGFR;FAT1;FES;FGFR1;FGFR2;NRG1;HLA-A;ITGA9;KRAS;LIFR;MET;NF1;NOTCH1;NTRK1;NTRK2;NTRK3;MAPK1;PTEN;PTPRD;TGFA;CACNA2D1;CASP8"
"5","GO:0031226",0.00165433634940311,2.92778457772338,6.04545454545455,14,147,"intrinsic component of plasma membrane","FAT1;FGFR1;FGFR2;NRG1;HLA-A;ITGA9;LIFR;MET;NF1;NTRK1;NTRK2;NTRK3;PTPRD;TGFA"
"6","GO:0030425",0.00190594313337547,4.17632653061225,2.38528138528139,8,58,"dendrite","CRTC1;NRG1;NF1;NTRK1;NTRK2;MAPK1;PTEN;TP63"
"7","GO:0005887",0.0036057722565254,2.74841437632135,5.83982683982684,13,142,"integral component of plasma membrane","FAT1;FGFR1;FGFR2;NRG1;HLA-A;ITGA9;LIFR;MET;NTRK1;NTRK2;NTRK3;PTPRD;TGFA"
"8","GO:0031974",0.00388064726004555,2.13663542340013,20.8506493506494,31,507,"membrane-enclosed lumen","CDKN1B;CDKN2A;VCAN;EGF;EGFR;AKT1;MECOM;FGFR2;SPEN;CRTC1;BRD4;GAS6;SMAD3;SMAD4;MDM2;MYB;NF1;NFIB;NOTCH1;PIK3CB;MAPK1;PTEN;CCND1;BCORL1;CRTC3;TCEA1;TP53;CHCHD7;CASP8;MAML2;TP63"
"9","GO:0044444",0.00464328425776182,2.17902813299233,30.021645021645,40,730,"cytoplasmic part","CDKN1B;CDKN2A;VCAN;EGF;EGFR;AKT1;MECOM;FAT1;FES;FGFR1;FGFR2;GAS6;HLA-A;AREG;KRAS;FADS1;SMAD3;SMAD4;MDM2;MYB;NF1;NFE2L2;NOTCH1;NTRK1;NTRK2;PIK3CA;PIK3CB;MAPK1;PTEN;PTPN11;CCND1;TGFA;TP53;TSC2;CACNA2D1;CHCHD7;CASP8;MAML2;TP63;ALDH1A2"
"10","GO:0005829",0.00466498280165148,2.13367741935484,16.491341991342,26,401,"cytosol","CDKN1B;CDKN2A;AKT1;MECOM;FES;FGFR1;KRAS;SMAD3;SMAD4;MDM2;MYB;NF1;NFE2L2;NOTCH1;NTRK2;PIK3CA;PIK3CB;MAPK1;PTEN;PTPN11;CCND1;TP53;TSC2;CASP8;TP63;ALDH1A2"
"11","GO:0044425",0.00491931530328526,2.09207037840443,20.1926406926407,30,491,"membrane part","PTPRT;EGF;EGFR;FAT1;FES;FGFR1;FGFR2;NRG1;HLA-A;ITGA9;AREG;KRAS;LIFR;FADS1;MET;NF1;NOTCH1;NTRK1;NTRK2;NTRK3;PIK3CA;PIK3CB;TNFRSF19;MAPK1;PTEN;PTPRD;TGFA;CACNA2D1;CLPTM1L;CASP8"
"12","GO:0009986",0.00628808531618162,2.7590237899918,4.81168831168831,11,117,"cell surface","PTPRT;EGFR;FGFR2;NRG1;HLA-A;AREG;MET;NOTCH1;NTRK1;NTRK2;TGFA"
"13","GO:0043233",0.00788390450904961,1.99766081871345,20.7683982683983,30,505,"organelle lumen","CDKN1B;CDKN2A;VCAN;EGF;EGFR;AKT1;MECOM;FGFR2;SPEN;CRTC1;BRD4;GAS6;SMAD3;SMAD4;MDM2;MYB;NF1;NFIB;NOTCH1;PIK3CB;MAPK1;PTEN;CCND1;BCORL1;CRTC3;TCEA1;TP53;CASP8;MAML2;TP63"
"14","GO:0031410",0.00805130970753274,2.54603174603175,5.67532467532468,12,138,"cytoplasmic vesicle","EGF;EGFR;FES;FGFR1;FGFR2;GAS6;HLA-A;AREG;MDM2;NOTCH1;NTRK1;TGFA"
"15","GO:0009925",0.00945611924481205,24.1272727272727,0.164502164502165,2,4,"basal plasma membrane","ITGA9;MET"
"16","GO:0071141",0.00945611924481205,24.1272727272727,0.164502164502165,2,4,"SMAD protein complex","SMAD3;SMAD4"
