"","GOCCID","Pvalue","OddsRatio","ExpCount","Count","Size","Term","Symbols"
"1","GO:0070013",0.000106871279389256,2.87487781036168,20.1616161616162,34,499,"intracellular organelle lumen","KLLN;CDKN2A;CDKN2B;DDX1;EPAS1;FANCC;FH;FLT3;MTOR;GPC3;SETD2;DROSHA;HIF1A;HMOX1;MKI67;NF2;NONO;PBRM1;PTEN;PTK6;CCND1;SMARCB1;TCN2;TFE3;TP53;KDM6A;VHL;WT1;CA9;PALB2;KMT2D;KDM5C;ARID1A;BAP1"
"2","GO:0043233",0.000141191481803553,2.81856784404555,20.4040404040404,34,505,"organelle lumen","KLLN;CDKN2A;CDKN2B;DDX1;EPAS1;FANCC;FH;FLT3;MTOR;GPC3;SETD2;DROSHA;HIF1A;HMOX1;MKI67;NF2;NONO;PBRM1;PTEN;PTK6;CCND1;SMARCB1;TCN2;TFE3;TP53;KDM6A;VHL;WT1;CA9;PALB2;KMT2D;KDM5C;ARID1A;BAP1"
"3","GO:0031974",0.000154719130272489,2.80011531808572,20.4848484848485,34,507,"membrane-enclosed lumen","KLLN;CDKN2A;CDKN2B;DDX1;EPAS1;FANCC;FH;FLT3;MTOR;GPC3;SETD2;DROSHA;HIF1A;HMOX1;MKI67;NF2;NONO;PBRM1;PTEN;PTK6;CCND1;SMARCB1;TCN2;TFE3;TP53;KDM6A;VHL;WT1;CA9;PALB2;KMT2D;KDM5C;ARID1A;BAP1"
"4","GO:0016604",0.000390089913953267,4.90212765957447,2.38383838383838,9,59,"nuclear body","CDKN2A;DDX1;EPAS1;MTOR;HIF1A;NONO;PTEN;TP53;WT1"
"5","GO:0044451",0.000628939603989808,3.62756598240469,4.24242424242424,12,105,"nucleoplasm part","CDKN2A;DDX1;EPAS1;FANCC;MTOR;HIF1A;NONO;PTEN;TP53;KDM6A;WT1;KMT2D"
"6","GO:0031981",0.00105772340768911,2.41502683363148,18.5858585858586,30,460,"nuclear lumen","KLLN;CDKN2A;CDKN2B;DDX1;EPAS1;FANCC;MTOR;SETD2;DROSHA;HIF1A;HMOX1;MKI67;NF2;NONO;PBRM1;PTEN;PTK6;CCND1;SMARCB1;TFE3;TP53;KDM6A;VHL;WT1;CA9;PALB2;KMT2D;KDM5C;ARID1A;BAP1"
"7","GO:0043231",0.00120835059840209,3.39506172839506,40.2020202020202,50,995,"intracellular membrane-bounded organelle","KLLN;CDKN2A;CDKN2B;CLTC;AMER1;DDX1;FLCN;EPAS1;FANCC;FH;PDZD2;FLT1;FLT3;DICER1;MTOR;PCSK9;B4GALT1;GPC3;SETD2;DROSHA;HIF1A;HMOX1;MKI67;NF2;NONO;PDGFRA;PBRM1;PRCC;TMEM127;PTEN;PTK6;CCND1;SMARCB1;TCN2;TFE3;TP53;TSC1;TSC2;KDM6A;VHL;WT1;CA9;TFEB;PALB2;KMT2D;KDM5C;ARID1A;BAP1;SCARB1;ZEB2"
"8","GO:0000323",0.00133720643355463,4.45138888888889,2.26262626262626,8,56,"lytic vacuole","CLTC;FLCN;MTOR;PCSK9;GPC3;TCN2;TSC2;SCARB1"
"9","GO:0005764",0.00133720643355463,4.45138888888889,2.26262626262626,8,56,"lysosome","CLTC;FLCN;MTOR;PCSK9;GPC3;TCN2;TSC2;SCARB1"
"10","GO:0043229",0.00146494261958912,4.01771653543307,43.1515151515151,52,1068,"intracellular organelle","KLLN;CDKN2A;CDKN2B;CLTC;AMER1;DDX1;DLG2;FLCN;EPAS1;FANCC;FH;PDZD2;FLT1;FLT3;DICER1;MTOR;PCSK9;B4GALT1;GPC3;SETD2;DROSHA;HIF1A;HMOX1;CEP85L;MKI67;NF2;NONO;PDGFRA;PBRM1;PRCC;TMEM127;PTEN;PTK6;CCND1;SMARCB1;TCN2;TFE3;TP53;TSC1;TSC2;KDM6A;VHL;WT1;CA9;TFEB;PALB2;KMT2D;KDM5C;ARID1A;BAP1;SCARB1;ZEB2"
"11","GO:0033596",0.00160449257922182,Inf,0.0808080808080808,2,2,"TSC1-TSC2 complex","TSC1;TSC2"
"12","GO:0005730",0.00165935817616658,3.3679012345679,4.08080808080808,11,101,"nucleolus","KLLN;CDKN2A;DROSHA;HMOX1;MKI67;NF2;NONO;SMARCB1;TP53;WT1;CA9"
"13","GO:0043226",0.00170200102803928,5.85452881976212,46.3434343434343,54,1147,"organelle","KLLN;CDKN2A;CDKN2B;CLTC;AMER1;DDX1;DLG2;FLCN;EPAS1;FANCC;FH;PDZD2;FLT1;FLT3;DICER1;ALK;MTOR;PCSK9;B4GALT1;GPC3;SETD2;DROSHA;CD274;HIF1A;HMOX1;CEP85L;MKI67;NF2;NONO;PDGFRA;PBRM1;PRCC;TMEM127;PTEN;PTK6;CCND1;SMARCB1;TCN2;TFE3;TP53;TSC1;TSC2;KDM6A;VHL;WT1;CA9;TFEB;PALB2;KMT2D;KDM5C;ARID1A;BAP1;SCARB1;ZEB2"
"14","GO:0044428",0.00171334210396723,2.31431034482759,20,31,495,"nuclear part","KLLN;CDKN2A;CDKN2B;DDX1;EPAS1;FANCC;DICER1;MTOR;SETD2;DROSHA;HIF1A;HMOX1;MKI67;NF2;NONO;PBRM1;PTEN;PTK6;CCND1;SMARCB1;TFE3;TP53;KDM6A;VHL;WT1;CA9;PALB2;KMT2D;KDM5C;ARID1A;BAP1"
"15","GO:0005634",0.0022215390741537,2.39407616361072,30.3030303030303,41,750,"nucleus","KLLN;CDKN2A;CDKN2B;AMER1;DDX1;FLCN;EPAS1;FANCC;PDZD2;FLT3;DICER1;MTOR;SETD2;DROSHA;HIF1A;HMOX1;MKI67;NF2;NONO;PDGFRA;PBRM1;PRCC;PTEN;PTK6;CCND1;SMARCB1;TFE3;TP53;TSC1;TSC2;KDM6A;VHL;WT1;CA9;TFEB;PALB2;KMT2D;KDM5C;ARID1A;BAP1;ZEB2"
"16","GO:0005773",0.00263104100961925,3.93827160493827,2.50505050505051,8,62,"vacuole","CLTC;FLCN;MTOR;PCSK9;GPC3;TCN2;TSC2;SCARB1"
"17","GO:0043227",0.00267872219264723,3.75387596899225,43.7979797979798,52,1084,"membrane-bounded organelle","KLLN;CDKN2A;CDKN2B;CLTC;AMER1;DDX1;FLCN;EPAS1;FANCC;FH;PDZD2;FLT1;FLT3;DICER1;ALK;MTOR;PCSK9;B4GALT1;GPC3;SETD2;DROSHA;CD274;HIF1A;HMOX1;MKI67;NF2;NONO;PDGFRA;PBRM1;PRCC;TMEM127;PTEN;PTK6;CCND1;SMARCB1;TCN2;TFE3;TP53;TSC1;TSC2;KDM6A;VHL;WT1;CA9;TFEB;PALB2;KMT2D;KDM5C;ARID1A;BAP1;SCARB1;ZEB2"
"18","GO:0043234",0.00585592295558472,2.0724424865394,19.5151515151515,29,483,"protein complex","CDKN2A;CLTC;DDX1;DLG2;EPAS1;FANCC;FH;FLT1;FLT3;DICER1;ALK;MTOR;PCSK9;DROSHA;HIF1A;NF2;NONO;PDGFRA;PBRM1;CCND1;SMARCB1;TP53;TSC1;TSC2;KDM6A;VHL;KMT2D;ARID1A;BAP1"
"19","GO:0005654",0.00774465824711756,2.04615648592999,16.2020202020202,25,401,"nucleoplasm","CDKN2A;CDKN2B;DDX1;EPAS1;FANCC;MTOR;SETD2;DROSHA;HIF1A;NONO;PBRM1;PTEN;PTK6;CCND1;SMARCB1;TFE3;TP53;KDM6A;VHL;WT1;PALB2;KMT2D;KDM5C;ARID1A;BAP1"
"20","GO:0090544",0.00818979841503469,9.35377358490566,0.444444444444444,3,11,"BAF-type complex","PBRM1;SMARCB1;ARID1A"
"21","GO:1902555",0.00913332851400117,24.5925925925926,0.161616161616162,2,4,"endoribonuclease complex","DICER1;DROSHA"
