"","GOMFID","Pvalue","OddsRatio","ExpCount","Count","Size","Term","Symbols"
"1","GO:0003725",0.000235717988069749,20.9795918367347,0.355174981384959,4,9,"double-stranded RNA binding","CLTC;DDX1;DICER1;DROSHA"
"2","GO:0005021",0.000549483366673567,38.64,0.197319434102755,3,5,"vascular endothelial growth factor-activated receptor activity","FLT1;FLT3;PDGFRA"
"3","GO:0001530",0.00152915209736859,Inf,0.078927773641102,2,2,"lipopolysaccharide binding","DROSHA;SCARB1"
"4","GO:0004525",0.00152915209736859,Inf,0.078927773641102,2,2,"ribonuclease III activity","DICER1;DROSHA"
"5","GO:0016836",0.00152915209736859,Inf,0.078927773641102,2,2,"hydro-lyase activity","FH;CA9"
"6","GO:0016891",0.00152915209736859,Inf,0.078927773641102,2,2,"endoribonuclease activity, producing 5'-phosphomonoesters","DICER1;DROSHA"
"7","GO:0016893",0.00152915209736859,Inf,0.078927773641102,2,2,"endonuclease activity, active with either ribo- or deoxyribonucleic acids and producing 5'-phosphomonoesters","DICER1;DROSHA"
"8","GO:0032296",0.00152915209736859,Inf,0.078927773641102,2,2,"double-stranded RNA-specific ribonuclease activity","DICER1;DROSHA"
"9","GO:0035035",0.00282691613196448,15.42,0.315711094564408,3,8,"histone acetyltransferase binding","EPAS1;HIF1A;TP53"
"10","GO:0016538",0.00412251520391184,12.84,0.355174981384959,3,9,"cyclin-dependent protein serine/threonine kinase regulator activity","CDKN2A;CDKN2B;CCND1"
"11","GO:0032452",0.00447114494689206,50.5490196078431,0.118391660461653,2,3,"histone demethylase activity","KDM6A;KDM5C"
"12","GO:0034185",0.00447114494689206,50.5490196078431,0.118391660461653,2,3,"apolipoprotein binding","PCSK9;SCARB1"
"13","GO:0004714",0.00614770182597691,5.06410256410256,1.22338049143708,5,31,"transmembrane receptor protein tyrosine kinase activity","FLT1;FLT3;ALK;MET;PDGFRA"
"14","GO:0004521",0.0087161771667082,25.2549019607843,0.157855547282204,2,4,"endoribonuclease activity","DICER1;DROSHA"
"15","GO:0032451",0.0087161771667082,25.2549019607843,0.157855547282204,2,4,"demethylase activity","KDM6A;KDM5C"
