"","GOBPID","Pvalue","OddsRatio","ExpCount","Count","Size","Term","Symbols"
"1","GO:0008285",7.97204506023518e-08,5.76800976800977,5.56910569105691,20,137,"negative regulation of cell proliferation","CDKN2A;CDKN2B;FLCN;FLT3;DICER1;B4GALT1;GPC3;CD274;HMOX1;NF2;PBRM1;TMEM127;PTEN;SMARCB1;TP53;TSC1;TSC2;VHL;WT1;BAP1"
"2","GO:0008283",1.38367035216194e-07,4.3821752265861,14.7967479674797,33,364,"cell proliferation","CDKN2A;CDKN2B;FLCN;FLT1;FLT3;DICER1;ALK;MTOR;B4GALT1;GPC3;CD274;HIF1A;HMOX1;MET;MKI67;NF2;PDGFRA;PBRM1;TMEM127;PTEN;PTK6;CCND1;SMARCB1;TP53;TSC1;TSC2;VHL;WT1;PALB2;KMT2D;BAP1;SCARB1;ZEB2"
"3","GO:0036294",2.83020562274154e-06,10.3858695652174,1.34146341463415,9,33,"cellular response to decreased oxygen levels","EPAS1;MTOR;HIF1A;HMOX1;PTEN;TP53;TSC1;VHL;CA9"
"4","GO:0042127",5.94518405722282e-06,3.63734243697479,12.1544715447154,27,299,"regulation of cell proliferation","CDKN2A;CDKN2B;FLCN;FLT1;FLT3;DICER1;MTOR;B4GALT1;GPC3;CD274;HIF1A;HMOX1;NF2;PDGFRA;PBRM1;TMEM127;PTEN;PTK6;CCND1;SMARCB1;TP53;TSC1;TSC2;VHL;WT1;KMT2D;BAP1"
"5","GO:0071453",8.04670062810019e-06,8.87422360248447,1.50406504065041,9,37,"cellular response to oxygen levels","EPAS1;MTOR;HIF1A;HMOX1;PTEN;TP53;TSC1;VHL;CA9"
"6","GO:0071456",1.30234904595309e-05,9.87234042553191,1.21951219512195,8,30,"cellular response to hypoxia","EPAS1;MTOR;HIF1A;HMOX1;PTEN;TP53;VHL;CA9"
"7","GO:0014020",1.32608967049297e-05,12.4736111111111,0.894308943089431,7,22,"primary neural tube formation","SETD2;HIF1A;TSC1;TSC2;KDM6A;ARID1A;ZEB2"
"8","GO:0001841",1.84666597129102e-05,11.6848958333333,0.934959349593496,7,23,"neural tube formation","SETD2;HIF1A;TSC1;TSC2;KDM6A;ARID1A;ZEB2"
"9","GO:0032007",1.99798019422198e-05,25.86,0.40650406504065,5,10,"negative regulation of TOR signaling","FLCN;HIF1A;TMEM127;TSC1;TSC2"
"10","GO:0036293",2.21151421193231e-05,5.99038461538461,2.5609756097561,11,63,"response to decreased oxygen levels","EPAS1;FLT1;MTOR;HIF1A;HMOX1;PTEN;TP53;TSC1;TSC2;VHL;CA9"
"11","GO:0055007",2.52555640938619e-05,10.9889705882353,0.975609756097561,7,24,"cardiac muscle cell differentiation","DICER1;MTOR;MET;PDGFRA;TSC1;WT1;ARID1A"
"12","GO:0061418",3.54990867805943e-05,21.5333333333333,0.447154471544715,5,11,"regulation of transcription from RNA polymerase II promoter in response to hypoxia","EPAS1;HIF1A;TP53;VHL;CA9"
"13","GO:0007507",5.87338225288996e-05,4.09059633027523,5.04065040650407,15,124,"heart development","DICER1;MTOR;GPC3;SETD2;HIF1A;MET;PDGFRA;PBRM1;PTEN;TP53;TSC1;TSC2;KDM6A;WT1;ARID1A"
"14","GO:0016242",6.36945805072257e-05,Inf,0.121951219512195,3,3,"negative regulation of macroautophagy","MTOR;TP53;TSC1"
"15","GO:0032105",6.36945805072257e-05,Inf,0.121951219512195,3,3,"negative regulation of response to extracellular stimulus","MTOR;TP53;TSC1"
"16","GO:0032108",6.36945805072257e-05,Inf,0.121951219512195,3,3,"negative regulation of response to nutrient levels","MTOR;TP53;TSC1"
"17","GO:0048523",6.6983111340743e-05,3.11315789473684,24.7560975609756,39,609,"negative regulation of cellular process","KLLN;CDKN2A;CDKN2B;CLTC;AMER1;DLG2;FLCN;FLT3;DICER1;MTOR;PCSK9;B4GALT1;GPC3;DROSHA;CD274;HIF1A;HMOX1;MET;NF2;NONO;PDGFRA;PBRM1;PRCC;TMEM127;PTEN;PTK6;CCND1;SMARCB1;TP53;TSC1;TSC2;VHL;WT1;PALB2;KMT2D;KDM5C;ARID1A;BAP1;ZEB2"
"18","GO:0070482",7.16020984377365e-05,5.15833333333333,2.88617886178862,11,71,"response to oxygen levels","EPAS1;FLT1;MTOR;HIF1A;HMOX1;PTEN;TP53;TSC1;TSC2;VHL;CA9"
"19","GO:0001666",8.44002417208381e-05,5.54666666666667,2.4390243902439,10,60,"response to hypoxia","EPAS1;FLT1;MTOR;HIF1A;HMOX1;PTEN;TP53;TSC2;VHL;CA9"
"20","GO:0048738",8.44128244675406e-05,7.19432624113475,1.54471544715447,8,38,"cardiac muscle tissue development","DICER1;MTOR;MET;PDGFRA;PTEN;TSC1;WT1;ARID1A"
"21","GO:0031329",0.000104769239236569,4.5506976744186,3.53658536585366,12,87,"regulation of cellular catabolic process","CDKN2A;AMER1;FLCN;MTOR;PCSK9;HIF1A;MET;PTEN;TP53;TSC1;TFEB;SCARB1"
"22","GO:0003006",0.000108546225193184,3.68599605522682,5.9349593495935,16,146,"developmental process involved in reproduction","EPAS1;FANCC;DICER1;MTOR;B4GALT1;SETD2;HIF1A;MET;PDGFRA;PBRM1;PTEN;CCND1;WT1;TFEB;KMT2D;ARID1A"
"23","GO:0001843",0.000116101276127892,10.4734693877551,0.853658536585366,6,21,"neural tube closure","SETD2;TSC1;TSC2;KDM6A;ARID1A;ZEB2"
"24","GO:0031929",0.000116101276127892,10.4734693877551,0.853658536585366,6,21,"TOR signaling","FLCN;MTOR;HIF1A;TMEM127;TSC1;TSC2"
"25","GO:0035051",0.000122772873639786,8.08423913043478,1.21951219512195,7,30,"cardiocyte differentiation","DICER1;MTOR;MET;PDGFRA;TSC1;WT1;ARID1A"
"26","GO:0009894",0.000146604114493089,4.10544217687075,4.22764227642276,13,104,"regulation of catabolic process","CDKN2A;AMER1;FLCN;MTOR;PCSK9;GPC3;HIF1A;MET;PTEN;TP53;TSC1;TFEB;SCARB1"
"27","GO:0045926",0.000149931201635091,6.52482269503546,1.66666666666667,8,41,"negative regulation of growth","CDKN2A;FLCN;GPC3;HIF1A;PTEN;PTK6;TP53;WT1"
"28","GO:0010507",0.000151906125693564,25.3725490196078,0.32520325203252,4,8,"negative regulation of autophagy","MTOR;MET;TP53;TSC1"
"29","GO:0001838",0.000153621741266511,7.74131944444444,1.26016260162602,7,31,"embryonic epithelial tube formation","SETD2;HIF1A;TSC1;TSC2;KDM6A;ARID1A;ZEB2"
"30","GO:0072175",0.000153621741266511,7.74131944444444,1.26016260162602,7,31,"epithelial tube formation","SETD2;HIF1A;TSC1;TSC2;KDM6A;ARID1A;ZEB2"
"31","GO:0043618",0.000154666418411504,9.81122448979592,0.894308943089431,6,22,"regulation of transcription from RNA polymerase II promoter in response to stress","EPAS1;HIF1A;HMOX1;TP53;VHL;CA9"
"32","GO:0043620",0.000154666418411504,9.81122448979592,0.894308943089431,6,22,"regulation of DNA-templated transcription in response to stress","EPAS1;HIF1A;HMOX1;TP53;VHL;CA9"
"33","GO:0060606",0.000154666418411504,9.81122448979592,0.894308943089431,6,22,"tube closure","SETD2;TSC1;TSC2;KDM6A;ARID1A;ZEB2"
"34","GO:0009792",0.000162147597768567,3.68125,5.48780487804878,15,135,"embryo development ending in birth or egg hatching","FLCN;EPAS1;SETD2;HIF1A;PDGFRA;SMARCB1;TP53;TSC1;TSC2;KDM6A;TFEB;PALB2;KMT2D;ARID1A;ZEB2"
"35","GO:0043009",0.000162147597768567,3.68125,5.48780487804878,15,135,"chordate embryonic development","FLCN;EPAS1;SETD2;HIF1A;PDGFRA;SMARCB1;TP53;TSC1;TSC2;KDM6A;TFEB;PALB2;KMT2D;ARID1A;ZEB2"
"36","GO:0009790",0.000188107108498335,3.11869225302061,8.98373983739837,20,221,"embryo development","FLCN;EPAS1;FLT1;DICER1;GPC3;SETD2;HIF1A;NF2;PDGFRA;SMARCB1;TP53;TSC1;TSC2;KDM6A;WT1;TFEB;PALB2;KMT2D;ARID1A;ZEB2"
"37","GO:0060562",0.000204076713038051,4.19293712316968,3.78048780487805,12,93,"epithelial tube morphogenesis","DICER1;B4GALT1;GPC3;SETD2;HIF1A;MET;TSC1;TSC2;KDM6A;WT1;ARID1A;ZEB2"
"38","GO:0072358",0.000211990704285984,3.15531660692951,8.33333333333333,19,205,"cardiovascular system development","EPAS1;FLT1;DICER1;MTOR;B4GALT1;GPC3;SETD2;HIF1A;HMOX1;MET;PDGFRA;PBRM1;PTEN;TP53;TSC1;TSC2;KDM6A;WT1;ARID1A"
"39","GO:0072359",0.000211990704285984,3.15531660692951,8.33333333333333,19,205,"circulatory system development","EPAS1;FLT1;DICER1;MTOR;B4GALT1;GPC3;SETD2;HIF1A;HMOX1;MET;PDGFRA;PBRM1;PTEN;TP53;TSC1;TSC2;KDM6A;WT1;ARID1A"
"40","GO:0021915",0.000234207546904254,7.13461538461539,1.34146341463415,7,33,"neural tube development","SETD2;HIF1A;TSC1;TSC2;KDM6A;ARID1A;ZEB2"
"41","GO:0009303",0.000247418059392512,74.8269230769231,0.16260162601626,3,4,"rRNA transcription","MTOR;SMARCB1;TP53"
"42","GO:0034383",0.000247418059392512,74.8269230769231,0.16260162601626,3,4,"low-density lipoprotein particle clearance","PCSK9;HMOX1;SCARB1"
"43","GO:0045792",0.000247418059392512,74.8269230769231,0.16260162601626,3,4,"negative regulation of cell size","MTOR;PTEN;TSC1"
"44","GO:0032269",0.00026483860722709,3.36643026004728,6.38211382113821,16,157,"negative regulation of cellular protein metabolic process","CDKN2A;CDKN2B;DLG2;FLCN;DICER1;MTOR;GPC3;DROSHA;NF2;PTEN;PTK6;SMARCB1;TP53;TSC1;TSC2;WT1"
"45","GO:0035239",0.000317709159511555,3.74867724867725,4.55284552845528,13,112,"tube morphogenesis","DICER1;B4GALT1;GPC3;SETD2;HIF1A;MET;PDGFRA;TSC1;TSC2;KDM6A;WT1;ARID1A;ZEB2"
"46","GO:0010605",0.000335183421573511,2.69170001025957,15.8130081300813,28,389,"negative regulation of macromolecule metabolic process","CDKN2A;CDKN2B;CLTC;DLG2;FLCN;DICER1;MTOR;PCSK9;GPC3;DROSHA;HIF1A;HMOX1;MET;NF2;NONO;PTEN;PTK6;CCND1;SMARCB1;TP53;TSC1;TSC2;VHL;WT1;KMT2D;KDM5C;ARID1A;ZEB2"
"47","GO:0001890",0.000345956504931124,6.61458333333333,1.42276422764228,7,35,"placenta development","EPAS1;SETD2;HIF1A;MET;PBRM1;TFEB;ARID1A"
"48","GO:0034660",0.000345956504931124,6.61458333333333,1.42276422764228,7,35,"ncRNA metabolic process","CDKN2A;DDX1;DICER1;MTOR;DROSHA;SMARCB1;TP53"
"49","GO:0071840",0.000370612257300234,2.83095238095238,28.4959349593496,41,701,"cellular component organization or biogenesis","CDKN2A;CLTC;DDX1;DLG2;FLCN;EPAS1;FANCC;FH;DICER1;MTOR;PCSK9;B4GALT1;GPC3;SETD2;DROSHA;HIF1A;HMOX1;MET;MKI67;NF2;PDGFRA;PBRM1;TMEM127;PTEN;PTK6;CCND1;SMARCB1;TP53;TSC1;TSC2;KDM6A;VHL;WT1;TFEB;PALB2;KMT2D;KDM5C;ARID1A;BAP1;SCARB1;ZEB2"
"50","GO:0031324",0.00039096253118578,2.67421096345515,15.0813008130081,27,371,"negative regulation of cellular metabolic process","CDKN2A;CDKN2B;DLG2;FLCN;DICER1;MTOR;PCSK9;GPC3;DROSHA;HIF1A;HMOX1;MET;NF2;NONO;PTEN;PTK6;CCND1;SMARCB1;TP53;TSC1;TSC2;VHL;WT1;KMT2D;KDM5C;ARID1A;ZEB2"
"51","GO:0032006",0.000394030747540498,10.7166666666667,0.691056910569106,5,17,"regulation of TOR signaling","FLCN;HIF1A;TMEM127;TSC1;TSC2"
"52","GO:0010821",0.000420518733637484,7.82448979591837,1.05691056910569,6,26,"regulation of mitochondrion organization","CDKN2A;FLCN;MTOR;HIF1A;TP53;BAP1"
"53","GO:0032268",0.000450437738875324,2.6622376884952,14.349593495935,26,353,"regulation of cellular protein metabolic process","CDKN2A;CDKN2B;AMER1;DDX1;DLG2;FLCN;FLT1;FLT3;DICER1;ALK;MTOR;PCSK9;GPC3;DROSHA;MET;NF2;PDGFRA;PTEN;PTK6;CCND1;SMARCB1;TP53;TSC1;TSC2;WT1;ZEB2"
"54","GO:0048519",0.000457743609663365,2.70701219512195,26.5853658536585,39,654,"negative regulation of biological process","KLLN;CDKN2A;CDKN2B;CLTC;AMER1;DLG2;FLCN;FLT3;DICER1;MTOR;PCSK9;B4GALT1;GPC3;DROSHA;CD274;HIF1A;HMOX1;MET;NF2;NONO;PDGFRA;PBRM1;PRCC;TMEM127;PTEN;PTK6;CCND1;SMARCB1;TP53;TSC1;TSC2;VHL;WT1;PALB2;KMT2D;KDM5C;ARID1A;BAP1;ZEB2"
"55","GO:0051246",0.000473869724842441,2.63238916256158,15.2439024390244,27,375,"regulation of protein metabolic process","CDKN2A;CDKN2B;AMER1;DDX1;DLG2;FLCN;FLT1;FLT3;DICER1;ALK;MTOR;PCSK9;GPC3;DROSHA;HMOX1;MET;NF2;PDGFRA;PTEN;PTK6;CCND1;SMARCB1;TP53;TSC1;TSC2;WT1;ZEB2"
"56","GO:0010506",0.000497050232259062,6.16388888888889,1.50406504065041,7,37,"regulation of autophagy","FLCN;MTOR;HIF1A;MET;TP53;TSC1;TFEB"
"57","GO:0022613",0.000523835447167781,7.44606413994169,1.09756097560976,6,27,"ribonucleoprotein complex biogenesis","CDKN2A;DDX1;DICER1;DROSHA;PTEN;TSC1"
"58","GO:0044710",0.000547196826415211,2.58492366412214,22.7235772357724,35,559,"single-organism metabolic process","CDKN2A;CLTC;DDX1;DLG2;FLCN;FANCC;FH;FLT1;FLT3;DICER1;ALK;MTOR;PCSK9;B4GALT1;GPC3;SETD2;DROSHA;HIF1A;HMOX1;MET;NF2;NONO;PDGFRA;PTEN;SMARCB1;TCN2;TP53;KDM6A;CA9;PALB2;KMT2D;KDM5C;BAP1;SCARB1;ZEB2"
"59","GO:0051248",0.000551292073041187,3.11631856002717,6.78861788617886,16,167,"negative regulation of protein metabolic process","CDKN2A;CDKN2B;DLG2;FLCN;DICER1;MTOR;GPC3;DROSHA;NF2;PTEN;PTK6;SMARCB1;TP53;TSC1;TSC2;WT1"
"60","GO:0035148",0.000590226421115211,5.96034946236559,1.54471544715447,7,38,"tube formation","SETD2;HIF1A;TSC1;TSC2;KDM6A;ARID1A;ZEB2"
"61","GO:0034381",0.000600701012860587,37.3846153846154,0.203252032520325,3,5,"plasma lipoprotein particle clearance","PCSK9;HMOX1;SCARB1"
"62","GO:0016331",0.000696834329591167,5.76953125,1.58536585365854,7,39,"morphogenesis of embryonic epithelium","SETD2;HIF1A;TSC1;TSC2;KDM6A;ARID1A;ZEB2"
"63","GO:0006914",0.000757098689556173,4.42173913043478,2.60162601626016,9,64,"autophagy","CDKN2A;FLCN;FANCC;MTOR;HIF1A;MET;TP53;TSC1;TFEB"
"64","GO:0009892",0.000804620647653553,2.50526315789474,16.5853658536585,28,408,"negative regulation of metabolic process","CDKN2A;CDKN2B;CLTC;DLG2;FLCN;DICER1;MTOR;PCSK9;GPC3;DROSHA;HIF1A;HMOX1;MET;NF2;NONO;PTEN;PTK6;CCND1;SMARCB1;TP53;TSC1;TSC2;VHL;WT1;KMT2D;KDM5C;ARID1A;ZEB2"
"65","GO:0044248",0.000829244215358257,2.98154499428385,7.03252032520325,16,173,"cellular catabolic process","CDKN2A;AMER1;FLCN;DICER1;MTOR;PCSK9;DROSHA;HIF1A;HMOX1;MET;PTEN;TP53;TSC1;TFEB;BAP1;SCARB1"
"66","GO:0034599",0.000832210143218344,4.85106382978723,2.11382113821138,8,52,"cellular response to oxidative stress","EPAS1;FANCC;HIF1A;HMOX1;MET;NONO;PDGFRA;TP53"
"67","GO:0035295",0.000894141536347754,3.05281690140845,6.38211382113821,15,157,"tube development","EPAS1;DICER1;B4GALT1;GPC3;SETD2;HIF1A;MET;PDGFRA;PTK6;TSC1;TSC2;KDM6A;WT1;ARID1A;ZEB2"
"68","GO:0016043",0.000917841526592642,2.59371833839919,28.3739837398374,40,698,"cellular component organization","CDKN2A;CLTC;DDX1;DLG2;FLCN;EPAS1;FANCC;FH;DICER1;MTOR;PCSK9;B4GALT1;GPC3;SETD2;HIF1A;HMOX1;MET;MKI67;NF2;PDGFRA;PBRM1;TMEM127;PTEN;PTK6;CCND1;SMARCB1;TP53;TSC1;TSC2;KDM6A;VHL;WT1;TFEB;PALB2;KMT2D;KDM5C;ARID1A;BAP1;SCARB1;ZEB2"
"69","GO:0010657",0.000950482683516141,12.6470588235294,0.48780487804878,4,12,"muscle cell apoptotic process","CDKN2A;DICER1;HMOX1;TP53"
"70","GO:0010660",0.000950482683516141,12.6470588235294,0.48780487804878,4,12,"regulation of muscle cell apoptotic process","CDKN2A;DICER1;HMOX1;TP53"
"71","GO:0080090",0.00100757641799456,2.61266139108705,29.5528455284553,41,727,"regulation of primary metabolic process","CDKN2A;CDKN2B;CLTC;AMER1;DDX1;DLG2;FLCN;EPAS1;FLT1;FLT3;DICER1;ALK;MTOR;PCSK9;GPC3;SETD2;DROSHA;HIF1A;HMOX1;MET;NF2;NONO;PDGFRA;PBRM1;PTEN;PTK6;CCND1;SMARCB1;TFE3;TP53;TSC1;TSC2;VHL;WT1;CA9;TFEB;KMT2D;KDM5C;ARID1A;SCARB1;ZEB2"
"72","GO:0000422",0.00114347666656329,8.0125,0.853658536585366,5,21,"mitophagy","CDKN2A;FANCC;MTOR;HIF1A;TP53"
"73","GO:0061726",0.00114347666656329,8.0125,0.853658536585366,5,21,"mitochondrion disassembly","CDKN2A;FANCC;MTOR;HIF1A;TP53"
"74","GO:0043619",0.00116679239230498,24.9038461538462,0.24390243902439,3,6,"regulation of transcription from RNA polymerase II promoter in response to oxidative stress","EPAS1;HIF1A;HMOX1"
"75","GO:0097006",0.00116679239230498,24.9038461538462,0.24390243902439,3,6,"regulation of plasma lipoprotein particle levels","PCSK9;HMOX1;SCARB1"
"76","GO:0098781",0.00116679239230498,24.9038461538462,0.24390243902439,3,6,"ncRNA transcription","MTOR;SMARCB1;TP53"
"77","GO:1903146",0.00116679239230498,24.9038461538462,0.24390243902439,3,6,"regulation of mitophagy","MTOR;HIF1A;TP53"
"78","GO:0002009",0.00120198204648683,3.18405797101449,5.20325203252033,13,128,"morphogenesis of an epithelium","DICER1;B4GALT1;GPC3;SETD2;HIF1A;MET;TSC1;TSC2;KDM6A;WT1;CA9;ARID1A;ZEB2"
"79","GO:0045859",0.00125366289157284,2.93622448979592,6.58536585365854,15,162,"regulation of protein kinase activity","CDKN2A;CDKN2B;FLT1;FLT3;ALK;MTOR;MET;NF2;PDGFRA;PTEN;PTK6;CCND1;TSC1;TSC2;ZEB2"
"80","GO:0044767",0.00127897476826016,2.65984340044743,32.0325203252033,43,788,"single-organism developmental process","CDKN2A;CDKN2B;CLTC;AMER1;DDX1;DLG2;FLCN;EPAS1;FANCC;FLT1;FLT3;DICER1;ALK;MTOR;PCSK9;B4GALT1;GPC3;SETD2;HIF1A;HMOX1;MET;MKI67;NF2;NHS;PDGFRA;PBRM1;PTEN;PTK6;CCND1;SMARCB1;TFE3;TP53;TSC1;TSC2;KDM6A;VHL;WT1;CA9;TFEB;PALB2;KMT2D;ARID1A;ZEB2"
"81","GO:0048646",0.00128465554956632,2.7027027027027,8.78048780487805,18,216,"anatomical structure formation involved in morphogenesis","EPAS1;FLT1;DICER1;B4GALT1;SETD2;HIF1A;HMOX1;NF2;PDGFRA;PTEN;TP53;TSC1;TSC2;KDM6A;WT1;PALB2;ARID1A;ZEB2"
"82","GO:0055013",0.00133163809203475,11.2331154684096,0.528455284552846,4,13,"cardiac muscle cell development","DICER1;MTOR;MET;PDGFRA"
"83","GO:1901360",0.00137574781101017,2.50722471350274,28.8211382113821,40,709,"organic cyclic compound metabolic process","CDKN2A;CDKN2B;DDX1;DLG2;FLCN;EPAS1;FANCC;DICER1;ALK;MTOR;PCSK9;GPC3;SETD2;DROSHA;HIF1A;HMOX1;MET;MKI67;NF2;NONO;PDGFRA;PBRM1;PTEN;CCND1;SMARCB1;TCN2;TFE3;TP53;TSC1;TSC2;VHL;WT1;CA9;TFEB;PALB2;KMT2D;KDM5C;ARID1A;SCARB1;ZEB2"
"84","GO:1903008",0.00143430321013735,7.53529411764706,0.894308943089431,5,22,"organelle disassembly","CDKN2A;FANCC;MTOR;HIF1A;TP53"
"85","GO:0060255",0.00145054679808485,2.53304597701149,29.9593495934959,41,737,"regulation of macromolecule metabolic process","CDKN2A;CDKN2B;CLTC;AMER1;DDX1;DLG2;FLCN;EPAS1;FLT1;FLT3;DICER1;ALK;MTOR;PCSK9;GPC3;SETD2;DROSHA;HIF1A;HMOX1;MET;NF2;NONO;PDGFRA;PBRM1;PTEN;PTK6;CCND1;SMARCB1;TFE3;TP53;TSC1;TSC2;KDM6A;VHL;WT1;CA9;TFEB;KMT2D;KDM5C;ARID1A;ZEB2"
"86","GO:0009889",0.00145161470186917,2.38752276867031,23.739837398374,35,584,"regulation of biosynthetic process","CDKN2A;CDKN2B;CLTC;DDX1;FLCN;EPAS1;DICER1;ALK;MTOR;GPC3;SETD2;DROSHA;HIF1A;HMOX1;MET;NF2;NONO;PDGFRA;PBRM1;PTEN;CCND1;SMARCB1;TFE3;TP53;TSC1;TSC2;VHL;WT1;CA9;TFEB;KMT2D;KDM5C;ARID1A;SCARB1;ZEB2"
"87","GO:0048598",0.00150097532015188,3.0952380952381,5.32520325203252,13,131,"embryonic morphogenesis","FLT1;DICER1;GPC3;SETD2;HIF1A;NF2;PDGFRA;TP53;TSC1;TSC2;KDM6A;ARID1A;ZEB2"
"88","GO:0048856",0.00155813775992117,2.51739664347114,30.0406504065041,41,739,"anatomical structure development","CDKN2A;CDKN2B;AMER1;DLG2;FLCN;EPAS1;FANCC;FLT1;FLT3;DICER1;ALK;MTOR;PCSK9;B4GALT1;GPC3;SETD2;HIF1A;HMOX1;MET;MKI67;NF2;NHS;PDGFRA;PBRM1;PTEN;PTK6;CCND1;SMARCB1;TFE3;TP53;TSC1;TSC2;KDM6A;VHL;WT1;CA9;TFEB;PALB2;KMT2D;ARID1A;ZEB2"
"89","GO:0007005",0.00155838405957067,4.33868866695614,2.31707317073171,8,57,"mitochondrion organization","CDKN2A;FLCN;EPAS1;FANCC;MTOR;HIF1A;TP53;BAP1"
"90","GO:0006089",0.00162361091066532,Inf,0.0813008130081301,2,2,"lactate metabolic process","HIF1A;TP53"
"91","GO:1900117",0.00162361091066532,Inf,0.0813008130081301,2,2,"regulation of execution phase of apoptosis","CDKN2A;TP53"
"92","GO:1903147",0.00162361091066532,Inf,0.0813008130081301,2,2,"negative regulation of mitophagy","MTOR;TP53"
"93","GO:0010556",0.00169710526665008,2.34609164420485,22.9268292682927,34,564,"regulation of macromolecule biosynthetic process","CDKN2A;CDKN2B;CLTC;DDX1;FLCN;EPAS1;DICER1;ALK;MTOR;GPC3;SETD2;DROSHA;HIF1A;HMOX1;MET;NF2;NONO;PDGFRA;PBRM1;PTEN;CCND1;SMARCB1;TFE3;TP53;TSC1;TSC2;VHL;WT1;CA9;TFEB;KMT2D;KDM5C;ARID1A;ZEB2"
"94","GO:0032502",0.00170273805655387,2.59351482957061,32.3577235772358,43,796,"developmental process","CDKN2A;CDKN2B;CLTC;AMER1;DDX1;DLG2;FLCN;EPAS1;FANCC;FLT1;FLT3;DICER1;ALK;MTOR;PCSK9;B4GALT1;GPC3;SETD2;HIF1A;HMOX1;MET;MKI67;NF2;NHS;PDGFRA;PBRM1;PTEN;PTK6;CCND1;SMARCB1;TFE3;TP53;TSC1;TSC2;KDM6A;VHL;WT1;CA9;TFEB;PALB2;KMT2D;ARID1A;ZEB2"
"95","GO:0050673",0.00174031510665747,3.57309941520468,3.49593495934959,10,86,"epithelial cell proliferation","CDKN2B;MTOR;B4GALT1;GPC3;HIF1A;HMOX1;MKI67;PTEN;CCND1;SCARB1"
"96","GO:0033554",0.00179501556657317,2.44604316546763,12.1951219512195,22,300,"cellular response to stress","CDKN2A;DDX1;EPAS1;FANCC;MTOR;PCSK9;SETD2;HIF1A;HMOX1;MET;MKI67;NONO;PDGFRA;PTEN;CCND1;SMARCB1;TP53;TSC1;VHL;CA9;PALB2;ZEB2"
"97","GO:0042254",0.00180828146371731,10.1019607843137,0.569105691056911,4,14,"ribosome biogenesis","CDKN2A;DROSHA;PTEN;TSC1"
"98","GO:0055006",0.00180828146371731,10.1019607843137,0.569105691056911,4,14,"cardiac cell development","DICER1;MTOR;MET;PDGFRA"
"99","GO:0009056",0.00188947882255131,2.59380355965722,9.0650406504065,18,223,"catabolic process","CDKN2A;AMER1;FLCN;FANCC;DICER1;MTOR;PCSK9;GPC3;DROSHA;HIF1A;HMOX1;MET;PTEN;TP53;TSC1;TFEB;BAP1;SCARB1"
"100","GO:0048608",0.00190688605969615,3.13821851689337,4.79674796747967,12,118,"reproductive structure development","EPAS1;DICER1;SETD2;HIF1A;MET;PDGFRA;PBRM1;PTEN;CCND1;WT1;TFEB;ARID1A"
"101","GO:0061458",0.00190688605969615,3.13821851689337,4.79674796747967,12,118,"reproductive system development","EPAS1;DICER1;SETD2;HIF1A;MET;PDGFRA;PBRM1;PTEN;CCND1;WT1;TFEB;ARID1A"
"102","GO:0021543",0.00190764258336348,5.55393586005831,1.38211382113821,6,34,"pallium development","DICER1;HIF1A;NF2;PTEN;TSC1;ZEB2"
"103","GO:1901564",0.00198070167608042,2.70385365122207,7.60162601626016,16,187,"organonitrogen compound metabolic process","CLTC;DDX1;DLG2;FLCN;EPAS1;MTOR;B4GALT1;GPC3;HIF1A;HMOX1;MKI67;TCN2;TP53;TSC1;WT1;SCARB1"
"104","GO:0010823",0.00198314911433225,18.6634615384615,0.284552845528455,3,7,"negative regulation of mitochondrion organization","FLCN;MTOR;TP53"
"105","GO:0060575",0.00198314911433225,18.6634615384615,0.284552845528455,3,7,"intestinal epithelial cell differentiation","DICER1;HIF1A;PTK6"
"106","GO:0006807",0.00206536578854223,2.45568595710239,30.3658536585366,41,747,"nitrogen compound metabolic process","CDKN2A;CDKN2B;CLTC;DDX1;DLG2;FLCN;EPAS1;FANCC;DICER1;ALK;MTOR;B4GALT1;GPC3;SETD2;DROSHA;HIF1A;HMOX1;MET;MKI67;NF2;NONO;PDGFRA;PBRM1;PTEN;CCND1;SMARCB1;TCN2;TFE3;TP53;TSC1;TSC2;VHL;WT1;CA9;TFEB;PALB2;KMT2D;KDM5C;ARID1A;SCARB1;ZEB2"
"107","GO:0001701",0.00208177037444877,3.47578347578348,3.57723577235772,10,88,"in utero embryonic development","FLCN;EPAS1;SETD2;HIF1A;SMARCB1;TP53;KDM6A;TFEB;PALB2;KMT2D"
"108","GO:0051171",0.00216982299891482,2.30625,24.1869918699187,35,595,"regulation of nitrogen compound metabolic process","CDKN2A;CDKN2B;CLTC;DDX1;FLCN;EPAS1;DICER1;ALK;MTOR;GPC3;SETD2;DROSHA;HIF1A;HMOX1;MET;NF2;NONO;PDGFRA;PBRM1;PTEN;CCND1;SMARCB1;TFE3;TP53;TSC1;TSC2;VHL;WT1;CA9;TFEB;KMT2D;KDM5C;ARID1A;SCARB1;ZEB2"
"109","GO:0014066",0.00217495958410248,6.73157894736842,0.975609756097561,5,24,"regulation of phosphatidylinositol 3-kinase signaling","FLT1;FLT3;PDGFRA;PTEN;TSC2"
"110","GO:0007050",0.0021930861973856,4.07855973813421,2.4390243902439,8,60,"cell cycle arrest","KLLN;CDKN2A;CDKN2B;MTOR;CCND1;TP53;TSC1;TSC2"
"111","GO:0051338",0.0022238270855895,2.66785237883504,7.68292682926829,16,189,"regulation of transferase activity","CDKN2A;CDKN2B;FLT1;FLT3;ALK;MTOR;MET;NF2;PDGFRA;PTEN;PTK6;CCND1;TP53;TSC1;TSC2;ZEB2"
"112","GO:0016241",0.00239181281534878,9.17647058823529,0.609756097560976,4,15,"regulation of macroautophagy","MTOR;HIF1A;TP53;TSC1"
"113","GO:0048729",0.00243182802640673,2.80193738107594,6.30081300813008,14,155,"tissue morphogenesis","DICER1;B4GALT1;GPC3;SETD2;HIF1A;MET;NF2;TSC1;TSC2;KDM6A;WT1;CA9;ARID1A;ZEB2"
"114","GO:0044260",0.00243331137784304,2.73075912792225,36.260162601626,46,892,"cellular macromolecule metabolic process","CDKN2A;CDKN2B;CLTC;AMER1;DDX1;DLG2;FLCN;EPAS1;FANCC;FLT1;FLT3;DICER1;ALK;MTOR;PCSK9;B4GALT1;GPC3;SETD2;DROSHA;HIF1A;HMOX1;MET;MKI67;NF2;NONO;PDGFRA;PBRM1;PTEN;PTK6;CCND1;SMARCB1;TFE3;TP53;TSC1;TSC2;KDM6A;VHL;WT1;CA9;TFEB;PALB2;KMT2D;KDM5C;ARID1A;BAP1;ZEB2"
"115","GO:0043549",0.00249539378362727,2.70569620253165,7.03252032520325,15,173,"regulation of kinase activity","CDKN2A;CDKN2B;FLT1;FLT3;ALK;MTOR;MET;NF2;PDGFRA;PTEN;PTK6;CCND1;TSC1;TSC2;ZEB2"
"116","GO:0044707",0.00249657264180606,2.50458115183246,32.8048780487805,43,807,"single-multicellular organism process","CDKN2A;CDKN2B;CLTC;AMER1;DDX1;DLG2;FLCN;EPAS1;FH;FLT1;FLT3;DICER1;ALK;MTOR;PCSK9;B4GALT1;GPC3;SETD2;CD274;HIF1A;HMOX1;MET;MKI67;NF2;NHS;PDGFRA;PBRM1;PTEN;PTK6;CCND1;SMARCB1;TFE3;TP53;TSC1;TSC2;KDM6A;WT1;TFEB;PALB2;KMT2D;ARID1A;SCARB1;ZEB2"
"117","GO:1901361",0.00250591014437216,4.47103658536585,1.95121951219512,7,48,"organic cyclic compound catabolic process","CDKN2A;DICER1;DROSHA;HIF1A;HMOX1;TP53;SCARB1"
"118","GO:2000112",0.00253163886693254,2.25868725868726,22.3983739837398,33,551,"regulation of cellular macromolecule biosynthetic process","CDKN2A;CDKN2B;DDX1;FLCN;EPAS1;DICER1;ALK;MTOR;GPC3;SETD2;DROSHA;HIF1A;HMOX1;MET;NF2;NONO;PDGFRA;PBRM1;PTEN;CCND1;SMARCB1;TFE3;TP53;TSC1;TSC2;VHL;WT1;CA9;TFEB;KMT2D;KDM5C;ARID1A;ZEB2"
"119","GO:0035282",0.00263523169975193,6.39,1.01626016260163,5,25,"segmentation","TP53;KDM6A;WT1;PALB2;ZEB2"
"120","GO:0006996",0.00266251298304933,2.2540976184008,17.7642276422764,28,437,"organelle organization","CDKN2A;CLTC;DDX1;FLCN;EPAS1;FANCC;DICER1;MTOR;SETD2;HIF1A;MKI67;NF2;PDGFRA;PBRM1;TMEM127;PTEN;CCND1;SMARCB1;TP53;TSC1;KDM6A;TFEB;PALB2;KMT2D;KDM5C;ARID1A;BAP1;ZEB2"
"121","GO:0032501",0.00267333338977812,2.54728877679697,34.0243902439024,44,837,"multicellular organismal process","CDKN2A;CDKN2B;CLTC;AMER1;DDX1;DLG2;FLCN;EPAS1;FANCC;FH;FLT1;FLT3;DICER1;ALK;MTOR;PCSK9;B4GALT1;GPC3;SETD2;CD274;HIF1A;HMOX1;MET;MKI67;NF2;NHS;PDGFRA;PBRM1;PTEN;PTK6;CCND1;SMARCB1;TFE3;TP53;TSC1;TSC2;KDM6A;WT1;TFEB;PALB2;KMT2D;ARID1A;SCARB1;ZEB2"
"122","GO:0031326",0.00271697925265516,2.25116197491888,23.4552845528455,34,577,"regulation of cellular biosynthetic process","CDKN2A;CDKN2B;DDX1;FLCN;EPAS1;DICER1;ALK;MTOR;GPC3;SETD2;DROSHA;HIF1A;HMOX1;MET;NF2;NONO;PDGFRA;PBRM1;PTEN;CCND1;SMARCB1;TFE3;TP53;TSC1;TSC2;VHL;WT1;CA9;TFEB;KMT2D;KDM5C;ARID1A;SCARB1;ZEB2"
"123","GO:0070887",0.00292900569629829,2.22819328477527,18.780487804878,29,462,"cellular response to chemical stimulus","CDKN2B;FLCN;EPAS1;FANCC;FLT1;FLT3;DICER1;MTOR;PCSK9;GPC3;DROSHA;HIF1A;HMOX1;MET;NONO;PDGFRA;PTEN;PTK6;CCND1;SMARCB1;TP53;TSC1;TSC2;VHL;WT1;CA9;KMT2D;ARID1A;SCARB1"
"124","GO:0021766",0.00309342422187876,8.40522875816993,0.650406504065041,4,16,"hippocampus development","NF2;PTEN;TSC1;ZEB2"
"125","GO:0032104",0.00309342422187876,8.40522875816993,0.650406504065041,4,16,"regulation of response to extracellular stimulus","MTOR;HIF1A;TP53;TSC1"
"126","GO:0032107",0.00309342422187876,8.40522875816993,0.650406504065041,4,16,"regulation of response to nutrient levels","MTOR;HIF1A;TP53;TSC1"
"127","GO:0030154",0.00312571946957897,2.22286062505441,23.6178861788618,34,581,"cell differentiation","CDKN2A;CDKN2B;CLTC;AMER1;FLCN;EPAS1;FANCC;FLT1;FLT3;DICER1;ALK;MTOR;PCSK9;B4GALT1;GPC3;SETD2;HIF1A;MET;NF2;NHS;PDGFRA;PTEN;PTK6;CCND1;SMARCB1;TFE3;TP53;TSC1;KDM6A;VHL;WT1;KMT2D;ARID1A;ZEB2"
"128","GO:0010563",0.00317827466782913,3.25301204819277,3.78048780487805,10,93,"negative regulation of phosphorus metabolic process","CDKN2A;CDKN2B;DLG2;FLCN;MTOR;NF2;PTEN;PTK6;TP53;TSC2"
"129","GO:0045936",0.00317827466782913,3.25301204819277,3.78048780487805,10,93,"negative regulation of phosphate metabolic process","CDKN2A;CDKN2B;DLG2;FLCN;MTOR;NF2;PTEN;PTK6;TP53;TSC2"
"130","GO:0031323",0.00328011757348243,2.32084534101825,29.8373983739837,40,734,"regulation of cellular metabolic process","CDKN2A;CDKN2B;AMER1;DDX1;DLG2;FLCN;EPAS1;FLT1;FLT3;DICER1;ALK;MTOR;PCSK9;GPC3;SETD2;DROSHA;HIF1A;HMOX1;MET;NF2;NONO;PDGFRA;PBRM1;PTEN;PTK6;CCND1;SMARCB1;TFE3;TP53;TSC1;TSC2;VHL;WT1;CA9;TFEB;KMT2D;KDM5C;ARID1A;SCARB1;ZEB2"
"131","GO:0044237",0.00346218815424984,3.05061728395062,40.4065040650407,49,994,"cellular metabolic process","CDKN2A;CDKN2B;CLTC;AMER1;DDX1;DLG2;FLCN;EPAS1;FANCC;FH;FLT1;FLT3;DICER1;ALK;MTOR;PCSK9;B4GALT1;GPC3;SETD2;DROSHA;HIF1A;HMOX1;MET;MKI67;NF2;NONO;PDGFRA;PBRM1;PTEN;PTK6;CCND1;SMARCB1;TCN2;TFE3;TP53;TSC1;TSC2;KDM6A;VHL;WT1;CA9;TFEB;PALB2;KMT2D;KDM5C;ARID1A;BAP1;SCARB1;ZEB2"
"132","GO:0001568",0.00361617744562838,2.87077856420627,5.16260162601626,12,127,"blood vessel development","EPAS1;FLT1;DICER1;B4GALT1;GPC3;SETD2;HIF1A;HMOX1;PDGFRA;PTEN;WT1;ARID1A"
"133","GO:0031330",0.00376225087063241,5.8,1.09756097560976,5,27,"negative regulation of cellular catabolic process","CDKN2A;MTOR;MET;TP53;TSC1"
"134","GO:0000003",0.00388909644581767,2.44160775072008,8.86178861788618,17,218,"reproduction","EPAS1;FANCC;DICER1;MTOR;B4GALT1;SETD2;HIF1A;MET;MKI67;PDGFRA;PBRM1;PTEN;CCND1;WT1;TFEB;KMT2D;ARID1A"
"135","GO:0022414",0.00388909644581767,2.44160775072008,8.86178861788618,17,218,"reproductive process","EPAS1;FANCC;DICER1;MTOR;B4GALT1;SETD2;HIF1A;MET;MKI67;PDGFRA;PBRM1;PTEN;CCND1;WT1;TFEB;KMT2D;ARID1A"
"136","GO:0043170",0.00395916427795769,2.70289651293588,38.0487804878049,47,936,"macromolecule metabolic process","CDKN2A;CDKN2B;CLTC;AMER1;DDX1;DLG2;FLCN;EPAS1;FANCC;FLT1;FLT3;DICER1;ALK;MTOR;PCSK9;B4GALT1;GPC3;SETD2;DROSHA;HIF1A;HMOX1;MET;MKI67;NF2;NONO;PDGFRA;PBRM1;PTEN;PTK6;CCND1;SMARCB1;TFE3;TP53;TSC1;TSC2;KDM6A;VHL;WT1;CA9;TFEB;PALB2;KMT2D;KDM5C;ARID1A;BAP1;SCARB1;ZEB2"
"137","GO:0046483",0.00400009557542421,2.22841628959276,27.9674796747967,38,688,"heterocycle metabolic process","CDKN2A;CDKN2B;DDX1;DLG2;FLCN;EPAS1;FANCC;DICER1;ALK;MTOR;GPC3;SETD2;DROSHA;HIF1A;HMOX1;MET;MKI67;NF2;NONO;PDGFRA;PBRM1;PTEN;CCND1;SMARCB1;TCN2;TFE3;TP53;TSC1;TSC2;VHL;WT1;CA9;TFEB;PALB2;KMT2D;KDM5C;ARID1A;ZEB2"
"138","GO:0048731",0.00419683008639298,2.19980506822612,26.9918699186992,37,664,"system development","CDKN2A;CDKN2B;AMER1;DLG2;FLCN;EPAS1;FLT1;FLT3;DICER1;ALK;MTOR;PCSK9;B4GALT1;GPC3;SETD2;HIF1A;HMOX1;MET;MKI67;NF2;NHS;PDGFRA;PBRM1;PTEN;PTK6;CCND1;SMARCB1;TFE3;TP53;TSC1;TSC2;KDM6A;WT1;TFEB;PALB2;ARID1A;ZEB2"
"139","GO:0007275",0.0044377030086813,2.22898230088496,29.1463414634146,39,717,"multicellular organism development","CDKN2A;CDKN2B;AMER1;DDX1;DLG2;FLCN;EPAS1;FLT1;FLT3;DICER1;ALK;MTOR;PCSK9;B4GALT1;GPC3;SETD2;HIF1A;HMOX1;MET;MKI67;NF2;NHS;PDGFRA;PBRM1;PTEN;PTK6;CCND1;SMARCB1;TFE3;TP53;TSC1;TSC2;KDM6A;WT1;TFEB;PALB2;KMT2D;ARID1A;ZEB2"
"140","GO:0060429",0.00444565211577663,2.35792549306063,9.75609756097561,18,240,"epithelium development","DICER1;B4GALT1;GPC3;SETD2;HIF1A;MET;NF2;PTK6;CCND1;TP53;TSC1;TSC2;KDM6A;WT1;CA9;PALB2;ARID1A;ZEB2"
"141","GO:0001953",0.00449025011007892,12.4230769230769,0.365853658536585,3,9,"negative regulation of cell-matrix adhesion","CDKN2A;NF2;PTEN"
"142","GO:0009118",0.00449025011007892,12.4230769230769,0.365853658536585,3,9,"regulation of nucleoside metabolic process","FLCN;HIF1A;TP53"
"143","GO:0072111",0.00449025011007892,12.4230769230769,0.365853658536585,3,9,"cell proliferation involved in kidney development","FLCN;GPC3;WT1"
"144","GO:1903578",0.00449025011007892,12.4230769230769,0.365853658536585,3,9,"regulation of ATP metabolic process","FLCN;HIF1A;TP53"
"145","GO:0001944",0.00470074960673752,2.76490130936095,5.32520325203252,12,131,"vasculature development","EPAS1;FLT1;DICER1;B4GALT1;GPC3;SETD2;HIF1A;HMOX1;PDGFRA;PTEN;WT1;ARID1A"
"146","GO:0000737",0.0047434435709815,48.9433962264151,0.121951219512195,2,3,"DNA catabolic process, endonucleolytic","CDKN2A;DICER1"
"147","GO:0002328",0.0047434435709815,48.9433962264151,0.121951219512195,2,3,"pro-B cell differentiation","FLCN;FLT3"
"148","GO:0006308",0.0047434435709815,48.9433962264151,0.121951219512195,2,3,"DNA catabolic process","CDKN2A;DICER1"
"149","GO:0006309",0.0047434435709815,48.9433962264151,0.121951219512195,2,3,"apoptotic DNA fragmentation","CDKN2A;DICER1"
"150","GO:0014010",0.0047434435709815,48.9433962264151,0.121951219512195,2,3,"Schwann cell proliferation","DICER1;NF2"
"151","GO:0030422",0.0047434435709815,48.9433962264151,0.121951219512195,2,3,"production of siRNA involved in RNA interference","DICER1;DROSHA"
"152","GO:0031054",0.0047434435709815,48.9433962264151,0.121951219512195,2,3,"pre-miRNA processing","DICER1;DROSHA"
"153","GO:0042790",0.0047434435709815,48.9433962264151,0.121951219512195,2,3,"transcription of nuclear large rRNA transcript from RNA polymerase I promoter","MTOR;SMARCB1"
"154","GO:1901836",0.0047434435709815,48.9433962264151,0.121951219512195,2,3,"regulation of transcription of nuclear large rRNA transcript from RNA polymerase I promoter","MTOR;SMARCB1"
"155","GO:1901838",0.0047434435709815,48.9433962264151,0.121951219512195,2,3,"positive regulation of transcription of nuclear large rRNA transcript from RNA polymerase I promoter","MTOR;SMARCB1"
"156","GO:1903377",0.0047434435709815,48.9433962264151,0.121951219512195,2,3,"negative regulation of oxidative stress-induced neuron intrinsic apoptotic signaling pathway","HIF1A;NONO"
"157","GO:1990705",0.0047434435709815,48.9433962264151,0.121951219512195,2,3,"cholangiocyte proliferation","MTOR;MKI67"
"158","GO:2000628",0.0047434435709815,48.9433962264151,0.121951219512195,2,3,"regulation of miRNA metabolic process","DICER1;DROSHA"
"159","GO:0001756",0.0048940708296129,7.19327731092437,0.731707317073171,4,18,"somitogenesis","TP53;KDM6A;PALB2;ZEB2"
"160","GO:0051146",0.00498123488350063,3.88164893617021,2.19512195121951,7,54,"striated muscle cell differentiation","DICER1;MTOR;MET;PDGFRA;TSC1;WT1;ARID1A"
"161","GO:0006725",0.00502165757801675,2.18085773122034,28.2520325203252,38,695,"cellular aromatic compound metabolic process","CDKN2A;CDKN2B;DDX1;DLG2;FLCN;EPAS1;FANCC;DICER1;ALK;MTOR;GPC3;SETD2;DROSHA;HIF1A;HMOX1;MET;MKI67;NF2;NONO;PDGFRA;PBRM1;PTEN;CCND1;SMARCB1;TCN2;TFE3;TP53;TSC1;TSC2;VHL;WT1;CA9;TFEB;PALB2;KMT2D;KDM5C;ARID1A;ZEB2"
"162","GO:0031669",0.00511350263600419,4.41865889212828,1.66666666666667,6,41,"cellular response to nutrient levels","CDKN2B;MTOR;PCSK9;HMOX1;TP53;TSC1"
"163","GO:0090304",0.00512710080122961,2.14363494944257,26.219512195122,36,645,"nucleic acid metabolic process","CDKN2A;CDKN2B;DDX1;FLCN;EPAS1;FANCC;DICER1;ALK;MTOR;GPC3;SETD2;DROSHA;HIF1A;HMOX1;MET;MKI67;NF2;NONO;PDGFRA;PBRM1;PTEN;CCND1;SMARCB1;TFE3;TP53;TSC1;TSC2;VHL;WT1;CA9;TFEB;PALB2;KMT2D;KDM5C;ARID1A;ZEB2"
"164","GO:0044702",0.00550777142060026,2.39244264507422,8.3739837398374,16,206,"single organism reproductive process","EPAS1;FANCC;MTOR;B4GALT1;SETD2;HIF1A;MET;MKI67;PDGFRA;PBRM1;PTEN;CCND1;WT1;TFEB;KMT2D;ARID1A"
"165","GO:0019220",0.00559813312832563,2.22749326145553,11.5853658536585,20,285,"regulation of phosphate metabolic process","CDKN2A;CDKN2B;DLG2;FLCN;FLT1;FLT3;ALK;MTOR;HIF1A;MET;NF2;PDGFRA;PTEN;PTK6;CCND1;TP53;TSC1;TSC2;SCARB1;ZEB2"
"166","GO:0051174",0.00559813312832563,2.22749326145553,11.5853658536585,20,285,"regulation of phosphorus metabolic process","CDKN2A;CDKN2B;DLG2;FLCN;FLT1;FLT3;ALK;MTOR;HIF1A;MET;NF2;PDGFRA;PTEN;PTK6;CCND1;TP53;TSC1;TSC2;SCARB1;ZEB2"
"167","GO:0048661",0.00601367728023324,6.70849673202614,0.772357723577236,4,19,"positive regulation of smooth muscle cell proliferation","FLT1;MTOR;HIF1A;HMOX1"
"168","GO:0051276",0.00602866955735988,2.42241379310345,7.68292682926829,15,189,"chromosome organization","CDKN2A;DDX1;FLCN;SETD2;PBRM1;PTEN;CCND1;SMARCB1;TP53;KDM6A;PALB2;KMT2D;KDM5C;ARID1A;BAP1"
"169","GO:0019538",0.00610137964804221,2.08734357940707,24.4308943089431,34,601,"protein metabolic process","CDKN2A;CDKN2B;AMER1;DDX1;DLG2;FLCN;FLT1;FLT3;ALK;MTOR;PCSK9;B4GALT1;GPC3;SETD2;HIF1A;HMOX1;MET;NF2;PDGFRA;PTEN;PTK6;CCND1;SMARCB1;TP53;TSC1;TSC2;KDM6A;VHL;WT1;KMT2D;KDM5C;BAP1;SCARB1;ZEB2"
"170","GO:0048869",0.00610137964804221,2.08734357940707,24.4308943089431,34,601,"cellular developmental process","CDKN2A;CDKN2B;CLTC;AMER1;FLCN;EPAS1;FANCC;FLT1;FLT3;DICER1;ALK;MTOR;PCSK9;B4GALT1;GPC3;SETD2;HIF1A;MET;NF2;NHS;PDGFRA;PTEN;PTK6;CCND1;SMARCB1;TFE3;TP53;TSC1;KDM6A;VHL;WT1;KMT2D;ARID1A;ZEB2"
"171","GO:0051241",0.00617348564275341,2.48159080316918,6.95121951219512,14,171,"negative regulation of multicellular organismal process","CDKN2A;FLCN;FLT3;DICER1;MTOR;PCSK9;CD274;HIF1A;HMOX1;MET;PDGFRA;PTEN;TP53;WT1"
"172","GO:0006139",0.0061745230597981,2.11989219266215,27.479674796748,37,676,"nucleobase-containing compound metabolic process","CDKN2A;CDKN2B;DDX1;DLG2;FLCN;EPAS1;FANCC;DICER1;ALK;MTOR;GPC3;SETD2;DROSHA;HIF1A;HMOX1;MET;MKI67;NF2;NONO;PDGFRA;PBRM1;PTEN;CCND1;SMARCB1;TFE3;TP53;TSC1;TSC2;VHL;WT1;CA9;TFEB;PALB2;KMT2D;KDM5C;ARID1A;ZEB2"
"173","GO:0031644",0.006230934027533,10.6401098901099,0.40650406504065,3,10,"regulation of neurological system process","DICER1;MTOR;PTEN"
"174","GO:0055072",0.006230934027533,10.6401098901099,0.40650406504065,3,10,"iron ion homeostasis","EPAS1;HIF1A;HMOX1"
"175","GO:0001525",0.00627116854065466,3.10248447204969,3.49593495934959,9,86,"angiogenesis","EPAS1;FLT1;DICER1;B4GALT1;SETD2;HIF1A;HMOX1;PDGFRA;PTEN"
"176","GO:0006325",0.00641250774586024,2.64216054013503,5.52845528455285,12,136,"chromatin organization","CDKN2A;FLCN;SETD2;PBRM1;CCND1;SMARCB1;TP53;KDM6A;KMT2D;KDM5C;ARID1A;BAP1"
"177","GO:0040008",0.00674725434446903,2.87933094384707,4.1869918699187,10,103,"regulation of growth","CDKN2A;FLCN;MTOR;GPC3;HIF1A;PTEN;PTK6;TP53;WT1;BAP1"
"178","GO:0045786",0.00674725434446903,2.87933094384707,4.1869918699187,10,103,"negative regulation of cell cycle","KLLN;CDKN2A;CDKN2B;MTOR;PRCC;PTEN;CCND1;TP53;TSC1;TSC2"
"179","GO:0016568",0.00689815409372118,2.72706422018349,4.8780487804878,11,120,"chromatin modification","CDKN2A;FLCN;SETD2;PBRM1;SMARCB1;TP53;KDM6A;KMT2D;KDM5C;ARID1A;BAP1"
"180","GO:0019637",0.0072305590471662,2.84633569739953,4.22764227642276,10,104,"organophosphate metabolic process","DLG2;FLCN;FLT1;FLT3;PCSK9;HIF1A;PDGFRA;PTEN;TP53;SCARB1"
"181","GO:0009126",0.00729238073070045,6.2843137254902,0.813008130081301,4,20,"purine nucleoside monophosphate metabolic process","DLG2;FLCN;HIF1A;TP53"
"182","GO:0009167",0.00729238073070045,6.2843137254902,0.813008130081301,4,20,"purine ribonucleoside monophosphate metabolic process","DLG2;FLCN;HIF1A;TP53"
"183","GO:2000134",0.00729238073070045,6.2843137254902,0.813008130081301,4,20,"negative regulation of G1/S transition of mitotic cell cycle","CDKN2B;PTEN;CCND1;TP53"
"184","GO:0009967",0.00731548156083696,2.22363994896184,10.2032520325203,18,251,"positive regulation of signal transduction","CDKN2A;CDKN2B;AMER1;FLCN;FLT1;FLT3;ALK;MTOR;GPC3;HIF1A;HMOX1;MET;PDGFRA;PTEN;SMARCB1;TP53;KMT2D;ZEB2"
"185","GO:0009896",0.00744789008172764,3.56576797385621,2.35772357723577,7,58,"positive regulation of catabolic process","AMER1;FLCN;PCSK9;GPC3;HIF1A;PTEN;TFEB"
"186","GO:0071704",0.00759463686243036,2.78409090909091,41.3414634146341,49,1017,"organic substance metabolic process","CDKN2A;CDKN2B;CLTC;AMER1;DDX1;DLG2;FLCN;EPAS1;FANCC;FH;FLT1;FLT3;DICER1;ALK;MTOR;PCSK9;B4GALT1;GPC3;SETD2;DROSHA;HIF1A;HMOX1;MET;MKI67;NF2;NONO;PDGFRA;PBRM1;PTEN;PTK6;CCND1;SMARCB1;TCN2;TFE3;TP53;TSC1;TSC2;KDM6A;VHL;WT1;CA9;TFEB;PALB2;KMT2D;KDM5C;ARID1A;BAP1;SCARB1;ZEB2"
"187","GO:0014706",0.00761287503221935,3.22880523731588,2.96747967479675,8,73,"striated muscle tissue development","DICER1;MTOR;MET;PDGFRA;PTEN;TSC1;WT1;ARID1A"
"188","GO:0019222",0.00762815160690111,2.20127540852929,33.0894308943089,42,814,"regulation of metabolic process","CDKN2A;CDKN2B;CLTC;AMER1;DDX1;DLG2;FLCN;EPAS1;FLT1;FLT3;DICER1;ALK;MTOR;PCSK9;GPC3;SETD2;DROSHA;HIF1A;HMOX1;MET;NF2;NONO;PDGFRA;PBRM1;PTEN;PTK6;CCND1;SMARCB1;TFE3;TP53;TSC1;TSC2;KDM6A;VHL;WT1;CA9;TFEB;KMT2D;KDM5C;ARID1A;SCARB1;ZEB2"
"189","GO:0048514",0.00774058796843311,2.8140350877193,4.26829268292683,10,105,"blood vessel morphogenesis","EPAS1;FLT1;DICER1;B4GALT1;SETD2;HIF1A;HMOX1;PDGFRA;PTEN;WT1"
"190","GO:0048513",0.00790084316850071,2.02173913043478,21.8292682926829,31,537,"animal organ development","CDKN2A;CDKN2B;AMER1;FLCN;EPAS1;FLT3;DICER1;MTOR;PCSK9;B4GALT1;GPC3;SETD2;HIF1A;MET;MKI67;NF2;NHS;PDGFRA;PBRM1;PTEN;CCND1;TFE3;TP53;TSC1;TSC2;KDM6A;WT1;TFEB;PALB2;ARID1A;ZEB2"
"191","GO:0045834",0.00803285169797376,4.70740740740741,1.30081300813008,5,32,"positive regulation of lipid metabolic process","FLT1;FLT3;MTOR;PDGFRA;SCARB1"
"192","GO:0031399",0.00810454837442257,2.13555787278415,11.9512195121951,20,294,"regulation of protein modification process","CDKN2A;CDKN2B;AMER1;DLG2;FLCN;FLT1;FLT3;ALK;MTOR;MET;NF2;PDGFRA;PTEN;PTK6;CCND1;SMARCB1;TP53;TSC1;TSC2;ZEB2"
"193","GO:0019439",0.00816567888719291,3.95290423861852,1.82926829268293,6,45,"aromatic compound catabolic process","CDKN2A;DICER1;DROSHA;HIF1A;HMOX1;TP53"
"194","GO:0009135",0.00832254137808514,9.30288461538461,0.447154471544715,3,11,"purine nucleoside diphosphate metabolic process","DLG2;HIF1A;TP53"
"195","GO:0009179",0.00832254137808514,9.30288461538461,0.447154471544715,3,11,"purine ribonucleoside diphosphate metabolic process","DLG2;HIF1A;TP53"
"196","GO:0009185",0.00832254137808514,9.30288461538461,0.447154471544715,3,11,"ribonucleoside diphosphate metabolic process","DLG2;HIF1A;TP53"
"197","GO:0014009",0.00832254137808514,9.30288461538461,0.447154471544715,3,11,"glial cell proliferation","DICER1;MTOR;NF2"
"198","GO:0038084",0.00832254137808514,9.30288461538461,0.447154471544715,3,11,"vascular endothelial growth factor signaling pathway","FLT1;FLT3;PDGFRA"
"199","GO:0009161",0.00873918168696801,5.91003460207612,0.853658536585366,4,21,"ribonucleoside monophosphate metabolic process","DLG2;FLCN;HIF1A;TP53"
"200","GO:0044282",0.00873918168696801,5.91003460207612,0.853658536585366,4,21,"small molecule catabolic process","MTOR;PTEN;TP53;SCARB1"
"201","GO:1902807",0.00873918168696801,5.91003460207612,0.853658536585366,4,21,"negative regulation of cell cycle G1/S phase transition","CDKN2B;PTEN;CCND1;TP53"
"202","GO:1903510",0.00873918168696801,5.91003460207612,0.853658536585366,4,21,"mucopolysaccharide metabolic process","CLTC;B4GALT1;GPC3;MKI67"
"203","GO:2000106",0.00873918168696801,5.91003460207612,0.853658536585366,4,21,"regulation of leukocyte apoptotic process","CDKN2A;HIF1A;PTEN;TP53"
"204","GO:1901615",0.00897791035275831,3.42570754716981,2.4390243902439,7,60,"organic hydroxy compound metabolic process","EPAS1;PCSK9;HIF1A;PTEN;TP53;SCARB1;ZEB2"
"205","GO:0019219",0.00902006600608709,1.99690023656089,22.9674796747967,32,565,"regulation of nucleobase-containing compound metabolic process","CDKN2A;CDKN2B;DDX1;FLCN;EPAS1;DICER1;ALK;MTOR;GPC3;SETD2;DROSHA;HIF1A;HMOX1;MET;NF2;NONO;PDGFRA;PBRM1;PTEN;CCND1;SMARCB1;TFE3;TP53;TSC2;VHL;WT1;CA9;TFEB;KMT2D;KDM5C;ARID1A;ZEB2"
"206","GO:0006366",0.00907700778489601,2.03279870246891,15.5284552845528,24,382,"transcription from RNA polymerase II promoter","CDKN2A;CDKN2B;FLCN;EPAS1;DICER1;MTOR;GPC3;SETD2;HIF1A;HMOX1;MET;CCND1;SMARCB1;TFE3;TP53;TSC1;TSC2;VHL;WT1;CA9;TFEB;KMT2D;ARID1A;ZEB2"
"207","GO:0031668",0.0090993474408465,3.85102040816327,1.86991869918699,6,46,"cellular response to extracellular stimulus","CDKN2B;MTOR;PCSK9;HMOX1;TP53;TSC1"
"208","GO:0046700",0.0090993474408465,3.85102040816327,1.86991869918699,6,46,"heterocycle catabolic process","CDKN2A;DICER1;DROSHA;HIF1A;HMOX1;TP53"
"209","GO:0006356",0.0092394690825705,24.4528301886792,0.16260162601626,2,4,"regulation of transcription from RNA polymerase I promoter","MTOR;SMARCB1"
"210","GO:0006482",0.0092394690825705,24.4528301886792,0.16260162601626,2,4,"protein demethylation","KDM6A;KDM5C"
"211","GO:0008214",0.0092394690825705,24.4528301886792,0.16260162601626,2,4,"protein dealkylation","KDM6A;KDM5C"
"212","GO:0009651",0.0092394690825705,24.4528301886792,0.16260162601626,2,4,"response to salt stress","HIF1A;TP53"
"213","GO:0010586",0.0092394690825705,24.4528301886792,0.16260162601626,2,4,"miRNA metabolic process","DICER1;DROSHA"
"214","GO:0010661",0.0092394690825705,24.4528301886792,0.16260162601626,2,4,"positive regulation of muscle cell apoptotic process","CDKN2A;TP53"
"215","GO:0016246",0.0092394690825705,24.4528301886792,0.16260162601626,2,4,"RNA interference","DICER1;DROSHA"
"216","GO:0016577",0.0092394690825705,24.4528301886792,0.16260162601626,2,4,"histone demethylation","KDM6A;KDM5C"
"217","GO:0018023",0.0092394690825705,24.4528301886792,0.16260162601626,2,4,"peptidyl-lysine trimethylation","SETD2;SMARCB1"
"218","GO:0018027",0.0092394690825705,24.4528301886792,0.16260162601626,2,4,"peptidyl-lysine dimethylation","SETD2;SMARCB1"
"219","GO:0030262",0.0092394690825705,24.4528301886792,0.16260162601626,2,4,"apoptotic nuclear changes","CDKN2A;DICER1"
"220","GO:0033013",0.0092394690825705,24.4528301886792,0.16260162601626,2,4,"tetrapyrrole metabolic process","HMOX1;TCN2"
"221","GO:0045943",0.0092394690825705,24.4528301886792,0.16260162601626,2,4,"positive regulation of transcription from RNA polymerase I promoter","MTOR;SMARCB1"
"222","GO:0045978",0.0092394690825705,24.4528301886792,0.16260162601626,2,4,"negative regulation of nucleoside metabolic process","FLCN;TP53"
"223","GO:0046627",0.0092394690825705,24.4528301886792,0.16260162601626,2,4,"negative regulation of insulin receptor signaling pathway","TSC1;TSC2"
"224","GO:0046685",0.0092394690825705,24.4528301886792,0.16260162601626,2,4,"response to arsenic-containing substance","HMOX1;PTEN"
"225","GO:0051180",0.0092394690825705,24.4528301886792,0.16260162601626,2,4,"vitamin transport","TCN2;SCARB1"
"226","GO:0061419",0.0092394690825705,24.4528301886792,0.16260162601626,2,4,"positive regulation of transcription from RNA polymerase II promoter in response to hypoxia","HIF1A;TP53"
"227","GO:0070076",0.0092394690825705,24.4528301886792,0.16260162601626,2,4,"histone lysine demethylation","KDM6A;KDM5C"
"228","GO:0072239",0.0092394690825705,24.4528301886792,0.16260162601626,2,4,"metanephric glomerulus vasculature development","PDGFRA;WT1"
"229","GO:0090502",0.0092394690825705,24.4528301886792,0.16260162601626,2,4,"RNA phosphodiester bond hydrolysis, endonucleolytic","DICER1;DROSHA"
"230","GO:1901723",0.0092394690825705,24.4528301886792,0.16260162601626,2,4,"negative regulation of cell proliferation involved in kidney development","FLCN;WT1"
"231","GO:1901998",0.0092394690825705,24.4528301886792,0.16260162601626,2,4,"toxin transport","CD274;ARID1A"
"232","GO:1903204",0.0092394690825705,24.4528301886792,0.16260162601626,2,4,"negative regulation of oxidative stress-induced neuron death","HIF1A;NONO"
"233","GO:1903579",0.0092394690825705,24.4528301886792,0.16260162601626,2,4,"negative regulation of ATP metabolic process","FLCN;TP53"
"234","GO:2000108",0.0092394690825705,24.4528301886792,0.16260162601626,2,4,"positive regulation of leukocyte apoptotic process","CDKN2A;TP53"
"235","GO:0031400",0.00944083369220481,2.72108843537415,4.39024390243902,10,108,"negative regulation of protein modification process","CDKN2A;CDKN2B;DLG2;FLCN;MTOR;NF2;PTEN;PTK6;SMARCB1;TSC2"
"236","GO:0009887",0.0096927708801293,2.22594567149023,8.86178861788618,16,218,"organ morphogenesis","DICER1;MTOR;B4GALT1;GPC3;SETD2;HIF1A;MET;MKI67;NF2;PDGFRA;PTEN;TP53;KDM6A;WT1;PALB2;ARID1A"
"237","GO:0006979",0.00970468693549833,3.07884856070088,3.08943089430894,8,76,"response to oxidative stress","EPAS1;FANCC;HIF1A;HMOX1;MET;NONO;PDGFRA;TP53"
"238","GO:0022411",0.00970468693549833,3.07884856070088,3.08943089430894,8,76,"cellular component disassembly","CDKN2A;FANCC;DICER1;MTOR;HIF1A;SMARCB1;TP53;ARID1A"
"239","GO:0060537",0.00970468693549833,3.07884856070088,3.08943089430894,8,76,"muscle tissue development","DICER1;MTOR;MET;PDGFRA;PTEN;TSC1;WT1;ARID1A"
"240","GO:0018108",0.00978150181710539,2.86406495547407,3.73983739837398,9,92,"peptidyl-tyrosine phosphorylation","FLT1;FLT3;ALK;MTOR;MET;NF2;PDGFRA;PTK6;TP53"
"241","GO:0018212",0.00978150181710539,2.86406495547407,3.73983739837398,9,92,"peptidyl-tyrosine modification","FLT1;FLT3;ALK;MTOR;MET;NF2;PDGFRA;PTK6;TP53"
"242","GO:1901698",0.00980174567705296,2.32853364678225,7.31707317073171,14,180,"response to nitrogen compound","DDX1;FLT3;DICER1;MTOR;PCSK9;DROSHA;HIF1A;HMOX1;PDGFRA;PTEN;CCND1;TSC1;TSC2;WT1"
"243","GO:0044238",0.0098143741291418,2.5514950166113,40.4065040650407,48,994,"primary metabolic process","CDKN2A;CDKN2B;CLTC;AMER1;DDX1;DLG2;FLCN;EPAS1;FANCC;FH;FLT1;FLT3;DICER1;ALK;MTOR;PCSK9;B4GALT1;GPC3;SETD2;DROSHA;HIF1A;HMOX1;MET;MKI67;NF2;NONO;PDGFRA;PBRM1;PTEN;PTK6;CCND1;SMARCB1;TFE3;TP53;TSC1;TSC2;KDM6A;VHL;WT1;CA9;TFEB;PALB2;KMT2D;KDM5C;ARID1A;BAP1;SCARB1;ZEB2"
"244","GO:1901214",0.00982477441443048,3.35956790123457,2.47967479674797,7,61,"regulation of neuron death","MTOR;PCSK9;HIF1A;HMOX1;NONO;TP53;TSC1"
