"","GOMFID","Pvalue","OddsRatio","ExpCount","Count","Size","Term","Symbols"
"1","GO:0070411",1.00712502420694e-05,60.0919540229885,0.172002978406552,4,7,"I-SMAD binding","CTNNB1;SMAD2;AXIN1;AXIN2"
"2","GO:0005126",3.52231768508973e-05,13.010101010101,0.68801191362621,6,28,"cytokine receptor binding","IL6ST;JAK1;SMAD2;SMAD3;VEGFA;CASP8"
"3","GO:0070412",0.000130524141934341,22.448275862069,0.294862248696947,4,12,"R-SMAD binding","CTNNB1;SMAD2;SMAD3;AXIN1"
"4","GO:0031625",0.000131687841747982,7.93291592128801,1.22859270290395,7,50,"ubiquitin protein ligase binding","JAK1;SMAD2;SMAD3;PRKACA;AXIN1;AXIN2;CASP8"
"5","GO:0044389",0.000131687841747982,7.93291592128801,1.22859270290395,7,50,"ubiquitin-like protein ligase binding","JAK1;SMAD2;SMAD3;PRKACA;AXIN1;AXIN2;CASP8"
"6","GO:0046332",0.000245337650204018,11.5178571428571,0.614296351451973,5,25,"SMAD binding","CTNNB1;SMAD2;SMAD3;AXIN1;AXIN2"
"7","GO:0030618",0.000585916043113655,Inf,0.0491437081161579,2,2,"transforming growth factor beta receptor, pathway-specific cytoplasmic mediator activity","SMAD2;SMAD3"
"8","GO:0070410",0.00173065879699716,84.4516129032258,0.0737155621742368,2,3,"co-SMAD binding","SMAD2;SMAD3"
"9","GO:0008013",0.00465630789045386,7.08965517241379,0.712583767684289,4,29,"beta-catenin binding","APC;SMAD3;AXIN1;AXIN2"
"10","GO:0005072",0.00559278941949476,28.1075268817204,0.122859270290395,2,5,"transforming growth factor beta receptor, cytoplasmic mediator activity","SMAD2;SMAD3"
"11","GO:0070016",0.00559278941949476,28.1075268817204,0.122859270290395,2,5,"armadillo repeat domain binding","AXIN1;AXIN2"
"12","GO:0060589",0.00924777009271527,5.69076751946607,0.860014892032762,4,35,"nucleoside-triphosphatase regulator activity","DNAJB1;NF1;AXIN1;AXIN2"
