"","GOBPID","Pvalue","OddsRatio","ExpCount","Count","Size","Term","Symbols"
"1","GO:0009950",3.75245341806526e-06,94.2142857142857,0.141906873614191,4,6,"dorsal/ventral axis specification","CTNNB1;SMAD2;AXIN1;AXIN2"
"2","GO:0048617",1.20421238542344e-05,Inf,0.0709534368070953,3,3,"embryonic foregut morphogenesis","CTNNB1;SMAD2;SMAD3"
"3","GO:0080134",2.79573723254304e-05,4.9748743718593,5.06134515890613,15,214,"regulation of response to stress","MICA;CDKN2A;DNAJB1;IL6ST;JAK1;KRAS;SMAD3;NRAS;PRKACA;TERT;C2;VEGFA;AXIN1;AXIN2;CASP8"
"4","GO:0045667",4.27309277743974e-05,12.4711538461538,0.709534368070953,6,30,"regulation of osteoblast differentiation","CTNNB1;APC;IL6ST;SMAD3;PRKACA;AXIN2"
"5","GO:1903827",4.66785216105883e-05,6.29213483146067,2.34146341463415,10,99,"regulation of cellular protein localization","CDKN2A;CTNNB1;APC;SMAD3;NF1;TERT;VEGFA;AXIN1;AXIN2;CASP8"
"6","GO:0007440",4.73924474352204e-05,136.551724137931,0.0946045824094605,3,4,"foregut morphogenesis","CTNNB1;SMAD2;SMAD3"
"7","GO:0006921",4.91320788251763e-05,31.3095238095238,0.236511456023651,4,10,"cellular component disassembly involved in execution phase of apoptosis","CDKN2A;CTNNB1;APC;CASP8"
"8","GO:0043085",6.84990621708143e-05,4.5389876880985,5.43976348854398,15,230,"positive regulation of catalytic activity","CDKN2A;CTNNB1;DNAJB1;JAK1;KRAS;SMAD3;NF1;NRAS;PIK3CA;PRKACA;TERT;VEGFA;AXIN1;AXIN2;CASP8"
"9","GO:0001649",7.76631887647469e-05,8.74146341463415,1.13525498891353,7,48,"osteoblast differentiation","CTNNB1;APC;IL6ST;SMAD3;NF1;PRKACA;AXIN2"
"10","GO:0023056",8.92274386214029e-05,4.30522088353414,6.26755358462676,16,265,"positive regulation of signaling","CDKN2A;CTNNB1;GRIK1;APC;IL6ST;JAK1;KRAS;SMAD2;SMAD3;NF1;NRAS;TERT;VEGFA;AXIN1;AXIN2;CASP8"
"11","GO:0030177",9.04945867150421e-05,10.6565934065934,0.804138950480414,6,34,"positive regulation of Wnt signaling pathway","CTNNB1;APC;SMAD3;TERT;AXIN1;AXIN2"
"12","GO:0010647",0.000103126543686865,4.24206349206349,6.33850702143385,16,268,"positive regulation of cell communication","CDKN2A;CTNNB1;GRIK1;APC;IL6ST;JAK1;KRAS;SMAD2;SMAD3;NF1;NRAS;TERT;VEGFA;AXIN1;AXIN2;CASP8"
"13","GO:0032228",0.000116573214117061,68.2241379310345,0.118255728011826,3,5,"regulation of synaptic transmission, GABAergic","GRIK1;KRAS;NF1"
"14","GO:0048584",0.000154339436144033,3.95634920634921,8.08869179600887,18,342,"positive regulation of response to stimulus","CDKN2A;CTNNB1;APC;IL6ST;JAK1;KRAS;SMAD2;SMAD3;NF1;NRAS;PIK3CA;PRKACA;TERT;C2;VEGFA;AXIN1;AXIN2;CASP8"
"15","GO:0097194",0.000159093144078456,20.8253968253968,0.307464892830747,4,13,"execution phase of apoptosis","CDKN2A;CTNNB1;APC;CASP8"
"16","GO:0009953",0.000165683845405908,12.6900584795322,0.567627494456763,5,24,"dorsal/ventral pattern formation","CTNNB1;APC;SMAD2;AXIN1;AXIN2"
"17","GO:0048871",0.00016903746900418,7.58978723404255,1.27716186252772,7,54,"multicellular organismal homeostasis","CTNNB1;KRAS;NF1;PIK3CA;PRKACA;VEGFA;PROM1"
"18","GO:0009967",0.000196987369771727,4.05658025922233,5.93643754619364,15,251,"positive regulation of signal transduction","CDKN2A;CTNNB1;APC;IL6ST;JAK1;KRAS;SMAD2;SMAD3;NF1;NRAS;TERT;VEGFA;AXIN1;AXIN2;CASP8"
"19","GO:0001822",0.000199112976097525,6.33838383838384,1.75018477457502,8,74,"kidney development","CTNNB1;APC;SMAD2;SMAD3;NF1;VEGFA;FAT4;PROM1"
"20","GO:0009798",0.00020363965395925,12.0462962962963,0.591278640059128,5,25,"axis specification","CTNNB1;APC;SMAD2;AXIN1;AXIN2"
"21","GO:0090263",0.00020363965395925,12.0462962962963,0.591278640059128,5,25,"positive regulation of canonical Wnt signaling pathway","CTNNB1;APC;SMAD3;AXIN1;AXIN2"
"22","GO:0072001",0.000264586508278927,6.04830917874396,1.82113821138211,8,77,"renal system development","CTNNB1;APC;SMAD2;SMAD3;NF1;VEGFA;FAT4;PROM1"
"23","GO:0050793",0.000276822032150926,3.71458032584038,9.27124907612713,19,392,"regulation of developmental process","CDKN2A;CTNNB1;APC;IL6ST;JAK1;KRAS;SMAD2;SMAD3;NF1;NRAS;PIK3CA;PRKACA;TERT;VEGFA;FAT4;AXIN1;AXIN2;CASP8;PROM1"
"24","GO:0032880",0.000277301711219347,4.60176366843034,3.45306725794531,11,146,"regulation of protein localization","CDKN2A;CTNNB1;APC;SMAD3;NF1;PRKACA;TERT;VEGFA;AXIN1;AXIN2;CASP8"
"25","GO:0030278",0.000308514525067773,8.23717948717949,0.993348115299335,6,42,"regulation of ossification","CTNNB1;APC;IL6ST;SMAD3;PRKACA;AXIN2"
"26","GO:0072073",0.000308514525067773,8.23717948717949,0.993348115299335,6,42,"kidney epithelium development","CTNNB1;SMAD2;SMAD3;VEGFA;FAT4;PROM1"
"27","GO:0051247",0.000326663991172083,3.83662776851631,6.19660014781966,15,262,"positive regulation of protein metabolic process","CDKN2A;CTNNB1;APC;IL6ST;JAK1;KRAS;SMAD3;NF1;NRAS;PIK3CA;PRKACA;VEGFA;AXIN1;AXIN2;CASP8"
"28","GO:0002682",0.00037304763258531,3.78,6.26755358462676,15,265,"regulation of immune system process","MICA;CDKN2A;CTNNB1;APC;IL6ST;JAK1;KRAS;SMAD3;NF1;NRAS;PIK3CA;PRKACA;C2;VEGFA;CASP8"
"29","GO:0001503",0.000378609330781858,5.6986301369863,1.91574279379157,8,81,"ossification","CTNNB1;APC;IL6ST;SMAD3;NF1;PRKACA;FAT4;AXIN2"
"30","GO:0007270",0.000385145083139351,15.5833333333333,0.378418329637842,4,16,"neuron-neuron synaptic transmission","KIF1B;GRIK1;KRAS;NF1"
"31","GO:0031347",0.00038752718833211,5.10777058279371,2.43606799704361,9,103,"regulation of defense response","MICA;IL6ST;JAK1;KRAS;SMAD3;NRAS;PRKACA;C2;CASP8"
"32","GO:0051932",0.000394981683726162,34.0603448275862,0.165558019216556,3,7,"synaptic transmission, GABAergic","GRIK1;KRAS;NF1"
"33","GO:0072160",0.000394981683726162,34.0603448275862,0.165558019216556,3,7,"nephron tubule epithelial cell differentiation","CTNNB1;FAT4;PROM1"
"34","GO:0072182",0.000394981683726162,34.0603448275862,0.165558019216556,3,7,"regulation of nephron tubule epithelial cell differentiation","CTNNB1;FAT4;PROM1"
"35","GO:2000696",0.000394981683726162,34.0603448275862,0.165558019216556,3,7,"regulation of epithelial cell differentiation involved in kidney development","CTNNB1;FAT4;PROM1"
"36","GO:0006468",0.000407590416157623,3.6678445229682,7.07169253510717,16,299,"protein phosphorylation","CDKN2A;CTNNB1;APC;IL6ST;JAK1;KRAS;SMAD2;SMAD3;NF1;NRAS;PIK3CA;PRKACA;STAT4;VEGFA;AXIN1;AXIN2"
"37","GO:0031401",0.000408087589960351,3.97476939772111,4.89578713968958,13,207,"positive regulation of protein modification process","CDKN2A;CTNNB1;IL6ST;JAK1;KRAS;SMAD3;NF1;NRAS;PIK3CA;PRKACA;VEGFA;AXIN1;AXIN2"
"38","GO:0060249",0.000454388667333367,6.325,1.490022172949,7,63,"anatomical structure homeostasis","CTNNB1;APC;KRAS;NF1;TERT;VEGFA;PROM1"
"39","GO:0021896",0.000542296977569023,Inf,0.0473022912047302,2,2,"forebrain astrocyte differentiation","KRAS;NF1"
"40","GO:0021897",0.000542296977569023,Inf,0.0473022912047302,2,2,"forebrain astrocyte development","KRAS;NF1"
"41","GO:0032270",0.000576270774537545,3.68937198067633,5.77087952697709,14,244,"positive regulation of cellular protein metabolic process","CDKN2A;CTNNB1;IL6ST;JAK1;KRAS;SMAD3;NF1;NRAS;PIK3CA;PRKACA;VEGFA;AXIN1;AXIN2;CASP8"
"42","GO:0001932",0.000629249488061135,3.65086206896552,5.81818181818182,14,246,"regulation of protein phosphorylation","CDKN2A;CTNNB1;APC;IL6ST;JAK1;KRAS;SMAD3;NF1;NRAS;PIK3CA;PRKACA;VEGFA;AXIN1;AXIN2"
"43","GO:0044093",0.000731484988438613,3.49955771782397,6.6459719142646,15,281,"positive regulation of molecular function","CDKN2A;CTNNB1;DNAJB1;JAK1;KRAS;SMAD3;NF1;NRAS;PIK3CA;PRKACA;TERT;VEGFA;AXIN1;AXIN2;CASP8"
"44","GO:0010718",0.000780105057046322,12.4380952380952,0.449371766444937,4,19,"positive regulation of epithelial to mesenchymal transition","CTNNB1;SMAD2;SMAD3;AXIN2"
"45","GO:0030162",0.000847832187011231,4.9718875502008,2.15225424981523,8,91,"regulation of proteolysis","CDKN2A;APC;SMAD3;PRKACA;C2;VEGFA;AXIN1;CASP8"
"46","GO:0031050",0.000917726285453056,22.6724137931034,0.212860310421286,3,9,"dsRNA fragmentation","SMAD2;SMAD3;TERT"
"47","GO:0070918",0.000917726285453056,22.6724137931034,0.212860310421286,3,9,"production of small RNA involved in gene silencing by RNA","SMAD2;SMAD3;TERT"
"48","GO:0001654",0.000955256342499928,5.499375,1.67923133776792,7,71,"eye development","CTNNB1;APC;SMAD3;NF1;VEGFA;AXIN1;PROM1"
"49","GO:0032147",0.000982823414042059,4.84705882352941,2.19955654101996,8,93,"activation of protein kinase activity","JAK1;KRAS;NF1;NRAS;PIK3CA;PRKACA;VEGFA;AXIN1"
"50","GO:1901699",0.00100296618746849,4.09435261707989,3.35846267553585,10,142,"cellular response to nitrogen compound","CTNNB1;JAK1;KRAS;SMAD2;SMAD3;NF1;NRAS;PIK3CA;PRKACA;TERT"
"51","GO:0048592",0.001050990462413,7.96913580246914,0.827790096082779,5,35,"eye morphogenesis","CTNNB1;NF1;VEGFA;AXIN1;PROM1"
"52","GO:0001655",0.00105656709947293,4.78682170542636,2.22320768662232,8,94,"urogenital system development","CTNNB1;APC;SMAD2;SMAD3;NF1;VEGFA;FAT4;PROM1"
"53","GO:0010562",0.00106045371868129,3.66129032258065,4.68292682926829,12,198,"positive regulation of phosphorus metabolic process","CTNNB1;IL6ST;JAK1;KRAS;SMAD3;NF1;NRAS;PIK3CA;PRKACA;VEGFA;AXIN1;AXIN2"
"54","GO:0045937",0.00106045371868129,3.66129032258065,4.68292682926829,12,198,"positive regulation of phosphate metabolic process","CTNNB1;IL6ST;JAK1;KRAS;SMAD3;NF1;NRAS;PIK3CA;PRKACA;VEGFA;AXIN1;AXIN2"
"55","GO:0050790",0.00107150025141441,3.28896103896104,7.6629711751663,16,324,"regulation of catalytic activity","CDKN2A;CTNNB1;APC;DNAJB1;JAK1;KRAS;SMAD3;NF1;NRAS;PIK3CA;PRKACA;TERT;VEGFA;AXIN1;AXIN2;CASP8"
"56","GO:0071363",0.00111109631334381,3.63850267379679,4.70657797487066,12,199,"cellular response to growth factor stimulus","CTNNB1;APC;JAK1;KRAS;SMAD2;SMAD3;NF1;NRAS;PIK3CA;PRKACA;VEGFA;AXIN1"
"57","GO:0009952",0.00112154727294236,6.25531914893617,1.25351071692535,6,53,"anterior/posterior pattern specification","CTNNB1;APC;SMAD2;SMAD3;AXIN1;AXIN2"
"58","GO:1900180",0.00112154727294236,6.25531914893617,1.25351071692535,6,53,"regulation of protein localization to nucleus","CDKN2A;SMAD3;NF1;TERT;AXIN1;AXIN2"
"59","GO:0009855",0.00116497435088514,10.9579831932773,0.496674057649667,4,21,"determination of bilateral symmetry","CTNNB1;SMAD2;SMAD3;AXIN1"
"60","GO:0035412",0.00128998094543644,19.4187192118227,0.236511456023651,3,10,"regulation of catenin import into nucleus","SMAD3;AXIN1;AXIN2"
"61","GO:1902692",0.00128998094543644,19.4187192118227,0.236511456023651,3,10,"regulation of neuroblast proliferation","CTNNB1;NF1;VEGFA"
"62","GO:0072594",0.00130506173344459,4.61423220973783,2.29416112342942,8,97,"establishment of protein localization to organelle","CDKN2A;SMAD3;NF1;NRAS;TERT;AXIN1;AXIN2;CASP8"
"63","GO:0001657",0.00136433617995233,7.45949074074074,0.875092387287509,5,37,"ureteric bud development","CTNNB1;SMAD2;SMAD3;VEGFA;FAT4"
"64","GO:0001894",0.00136433617995233,7.45949074074074,0.875092387287509,5,37,"tissue homeostasis","CTNNB1;KRAS;NF1;VEGFA;PROM1"
"65","GO:0072163",0.00136433617995233,7.45949074074074,0.875092387287509,5,37,"mesonephric epithelium development","CTNNB1;SMAD2;SMAD3;VEGFA;FAT4"
"66","GO:0072164",0.00136433617995233,7.45949074074074,0.875092387287509,5,37,"mesonephric tubule development","CTNNB1;SMAD2;SMAD3;VEGFA;FAT4"
"67","GO:0060341",0.0013751652476315,3.69541231126597,4.13895048041389,11,175,"regulation of cellular localization","CDKN2A;CTNNB1;APC;SMAD3;NF1;PRKACA;TERT;VEGFA;AXIN1;AXIN2;CASP8"
"68","GO:0016310",0.00137693446495878,3.19365079365079,7.82852919438285,16,331,"phosphorylation","CDKN2A;CTNNB1;APC;IL6ST;JAK1;KRAS;SMAD2;SMAD3;NF1;NRAS;PIK3CA;PRKACA;STAT4;VEGFA;AXIN1;AXIN2"
"69","GO:0042325",0.00138224891988725,3.31562638335547,6.26755358462676,14,265,"regulation of phosphorylation","CDKN2A;CTNNB1;APC;IL6ST;JAK1;KRAS;SMAD3;NF1;NRAS;PIK3CA;PRKACA;VEGFA;AXIN1;AXIN2"
"70","GO:0009799",0.00140026318779221,10.3412698412698,0.520325203252033,4,22,"specification of symmetry","CTNNB1;SMAD2;SMAD3;AXIN1"
"71","GO:2000738",0.00140026318779221,10.3412698412698,0.520325203252033,4,22,"positive regulation of stem cell differentiation","CTNNB1;SMAD2;SMAD3;AXIN2"
"72","GO:0070848",0.00145998751206407,3.50673575129534,4.84848484848485,12,205,"response to growth factor","CTNNB1;APC;JAK1;KRAS;SMAD2;SMAD3;NF1;NRAS;PIK3CA;PRKACA;VEGFA;AXIN1"
"73","GO:0035556",0.00147575212575395,3.11435973353072,9.55506282335551,18,404,"intracellular signal transduction","CDKN2A;CTNNB1;APC;IL6ST;JAK1;KRAS;SMAD2;SMAD3;NF1;NRAS;PIK3CA;PRKACA;PTPN13;STAT4;VEGFA;FAT4;AXIN1;CASP8"
"74","GO:0007160",0.001544739904694,7.22783389450056,0.898743532889874,5,38,"cell-matrix adhesion","CDKN2A;CTNNB1;SMAD3;NF1;VEGFA"
"75","GO:0044336",0.0016028066849986,88,0.0709534368070953,2,3,"canonical Wnt signaling pathway involved in negative regulation of apoptotic process","CTNNB1;APC"
"76","GO:0048340",0.0016028066849986,88,0.0709534368070953,2,3,"paraxial mesoderm morphogenesis","SMAD2;SMAD3"
"77","GO:0070602",0.0016028066849986,88,0.0709534368070953,2,3,"regulation of centromeric sister chromatid cohesion","CTNNB1;AXIN2"
"78","GO:0090244",0.0016028066849986,88,0.0709534368070953,2,3,"Wnt signaling pathway involved in somitogenesis","AXIN1;AXIN2"
"79","GO:0045595",0.00163253174304632,3.17893010862882,7.14264597191426,15,302,"regulation of cell differentiation","CDKN2A;CTNNB1;APC;IL6ST;KRAS;SMAD2;SMAD3;NF1;PRKACA;VEGFA;FAT4;AXIN1;AXIN2;CASP8;PROM1"
"80","GO:0090183",0.00166697163014968,9.78947368421053,0.543976348854398,4,23,"regulation of kidney development","CTNNB1;VEGFA;FAT4;PROM1"
"81","GO:0048583",0.00167550702845597,3.10464485812398,12.3932002956393,21,524,"regulation of response to stimulus","MICA;CDKN2A;CTNNB1;APC;DNAJB1;IL6ST;JAK1;KRAS;SMAD2;SMAD3;NF1;NRAS;PIK3CA;PRKACA;PTPN13;TERT;C2;VEGFA;AXIN1;AXIN2;CASP8"
"82","GO:0001823",0.00174222771287464,7.00980392156863,0.922394678492239,5,39,"mesonephros development","CTNNB1;SMAD2;SMAD3;VEGFA;FAT4"
"83","GO:0035411",0.00174525144359182,16.9784482758621,0.260162601626016,3,11,"catenin import into nucleus","SMAD3;AXIN1;AXIN2"
"84","GO:0071359",0.00174525144359182,16.9784482758621,0.260162601626016,3,11,"cellular response to dsRNA","SMAD2;SMAD3;TERT"
"85","GO:0051345",0.00174548033031815,4.02675585284281,2.980044345898,9,126,"positive regulation of hydrolase activity","CDKN2A;DNAJB1;SMAD3;NF1;PRKACA;VEGFA;AXIN1;AXIN2;CASP8"
"86","GO:0001934",0.00183077656045813,3.54649859943978,4.28085735402809,11,181,"positive regulation of protein phosphorylation","CTNNB1;IL6ST;JAK1;KRAS;NF1;NRAS;PIK3CA;PRKACA;VEGFA;AXIN1;AXIN2"
"87","GO:0051246",0.00186408630370065,3.04860335195531,8.86917960088692,17,375,"regulation of protein metabolic process","CDKN2A;CTNNB1;APC;IL6ST;JAK1;KRAS;SMAD2;SMAD3;NF1;NRAS;PIK3CA;PRKACA;C2;VEGFA;AXIN1;AXIN2;CASP8"
"88","GO:0006950",0.00210266709880967,3.02615193026152,12.5824094604582,21,532,"response to stress","MICA;CDKN2A;CTNNB1;GRIK1;APC;DNAJB1;IL6ST;JAK1;KRAS;SMAD3;NF1;NRAS;PIK3CA;PRKACA;TERT;C2;VEGFA;AXIN1;AXIN2;CASP8;KIF23"
"89","GO:0007423",0.00220389630712001,4.20618556701031,2.48337028824834,8,105,"sensory organ development","CTNNB1;APC;SMAD3;NF1;VEGFA;FAT4;AXIN1;PROM1"
"90","GO:0051093",0.00221687245230058,3.63017934446506,3.71322985957132,10,157,"negative regulation of developmental process","CDKN2A;CTNNB1;APC;KRAS;SMAD3;NF1;NRAS;TERT;AXIN1;AXIN2"
"91","GO:0016441",0.00228966871506545,15.0804597701149,0.283813747228381,3,12,"posttranscriptional gene silencing","SMAD2;SMAD3;TERT"
"92","GO:0035194",0.00228966871506545,15.0804597701149,0.283813747228381,3,12,"posttranscriptional gene silencing by RNA","SMAD2;SMAD3;TERT"
"93","GO:0050776",0.00230055501161808,3.43020408163265,4.39911308203991,11,186,"regulation of immune response","MICA;IL6ST;JAK1;KRAS;SMAD3;NF1;NRAS;PIK3CA;PRKACA;C2;CASP8"
"94","GO:0002220",0.00230315100293447,8.84353741496599,0.591278640059128,4,25,"innate immune response activating cell surface receptor signaling pathway","KRAS;NRAS;PRKACA;CASP8"
"95","GO:0002223",0.00230315100293447,8.84353741496599,0.591278640059128,4,25,"stimulatory C-type lectin receptor signaling pathway","KRAS;NRAS;PRKACA;CASP8"
"96","GO:0048704",0.00230315100293447,8.84353741496599,0.591278640059128,4,25,"embryonic skeletal system morphogenesis","CTNNB1;SMAD2;SMAD3;AXIN1"
"97","GO:0051347",0.00230799279343636,3.84568781183179,3.09830007390983,9,131,"positive regulation of transferase activity","CTNNB1;JAK1;KRAS;NF1;NRAS;PIK3CA;PRKACA;VEGFA;AXIN1"
"98","GO:0033365",0.00257047495089099,3.7773492286115,3.14560236511456,9,133,"protein localization to organelle","CDKN2A;SMAD3;NF1;NRAS;TERT;VEGFA;AXIN1;AXIN2;CASP8"
"99","GO:0051338",0.00262748241337597,3.36356340288925,4.47006651884701,11,189,"regulation of transferase activity","CDKN2A;CTNNB1;APC;JAK1;KRAS;NF1;NRAS;PIK3CA;PRKACA;VEGFA;AXIN1"
"100","GO:0007166",0.00265764009793899,2.90654368256178,10.9031781226903,19,461,"cell surface receptor signaling pathway","CTNNB1;GRIK1;APC;IL6ST;JAK1;KRAS;SMAD2;SMAD3;NEDD9;NF1;NRAS;PIK3CA;PRKACA;STAT4;TERT;VEGFA;AXIN1;AXIN2;CASP8"
"101","GO:0001952",0.00267683182901167,8.43506493506493,0.614929785661493,4,26,"regulation of cell-matrix adhesion","CDKN2A;SMAD3;NF1;VEGFA"
"102","GO:0048593",0.00267683182901167,8.43506493506493,0.614929785661493,4,26,"camera-type eye morphogenesis","CTNNB1;NF1;VEGFA;PROM1"
"103","GO:0042327",0.00274462684372779,3.34184623570098,4.49371766444937,11,190,"positive regulation of phosphorylation","CTNNB1;IL6ST;JAK1;KRAS;NF1;NRAS;PIK3CA;PRKACA;VEGFA;AXIN1;AXIN2"
"104","GO:0008543",0.00280209366719959,4.46205128205128,2.01034737620103,7,85,"fibroblast growth factor receptor signaling pathway","CTNNB1;JAK1;KRAS;NF1;NRAS;PIK3CA;PRKACA"
"105","GO:0042110",0.00280908195919535,4.02640264026403,2.5779748706578,8,109,"T cell activation","MICA;CDKN2A;CTNNB1;APC;IL6ST;SMAD3;PIK3CA;CASP8"
"106","GO:0070489",0.00280908195919535,4.02640264026403,2.5779748706578,8,109,"T cell aggregation","MICA;CDKN2A;CTNNB1;APC;IL6ST;SMAD3;PIK3CA;CASP8"
"107","GO:0071593",0.00280908195919535,4.02640264026403,2.5779748706578,8,109,"lymphocyte aggregation","MICA;CDKN2A;CTNNB1;APC;IL6ST;SMAD3;PIK3CA;CASP8"
"108","GO:0045859",0.00282218460618059,3.49581339712919,3.83148558758315,10,162,"regulation of protein kinase activity","CDKN2A;APC;JAK1;KRAS;NF1;NRAS;PIK3CA;PRKACA;VEGFA;AXIN1"
"109","GO:0071822",0.00286773533270869,3.19234449760766,5.22690317812269,12,221,"protein complex subunit organization","CTNNB1;ARID2;APC;SMAD2;SMAD3;NEDD9;NF1;HNF1A;VEGFA;AXIN1;CASP8;KIF23"
"110","GO:0032268",0.00287833500650874,2.91988130563798,8.34885439763489,16,353,"regulation of cellular protein metabolic process","CDKN2A;CTNNB1;APC;IL6ST;JAK1;KRAS;SMAD2;SMAD3;NF1;NRAS;PIK3CA;PRKACA;VEGFA;AXIN1;AXIN2;CASP8"
"111","GO:0019220",0.00290453764037488,3.01353013530135,6.74057649667406,14,285,"regulation of phosphate metabolic process","CDKN2A;CTNNB1;APC;IL6ST;JAK1;KRAS;SMAD3;NF1;NRAS;PIK3CA;PRKACA;VEGFA;AXIN1;AXIN2"
"112","GO:0051174",0.00290453764037488,3.01353013530135,6.74057649667406,14,285,"regulation of phosphorus metabolic process","CDKN2A;CTNNB1;APC;IL6ST;JAK1;KRAS;SMAD3;NF1;NRAS;PIK3CA;PRKACA;VEGFA;AXIN1;AXIN2"
"113","GO:0035850",0.00292884138636154,13.5620689655172,0.307464892830747,3,13,"epithelial cell differentiation involved in kidney development","CTNNB1;FAT4;PROM1"
"114","GO:0008104",0.0030080920820304,2.99959150326797,6.76422764227642,14,286,"protein localization","CDKN2A;CTNNB1;APC;SMAD2;SMAD3;NF1;NRAS;PRKACA;HNF1A;TERT;VEGFA;AXIN1;AXIN2;CASP8"
"115","GO:0034329",0.00302003559224497,6.08736942070275,1.04065040650407,5,44,"cell junction assembly","CTNNB1;APC;SMAD3;PRKACA;VEGFA"
"116","GO:0045088",0.00304118969012657,5.02519893899204,1.51367331855137,6,64,"regulation of innate immune response","MICA;JAK1;KRAS;NRAS;PRKACA;CASP8"
"117","GO:0070486",0.00315743260975531,3.94174757281553,2.62527716186253,8,111,"leukocyte aggregation","MICA;CDKN2A;CTNNB1;APC;IL6ST;SMAD3;PIK3CA;CASP8"
"118","GO:0014051",0.00315822092256198,43.9666666666667,0.0946045824094605,2,4,"gamma-aminobutyric acid secretion","GRIK1;NF1"
"119","GO:0015812",0.00315822092256198,43.9666666666667,0.0946045824094605,2,4,"gamma-aminobutyric acid transport","GRIK1;NF1"
"120","GO:0023019",0.00315822092256198,43.9666666666667,0.0946045824094605,2,4,"signal transduction involved in regulation of gene expression","SMAD2;SMAD3"
"121","GO:0033233",0.00315822092256198,43.9666666666667,0.0946045824094605,2,4,"regulation of protein sumoylation","CDKN2A;CTNNB1"
"122","GO:0038092",0.00315822092256198,43.9666666666667,0.0946045824094605,2,4,"nodal signaling pathway","SMAD2;SMAD3"
"123","GO:0048096",0.00315822092256198,43.9666666666667,0.0946045824094605,2,4,"chromatin-mediated maintenance of transcription","CTNNB1;ARID1B"
"124","GO:0048169",0.00315822092256198,43.9666666666667,0.0946045824094605,2,4,"regulation of long-term neuronal synaptic plasticity","KRAS;NF1"
"125","GO:0048715",0.00315822092256198,43.9666666666667,0.0946045824094605,2,4,"negative regulation of oligodendrocyte differentiation","CTNNB1;NF1"
"126","GO:0070601",0.00315822092256198,43.9666666666667,0.0946045824094605,2,4,"centromeric sister chromatid cohesion","CTNNB1;AXIN2"
"127","GO:0043010",0.00329423101361926,4.9361147327249,1.53732446415373,6,65,"camera-type eye development","CTNNB1;APC;SMAD3;NF1;VEGFA;PROM1"
"128","GO:0010770",0.00334061342709966,5.93055555555556,1.06430155210643,5,45,"positive regulation of cell morphogenesis involved in differentiation","CTNNB1;SMAD2;SMAD3;VEGFA;AXIN2"
"129","GO:0045216",0.00334061342709966,5.93055555555556,1.06430155210643,5,45,"cell-cell junction organization","CTNNB1;APC;SMAD3;PRKACA;VEGFA"
"130","GO:0048705",0.00334061342709966,5.93055555555556,1.06430155210643,5,45,"skeletal system morphogenesis","CTNNB1;SMAD2;SMAD3;AXIN1;AXIN2"
"131","GO:0044344",0.0034263180823565,4.28641975308642,2.08130081300813,7,88,"cellular response to fibroblast growth factor stimulus","CTNNB1;JAK1;KRAS;NF1;NRAS;PIK3CA;PRKACA"
"132","GO:0071774",0.00365663626779867,4.23073170731707,2.1049519586105,7,89,"response to fibroblast growth factor","CTNNB1;JAK1;KRAS;NF1;NRAS;PIK3CA;PRKACA"
"133","GO:0006919",0.00366787936715526,12.3197492163009,0.331116038433112,3,14,"activation of cysteine-type endopeptidase activity involved in apoptotic process","CDKN2A;SMAD3;CASP8"
"134","GO:0009880",0.00366787936715526,12.3197492163009,0.331116038433112,3,14,"embryonic pattern specification","CTNNB1;SMAD2;SMAD3"
"135","GO:0031638",0.00366787936715526,12.3197492163009,0.331116038433112,3,14,"zymogen activation","CDKN2A;SMAD3;CASP8"
"136","GO:0043331",0.00366787936715526,12.3197492163009,0.331116038433112,3,14,"response to dsRNA","SMAD2;SMAD3;TERT"
"137","GO:0051340",0.00366787936715526,12.3197492163009,0.331116038433112,3,14,"regulation of ligase activity","CDKN2A;APC;AXIN1"
"138","GO:0051438",0.00366787936715526,12.3197492163009,0.331116038433112,3,14,"regulation of ubiquitin-protein transferase activity","CDKN2A;APC;AXIN1"
"139","GO:0097202",0.00366787936715526,12.3197492163009,0.331116038433112,3,14,"activation of cysteine-type endopeptidase activity","CDKN2A;SMAD3;CASP8"
"140","GO:0031399",0.00395442856232308,2.89166666666667,6.95343680709534,14,294,"regulation of protein modification process","CDKN2A;CTNNB1;APC;IL6ST;JAK1;KRAS;SMAD3;NF1;NRAS;PIK3CA;PRKACA;VEGFA;AXIN1;AXIN2"
"141","GO:0007159",0.00395613362341296,3.78193146417446,2.71988174427199,8,115,"leukocyte cell-cell adhesion","MICA;CDKN2A;CTNNB1;APC;IL6ST;SMAD3;PIK3CA;CASP8"
"142","GO:0006796",0.00402017660152113,2.77563098346388,9.46045824094605,17,400,"phosphate-containing compound metabolic process","CDKN2A;CTNNB1;APC;IL6ST;JAK1;KRAS;SMAD2;SMAD3;NF1;NRAS;PIK3CA;PRKACA;PTPN13;STAT4;VEGFA;AXIN1;AXIN2"
"143","GO:0010717",0.0040449555919574,7.40571428571429,0.685883222468588,4,29,"regulation of epithelial to mesenchymal transition","CTNNB1;SMAD2;SMAD3;AXIN2"
"144","GO:0016485",0.0040449555919574,7.40571428571429,0.685883222468588,4,29,"protein processing","CDKN2A;SMAD3;C2;CASP8"
"145","GO:0040029",0.00405481644873195,5.63932980599647,1.11160384331116,5,47,"regulation of gene expression, epigenetic","CTNNB1;SMAD2;SMAD3;ARID1B;TERT"
"146","GO:0045087",0.00406580308308045,3.29829545454545,4.02069475240207,10,170,"innate immune response","MICA;CTNNB1;JAK1;KRAS;NF1;NRAS;PIK3CA;PRKACA;C2;CASP8"
"147","GO:0048522",0.00434669003571426,2.9593984962406,16.2956393200296,24,689,"positive regulation of cellular process","CDKN2A;CTNNB1;GRIK1;APC;IL6ST;JAK1;KRAS;SMAD2;SMAD3;NF1;NRAS;PIK3CA;PRKACA;ARID1B;STAT4;HNF1A;TERT;C2;VEGFA;AXIN1;AXIN2;CASP8;PROM1;KIF23"
"148","GO:0007155",0.00438051805888171,3.00272727272727,5.48706577974871,12,232,"cell adhesion","MICA;CDKN2A;CTNNB1;APC;IL6ST;SMAD3;NEDD9;NF1;PIK3CA;VEGFA;FAT4;CASP8"
"149","GO:0007389",0.00441975492083315,4.07152941176471,2.17590539541759,7,92,"pattern specification process","CTNNB1;APC;SMAD2;SMAD3;VEGFA;AXIN1;AXIN2"
"150","GO:0009611",0.00443735589225495,3.25196408529742,4.0679970436068,10,172,"response to wounding","IL6ST;KRAS;SMAD3;NF1;NRAS;PIK3CA;PRKACA;C2;VEGFA;KIF23"
"151","GO:0003007",0.00445045921294585,5.50387596899225,1.13525498891353,5,48,"heart morphogenesis","CTNNB1;SMAD3;VEGFA;FAT4;AXIN2"
"152","GO:0030111",0.00446787050064746,4.60805860805861,1.63192904656319,6,69,"regulation of Wnt signaling pathway","CTNNB1;APC;SMAD3;TERT;AXIN1;AXIN2"
"153","GO:0032330",0.00451141661931837,11.2844827586207,0.354767184035477,3,15,"regulation of chondrocyte differentiation","CTNNB1;SMAD3;AXIN2"
"154","GO:0045685",0.00451141661931837,11.2844827586207,0.354767184035477,3,15,"regulation of glial cell differentiation","CTNNB1;IL6ST;NF1"
"155","GO:0006952",0.00454567476925014,2.98642533936652,5.51071692535107,12,233,"defense response","MICA;CTNNB1;IL6ST;JAK1;KRAS;SMAD3;NF1;NRAS;PIK3CA;PRKACA;C2;CASP8"
"156","GO:0022610",0.00454567476925014,2.98642533936652,5.51071692535107,12,233,"biological adhesion","MICA;CDKN2A;CTNNB1;APC;IL6ST;SMAD3;NEDD9;NF1;PIK3CA;VEGFA;FAT4;CASP8"
"157","GO:0043549",0.00463313131714509,3.22922476296709,4.09164818920916,10,173,"regulation of kinase activity","CDKN2A;APC;JAK1;KRAS;NF1;NRAS;PIK3CA;PRKACA;VEGFA;AXIN1"
"158","GO:1902533",0.00463313131714509,3.22922476296709,4.09164818920916,10,173,"positive regulation of intracellular signal transduction","CDKN2A;CTNNB1;IL6ST;JAK1;KRAS;NF1;NRAS;VEGFA;AXIN1;CASP8"
"159","GO:0006793",0.00464398190094865,2.72525773195876,9.57871396895787,17,405,"phosphorus metabolic process","CDKN2A;CTNNB1;APC;IL6ST;JAK1;KRAS;SMAD2;SMAD3;NF1;NRAS;PIK3CA;PRKACA;PTPN13;STAT4;VEGFA;AXIN1;AXIN2"
"160","GO:1902531",0.00469909844108421,2.88828791345954,6.29120473022912,13,266,"regulation of intracellular signal transduction","CDKN2A;CTNNB1;APC;IL6ST;JAK1;KRAS;NF1;NRAS;PRKACA;PTPN13;VEGFA;AXIN1;CASP8"
"161","GO:0010648",0.00470119602273448,3.08010912698413,4.80118255728012,11,203,"negative regulation of cell communication","CTNNB1;GRIK1;APC;IL6ST;SMAD2;SMAD3;NF1;TERT;AXIN1;AXIN2;CASP8"
"162","GO:0023057",0.00470119602273448,3.08010912698413,4.80118255728012,11,203,"negative regulation of signaling","CTNNB1;GRIK1;APC;IL6ST;SMAD2;SMAD3;NF1;TERT;AXIN1;AXIN2;CASP8"
"163","GO:0034330",0.00487313963314677,5.37457912457912,1.15890613451589,5,49,"cell junction organization","CTNNB1;APC;SMAD3;PRKACA;VEGFA"
"164","GO:0071900",0.0049055140312514,3.63363363363363,2.81448632668145,8,119,"regulation of protein serine/threonine kinase activity","CDKN2A;APC;JAK1;KRAS;NF1;NRAS;VEGFA;AXIN1"
"165","GO:1902589",0.00491341882430825,2.76011029411765,7.92313377679231,15,335,"single-organism organelle organization","CDKN2A;CTNNB1;ARID2;APC;KRAS;SMAD3;NEDD9;NF1;PIK3CA;TERT;VEGFA;AXIN1;AXIN2;CASP8;KIF23"
"166","GO:0006508",0.00492093872268461,3.38178356077436,3.45306725794531,9,146,"proteolysis","CDKN2A;PRSS23;APC;SMAD3;PRKACA;C2;VEGFA;AXIN1;CASP8"
"167","GO:0034109",0.00516853797684421,3.59821428571429,2.83813747228381,8,120,"homotypic cell-cell adhesion","MICA;CDKN2A;CTNNB1;APC;IL6ST;SMAD3;PIK3CA;CASP8"
"168","GO:0071407",0.00516853797684421,3.59821428571429,2.83813747228381,8,120,"cellular response to organic cyclic compound","CTNNB1;SMAD2;SMAD3;PRKACA;TERT;AXIN1;AXIN2;CASP8"
"169","GO:0001704",0.00518284064029814,6.84656084656085,0.733185513673319,4,31,"formation of primary germ layer","CTNNB1;SMAD2;SMAD3;AXIN1"
"170","GO:0002761",0.00518284064029814,6.84656084656085,0.733185513673319,4,31,"regulation of myeloid leukocyte differentiation","CTNNB1;APC;NF1;CASP8"
"171","GO:0048706",0.00518284064029814,6.84656084656085,0.733185513673319,4,31,"embryonic skeletal system development","CTNNB1;SMAD2;SMAD3;AXIN1"
"172","GO:0051604",0.00518284064029814,6.84656084656085,0.733185513673319,4,31,"protein maturation","CDKN2A;SMAD3;C2;CASP8"
"173","GO:0061326",0.00518284064029814,6.84656084656085,0.733185513673319,4,31,"renal tubule development","CTNNB1;VEGFA;FAT4;PROM1"
"174","GO:0072080",0.00518284064029814,6.84656084656085,0.733185513673319,4,31,"nephron tubule development","CTNNB1;VEGFA;FAT4;PROM1"
"175","GO:0007183",0.00518598606152525,29.2888888888889,0.118255728011826,2,5,"SMAD protein complex assembly","SMAD2;SMAD3"
"176","GO:0014002",0.00518598606152525,29.2888888888889,0.118255728011826,2,5,"astrocyte development","KRAS;NF1"
"177","GO:0031053",0.00518598606152525,29.2888888888889,0.118255728011826,2,5,"primary miRNA processing","SMAD2;SMAD3"
"178","GO:0048339",0.00518598606152525,29.2888888888889,0.118255728011826,2,5,"paraxial mesoderm development","SMAD2;SMAD3"
"179","GO:0048710",0.00518598606152525,29.2888888888889,0.118255728011826,2,5,"regulation of astrocyte differentiation","IL6ST;NF1"
"180","GO:0060768",0.00518598606152525,29.2888888888889,0.118255728011826,2,5,"regulation of epithelial cell proliferation involved in prostate gland development","CTNNB1;APC"
"181","GO:0097296",0.00518598606152525,29.2888888888889,0.118255728011826,2,5,"activation of cysteine-type endopeptidase activity involved in apoptotic signaling pathway","SMAD3;CASP8"
"182","GO:1903672",0.00518598606152525,29.2888888888889,0.118255728011826,2,5,"positive regulation of sprouting angiogenesis","JAK1;VEGFA"
"183","GO:2001269",0.00518598606152525,29.2888888888889,0.118255728011826,2,5,"positive regulation of cysteine-type endopeptidase activity involved in apoptotic signaling pathway","SMAD3;CASP8"
"184","GO:0010646",0.00525043580057707,2.67332667332667,10.5720620842572,18,447,"regulation of cell communication","CDKN2A;CTNNB1;GRIK1;APC;IL6ST;JAK1;KRAS;SMAD2;SMAD3;NF1;NRAS;PRKACA;PTPN13;TERT;VEGFA;AXIN1;AXIN2;CASP8"
"185","GO:0034613",0.00528472126807884,3.02466422466422,4.87213599408721,11,206,"cellular protein localization","CDKN2A;CTNNB1;APC;SMAD3;NF1;NRAS;TERT;VEGFA;AXIN1;AXIN2;CASP8"
"186","GO:0060828",0.00532386188831435,5.25102880658436,1.18255728011826,5,50,"regulation of canonical Wnt signaling pathway","CTNNB1;APC;SMAD3;AXIN1;AXIN2"
"187","GO:0065009",0.00534856501901272,2.67616624257846,9.6969696969697,17,410,"regulation of molecular function","CDKN2A;CTNNB1;APC;DNAJB1;JAK1;KRAS;SMAD2;SMAD3;NF1;NRAS;PIK3CA;PRKACA;TERT;VEGFA;AXIN1;AXIN2;CASP8"
"188","GO:0071310",0.00534856501901272,2.67616624257846,9.6969696969697,17,410,"cellular response to organic substance","CTNNB1;APC;IL6ST;JAK1;KRAS;SMAD2;SMAD3;NF1;NRAS;PIK3CA;PRKACA;STAT4;TERT;VEGFA;AXIN1;AXIN2;CASP8"
"189","GO:0023051",0.0053943997522539,2.6641196013289,10.5957132298596,18,448,"regulation of signaling","CDKN2A;CTNNB1;GRIK1;APC;IL6ST;JAK1;KRAS;SMAD2;SMAD3;NF1;NRAS;PRKACA;PTPN13;TERT;VEGFA;AXIN1;AXIN2;CASP8"
"190","GO:0016043",0.00540601534703603,2.87982195845697,16.5084996304508,24,698,"cellular component organization","CDKN2A;CTNNB1;ARID2;APC;DNAJB1;JAK1;KRAS;SMAD2;SMAD3;NEDD9;NF1;NRAS;PIK3CA;PRKACA;ARID1B;HNF1A;TERT;C2;VEGFA;FAT4;AXIN1;AXIN2;CASP8;KIF23"
"191","GO:0045860",0.00544241860490157,3.56342182890855,2.86178861788618,8,121,"positive regulation of protein kinase activity","JAK1;KRAS;NF1;NRAS;PIK3CA;PRKACA;VEGFA;AXIN1"
"192","GO:0007405",0.00546363312766737,10.4084880636605,0.378418329637842,3,16,"neuroblast proliferation","CTNNB1;NF1;VEGFA"
"193","GO:0033045",0.00546363312766737,10.4084880636605,0.378418329637842,3,16,"regulation of sister chromatid segregation","CTNNB1;APC;AXIN2"
"194","GO:0045670",0.00546363312766737,10.4084880636605,0.378418329637842,3,16,"regulation of osteoclast differentiation","CTNNB1;APC;NF1"
"195","GO:0051983",0.00546363312766737,10.4084880636605,0.378418329637842,3,16,"regulation of chromosome segregation","CTNNB1;APC;AXIN2"
"196","GO:0061005",0.00546363312766737,10.4084880636605,0.378418329637842,3,16,"cell differentiation involved in kidney development","CTNNB1;FAT4;PROM1"
"197","GO:0048010",0.00553446501147376,4.38811188811189,1.70288248337029,6,72,"vascular endothelial growth factor receptor signaling pathway","JAK1;KRAS;NF1;NRAS;PIK3CA;VEGFA"
"198","GO:0065008",0.00554172718726417,2.65495525356314,10.6193643754619,18,449,"regulation of biological quality","CDKN2A;CTNNB1;GRIK1;APC;KRAS;SMAD2;SMAD3;NF1;NRAS;PIK3CA;PRKACA;HNF1A;TERT;VEGFA;AXIN2;CASP8;PROM1;KIF23"
"199","GO:0070727",0.00570538734456128,2.98863911046652,4.91943828529194,11,208,"cellular macromolecule localization","CDKN2A;CTNNB1;APC;SMAD3;NF1;NRAS;TERT;VEGFA;AXIN1;AXIN2;CASP8"
"200","GO:0071840",0.00580683044601453,2.85376661742984,16.5794530672579,24,701,"cellular component organization or biogenesis","CDKN2A;CTNNB1;ARID2;APC;DNAJB1;JAK1;KRAS;SMAD2;SMAD3;NEDD9;NF1;NRAS;PIK3CA;PRKACA;ARID1B;HNF1A;TERT;C2;VEGFA;FAT4;AXIN1;AXIN2;CASP8;KIF23"
"201","GO:0009966",0.00581344846880139,2.6473063973064,9.76792313377679,17,413,"regulation of signal transduction","CDKN2A;CTNNB1;APC;IL6ST;JAK1;KRAS;SMAD2;SMAD3;NF1;NRAS;PRKACA;PTPN13;TERT;VEGFA;AXIN1;AXIN2;CASP8"
"202","GO:0072009",0.00582527081391627,6.5969387755102,0.756836659275684,4,32,"nephron epithelium development","CTNNB1;VEGFA;FAT4;PROM1"
"203","GO:0072091",0.00582527081391627,6.5969387755102,0.756836659275684,4,32,"regulation of stem cell proliferation","CTNNB1;NF1;TERT;VEGFA"
"204","GO:0060429",0.00585087946221681,2.87631578947368,5.67627494456763,12,240,"epithelium development","CTNNB1;APC;KRAS;SMAD2;SMAD3;NF1;VEGFA;FAT4;AXIN1;AXIN2;CASP8;PROM1"
"205","GO:0010604",0.00588109053273485,2.65032679738562,12.5351071692535,20,530,"positive regulation of macromolecule metabolic process","CDKN2A;CTNNB1;APC;IL6ST;JAK1;KRAS;SMAD2;SMAD3;NF1;NRAS;PIK3CA;PRKACA;ARID1B;STAT4;HNF1A;TERT;VEGFA;AXIN1;AXIN2;CASP8"
"206","GO:1901698",0.00620641653337365,3.07754010695187,4.25720620842572,10,180,"response to nitrogen compound","CTNNB1;JAK1;KRAS;SMAD2;SMAD3;NF1;NRAS;PIK3CA;PRKACA;TERT"
"207","GO:0071375",0.0063068563504322,3.78461538461538,2.31781226903178,7,98,"cellular response to peptide hormone stimulus","CTNNB1;JAK1;KRAS;NF1;NRAS;PIK3CA;PRKACA"
"208","GO:0007507",0.00633218979228762,3.46264367816092,2.93274205469327,8,124,"heart development","CTNNB1;SMAD2;SMAD3;NF1;VEGFA;FAT4;AXIN2;CASP8"
"209","GO:0001889",0.00651913363632417,6.36453201970443,0.780487804878049,4,33,"liver development","CTNNB1;SMAD3;NF1;PIK3CA"
"210","GO:0031334",0.00651913363632417,6.36453201970443,0.780487804878049,4,33,"positive regulation of protein complex assembly","CTNNB1;APC;HNF1A;VEGFA"
"211","GO:0061008",0.00651913363632417,6.36453201970443,0.780487804878049,4,33,"hepaticobiliary system development","CTNNB1;SMAD3;NF1;PIK3CA"
"212","GO:0007368",0.00652827609629265,9.6576354679803,0.402069475240207,3,17,"determination of left/right symmetry","SMAD2;SMAD3;AXIN1"
"213","GO:0030858",0.00652827609629265,9.6576354679803,0.402069475240207,3,17,"positive regulation of epithelial cell differentiation","CTNNB1;APC;PROM1"
"214","GO:0061035",0.00652827609629265,9.6576354679803,0.402069475240207,3,17,"regulation of cartilage development","CTNNB1;SMAD3;AXIN2"
"215","GO:0033674",0.00665249911125025,3.43019943019943,2.95639320029564,8,125,"positive regulation of kinase activity","JAK1;KRAS;NF1;NRAS;PIK3CA;PRKACA;VEGFA;AXIN1"
"216","GO:0031589",0.00685424516701476,4.91126543209877,1.25351071692535,5,53,"cell-substrate adhesion","CDKN2A;CTNNB1;SMAD3;NF1;VEGFA"
"217","GO:0022411",0.00723637784795781,4.12417582417582,1.79748706577975,6,76,"cellular component disassembly","CDKN2A;CTNNB1;ARID2;APC;PIK3CA;CASP8"
"218","GO:0048729",0.007368084513077,3.14919594997022,3.66592756836659,9,155,"tissue morphogenesis","CTNNB1;KRAS;SMAD2;SMAD3;VEGFA;FAT4;AXIN1;CASP8;PROM1"
"219","GO:0046822",0.00742706498013519,4.80725623582766,1.27716186252772,5,54,"regulation of nucleocytoplasmic transport","CDKN2A;SMAD3;NF1;AXIN1;AXIN2"
"220","GO:1901653",0.00745308651255633,3.65489361702128,2.38876570583888,7,101,"cellular response to peptide","CTNNB1;JAK1;KRAS;NF1;NRAS;PIK3CA;PRKACA"
"221","GO:0002673",0.00766428210487986,21.95,0.141906873614191,2,6,"regulation of acute inflammatory response","IL6ST;C2"
"222","GO:0007063",0.00766428210487986,21.95,0.141906873614191,2,6,"regulation of sister chromatid cohesion","CTNNB1;AXIN2"
"223","GO:0032770",0.00766428210487986,21.95,0.141906873614191,2,6,"positive regulation of monooxygenase activity","KRAS;TERT"
"224","GO:0035020",0.00766428210487986,21.95,0.141906873614191,2,6,"regulation of Rac protein signal transduction","KRAS;NF1"
"225","GO:0045686",0.00766428210487986,21.95,0.141906873614191,2,6,"negative regulation of glial cell differentiation","CTNNB1;NF1"
"226","GO:0048168",0.00766428210487986,21.95,0.141906873614191,2,6,"regulation of neuronal synaptic plasticity","KRAS;NF1"
"227","GO:0048485",0.00766428210487986,21.95,0.141906873614191,2,6,"sympathetic nervous system development","CTNNB1;NF1"
"228","GO:0051000",0.00766428210487986,21.95,0.141906873614191,2,6,"positive regulation of nitric-oxide synthase activity","KRAS;TERT"
"229","GO:0060039",0.00766428210487986,21.95,0.141906873614191,2,6,"pericardium development","SMAD2;SMAD3"
"230","GO:0060767",0.00766428210487986,21.95,0.141906873614191,2,6,"epithelial cell proliferation involved in prostate gland development","CTNNB1;APC"
"231","GO:0060914",0.00766428210487986,21.95,0.141906873614191,2,6,"heart formation","CTNNB1;AXIN2"
"232","GO:2001267",0.00766428210487986,21.95,0.141906873614191,2,6,"regulation of cysteine-type endopeptidase activity involved in apoptotic signaling pathway","SMAD3;CASP8"
"233","GO:0048646",0.00766713799532331,2.85156794425087,5.10864745011086,11,216,"anatomical structure formation involved in morphogenesis","CTNNB1;JAK1;SMAD2;SMAD3;NF1;PIK3CA;VEGFA;AXIN1;AXIN2;CASP8;PROM1"
"234","GO:0042060",0.00768888652340704,3.33611111111111,3.02734663710273,8,128,"wound healing","KRAS;SMAD3;NF1;NRAS;PIK3CA;PRKACA;VEGFA;KIF23"
"235","GO:0001756",0.00770868039369211,9.00689655172414,0.425720620842572,3,18,"somitogenesis","SMAD3;AXIN1;AXIN2"
"236","GO:0045778",0.00770868039369211,9.00689655172414,0.425720620842572,3,18,"positive regulation of ossification","CTNNB1;IL6ST;SMAD3"
"237","GO:0048708",0.00770868039369211,9.00689655172414,0.425720620842572,3,18,"astrocyte differentiation","IL6ST;KRAS;NF1"
"238","GO:1903321",0.00770868039369211,9.00689655172414,0.425720620842572,3,18,"negative regulation of protein modification by small protein conjugation or removal","CDKN2A;CTNNB1;APC"
"239","GO:0003002",0.0077159133047708,4.06283856988082,1.82113821138211,6,77,"regionalization","CTNNB1;APC;SMAD2;SMAD3;AXIN1;AXIN2"
"240","GO:0035295",0.00802285679125229,3.10135135135135,3.71322985957132,9,157,"tube development","CTNNB1;KRAS;SMAD2;SMAD3;NF1;VEGFA;FAT4;CASP8;PROM1"
"241","GO:0002573",0.00803285169797377,4.70740740740741,1.30081300813008,5,55,"myeloid leukocyte differentiation","CTNNB1;APC;NF1;VEGFA;CASP8"
"242","GO:0009887",0.00823355887194328,2.8189556015643,5.1559497413156,11,218,"organ morphogenesis","CTNNB1;APC;KRAS;SMAD2;SMAD3;NF1;VEGFA;FAT4;AXIN1;AXIN2;PROM1"
"243","GO:0090287",0.00867256166671158,4.61147421931736,1.32446415373245,5,56,"regulation of cellular response to growth factor stimulus","CTNNB1;SMAD2;SMAD3;VEGFA;AXIN1"
"244","GO:1903533",0.00867256166671158,4.61147421931736,1.32446415373245,5,56,"regulation of protein targeting","CDKN2A;SMAD3;NF1;AXIN1;AXIN2"
"245","GO:0007167",0.00879048268337506,2.7025,5.96008869179601,12,252,"enzyme linked receptor protein signaling pathway","CTNNB1;IL6ST;JAK1;KRAS;SMAD2;SMAD3;NF1;NRAS;PIK3CA;PRKACA;VEGFA;AXIN1"
"246","GO:0033036",0.00891009668027175,2.579883805374,7.56836659275684,14,320,"macromolecule localization","CDKN2A;CTNNB1;APC;SMAD2;SMAD3;NF1;NRAS;PRKACA;HNF1A;TERT;VEGFA;AXIN1;AXIN2;CASP8"
"247","GO:0007498",0.00892666529006935,5.75446428571429,0.851441241685144,4,36,"mesoderm development","SMAD2;SMAD3;VEGFA;AXIN1"
"248","GO:0033138",0.00900778826931319,8.4375,0.449371766444937,3,19,"positive regulation of peptidyl-serine phosphorylation","PIK3CA;VEGFA;AXIN1"
"249","GO:1901888",0.00900778826931319,8.4375,0.449371766444937,3,19,"regulation of cell junction assembly","SMAD3;PRKACA;VEGFA"
"250","GO:2000177",0.00900778826931319,8.4375,0.449371766444937,3,19,"regulation of neural precursor cell proliferation","CTNNB1;NF1;VEGFA"
"251","GO:0030155",0.0092584811463937,3.21774193548387,3.1219512195122,8,132,"regulation of cell adhesion","CDKN2A;CTNNB1;APC;IL6ST;SMAD3;NF1;PIK3CA;VEGFA"
"252","GO:0034504",0.00929407486503715,3.88877338877339,1.89209164818921,6,80,"protein localization to nucleus","CDKN2A;SMAD3;NF1;TERT;AXIN1;AXIN2"
"253","GO:0048518",0.00934321590330102,2.77831186310325,18.1640798226164,25,768,"positive regulation of biological process","CDKN2A;CTNNB1;GRIK1;APC;DNAJB1;IL6ST;JAK1;KRAS;SMAD2;SMAD3;NF1;NRAS;PIK3CA;PRKACA;ARID1B;STAT4;HNF1A;TERT;C2;VEGFA;AXIN1;AXIN2;CASP8;PROM1;KIF23"
"254","GO:0098609",0.00946788331752197,3.00943935926773,3.80783444198078,9,161,"cell-cell adhesion","MICA;CDKN2A;CTNNB1;APC;IL6ST;SMAD3;PIK3CA;FAT4;CASP8"
"255","GO:0006955",0.0096858787125821,2.66172839506173,6.0310421286031,12,255,"immune response","MICA;CTNNB1;IL6ST;JAK1;KRAS;SMAD3;NF1;NRAS;PIK3CA;PRKACA;C2;CASP8"
"256","GO:0032386",0.00970309295305841,3.45616161616162,2.5070214338507,7,106,"regulation of intracellular transport","CDKN2A;SMAD3;NF1;PRKACA;AXIN1;AXIN2;CASP8"
"257","GO:0043434",0.00970309295305841,3.45616161616162,2.5070214338507,7,106,"response to peptide hormone","CTNNB1;JAK1;KRAS;NF1;NRAS;PIK3CA;PRKACA"
"258","GO:0001837",0.00984331124281081,5.57575757575758,0.875092387287509,4,37,"epithelial to mesenchymal transition","CTNNB1;SMAD2;SMAD3;AXIN2"
"259","GO:0010810",0.00984331124281081,5.57575757575758,0.875092387287509,4,37,"regulation of cell-substrate adhesion","CDKN2A;SMAD3;NF1;VEGFA"
