"","GOCCID","Pvalue","OddsRatio","ExpCount","Count","Size","Term","Symbols"
"1","GO:0030877",1.31399312319192e-06,186.48275862069,0.119047619047619,4,5,"beta-catenin destruction complex","CTNNB1;APC;AXIN1;AXIN2"
"2","GO:0030027",0.000521727923023082,9.48571428571429,0.714285714285714,5,30,"lamellipodium","CTNNB1;APC;NEDD9;PIK3CA;PTPN13"
"3","GO:0071144",0.000550111741447482,Inf,0.0476190476190476,2,2,"SMAD2-SMAD3 protein complex","SMAD2;SMAD3"
"4","GO:1990909",0.000550111741447482,Inf,0.0476190476190476,2,2,"Wnt signalosome","CTNNB1;APC"
"5","GO:0071944",0.000859376095748885,3.25581395348837,11.7619047619048,21,494,"cell periphery","MICA;CTNNB1;ARID2;GRIK1;APC;IL6ST;JAK1;KRAS;SMAD3;NEDD9;NF1;NRAS;PIK3CA;PRKACA;PTPN13;FAT4;VEPH1;AXIN1;AXIN2;CASP8;PROM1"
"6","GO:0016328",0.00093814874748435,22.45,0.214285714285714,3,9,"lateral plasma membrane","CTNNB1;APC;AXIN1"
"7","GO:0005938",0.00124573658718384,7.61520737327189,0.857142857142857,5,36,"cell cortex","CTNNB1;APC;NEDD9;AXIN1;AXIN2"
"8","GO:0099568",0.00141598027753291,7.37165178571429,0.880952380952381,5,37,"cytoplasmic region","CTNNB1;APC;NEDD9;AXIN1;AXIN2"
"9","GO:0005886",0.00181699499093768,2.9866220735786,11.4285714285714,20,480,"plasma membrane","MICA;CTNNB1;ARID2;GRIK1;APC;IL6ST;JAK1;KRAS;SMAD3;NF1;NRAS;PIK3CA;PRKACA;PTPN13;FAT4;VEPH1;AXIN1;AXIN2;CASP8;PROM1"
"10","GO:0042995",0.0024657932692166,3.23715693173821,5.11904761904762,12,215,"cell projection","CTNNB1;KIF1B;GRIK1;APC;IL6ST;NEDD9;NF1;PIK3CA;PRKACA;PTPN13;CASP8;PROM1"
"11","GO:0015630",0.00274746915791822,3.71673387096774,3.16666666666667,9,133,"microtubule cytoskeleton","CTNNB1;KIF1B;APC;NEDD9;PRKACA;AXIN1;AXIN2;CASP8;KIF23"
"12","GO:0005881",0.00299214178175331,13.43,0.30952380952381,3,13,"cytoplasmic microtubule","APC;AXIN1;AXIN2"
"13","GO:0019897",0.00317985742845995,7.976011994003,0.642857142857143,4,27,"extrinsic component of plasma membrane","CTNNB1;APC;JAK1;KRAS"
"14","GO:0016342",0.00320289736921349,43.5806451612903,0.0952380952380952,2,4,"catenin complex","CTNNB1;APC"
"15","GO:0071141",0.00320289736921349,43.5806451612903,0.0952380952380952,2,4,"SMAD protein complex","SMAD2;SMAD3"
"16","GO:0043228",0.00350075262055001,2.76968215158924,10.1666666666667,18,427,"non-membrane-bounded organelle","CDKN2A;CTNNB1;KIF1B;GRIK1;APC;DNAJB1;JAK1;SMAD2;SMAD3;NEDD9;NF1;PRKACA;PTPN13;TERT;AXIN1;AXIN2;CASP8;KIF23"
"17","GO:0043232",0.00350075262055001,2.76968215158924,10.1666666666667,18,427,"intracellular non-membrane-bounded organelle","CDKN2A;CTNNB1;KIF1B;GRIK1;APC;DNAJB1;JAK1;SMAD2;SMAD3;NEDD9;NF1;PRKACA;PTPN13;TERT;AXIN1;AXIN2;CASP8;KIF23"
"18","GO:0097458",0.00365601063046812,3.33612040133779,3.95238095238095,10,166,"neuron part","CTNNB1;KIF1B;GRIK1;APC;IL6ST;NF1;ARID1B;PTPN13;CASP8;PROM1"
"19","GO:0019898",0.00381799213720841,5.71428571428571,1.0952380952381,5,46,"extrinsic component of membrane","CTNNB1;APC;JAK1;KRAS;PIK3CA"
"20","GO:0005874",0.00600696919056967,5.07375776397516,1.21428571428571,5,51,"microtubule","KIF1B;APC;AXIN1;AXIN2;KIF23"
"21","GO:0043005",0.00668789007637501,3.41241379310345,2.95238095238095,8,124,"neuron projection","CTNNB1;KIF1B;GRIK1;APC;IL6ST;NF1;PTPN13;CASP8"
"22","GO:0005815",0.00706086684315839,4.13526570048309,1.78571428571429,6,75,"microtubule organizing center","CTNNB1;APC;PRKACA;AXIN2;CASP8;KIF23"
"23","GO:0005856",0.00742115398967861,2.8490099009901,5.07142857142857,11,213,"cytoskeleton","CTNNB1;KIF1B;APC;JAK1;NEDD9;PRKACA;PTPN13;AXIN1;AXIN2;CASP8;KIF23"
"24","GO:0005912",0.0075356154537596,4.07301587301587,1.80952380952381,6,76,"adherens junction","CTNNB1;APC;JAK1;KRAS;NEDD9;KIF23"
"25","GO:0031528",0.00777069525168527,21.758064516129,0.142857142857143,2,6,"microvillus membrane","CTNNB1;PROM1"
"26","GO:0098796",0.00824535596730879,3.56518218623482,2.42857142857143,7,102,"membrane protein complex","CTNNB1;GRIK1;APC;IL6ST;PIK3CA;PRKACA;CASP8"
"27","GO:0044430",0.00852226426392656,3.05320945945946,3.73809523809524,9,157,"cytoskeletal part","CTNNB1;KIF1B;APC;NEDD9;PRKACA;AXIN1;AXIN2;CASP8;KIF23"
"28","GO:0070161",0.00910011402269787,3.89649923896499,1.88095238095238,6,79,"anchoring junction","CTNNB1;APC;JAK1;KRAS;NEDD9;KIF23"
