"","GOCCID","Pvalue","OddsRatio","ExpCount","Count","Size","Term","Symbols"
"1","GO:0043005",1.57171455077122e-05,2.76534073388838,15.4776334776335,32,124,"neuron projection","CDH8;NCOA2;CHRNA3;VTI1A;CTNNB1;DSCAM;DVL1;BPTF;FGF13;ANKS1A;DICER1;SLC17A8;GRIN2A;NRG1;HIF1A;KCNH1;KIF5B;NF1;NF2;NTRK1;TENM3;MAPK1;PTEN;PTPN13;RET;BRAF;AURKA;STRN;TPM3;TSC1;CAMK2D;TP63"
"2","GO:0044297",2.42666543057057e-05,3.5050057208238,8.36291486291486,21,67,"cell body","NCOA2;CHRNA3;VTI1A;NQO1;DVL1;BPTF;SLC17A8;NRG1;KCNH1;NF2;NTRK1;MAPK1;PTPN13;ACTA1;ACTA2;RET;BRAF;AURKA;STRN;EZR;CAMK2D"
"3","GO:0044463",0.000244240730312964,2.4855675146771,13.8549783549784,27,111,"cell projection part","CDH8;NCOA2;SLC34A2;VTI1A;CTNNB1;SAXO1;DSCAM;DVL1;EPHA2;AKT1;AKT2;FGF13;DICER1;SLC17A8;GRIN2A;NRG1;KCNH1;KIF5B;NF2;MAPK1;PTEN;AURKA;STRN;TPM3;TSC1;EZR;CAMK2D"
"4","GO:0099512",0.000257899255837517,2.91855203619909,8.98701298701299,20,72,"supramolecular fiber","BCL2L11;NCOA2;SAXO1;DVL1;FGF13;EML4;BIRC5;KIF5B;KRT8;KIF16B;MAP2K2;MTUS1;ACTA1;AURKA;TPM3;TSC1;EZR;TUBA1C;DNAH11;KEAP1"
"5","GO:0099513",0.000257899255837517,2.91855203619909,8.98701298701299,20,72,"polymeric cytoskeletal fiber","BCL2L11;NCOA2;SAXO1;DVL1;FGF13;EML4;BIRC5;KIF5B;KRT8;KIF16B;MAP2K2;MTUS1;ACTA1;AURKA;TPM3;TSC1;EZR;TUBA1C;DNAH11;KEAP1"
"6","GO:0030425",0.000384426488006659,3.11507191994997,7.23953823953824,17,58,"dendrite","NCOA2;CHRNA3;CTNNB1;DVL1;BPTF;FGF13;DICER1;SLC17A8;NRG1;KCNH1;NF1;NTRK1;MAPK1;PTEN;RET;STRN;TP63"
"7","GO:0042995",0.000412493077166415,2.00192307692308,26.8362193362193,43,215,"cell projection","CDH8;NCOA2;SLC34A2;CHRNA3;VTI1A;CTNNB1;SAXO1;DSCAM;DVL1;EPHA2;AKT1;AKT2;BPTF;FGF13;ANKS1A;DICER1;SLC17A8;GRIN2A;NRG1;HIF1A;KCNH1;KIF5B;NF1;NF2;NTRK1;PIK3CA;TENM3;MAPK1;PTEN;PTPN13;ACTA1;RAF1;ACTA2;RET;BRAF;AURKA;STRN;TPM3;TSC1;EZR;CAMK2D;TP63;DNAH11"
"8","GO:0016020",0.000448000768762755,1.76191106756005,91.2431457431457,112,731,"membrane","BCL2L11;CDH8;ABCC4;TFG;SLC34A2;SLC35D2;PTPRT;CHRNA3;LRIG3;CMKLR1;VTI1A;CTNNB1;XXYLT1;SYNE3;DLST;DSCAM;DVL1;EGFR;EPHA2;ERBB2;ERBB3;ERBB4;EREG;AKT1;AKT2;ETS2;FGF13;FGFR1;FGFR3;GPC5;FGFR2;PLCB1;TSPAN15;ALK;SLC17A8;NALCN;SEZ6L2;EML4;GRIN2A;CD274;NRG1;HIP1;HLA-DPB1;IDH2;IGF1R;IL1RAP;JAK1;AREG;KCNH1;KDR;KIF5B;KIT;KRAS;KRT8;MET;MTX1;NF1;NF2;NFE2L2;NOTCH1;NRAS;NTRK1;DDR2;ABCB1;PIK3CA;PIM1;GNG2;KIF16B;TENM3;MAPK1;MAP2K1;MAP2K2;BTNL2;PTEN;LRFN2;MTUS1;PTPN13;RAD21;RAF1;CCND1;RET;RIT1;ROS1;RYR2;SDC4;PIEZO2;SLC6A6;SMARCA4;BRAF;STK11;STRN;TPR;TSC1;TSC2;TTF1;TYMS;EZR;CACNA2D1;BAG6;THSD7B;CLPTM1L;CAMK2D;DOCK8;HAVCR2;CBLB;MTMR3;ABCC10;ACVR1B;SYNGR2;NRXN3;CD74;PHACTR2"
"9","GO:0030424",0.000503062592657133,3.15119007710359,6.74025974025974,16,54,"axon","CDH8;DSCAM;DVL1;FGF13;DICER1;SLC17A8;NRG1;HIF1A;KCNH1;NF1;NTRK1;TENM3;MAPK1;RET;AURKA;CAMK2D"
"10","GO:0044459",0.000522857531180768,1.86756465517241,35.5735930735931,53,285,"plasma membrane part","ABCC4;SLC34A2;CHRNA3;CMKLR1;CTNNB1;DSCAM;DVL1;EGFR;EPHA2;ERBB2;ERBB3;ERBB4;EREG;AKT2;FGFR1;FGFR3;GPC5;FGFR2;TSPAN15;ALK;GRIN2A;CD274;NRG1;HLA-DPB1;IGF1R;IL1RAP;JAK1;KCNH1;KDR;KIT;KRAS;KRT8;MET;NF1;NF2;NOTCH1;NTRK1;DDR2;GNG2;MAPK1;MAP2K2;PTEN;LRFN2;RET;SDC4;SLC6A6;STRN;EZR;CACNA2D1;CAMK2D;ACVR1B;NRXN3;CD74"
"11","GO:0097458",0.000575880748212894,2.09481137293948,20.7200577200577,35,166,"neuron part","CDH8;NCOA2;CHRNA3;VTI1A;CTNNB1;NQO1;DSCAM;DVL1;BPTF;FGF13;ANKS1A;DICER1;SLC17A8;GRIN2A;NRG1;HIF1A;KCNH1;KIF5B;NF1;NF2;NTRK1;TENM3;MAPK1;PTEN;PTPN13;RET;SMARCA4;BRAF;AURKA;STRN;TPM3;TSC1;CAMK2D;TP63;SYNGR2"
"12","GO:0044425",0.000643653728169021,1.72436373276776,61.2864357864358,81,491,"membrane part","BCL2L11;CDH8;ABCC4;SLC34A2;SLC35D2;PTPRT;CHRNA3;LRIG3;CMKLR1;VTI1A;CTNNB1;XXYLT1;SYNE3;DSCAM;DVL1;EGFR;EPHA2;ERBB2;ERBB3;ERBB4;EREG;AKT2;FGFR1;FGFR3;GPC5;FGFR2;TSPAN15;ALK;SLC17A8;NALCN;SEZ6L2;GRIN2A;CD274;NRG1;HLA-DPB1;IGF1R;IL1RAP;JAK1;AREG;KCNH1;KDR;KIT;KRAS;KRT8;MET;MTX1;NF1;NF2;NOTCH1;NTRK1;DDR2;ABCB1;PIK3CA;GNG2;TENM3;MAPK1;MAP2K2;BTNL2;PTEN;LRFN2;RET;ROS1;RYR2;SDC4;PIEZO2;SLC6A6;STRN;TPR;EZR;CACNA2D1;THSD7B;CLPTM1L;CAMK2D;HAVCR2;CBLB;MTMR3;ABCC10;ACVR1B;SYNGR2;NRXN3;CD74"
"13","GO:0036477",0.000733126995106296,2.56483446519525,10.3600288600289,21,83,"somatodendritic compartment","NCOA2;CHRNA3;VTI1A;CTNNB1;NQO1;DVL1;BPTF;FGF13;DICER1;SLC17A8;NRG1;KCNH1;NF1;NTRK1;MAPK1;PTEN;RET;AURKA;STRN;CAMK2D;TP63"
"14","GO:0071944",0.000806679838649051,1.70544267817665,61.6608946608947,81,494,"cell periphery","CDH8;FRY;ABCC4;SLC34A2;PTPRT;CHRNA3;LRIG3;CMKLR1;CTNNB1;DLST;DSCAM;DVL1;EGFR;EPHA2;ERBB2;ERBB3;ERBB4;EREG;AKT1;AKT2;ETS2;FGF13;FGFR1;FGFR3;GPC5;FGFR2;TSPAN15;ALK;NALCN;SEZ6L2;GRIN2A;CD274;NRG1;HLA-DPB1;IGF1R;IL1RAP;JAK1;KCNH1;KDR;KIT;KRAS;KRT8;MET;NF1;NF2;NFE2L2;NOTCH1;NRAS;NTRK1;DDR2;ABCB1;PIK3CA;PIM1;GNG2;MAPK1;MAP2K1;MAP2K2;PTEN;LRFN2;MTUS1;PTPN13;RAF1;RET;RIT1;ROS1;RYR2;SDC4;SLC6A6;BRAF;STRN;TPM3;TSC1;TTF1;EZR;CACNA2D1;CAMK2D;CBLB;ABCC10;ACVR1B;NRXN3;CD74"
"15","GO:0005886",0.000879472950293263,1.70180930652093,59.9134199134199,79,480,"plasma membrane","CDH8;ABCC4;SLC34A2;PTPRT;CHRNA3;LRIG3;CMKLR1;CTNNB1;DLST;DSCAM;DVL1;EGFR;EPHA2;ERBB2;ERBB3;ERBB4;EREG;AKT1;AKT2;ETS2;FGF13;FGFR1;FGFR3;GPC5;FGFR2;TSPAN15;ALK;NALCN;SEZ6L2;GRIN2A;CD274;NRG1;HLA-DPB1;IGF1R;IL1RAP;JAK1;KCNH1;KDR;KIT;KRAS;KRT8;MET;NF1;NF2;NFE2L2;NOTCH1;NRAS;NTRK1;DDR2;ABCB1;PIK3CA;PIM1;GNG2;MAPK1;MAP2K1;MAP2K2;PTEN;LRFN2;MTUS1;PTPN13;RAF1;RET;RIT1;ROS1;RYR2;SDC4;SLC6A6;BRAF;STRN;TSC1;TTF1;EZR;CACNA2D1;CAMK2D;CBLB;ABCC10;ACVR1B;NRXN3;CD74"
"16","GO:0016021",0.00092004217003995,1.75383574700981,44.3109668109668,62,355,"integral component of membrane","CDH8;ABCC4;SLC34A2;SLC35D2;PTPRT;CHRNA3;LRIG3;CMKLR1;VTI1A;XXYLT1;SYNE3;DSCAM;EGFR;EPHA2;ERBB2;ERBB3;ERBB4;EREG;FGFR1;FGFR3;GPC5;FGFR2;TSPAN15;ALK;SLC17A8;NALCN;SEZ6L2;GRIN2A;CD274;NRG1;HLA-DPB1;IGF1R;IL1RAP;AREG;KCNH1;KDR;KIT;MET;MTX1;NOTCH1;NTRK1;DDR2;ABCB1;TENM3;BTNL2;LRFN2;RET;ROS1;RYR2;SDC4;PIEZO2;SLC6A6;CACNA2D1;THSD7B;CLPTM1L;CAMK2D;HAVCR2;ABCC10;ACVR1B;SYNGR2;NRXN3;CD74"
"17","GO:0005759",0.00112519329347683,5.29807162534435,2.37157287157287,8,19,"mitochondrial matrix","HYKK;DLST;ERBB4;IDH2;BCKDHB;TERT;TP53;TYMS"
"18","GO:0031224",0.00115352880207026,1.72766405779651,45.5591630591631,63,365,"intrinsic component of membrane","CDH8;ABCC4;SLC34A2;SLC35D2;PTPRT;CHRNA3;LRIG3;CMKLR1;VTI1A;XXYLT1;SYNE3;DSCAM;EGFR;EPHA2;ERBB2;ERBB3;ERBB4;EREG;FGFR1;FGFR3;GPC5;FGFR2;TSPAN15;ALK;SLC17A8;NALCN;SEZ6L2;GRIN2A;CD274;NRG1;HLA-DPB1;IGF1R;IL1RAP;AREG;KCNH1;KDR;KIT;MET;MTX1;NF1;NOTCH1;NTRK1;DDR2;ABCB1;TENM3;BTNL2;LRFN2;RET;ROS1;RYR2;SDC4;PIEZO2;SLC6A6;CACNA2D1;THSD7B;CLPTM1L;CAMK2D;HAVCR2;ABCC10;ACVR1B;SYNGR2;NRXN3;CD74"
"19","GO:0009986",0.00145321447499563,2.18075801749271,14.6038961038961,26,117,"cell surface","PTPRT;EGFR;EPHA2;FGFR3;FGFR2;TSPAN15;GRIN2A;CD274;NRG1;HLA-DPB1;AREG;KCNH1;KDR;KIT;MET;NF2;NOTCH1;NTRK1;ABCB1;LRFN2;ROS1;SDC4;TPM3;HAVCR2;ACVR1B;CD74"
"20","GO:0030054",0.00147473266822759,2.06231268731269,17.7243867243867,30,142,"cell junction","CHRNA3;CTNNB1;DSCAM;EGFR;EPHA2;AKT1;FGF13;FGFR3;SLC17A8;LAMA1;GRIN2A;JAK1;KDR;KIT;KRAS;KRT8;NF2;NOTCH1;DDR2;MAPK1;MAP2K1;MAP2K2;LRFN2;CCND1;SDC4;STRN;EZR;CAMK2D;HAVCR2;KEAP1"
"21","GO:0044430",0.00191669624971521,1.97537588652482,19.5966810966811,32,157,"cytoskeletal part","BCL2L11;FRY;NCOA2;CTNNB1;NEK10;SAXO1;DVL1;ERCC2;AKT1;FGF13;EML4;BIRC5;KIF5B;KRT8;NF2;NFE2L2;KIF16B;MAPK1;MAP2K1;MAP2K2;MTUS1;ACTA1;RB1;BRCA2;AURKA;TPM3;TPR;TSC1;EZR;TUBA1C;DNAH11;KEAP1"
"22","GO:0005874",0.00259057805174981,2.79857215706272,6.36580086580087,14,51,"microtubule","BCL2L11;NCOA2;SAXO1;DVL1;FGF13;EML4;BIRC5;KIF5B;KIF16B;MAP2K2;MTUS1;AURKA;TUBA1C;DNAH11"
"23","GO:0015630",0.00479059608044053,1.93131300077539,16.6010101010101,27,133,"microtubule cytoskeleton","BCL2L11;FRY;NCOA2;CTNNB1;NEK10;SAXO1;DVL1;ERCC2;AKT1;FGF13;EML4;BIRC5;KIF5B;NFE2L2;KIF16B;MAPK1;MAP2K1;MAP2K2;MTUS1;RB1;BRCA2;AURKA;TPR;EZR;TUBA1C;DNAH11;KEAP1"
"24","GO:0031982",0.00545590330724196,1.6,42.6883116883117,57,342,"vesicle","ABCC4;TFG;SLC34A2;LRIG3;CRP;VTI1A;CTNNB1;NQO1;DLST;DVL1;EGFR;ERBB2;AKT1;AKT2;BPTF;FGFR1;FGFR3;FGFR2;PLCB1;TSPAN15;ALK;SLC17A8;GRIN2A;CD274;HIP1;HLA-DPB1;IDH2;AREG;KDR;KIF5B;KIT;KRT8;NOTCH1;NRAS;NTRK1;DDR2;ABCB1;GNG2;DUSP23;MAPK1;MAP2K1;PTPN13;ACTA1;ACTA2;RYR2;SDC4;BRCA2;STK11;TPM3;EZR;CACNA2D1;CAMK2D;TUBA1C;HAVCR2;ACVR1B;SYNGR2;CD74"
"25","GO:0098805",0.00637584079671426,1.68286034952702,28.7085137085137,41,230,"whole membrane","BCL2L11;ABCC4;SLC34A2;CHRNA3;CTNNB1;SYNE3;EGFR;EPHA2;ERBB2;ERBB3;ERBB4;AKT2;SLC17A8;GRIN2A;NRG1;HIP1;HLA-DPB1;AREG;KCNH1;KDR;KRAS;MET;MTX1;NF2;NOTCH1;NTRK1;KIF16B;MAPK1;MAP2K2;PTEN;LRFN2;RAF1;RET;SDC4;STRN;EZR;CAMK2D;CBLB;ABCC10;SYNGR2;CD74"
"26","GO:0005771",0.00695466307266114,21.3882352941176,0.499278499278499,3,4,"multivesicular body","EGFR;SLC17A8;CD74"
"27","GO:0030427",0.00783065282356479,3.89249304911956,2.4963924963925,7,20,"site of polarized growth","FRY;DSCAM;DVL1;FGF13;DICER1;TPM3;TSC1"
