"","GOMFID","Pvalue","OddsRatio","ExpCount","Count","Size","Term","Symbols"
"1","GO:0004672",2.4858151188532e-10,4.36507936507936,14.3745346239762,39,117,"protein kinase activity","CHEK2;NEK10;EGFR;EPHA2;ERBB2;ERBB4;ERCC2;AKT1;AKT2;FGFR1;FGFR3;FGFR2;ALK;IGF1R;ARAF;JAK1;KCNH1;KDR;KIT;MET;NTRK1;DDR2;PIK3CA;PIM1;PBK;MAPK1;MAP2K1;MAP2K2;MAP2K7;RAF1;CCND1;RET;ROS1;BRAF;AURKA;STK11;WEE1;CAMK2D;ACVR1B"
"2","GO:0016773",2.24708022458613e-09,3.86844444444444,15.9717051377513,40,130,"phosphotransferase activity, alcohol group as acceptor","CHEK2;HYKK;NEK10;EGFR;EPHA2;ERBB2;ERBB4;ERCC2;AKT1;AKT2;FGFR1;FGFR3;FGFR2;ALK;IGF1R;ARAF;JAK1;KCNH1;KDR;KIT;MET;NTRK1;DDR2;PIK3CA;PIM1;PBK;MAPK1;MAP2K1;MAP2K2;MAP2K7;RAF1;CCND1;RET;ROS1;BRAF;AURKA;STK11;WEE1;CAMK2D;ACVR1B"
"3","GO:0016301",7.95505976077314e-09,3.648,16.5860014892033,40,135,"kinase activity","CHEK2;HYKK;NEK10;EGFR;EPHA2;ERBB2;ERBB4;ERCC2;AKT1;AKT2;FGFR1;FGFR3;FGFR2;ALK;IGF1R;ARAF;JAK1;KCNH1;KDR;KIT;MET;NTRK1;DDR2;PIK3CA;PIM1;PBK;MAPK1;MAP2K1;MAP2K2;MAP2K7;RAF1;CCND1;RET;ROS1;BRAF;AURKA;STK11;WEE1;CAMK2D;ACVR1B"
"4","GO:0016772",1.84790184774129e-08,3.45090823676793,17.6917349218168,41,144,"transferase activity, transferring phosphorus-containing groups","CHEK2;HYKK;NEK10;EGFR;EPHA2;ERBB2;ERBB4;ERCC2;AKT1;AKT2;FGFR1;FGFR3;FGFR2;ALK;IGF1R;ARAF;JAK1;KCNH1;KDR;KIT;MET;NTRK1;DDR2;PIK3CA;PIM1;PBK;MAPK1;MAP2K1;MAP2K2;MAP2K7;RAF1;CCND1;RET;ROS1;BRAF;AURKA;STK11;TERT;WEE1;CAMK2D;ACVR1B"
"5","GO:0004714",7.8000326252026e-08,8.32572706935123,3.80863737900223,16,31,"transmembrane receptor protein tyrosine kinase activity","EGFR;EPHA2;ERBB2;ERBB4;FGFR1;FGFR3;FGFR2;ALK;IGF1R;KDR;KIT;MET;NTRK1;DDR2;RET;ROS1"
"6","GO:0004713",9.70321824350007e-08,5.58055555555556,6.26582278481013,21,51,"protein tyrosine kinase activity","EGFR;EPHA2;ERBB2;ERBB4;FGFR1;FGFR3;FGFR2;ALK;IGF1R;JAK1;KDR;KIT;MET;NTRK1;DDR2;MAP2K1;MAP2K2;MAP2K7;RET;ROS1;WEE1"
"7","GO:0005524",1.03817578036895e-07,2.8695652173913,25.1861504095309,50,205,"ATP binding","ABCC4;CHEK2;NEK10;EGFR;EPHA2;ERBB2;ERBB3;ERBB4;ERCC2;AKT1;AKT2;FGFR1;FGFR3;FGFR2;DICER1;ALK;IGF1R;ARAF;JAK1;KDR;KIF5B;KIT;MET;NTRK1;DDR2;ABCB1;PIK3CA;PIM1;KIF16B;PBK;MAPK1;MAP2K1;MAP2K2;MAP2K7;ACTA1;RAD51B;RAF1;ACTA2;RET;ROS1;SMARCA4;BRAF;AURKA;STK11;TP53;WEE1;CAMK2D;DNAH11;ABCC10;ACVR1B"
"8","GO:0001883",1.27182881773842e-07,2.75125973431058,28.3804914370812,54,231,"purine nucleoside binding","ABCC4;CHEK2;NEK10;EGFR;EPHA2;ERBB2;ERBB3;ERBB4;ERCC2;AKT1;AKT2;FGFR1;FGFR3;FGFR2;DICER1;ALK;IGF1R;ARAF;JAK1;KDR;KIF5B;KIT;KRAS;MET;NRAS;NTRK1;DDR2;ABCB1;PIK3CA;PIM1;KIF16B;PBK;MAPK1;MAP2K1;MAP2K2;MAP2K7;ACTA1;RAD51B;RAF1;ACTA2;RET;RIT1;ROS1;SMARCA4;BRAF;AURKA;STK11;TP53;WEE1;CAMK2D;TUBA1C;DNAH11;ABCC10;ACVR1B"
"9","GO:0032550",1.27182881773842e-07,2.75125973431058,28.3804914370812,54,231,"purine ribonucleoside binding","ABCC4;CHEK2;NEK10;EGFR;EPHA2;ERBB2;ERBB3;ERBB4;ERCC2;AKT1;AKT2;FGFR1;FGFR3;FGFR2;DICER1;ALK;IGF1R;ARAF;JAK1;KDR;KIF5B;KIT;KRAS;MET;NRAS;NTRK1;DDR2;ABCB1;PIK3CA;PIM1;KIF16B;PBK;MAPK1;MAP2K1;MAP2K2;MAP2K7;ACTA1;RAD51B;RAF1;ACTA2;RET;RIT1;ROS1;SMARCA4;BRAF;AURKA;STK11;TP53;WEE1;CAMK2D;TUBA1C;DNAH11;ABCC10;ACVR1B"
"10","GO:0035639",1.27182881773842e-07,2.75125973431058,28.3804914370812,54,231,"purine ribonucleoside triphosphate binding","ABCC4;CHEK2;NEK10;EGFR;EPHA2;ERBB2;ERBB3;ERBB4;ERCC2;AKT1;AKT2;FGFR1;FGFR3;FGFR2;DICER1;ALK;IGF1R;ARAF;JAK1;KDR;KIF5B;KIT;KRAS;MET;NRAS;NTRK1;DDR2;ABCB1;PIK3CA;PIM1;KIF16B;PBK;MAPK1;MAP2K1;MAP2K2;MAP2K7;ACTA1;RAD51B;RAF1;ACTA2;RET;RIT1;ROS1;SMARCA4;BRAF;AURKA;STK11;TP53;WEE1;CAMK2D;TUBA1C;DNAH11;ABCC10;ACVR1B"
"11","GO:0001882",1.49744843363304e-07,2.73307014880049,28.5033507073716,54,232,"nucleoside binding","ABCC4;CHEK2;NEK10;EGFR;EPHA2;ERBB2;ERBB3;ERBB4;ERCC2;AKT1;AKT2;FGFR1;FGFR3;FGFR2;DICER1;ALK;IGF1R;ARAF;JAK1;KDR;KIF5B;KIT;KRAS;MET;NRAS;NTRK1;DDR2;ABCB1;PIK3CA;PIM1;KIF16B;PBK;MAPK1;MAP2K1;MAP2K2;MAP2K7;ACTA1;RAD51B;RAF1;ACTA2;RET;RIT1;ROS1;SMARCA4;BRAF;AURKA;STK11;TP53;WEE1;CAMK2D;TUBA1C;DNAH11;ABCC10;ACVR1B"
"12","GO:0032549",1.49744843363304e-07,2.73307014880049,28.5033507073716,54,232,"ribonucleoside binding","ABCC4;CHEK2;NEK10;EGFR;EPHA2;ERBB2;ERBB3;ERBB4;ERCC2;AKT1;AKT2;FGFR1;FGFR3;FGFR2;DICER1;ALK;IGF1R;ARAF;JAK1;KDR;KIF5B;KIT;KRAS;MET;NRAS;NTRK1;DDR2;ABCB1;PIK3CA;PIM1;KIF16B;PBK;MAPK1;MAP2K1;MAP2K2;MAP2K7;ACTA1;RAD51B;RAF1;ACTA2;RET;RIT1;ROS1;SMARCA4;BRAF;AURKA;STK11;TP53;WEE1;CAMK2D;TUBA1C;DNAH11;ABCC10;ACVR1B"
"13","GO:0019199",1.6069125801953e-07,7.00675675675676,4.42293373045421,17,36,"transmembrane receptor protein kinase activity","EGFR;EPHA2;ERBB2;ERBB4;FGFR1;FGFR3;FGFR2;ALK;IGF1R;KDR;KIT;MET;NTRK1;DDR2;RET;ROS1;ACVR1B"
"14","GO:0030554",4.03171174783757e-07,2.70738863696986,26.1690245718541,50,213,"adenyl nucleotide binding","ABCC4;CHEK2;NEK10;EGFR;EPHA2;ERBB2;ERBB3;ERBB4;ERCC2;AKT1;AKT2;FGFR1;FGFR3;FGFR2;DICER1;ALK;IGF1R;ARAF;JAK1;KDR;KIF5B;KIT;MET;NTRK1;DDR2;ABCB1;PIK3CA;PIM1;KIF16B;PBK;MAPK1;MAP2K1;MAP2K2;MAP2K7;ACTA1;RAD51B;RAF1;ACTA2;RET;ROS1;SMARCA4;BRAF;AURKA;STK11;TP53;WEE1;CAMK2D;DNAH11;ABCC10;ACVR1B"
"15","GO:0032559",4.03171174783757e-07,2.70738863696986,26.1690245718541,50,213,"adenyl ribonucleotide binding","ABCC4;CHEK2;NEK10;EGFR;EPHA2;ERBB2;ERBB3;ERBB4;ERCC2;AKT1;AKT2;FGFR1;FGFR3;FGFR2;DICER1;ALK;IGF1R;ARAF;JAK1;KDR;KIF5B;KIT;MET;NTRK1;DDR2;ABCB1;PIK3CA;PIM1;KIF16B;PBK;MAPK1;MAP2K1;MAP2K2;MAP2K7;ACTA1;RAD51B;RAF1;ACTA2;RET;ROS1;SMARCA4;BRAF;AURKA;STK11;TP53;WEE1;CAMK2D;DNAH11;ABCC10;ACVR1B"
"16","GO:0005057",4.08565200350837e-07,6.92020879940343,4.17721518987342,16,34,"receptor signaling protein activity","EGFR;ERBB2;ERBB4;ALK;ARAF;KCNH1;KDR;KIT;MAPK1;MAP2K1;MAP2K2;MAP2K7;RAF1;RYR2;BRAF;ACVR1B"
"17","GO:0017076",4.52168112725158e-07,2.61124908692476,29.3633655994043,54,239,"purine nucleotide binding","ABCC4;CHEK2;NEK10;EGFR;EPHA2;ERBB2;ERBB3;ERBB4;ERCC2;AKT1;AKT2;FGFR1;FGFR3;FGFR2;DICER1;ALK;IGF1R;ARAF;JAK1;KDR;KIF5B;KIT;KRAS;MET;NRAS;NTRK1;DDR2;ABCB1;PIK3CA;PIM1;KIF16B;PBK;MAPK1;MAP2K1;MAP2K2;MAP2K7;ACTA1;RAD51B;RAF1;ACTA2;RET;RIT1;ROS1;SMARCA4;BRAF;AURKA;STK11;TP53;WEE1;CAMK2D;TUBA1C;DNAH11;ABCC10;ACVR1B"
"18","GO:0032555",4.52168112725158e-07,2.61124908692476,29.3633655994043,54,239,"purine ribonucleotide binding","ABCC4;CHEK2;NEK10;EGFR;EPHA2;ERBB2;ERBB3;ERBB4;ERCC2;AKT1;AKT2;FGFR1;FGFR3;FGFR2;DICER1;ALK;IGF1R;ARAF;JAK1;KDR;KIF5B;KIT;KRAS;MET;NRAS;NTRK1;DDR2;ABCB1;PIK3CA;PIM1;KIF16B;PBK;MAPK1;MAP2K1;MAP2K2;MAP2K7;ACTA1;RAD51B;RAF1;ACTA2;RET;RIT1;ROS1;SMARCA4;BRAF;AURKA;STK11;TP53;WEE1;CAMK2D;TUBA1C;DNAH11;ABCC10;ACVR1B"
"19","GO:0032553",5.26706055153916e-07,2.59459459459459,29.4862248696947,54,240,"ribonucleotide binding","ABCC4;CHEK2;NEK10;EGFR;EPHA2;ERBB2;ERBB3;ERBB4;ERCC2;AKT1;AKT2;FGFR1;FGFR3;FGFR2;DICER1;ALK;IGF1R;ARAF;JAK1;KDR;KIF5B;KIT;KRAS;MET;NRAS;NTRK1;DDR2;ABCB1;PIK3CA;PIM1;KIF16B;PBK;MAPK1;MAP2K1;MAP2K2;MAP2K7;ACTA1;RAD51B;RAF1;ACTA2;RET;RIT1;ROS1;SMARCA4;BRAF;AURKA;STK11;TP53;WEE1;CAMK2D;TUBA1C;DNAH11;ABCC10;ACVR1B"
"20","GO:0000166",1.92807674107997e-06,2.38366190032998,34.6463142218913,59,282,"nucleotide binding","ABCC4;CHEK2;NEK10;EGFR;EPHA2;ERBB2;ERBB3;ERBB4;ERCC2;AKT1;AKT2;FGFR1;FGFR3;FGFR2;RALY;DICER1;ALK;RBMS3;IDH2;IGF1R;ARAF;JAK1;KDR;KIF5B;KIT;KRAS;MET;NRAS;NTRK1;DDR2;ABCB1;PIK3CA;PIM1;KIF16B;PBK;MAPK1;MAP2K1;MAP2K2;MAP2K7;ACTA1;RAD51B;RAF1;ACTA2;RET;RIT1;ROS1;SMARCA4;BRAF;AURKA;STK11;TP53;TYMS;WEE1;CAMK2D;RBM10;TUBA1C;DNAH11;ABCC10;ACVR1B"
"21","GO:1901265",1.92807674107997e-06,2.38366190032998,34.6463142218913,59,282,"nucleoside phosphate binding","ABCC4;CHEK2;NEK10;EGFR;EPHA2;ERBB2;ERBB3;ERBB4;ERCC2;AKT1;AKT2;FGFR1;FGFR3;FGFR2;RALY;DICER1;ALK;RBMS3;IDH2;IGF1R;ARAF;JAK1;KDR;KIF5B;KIT;KRAS;MET;NRAS;NTRK1;DDR2;ABCB1;PIK3CA;PIM1;KIF16B;PBK;MAPK1;MAP2K1;MAP2K2;MAP2K7;ACTA1;RAD51B;RAF1;ACTA2;RET;RIT1;ROS1;SMARCA4;BRAF;AURKA;STK11;TP53;TYMS;WEE1;CAMK2D;RBM10;TUBA1C;DNAH11;ABCC10;ACVR1B"
"22","GO:0036094",9.07559416123219e-06,2.21079881656805,37.8406552494415,61,308,"small molecule binding","ABCC4;CHEK2;CRP;NEK10;EGFR;EPHA2;ERBB2;ERBB3;ERBB4;ERCC2;AKT1;AKT2;FGFR1;FGFR3;FGFR2;RALY;DICER1;ALK;RBMS3;IDH2;IGF1R;ARAF;JAK1;KDR;KIF5B;KIT;KRAS;MET;NF1;NRAS;NTRK1;DDR2;ABCB1;PIK3CA;PIM1;KIF16B;PBK;MAPK1;MAP2K1;MAP2K2;MAP2K7;ACTA1;RAD51B;RAF1;ACTA2;RET;RIT1;ROS1;SMARCA4;BRAF;AURKA;STK11;TP53;TYMS;WEE1;CAMK2D;RBM10;TUBA1C;DNAH11;ABCC10;ACVR1B"
"23","GO:0097367",1.37369906054088e-05,2.21108663729809,34.8920327624721,57,284,"carbohydrate derivative binding","ABCC4;CHEK2;NEK10;EGFR;EPHA2;ERBB2;ERBB3;ERBB4;ERCC2;AKT1;AKT2;FGFR1;FGFR3;GPC5;FGFR2;DICER1;ALK;LAMA1;DROSHA;IGF1R;ARAF;JAK1;KDR;KIF5B;KIT;KRAS;MET;NRAS;NTRK1;DDR2;ABCB1;PIK3CA;PIM1;KIF16B;PBK;MAPK1;MAP2K1;MAP2K2;MAP2K7;ACTA1;RAD51B;RAF1;ACTA2;RET;RIT1;ROS1;SMARCA4;BRAF;AURKA;STK11;TP53;WEE1;CAMK2D;TUBA1C;DNAH11;ABCC10;ACVR1B"
"24","GO:0004871",1.73401725774412e-05,2.45149769585253,22.2375279225614,41,181,"signal transducer activity","SH2B3;TFG;CHRNA3;CMKLR1;CTNNB1;EGFR;EPHA2;ERBB2;ERBB3;ERBB4;FGFR1;FGFR3;FGFR2;PLCB1;ALK;GRIN2A;NRG1;IGF1R;IL1RAP;ARAF;KCNH1;KDR;KIT;MET;NTRK1;DDR2;GNG2;MAPK1;MAP2K1;MAP2K2;MAP2K7;RAF1;RET;ROS1;RYR2;SDC4;BRAF;CBLB;ACVR1B;NRXN3;CD74"
"25","GO:0043168",3.53326507294768e-05,2.08921513269339,38.4549516008935,60,313,"anion binding","ABCC4;SLC34A2;CHEK2;NEK10;EGFR;EPHA2;ERBB2;ERBB3;ERBB4;ERCC2;AKT1;AKT2;FGFR1;FGFR3;GPC5;FGFR2;PLCB1;DICER1;ALK;HIP1;IGF1R;ARAF;JAK1;KDR;KIF5B;KIT;KRAS;MET;NF1;NRAS;NTRK1;DDR2;ABCB1;PIK3CA;PIM1;KIF16B;PBK;MAPK1;MAP2K1;MAP2K2;MAP2K7;ACTA1;RAD51B;RAF1;ACTA2;RET;RIT1;ROS1;SMARCA4;BRAF;AURKA;STK11;TP53;TYMS;WEE1;CAMK2D;TUBA1C;DNAH11;ABCC10;ACVR1B"
"26","GO:0004674",3.91340037013742e-05,3.36011904761905,8.60014892032762,21,70,"protein serine/threonine kinase activity","CHEK2;NEK10;EGFR;ERCC2;AKT1;AKT2;ALK;ARAF;PIK3CA;PIM1;PBK;MAPK1;MAP2K1;MAP2K2;MAP2K7;RAF1;BRAF;AURKA;STK11;CAMK2D;ACVR1B"
"27","GO:0016740",5.04285744762952e-05,2.13354786806114,32.066269545793,52,261,"transferase activity","NCOA2;CHEK2;HYKK;XXYLT1;NEK10;DLST;EGFR;EPHA2;ERBB2;ERBB4;ERCC2;AKT1;AKT2;FGFR1;FGFR3;FGFR2;ALK;BIRC5;IGF1R;ARAF;JAK1;KCNH1;KDR;KIT;MET;NTRK1;DDR2;PIK3CA;PIM1;PBK;MAPK1;MAP2K1;MAP2K2;MAP2K7;RAF1;CCND1;RET;ROS1;PRDM15;BRAF;BRCA2;AURKA;STK11;TERT;TYMS;WEE1;KMT2D;CAMK2D;CBLB;ACVR1B;TGM5;KEAP1"
"28","GO:0004716",0.000143309716202622,36.78125,0.737155621742368,5,6,"receptor signaling protein tyrosine kinase activity","EGFR;ERBB2;ERBB4;KDR;KIT"
"29","GO:0004888",0.00039485367550284,2.48417721518987,12.777364110201,25,104,"transmembrane signaling receptor activity","CHRNA3;CMKLR1;EGFR;EPHA2;ERBB2;ERBB3;ERBB4;FGFR1;FGFR3;FGFR2;ALK;GRIN2A;IGF1R;IL1RAP;KDR;KIT;MET;NTRK1;DDR2;RET;ROS1;RYR2;ACVR1B;NRXN3;CD74"
"30","GO:0099600",0.000632219624119969,2.38675958188153,13.1459419210722,25,107,"transmembrane receptor activity","CHRNA3;CMKLR1;EGFR;EPHA2;ERBB2;ERBB3;ERBB4;FGFR1;FGFR3;FGFR2;ALK;GRIN2A;IGF1R;IL1RAP;KDR;KIT;MET;NTRK1;DDR2;RET;ROS1;RYR2;ACVR1B;NRXN3;CD74"
"31","GO:0038023",0.000946382080979317,2.2304347826087,14.9888309754281,27,122,"signaling receptor activity","CHRNA3;CMKLR1;EGFR;EPHA2;ERBB2;ERBB3;ERBB4;FGFR1;FGFR3;FGFR2;ALK;GRIN2A;IGF1R;IL1RAP;KCNH1;KDR;KIT;MET;NTRK1;DDR2;RET;ROS1;RYR2;SDC4;ACVR1B;NRXN3;CD74"
"32","GO:0030295",0.00162334875826346,5.75457102672293,1.96574832464631,7,16,"protein kinase activator activity","ERBB3;FGF13;NRG1;PIK3CA;MAP2K1;MAP2K2;STK11"
"33","GO:0004708",0.00182497991989586,Inf,0.368577810871184,3,3,"MAP kinase kinase activity","MAP2K1;MAP2K2;MAP2K7"
"34","GO:0050997",0.00182497991989586,Inf,0.368577810871184,3,3,"quaternary ammonium group binding","CHRNA3;CRP;NF1"
"35","GO:0070405",0.00182497991989586,Inf,0.368577810871184,3,3,"ammonium ion binding","CHRNA3;CRP;NF1"
"36","GO:0019838",0.00182527114709393,4.18990384615385,3.07148175725987,9,25,"growth factor binding","ERBB2;ERBB3;FGFR1;FGFR3;FGFR2;IGF1R;KDR;NTRK1;ACVR1B"
"37","GO:0042802",0.00200317273515903,1.91803713527851,22.114668652271,35,180,"identical protein binding","CHEK2;NQO1;DVL1;EGFR;ERBB2;ERBB3;ERBB4;AKT1;FGFR1;FGFR2;PLCB1;ALK;DROSHA;BIRC5;IGF1R;KCNH1;KIT;NTRK1;TENM3;PTEN;RAD52;RAF1;RB1;RYR2;BRAF;HNF1B;TERT;TP53;TPR;TSC2;TYMS;CAMK2D;RBM10;TP63;CD74"
"38","GO:0019899",0.00217043032066019,1.74468085106383,35.0148920327625,50,285,"enzyme binding","CDKN2A;NCOA2;CHEK2;CTNNB1;DVL1;EGFR;ERBB2;AKT1;AKT2;PLCB1;TSPAN15;RICTOR;NRG1;HIF1A;BIRC5;JAK1;KCNH1;KIT;MET;NOTCH1;NTRK1;KIF16B;MAPK1;MAP2K1;MAP2K7;PTEN;RAF1;ACTA2;RB1;CCND1;ROS1;RYR2;SDC4;SMARCA4;BRAF;BRCA2;AURKA;STRN;NKX2-1;TP53;TPR;TSC2;EZR;XRCC1;BAG6;CAMK2D;CBLB;ACVR1B;EIF4E2;CD74"
"39","GO:0004712",0.00220025681147066,9.171875,1.10573343261355,5,9,"protein serine/threonine/tyrosine kinase activity","AKT1;MAP2K1;MAP2K2;MAP2K7;AURKA"
"40","GO:0019902",0.00253620282320243,3.10750507099391,5.03723008190618,12,41,"phosphatase binding","CTNNB1;EGFR;ERBB2;AKT1;JAK1;MET;MAPK1;MAP2K7;ROS1;STRN;TP53;TSC2"
"41","GO:0019900",0.00263417400520667,2.04200084423808,15.9717051377513,27,130,"kinase binding","CDKN2A;CHEK2;CTNNB1;DVL1;AKT1;AKT2;RICTOR;NRG1;HIF1A;KCNH1;NTRK1;MAPK1;MAP2K1;MAP2K7;PTEN;RAF1;ACTA2;RB1;CCND1;RYR2;SDC4;BRAF;AURKA;TP53;TPR;EZR;CBLB"
"42","GO:0019903",0.00343050952690185,3.3900293255132,3.93149664929263,10,32,"protein phosphatase binding","CTNNB1;EGFR;ERBB2;AKT1;JAK1;MET;MAP2K7;ROS1;STRN;TP53"
"43","GO:0032403",0.0038709202905471,1.90605239385727,18.7974683544304,30,153,"protein complex binding","BCL2L11;NCOA2;CTNNB1;SAXO1;SYNE3;EGFR;FGF13;FGFR1;HIF1A;BIRC5;IGF1R;KDR;KIF5B;KRAS;KRT8;NF2;NRAS;DDR2;KIF16B;PTEN;CCND1;SMARCA4;STRN;HNF1B;TPR;EZR;BAG6;RBM10;ACVR1B;CD74"
"44","GO:0019209",0.0051768204002918,4.30485232067511,2.3343261355175,7,19,"kinase activator activity","ERBB3;FGF13;NRG1;PIK3CA;MAP2K1;MAP2K2;STK11"
"45","GO:0019901",0.00617001055855965,1.96287913082843,14.4973938942666,24,118,"protein kinase binding","CDKN2A;CHEK2;DVL1;AKT1;AKT2;RICTOR;NRG1;HIF1A;KCNH1;MAPK1;MAP2K1;MAP2K7;PTEN;RAF1;ACTA2;CCND1;RYR2;SDC4;BRAF;AURKA;TP53;TPR;EZR;CBLB"
"46","GO:0004702",0.00655727902905297,6.10416666666667,1.35145197319434,5,11,"receptor signaling protein serine/threonine kinase activity","EGFR;ALK;MAPK1;BRAF;ACVR1B"
"47","GO:0005007",0.00663802397729286,21.7962962962963,0.491437081161579,3,4,"fibroblast growth factor-activated receptor activity","FGFR1;FGFR3;FGFR2"
"48","GO:0017134",0.00663802397729286,21.7962962962963,0.491437081161579,3,4,"fibroblast growth factor binding","FGFR1;FGFR3;FGFR2"
"49","GO:0050998",0.00663802397729286,21.7962962962963,0.491437081161579,3,4,"nitric-oxide synthase binding","CTNNB1;CAMK2D;CD74"
"50","GO:0004872",0.00814921971081188,1.81880635465865,18.060312732688,28,147,"receptor activity","CHRNA3;CMKLR1;EGFR;EPHA2;ERBB2;ERBB3;ERBB4;FGFR1;FGFR3;FGFR2;ALK;GRIN2A;IGF1R;IL1RAP;KCNH1;KDR;KIT;MET;NOTCH1;NTRK1;DDR2;RET;ROS1;RYR2;SDC4;ACVR1B;NRXN3;CD74"
"51","GO:0060089",0.00814921971081188,1.81880635465865,18.060312732688,28,147,"molecular transducer activity","CHRNA3;CMKLR1;EGFR;EPHA2;ERBB2;ERBB3;ERBB4;FGFR1;FGFR3;FGFR2;ALK;GRIN2A;IGF1R;IL1RAP;KCNH1;KDR;KIT;MET;NOTCH1;NTRK1;DDR2;RET;ROS1;RYR2;SDC4;ACVR1B;NRXN3;CD74"
