"","GOMFID","Pvalue","OddsRatio","ExpCount","Count","Size","Term","Symbols"
"1","GO:0005515",9.76059968042407e-05,3.12108559498956,99.8696947133284,115,1073,"protein binding","CDK4;CDK6;IKZF1;TFG;KLF2;MALT1;CNTRL;FGFR1OP;CLTC;CREBBP;CTLA4;DDX6;EIF4A2;EP300;EZH2;FGFR1;FGFR3;SPEN;FLT3;ALK;ABL1;GATA3;FOXP1;SETD2;C6orf15;CD274;HLA-B;BIRC3;HSP90AA1;HSP90AB1;FAS;IKBKB;IL2;IL13;ITK;JAK3;KRAS;RHOA;LCP1;RHOH;LPP;MDFI;CIITA;MSN;MUC1;MYC;MYD88;MYH9;NACA;NBN;ATIC;ATM;NFKB2;NOTCH1;NOTCH2;NPM1;PAFAH1B2;PAX5;POLR1D;LEF1;UBR5;PIK3CA;PIM1;POU2AF1;FBXW7;PRF1;EXOC2;MAP2K1;B2M;PTEN;RNF213;RALGDS;CCND1;BCL2;REL;BCL6;BCL7A;PRDM1;BLM;SRSF3;ARAP3;BRAF;SYK;TCF3;ZEB1;BTK;TFRC;TNFAIP3;TP53;TPM3;TPM4;WAS;CXCR4;C17orf62;FAT4;TBL1XR1;FBXO11;KMT2D;SLC14A2;CLTCL1;HIST1H4I;CAST;EOMES;CARS;FCRL4;CARD11;TP63;SOCS1;TNFRSF14;BCL10;CCND2;CD86;CDC42BPB;CD79A;CD79B"
"2","GO:0030234",0.00054110816720762,2.5540177649246,10.7967237527923,22,116,"enzyme regulator activity","CDK4;MALT1;FGFR1OP;BIRC3;HSP90AA1;HSP90AB1;IL2;RHOH;NOTCH1;NPM1;LEF1;PIK3CA;FBXW7;MAP2K1;RALGDS;CCND1;ARAP3;TP53;WAS;CAST;SOCS1;BCL10"
"3","GO:0002020",0.000682927978154914,6.50924499229584,1.67535368577811,7,18,"protease binding","MALT1;FAS;BCL2;TNFAIP3;TP53;CAST;BCL10"
"4","GO:0019207",0.000819084479653342,3.82105263157895,3.81608339538347,11,41,"kinase regulator activity","CDK4;MALT1;FGFR1OP;IL2;RHOH;NPM1;PIK3CA;MAP2K1;CCND1;SOCS1;BCL10"
"5","GO:0043621",0.00111062183216838,10.1083333333333,0.930752047654505,5,10,"protein self-association","MALT1;FOXP1;TNFAIP3;TP53;BCL10"
"6","GO:0016740",0.0013572919340298,1.94886861501984,24.2926284437826,38,261,"transferase activity","CDK4;CDK6;MALT1;FGFR1OP;CREBBP;EP300;EZH2;FGFR1;FGFR3;FLT3;ALK;ABL1;SETD2;BIRC3;IKBKB;ITK;JAK3;CIITA;ATIC;ATM;PAFAH1B2;POLR1D;UBR5;PIK3CA;PIM1;MAP2K1;RNF213;CCND1;PRDM1;BRAF;SYK;BTK;TNFAIP3;FBXO11;ZFP91;KMT2D;CARD11;CDC42BPB"
"7","GO:0004672",0.00380722927697594,2.2012763868434,10.8897989575577,20,117,"protein kinase activity","CDK4;CDK6;FGFR1OP;FGFR1;FGFR3;FLT3;ALK;ABL1;IKBKB;ITK;JAK3;ATM;PIK3CA;PIM1;MAP2K1;CCND1;BRAF;SYK;BTK;CDC42BPB"
"8","GO:0016301",0.00443185586753246,2.08866741128963,12.5651526433358,22,135,"kinase activity","CDK4;CDK6;FGFR1OP;FGFR1;FGFR3;FLT3;ALK;ABL1;IKBKB;ITK;JAK3;CIITA;ATM;PIK3CA;PIM1;MAP2K1;CCND1;BRAF;SYK;BTK;CARD11;CDC42BPB"
"9","GO:0004715",0.00450472702346425,6.30208333333333,1.20997766195086,5,13,"non-membrane spanning protein tyrosine kinase activity","ABL1;ITK;JAK3;SYK;BTK"
"10","GO:0016772",0.00468586567429949,2.04432020742181,13.4028294862249,23,144,"transferase activity, transferring phosphorus-containing groups","CDK4;CDK6;FGFR1OP;FGFR1;FGFR3;FLT3;ALK;ABL1;IKBKB;ITK;JAK3;CIITA;ATM;POLR1D;PIK3CA;PIM1;MAP2K1;CCND1;BRAF;SYK;BTK;CARD11;CDC42BPB"
"11","GO:0004713",0.00546588562334335,2.84166666666667,4.74683544303798,11,51,"protein tyrosine kinase activity","FGFR1OP;FGFR1;FGFR3;FLT3;ALK;ABL1;ITK;JAK3;MAP2K1;SYK;BTK"
"12","GO:0019900",0.00608712294511256,2.05442836979534,12.0997766195086,21,130,"kinase binding","FGFR1OP;CLTC;ABL1;HSP90AB1;FAS;IKBKB;MSN;NPM1;EXOC2;MAP2K1;PTEN;CCND1;BRAF;SYK;TCF3;TNFAIP3;TP53;WAS;SOCS1;BCL10;CCND2"
"13","GO:0003725",0.00623121929344443,8.0198347107438,0.837676842889054,4,9,"double-stranded RNA binding","CLTC;HSP90AB1;MSN;TFRC"
"14","GO:0002039",0.0074951527961845,4.33613445378151,1.86150409530901,6,20,"p53 binding","CREBBP;EP300;MUC1;BLM;TP53;TP63"
"15","GO:0000989",0.00783723690625027,2.0714841470531,10.7967237527923,19,116,"transcription factor activity, transcription factor binding","CREBBP;EP300;SPEN;GATA3;CIITA;MUC1;NACA;NFKB2;NOTCH1;NOTCH2;NPM1;POU2AF1;CCND1;TCF3;ZEB1;TBL1XR1;EOMES;TP63;BCL10"
"16","GO:0005134",0.00860009343585384,Inf,0.186150409530901,2,2,"interleukin-2 receptor binding","GATA3;IL2"
"17","GO:0030911",0.00860009343585384,Inf,0.186150409530901,2,2,"TPR domain binding","HSP90AA1;HSP90AB1"
"18","GO:0000988",0.00946211643773867,2.02601486563751,10.9828741623232,19,118,"transcription factor activity, protein binding","CREBBP;EP300;SPEN;GATA3;CIITA;MUC1;NACA;NFKB2;NOTCH1;NOTCH2;NPM1;POU2AF1;CCND1;TCF3;ZEB1;TBL1XR1;EOMES;TP63;BCL10"
"19","GO:0019901",0.00946211643773867,2.02601486563751,10.9828741623232,19,118,"protein kinase binding","FGFR1OP;CLTC;ABL1;HSP90AB1;IKBKB;MSN;NPM1;EXOC2;MAP2K1;PTEN;CCND1;BRAF;SYK;TCF3;TP53;WAS;SOCS1;BCL10;CCND2"
"20","GO:0070888",0.00964495093429512,6.67768595041322,0.930752047654505,4,10,"E-box binding","GATA3;MYC;TCF3;ZEB1"
