"","GOCCID","Pvalue","OddsRatio","ExpCount","Count","Size","Term","Symbols"
"1","GO:0098552",5.8777446492799e-07,4.41837928153718,7.23881673881674,22,79,"side of membrane","CTLA4;FGFR3;FLT3;ABL1;CD274;HLA-B;HLA-DQB2;FAS;IKBKB;IL13;ITK;JAK3;KRAS;B2M;PTEN;SYK;BTK;TFRC;TNFRSF14;CD86;CD79A;CD79B"
"2","GO:0005829",3.4090730293344e-06,2.41081980128682,36.7438672438672,60,401,"cytosol","CDK4;CDK6;TFG;MALT1;CNTRL;FGFR1OP;CLTC;DDX6;EIF4A2;FGFR1;FLT3;ABL1;BIRC3;HSP90AA1;HSP90AB1;IDH2;FAS;IKBKB;IL2;ITK;JAK3;KRAS;RHOA;LCP1;RHOH;MYC;MYD88;MYH9;NBN;ATIC;NFKB2;NOTCH1;NPM1;PAFAH1B2;POLR1D;PIK3CA;EXOC2;MAP2K1;PTEN;RALGDS;CCND1;BCL2;REL;ARAP3;BRAF;SYK;BTK;TNFAIP3;TP53;TPM3;TPM4;WAS;CXCR4;CAST;CARS;CARD11;TP63;SOCS1;BCL10;CCND2"
"3","GO:0098802",0.000387821222448977,5.25847457627119,2.47402597402597,9,27,"plasma membrane receptor complex","IKBKB;MYH9;B2M;SYK;TFRC;CARD11;BCL10;CD79A;CD79B"
"4","GO:0009897",0.000448438709686604,4.16902709359606,3.57359307359307,11,39,"external side of plasma membrane","CTLA4;FLT3;CD274;FAS;IL13;B2M;TFRC;TNFRSF14;CD86;CD79A;CD79B"
"5","GO:0019814",0.000752896338860738,Inf,0.274891774891775,3,3,"immunoglobulin complex","SYK;CD79A;CD79B"
"6","GO:0019815",0.000752896338860738,Inf,0.274891774891775,3,3,"B cell receptor complex","SYK;CD79A;CD79B"
"7","GO:0009986",0.00130014455685358,2.40005896226415,10.7207792207792,21,117,"cell surface","CTLA4;FGFR3;FLT3;CD274;HLA-B;HSP90AB1;FAS;IL13;RHOA;MYH9;NOTCH1;NOTCH2;B2M;CLSTN2;TFRC;TPM3;CXCR4;TNFRSF14;CD86;CD79A;CD79B"
"8","GO:0009898",0.00197833193366229,3.92478813559322,3.02380952380952,9,33,"cytoplasmic side of plasma membrane","FGFR3;ABL1;IKBKB;ITK;JAK3;KRAS;PTEN;SYK;BTK"
"9","GO:0098562",0.00197833193366229,3.92478813559322,3.02380952380952,9,33,"cytoplasmic side of membrane","FGFR3;ABL1;IKBKB;ITK;JAK3;KRAS;PTEN;SYK;BTK"
"10","GO:0065010",0.00228986608333779,1.9112752236322,22.3578643578644,35,244,"extracellular membrane-bounded organelle","TFG;CLTC;SPEN;ALK;CD274;HLA-B;HSP90AA1;HSP90AB1;IDH2;FAS;RHOA;LCP1;MSN;MUC1;MYH9;NACA;ATIC;PAFAH1B2;MAP2K1;B2M;TFRC;TNFAIP3;TPM3;TPM4;WAS;CXCR4;FAT4;PDCD1LG2;CLTCL1;HIST1H4I;FCRL4;CARD11;CD86;CDC42BPB;CD79B"
"11","GO:0070062",0.00228986608333779,1.9112752236322,22.3578643578644,35,244,"extracellular exosome","TFG;CLTC;SPEN;ALK;CD274;HLA-B;HSP90AA1;HSP90AB1;IDH2;FAS;RHOA;LCP1;MSN;MUC1;MYH9;NACA;ATIC;PAFAH1B2;MAP2K1;B2M;TFRC;TNFAIP3;TPM3;TPM4;WAS;CXCR4;FAT4;PDCD1LG2;CLTCL1;HIST1H4I;FCRL4;CARD11;CD86;CDC42BPB;CD79B"
"12","GO:0031988",0.00234688963724195,1.81170999788628,30.1464646464646,44,329,"membrane-bounded vesicle","TFG;CLTC;CTLA4;FGFR1;FGFR3;SPEN;ALK;CD274;HLA-B;HLA-DQB2;HSP90AA1;HSP90AB1;IDH2;FAS;RHOA;LCP1;MSN;MUC1;MYH9;NACA;ATIC;ATM;NOTCH1;PAFAH1B2;PRF1;MAP2K1;B2M;SYK;TFRC;TNFAIP3;TPM3;TPM4;WAS;CXCR4;FAT4;PDCD1LG2;CLTCL1;HIST1H4I;FCRL4;CARD11;SOCS1;CD86;CDC42BPB;CD79B"
"13","GO:0043230",0.00246905797985714,1.90036231884058,22.4494949494949,35,245,"extracellular organelle","TFG;CLTC;SPEN;ALK;CD274;HLA-B;HSP90AA1;HSP90AB1;IDH2;FAS;RHOA;LCP1;MSN;MUC1;MYH9;NACA;ATIC;PAFAH1B2;MAP2K1;B2M;TFRC;TNFAIP3;TPM3;TPM4;WAS;CXCR4;FAT4;PDCD1LG2;CLTCL1;HIST1H4I;FCRL4;CARD11;CD86;CDC42BPB;CD79B"
"14","GO:1903561",0.00246905797985714,1.90036231884058,22.4494949494949,35,245,"extracellular vesicle","TFG;CLTC;SPEN;ALK;CD274;HLA-B;HSP90AA1;HSP90AB1;IDH2;FAS;RHOA;LCP1;MSN;MUC1;MYH9;NACA;ATIC;PAFAH1B2;MAP2K1;B2M;TFRC;TNFAIP3;TPM3;TPM4;WAS;CXCR4;FAT4;PDCD1LG2;CLTCL1;HIST1H4I;FCRL4;CARD11;CD86;CDC42BPB;CD79B"
"15","GO:0031982",0.00291326308606957,1.77753141167775,31.3376623376623,45,342,"vesicle","TFG;CLTC;CTLA4;FGFR1;FGFR3;SPEN;ALK;CD274;HLA-B;HLA-DQB2;HSP90AA1;HSP90AB1;IDH2;FAS;RHOA;LCP1;MSN;MUC1;MYH9;NACA;ATIC;ATM;NOTCH1;PAFAH1B2;PRF1;MAP2K1;B2M;SYK;BTK;TFRC;TNFAIP3;TPM3;TPM4;WAS;CXCR4;FAT4;PDCD1LG2;CLTCL1;HIST1H4I;FCRL4;CARD11;SOCS1;CD86;CDC42BPB;CD79B"
"16","GO:0042641",0.00421033542316618,6.40881147540984,1.19119769119769,5,13,"actomyosin","LCP1;MYH9;TPM3;TPM4;CDC42BPB"
"17","GO:0031234",0.00525446730016069,4.75270184361093,1.74098124098124,6,19,"extrinsic component of cytoplasmic side of plasma membrane","ABL1;ITK;JAK3;KRAS;SYK;BTK"
"18","GO:0043235",0.00546741647142447,2.69084181313599,5.40620490620491,12,59,"receptor complex","FGFR1;IKBKB;MYH9;NOTCH1;NOTCH2;B2M;SYK;TFRC;CARD11;BCL10;CD79A;CD79B"
"19","GO:0044459",0.00563260896034083,1.74935177182368,26.1147186147186,38,285,"plasma membrane part","CLTC;CTLA4;FGFR1;FGFR3;FLT3;ALK;ABL1;CD274;HLA-B;HLA-DQB2;HSP90AA1;HSP90AB1;FAS;IKBKB;IL13;ITK;JAK3;KRAS;LCP1;RHOH;MSN;MUC1;MYH9;NOTCH1;NOTCH2;B2M;PTEN;CLSTN2;SYK;BTK;TFRC;SLC14A2;CARD11;TNFRSF14;BCL10;CD86;CD79A;CD79B"
"20","GO:0001772",0.00589114779777047,8.15609756097561,0.824675324675325,4,9,"immunological synapse","RHOH;MYH9;CARD11;BCL10"
"21","GO:0002102",0.00655243945826526,15.2056451612903,0.458152958152958,3,5,"podosome","LCP1;TPM3;TPM4"
"22","GO:0042101",0.00655243945826526,15.2056451612903,0.458152958152958,3,5,"T cell receptor complex","SYK;CARD11;BCL10"
"23","GO:0045335",0.00655243945826526,15.2056451612903,0.458152958152958,3,5,"phagocytic vesicle","HLA-B;B2M;SYK"
"24","GO:0005862",0.00833606826386609,Inf,0.183261183261183,2,2,"muscle thin filament tropomyosin","TPM3;TPM4"
"25","GO:0012510",0.00833606826386609,Inf,0.183261183261183,2,2,"trans-Golgi network transport vesicle membrane","CLTC;CLTCL1"
"26","GO:0030130",0.00833606826386609,Inf,0.183261183261183,2,2,"clathrin coat of trans-Golgi network vesicle","CLTC;CLTCL1"
"27","GO:0032449",0.00833606826386609,Inf,0.183261183261183,2,2,"CBM complex","MALT1;BCL10"
"28","GO:1990712",0.00833606826386609,Inf,0.183261183261183,2,2,"HFE-transferrin receptor complex","B2M;TFRC"
"29","GO:0001725",0.00912900950047219,6.79132791327913,0.916305916305916,4,10,"stress fiber","LCP1;MYH9;TPM3;TPM4"
"30","GO:0032432",0.00912900950047219,6.79132791327913,0.916305916305916,4,10,"actin filament bundle","LCP1;MYH9;TPM3;TPM4"
"31","GO:0097517",0.00912900950047219,6.79132791327913,0.916305916305916,4,10,"contractile actin filament bundle","LCP1;MYH9;TPM3;TPM4"
"32","GO:0071944",0.00938174688262649,1.5866905996543,45.2655122655123,58,494,"cell periphery","MALT1;CLTC;CTLA4;FGFR1;FGFR3;FLT3;ALK;ABL1;CD274;HLA-B;HLA-DQB2;HSP90AA1;HSP90AB1;FAS;IKBKB;IL13;ITK;JAK3;KRAS;RHOA;LCP1;RHOH;LPP;MSN;MUC1;MYD88;MYH9;NOTCH1;NOTCH2;PAFAH1B2;PIK3CA;PIM1;PRF1;EXOC2;MAP2K1;B2M;PTEN;TNFRSF17;CLSTN2;ARAP3;BRAF;SYK;BTK;TFRC;TPM3;TPM4;CXCR4;FAT4;PDCD1LG2;SLC14A2;FCRL4;CARD11;TNFRSF14;BCL10;CD86;CDC42BPB;CD79A;CD79B"
"33","GO:0016020",0.0094737186197784,1.58969833643821,66.9819624819625,80,731,"membrane","CDK4;TFG;MALT1;CNTRL;CLTC;CTLA4;DDX6;FGFR1;FGFR3;FLT3;ALK;ABL1;KDSR;CD274;HLA-B;HLA-DQB2;BIRC3;HSP90AA1;HSP90AB1;IDH2;FAS;IKBKB;IL13;ITK;JAK3;KRAS;RHOA;LCP1;RHOH;LPP;MSN;MUC1;MYD88;MYH9;ATIC;NOTCH1;NOTCH2;NPM1;PAFAH1B2;IL21R;UBR5;PIK3CA;PIM1;PRF1;EXOC2;MAP2K1;BTNL2;B2M;PTEN;GRAMD1B;RNF213;CCND1;BCL2;TNFRSF17;CLSTN2;ARAP3;BRAF;SYK;BTK;TFRC;TPM4;WAS;CXCR4;C17orf62;FAT4;PDCD1LG2;SLC14A2;CLTCL1;HIST1H4I;CAST;FCRL4;CARD11;TNFRSF14;BCL10;CCND2;PCSK7;CD86;CDC42BPB;CD79A;CD79B"
"34","GO:0098797",0.00978468988565147,2.3613127646703,6.50577200577201,13,71,"plasma membrane protein complex","CLTC;HLA-B;HLA-DQB2;FAS;IKBKB;MYH9;B2M;SYK;TFRC;CARD11;BCL10;CD79A;CD79B"
