"","GOCCID","Pvalue","OddsRatio","ExpCount","Count","Size","Term","Symbols"
"1","GO:0032991",3.66775889516016e-12,2.44780101220134,122.748917748918,176,535,"macromolecular complex","MEF2B;RAD50;CDK4;CDK6;CDK8;CDKN1A;CDKN1B;CDKN2A;YAP1;CREBBP;CTNNB1;IFNLR1;DCTN1;ASXL1;DNMT3A;DNMT3B;EGFR;ARID2;EP300;ERBB2;ERBB3;ERBB4;ERCC2;ERCC4;ERG;ESR1;EZH2;FANCA;FANCC;FGFR1;DIS3;RALY;ERC1;FLT3;SMG6;DICER1;SF3B1;BRD4;SUZ12;ALK;MTOR;RICTOR;LSM14A;GATA3;GJA3;GNAS;MSH6;HIST1H1C;H3F3A;HLA-A;HLA-DQA1;HMGA1;APC;IGF1R;IRF4;AR;JUN;KIF5B;SMAD2;SMAD3;SMAD4;MCL1;MDM2;MAP3K1;MLH1;KMT2A;MSH2;MSH3;MYC;MYCN;MYO5A;MYOD1;ATF1;ATM;NF2;NFE2L2;NFKBIA;NOTCH1;NTRK1;NTRK2;NTRK3;PAK1;PARK2;PBX1;PDGFRA;NBAS;CDK12;PIK3CA;PIK3CB;PIK3CD;PIK3R1;PIK3R2;PMS1;PMS2;POLE;ATRX;UGT1A1;BCOR;PPP2R1A;PBRM1;ASXL2;FBXW7;ZCCHC8;KIF16B;PRKAA2;MAPK1;B2M;SMARCAD1;ARID1B;SHTN1;PTPN11;KMT2C;RAC1;RAD21;RAD51C;RAD51B;RARA;RARG;RARS;RB1;CCND1;BCL2;RET;RHEB;CLIP1;SDHB;SDHC;SRSF2;SMARCA1;SMARCA4;SMARCB1;SOX9;BRCA1;BRCA2;STAT3;AURKA;STK11;HNF1A;TCF3;TERT;TGFBR1;TGFBR2;NKX2-1;TP53;TPM3;TSC1;TSC2;U2AF1;KDM6A;VHL;WRN;XPO1;XRCC2;GLRA3;NAA25;KMT2D;FIP1L1;ARID1A;BAP1;SPOP;CASP8;CARD11;CEP89;CBL;DNAH11;BCL10;CCND2;CCND3;CCNE1;ACVR1;KLF4;CD44;MRPL19;KEAP1;MED12;CDH1"
"2","GO:0044427",5.85222942690037e-12,3.67773306505701,31.4329004329004,66,137,"chromosomal part","RAD50;CDK4;CDKN2A;CTCF;CHEK2;CREBBP;CTNNB1;DCTN1;ASXL1;DNMT3A;DNMT3B;ERCC4;ESR1;EZH2;FANCC;SMG6;SF3B1;BRD4;SUZ12;GATA3;MSH6;HIST1H1C;H3F3A;HMGA1;APC;IRF4;AR;JUN;SMAD2;SMAD3;SMAD4;MLH1;MSH2;MYCN;MYOD1;ATM;NFE2L2;PMS1;POLE;ATR;ATRX;PPP2R1A;PBRM1;ASXL2;SMARCAD1;RAD21;RAD51C;RAD51B;RARA;RARG;RB1;CLIP1;BLM;SMARCA4;SMARCB1;BRCA2;STAT3;AURKA;TCF3;TERT;TP53;XPO1;XRCC2;ARID1A;CCND2;KLF4"
"3","GO:0005694",1.87589868381827e-11,3.42228915662651,34.1861471861472,69,149,"chromosome","RAD50;CDK4;CDKN2A;CTCF;CHEK2;CREBBP;CTNNB1;DCTN1;ASXL1;DNMT3A;DNMT3B;ERCC4;ESR1;EZH2;FANCC;SMG6;SF3B1;BRD4;SUZ12;GATA3;SETD2;MSH6;HIST1H1C;H3F3A;HMGA1;APC;IRF4;AR;JUN;SMAD2;SMAD3;SMAD4;MLH1;MSH2;MYCN;MYOD1;ATM;NFE2L2;PMS1;POLE;ATR;ATRX;PPP2R1A;PBRM1;ASXL2;SMARCAD1;RAD21;RAD51C;RAD51B;RARA;RARG;RB1;CLIP1;BLM;NSD1;SMARCA4;SMARCB1;BRCA1;BRCA2;STAT3;AURKA;TCF3;TERT;TP53;XPO1;XRCC2;ARID1A;CCND2;KLF4"
"4","GO:0043234",6.57834827015471e-11,2.33569777011404,110.818181818182,160,483,"protein complex","MEF2B;RAD50;CDK4;CDK6;CDK8;CDKN1A;CDKN1B;CDKN2A;YAP1;CREBBP;CTNNB1;IFNLR1;DCTN1;ASXL1;EGFR;ARID2;EP300;ERBB2;ERBB3;ERBB4;ERCC2;ERCC4;ESR1;EZH2;FANCA;FANCC;FGFR1;DIS3;ERC1;FLT3;SMG6;DICER1;BRD4;SUZ12;ALK;MTOR;RICTOR;GATA3;GJA3;GNAS;MSH6;HIST1H1C;H3F3A;HLA-A;HLA-DQA1;HMGA1;APC;IGF1R;IRF4;AR;JUN;KIF5B;SMAD2;SMAD3;SMAD4;MCL1;MDM2;MAP3K1;MLH1;KMT2A;MSH2;MSH3;MYC;MYO5A;MYOD1;ATF1;ATM;NF2;NFKBIA;NOTCH1;NTRK1;NTRK2;NTRK3;PAK1;PARK2;PBX1;PDGFRA;NBAS;CDK12;PIK3CA;PIK3CB;PIK3CD;PIK3R1;PIK3R2;PMS1;PMS2;POLE;ATRX;UGT1A1;BCOR;PPP2R1A;PBRM1;FBXW7;KIF16B;PRKAA2;MAPK1;B2M;ARID1B;SHTN1;PTPN11;KMT2C;RAD21;RAD51C;RAD51B;RARG;RARS;RB1;CCND1;BCL2;RET;CLIP1;SDHB;SDHC;SMARCA1;SMARCA4;SMARCB1;SOX9;BRCA1;BRCA2;STAT3;AURKA;STK11;HNF1A;TCF3;TERT;TGFBR1;TGFBR2;NKX2-1;TP53;TPM3;TSC1;TSC2;U2AF1;KDM6A;VHL;WRN;XPO1;XRCC2;GLRA3;NAA25;KMT2D;FIP1L1;ARID1A;BAP1;SPOP;CASP8;CARD11;CEP89;CBL;DNAH11;BCL10;CCND2;CCND3;CCNE1;ACVR1;KLF4;CD44;KEAP1;MED12;CDH1"
"5","GO:0005634",3.80887562539295e-10,2.27878321139777,172.077922077922,220,750,"nucleus","AKT3;MEF2B;RAD50;CDK4;CDK6;CDK8;CDKN1A;CDKN1B;CDKN2A;CDKN2B;CDKN2C;TUBB3;YAP1;NCOA2;CTCF;CHD1;CHEK2;AKAP13;HELQ;SPATA33;CREBBP;CTNNB1;CUX1;ASXL1;DNMT3A;DNMT3B;DUSP6;EGFR;ARID2;EP300;ERBB2;ERBB4;ERCC2;AKT1;ERCC4;ERG;AKT2;ESR1;ETV1;ETV6;EWSR1;EZH2;FANCA;FANCC;FAT1;FGF12;FGFR1;FGFR3;FGFR2;FGFR4;DIS3;RALY;FOXO1;CIC;FLT3;SMG6;DICER1;SF3B1;BRD4;SUZ12;CBLC;AIPL1;MTOR;ABL1;G6PD;NUTM1;GATA3;FOXP1;GLI1;GNAQ;GNAS;SETD2;ARHGAP35;MSH6;HIST1H1C;H3F3A;NRG1;HMGA1;FOXA1;APC;HRAS;IRF4;AR;JAK1;JAK2;JUN;KDR;LIMK2;LMNA;LPP;SMAD2;SMAD3;SMAD4;MCL1;MDM2;MDM4;MLH1;KMT2A;MSH2;MSH3;MYC;MYCN;MYOD1;ATF1;ATM;NF1;NF2;NFE2L2;NFKBIA;NOTCH1;PAK1;PARK2;PBX1;PDGFRA;PDGFRB;CDK12;PIK3CB;PIM1;PIK3R1;PIK3R2;PMS1;PMS2;POLE;ATR;ATRX;BCOR;PPP2R1A;PBRM1;ASXL2;FBXW7;ETNK1;SOX6;ZCCHC8;PRKAA2;MAPK1;MAP2K1;MAP2K2;SMARCAD1;PTEN;ARID1B;PTPN2;PTPN11;KMT2C;RAC1;RAD21;RAD51C;RAD51B;RAF1;RARA;RARG;RARS;RB1;CCND1;BCL2;RHEB;PRDM1;SDHB;BLM;MAP2K4;SFRP4;SRSF2;NSD1;SMARCA1;SMARCA4;SMARCB1;SOX9;FOXL2;SRC;BRCA1;BRAF;BRCA2;STAT3;AURKA;STK11;HNF1A;TCF3;BTK;TERT;NKX2-1;TP53;TSC1;TSC2;TYMS;TYR;U2AF1;KDM6A;VHL;WRN;XBP1;XPO1;XRCC2;PAX8;NAA25;BRD3;TET1;KMT2D;FIP1L1;RBM10;KDM5C;ARID1A;BAP1;BRIP1;SPOP;CASP8;RAD54L;PPM1D;RUNX1;CBL;BCL10;HERC2;CCND2;CCND3;CCNE1;NAPRT;KLF4;PDE4DIP;NUP93;MRPL19;KEAP1;MED12"
"6","GO:0005654",1.08409748591526e-09,2.26431681526021,92.004329004329,136,401,"nucleoplasm","AKT3;RAD50;CDK4;CDK6;CDK8;CDKN1A;CDKN1B;CDKN2A;CDKN2B;YAP1;NCOA2;CTCF;CHEK2;HELQ;CREBBP;CTNNB1;CUX1;DNMT3A;DNMT3B;DUSP6;ARID2;EP300;ERBB4;ERCC2;AKT1;ERCC4;AKT2;ESR1;EZH2;FANCA;FANCC;FGFR2;FGFR4;DIS3;FOXO1;SF3B1;BRD4;SUZ12;MTOR;ABL1;GATA3;FOXP1;GLI1;SETD2;MSH6;H3F3A;HMGA1;APC;IRF4;AR;JAK2;JUN;LMNA;SMAD2;SMAD3;SMAD4;MCL1;MDM2;MLH1;KMT2A;MSH2;MSH3;MYC;MYOD1;ATF1;ATM;NOTCH1;PBX1;CDK12;PMS2;POLE;ATR;ATRX;PBRM1;ASXL2;FBXW7;ETNK1;SOX6;ZCCHC8;PRKAA2;MAPK1;SMARCAD1;PTEN;ARID1B;PTPN2;KMT2C;RAD21;RAD51C;RAD51B;RARA;RARG;RARS;RB1;CCND1;SDHB;BLM;SRSF2;NSD1;SMARCA4;SMARCB1;SOX9;BRCA1;BRCA2;STAT3;TCF3;TERT;NKX2-1;TP53;TYMS;U2AF1;KDM6A;VHL;WRN;XBP1;XPO1;XRCC2;PAX8;NAA25;KMT2D;FIP1L1;RBM10;KDM5C;ARID1A;BAP1;BRIP1;SPOP;CASP8;RAD54L;RUNX1;HERC2;CCND2;CCND3;CCNE1;KLF4;KEAP1;MED12"
"7","GO:0000228",2.43580844111904e-09,3.69705215419501,22.2554112554113,48,97,"nuclear chromosome","RAD50;CREBBP;CTNNB1;ASXL1;DNMT3A;DNMT3B;ERCC4;ESR1;EZH2;BRD4;SUZ12;GATA3;MSH6;HIST1H1C;H3F3A;IRF4;AR;JUN;SMAD2;SMAD3;SMAD4;MLH1;MSH2;MYOD1;ATM;PMS1;POLE;ATR;ATRX;PBRM1;ASXL2;SMARCAD1;RAD21;RAD51C;RARA;RARG;BLM;SMARCA4;SMARCB1;BRCA1;BRCA2;STAT3;AURKA;TCF3;TERT;TP53;ARID1A;KLF4"
"8","GO:0044428",3.76892034104163e-09,2.14202522255193,113.571428571429,158,495,"nuclear part","AKT3;RAD50;CDK4;CDK6;CDK8;CDKN1A;CDKN1B;CDKN2A;CDKN2B;YAP1;NCOA2;CTCF;CHEK2;HELQ;CREBBP;CTNNB1;CUX1;ASXL1;DNMT3A;DNMT3B;DUSP6;EGFR;ARID2;EP300;ERBB4;ERCC2;AKT1;ERCC4;AKT2;ESR1;ETV6;EWSR1;EZH2;FANCA;FANCC;FGFR2;FGFR4;DIS3;RALY;FOXO1;SMG6;DICER1;SF3B1;BRD4;SUZ12;MTOR;ABL1;GATA3;FOXP1;GLI1;GNAQ;SETD2;MSH6;HIST1H1C;H3F3A;HMGA1;FOXA1;APC;IRF4;AR;JAK2;JUN;LMNA;SMAD2;SMAD3;SMAD4;MCL1;MDM2;MLH1;KMT2A;MSH2;MSH3;MYC;MYOD1;ATF1;ATM;NF1;NF2;NOTCH1;PAK1;PBX1;CDK12;PIK3CB;PMS1;PMS2;POLE;ATR;ATRX;BCOR;PBRM1;ASXL2;FBXW7;ETNK1;SOX6;ZCCHC8;PRKAA2;MAPK1;SMARCAD1;PTEN;ARID1B;PTPN2;KMT2C;RAD21;RAD51C;RAD51B;RARA;RARG;RARS;RB1;CCND1;BCL2;RHEB;SDHB;BLM;SRSF2;NSD1;SMARCA1;SMARCA4;SMARCB1;SOX9;BRCA1;BRCA2;STAT3;AURKA;TCF3;TERT;NKX2-1;TP53;TYMS;U2AF1;KDM6A;VHL;WRN;XBP1;XPO1;XRCC2;PAX8;NAA25;KMT2D;FIP1L1;RBM10;KDM5C;ARID1A;BAP1;BRIP1;SPOP;CASP8;RAD54L;RUNX1;HERC2;CCND2;CCND3;CCNE1;KLF4;NUP93;MRPL19;KEAP1;MED12"
"9","GO:0044454",5.44513145846703e-09,3.74725274725275,20.6493506493506,45,90,"nuclear chromosome part","RAD50;CREBBP;CTNNB1;ASXL1;DNMT3A;DNMT3B;ERCC4;ESR1;EZH2;BRD4;SUZ12;GATA3;MSH6;HIST1H1C;H3F3A;IRF4;AR;JUN;SMAD2;SMAD3;SMAD4;MLH1;MSH2;MYOD1;ATM;PMS1;POLE;ATR;ATRX;ASXL2;SMARCAD1;RAD21;RARA;RARG;BLM;SMARCA4;SMARCB1;BRCA2;STAT3;AURKA;TCF3;TERT;TP53;ARID1A;KLF4"
"10","GO:0000785",7.41395606308702e-09,3.91086956521739,18.8138528138528,42,82,"chromatin","CDK4;CDKN2A;CREBBP;CTNNB1;ASXL1;DNMT3A;DNMT3B;ESR1;EZH2;FANCC;SF3B1;BRD4;SUZ12;GATA3;MSH6;HIST1H1C;H3F3A;HMGA1;IRF4;AR;JUN;SMAD2;SMAD3;SMAD4;MYCN;MYOD1;NFE2L2;ATRX;ASXL2;SMARCAD1;RAD21;RARA;RARG;RB1;SMARCA4;SMARCB1;STAT3;TCF3;TP53;ARID1A;CCND2;KLF4"
"11","GO:0031981",1.07733702355267e-08,2.10950226244344,105.541125541126,148,460,"nuclear lumen","AKT3;RAD50;CDK4;CDK6;CDK8;CDKN1A;CDKN1B;CDKN2A;CDKN2B;YAP1;NCOA2;CTCF;CHEK2;HELQ;CREBBP;CTNNB1;CUX1;ASXL1;DNMT3A;DNMT3B;DUSP6;ARID2;EP300;ERBB4;ERCC2;AKT1;ERCC4;AKT2;ESR1;ETV6;EWSR1;EZH2;FANCA;FANCC;FGFR2;FGFR4;DIS3;FOXO1;SMG6;SF3B1;BRD4;SUZ12;MTOR;ABL1;GATA3;FOXP1;GLI1;SETD2;MSH6;HIST1H1C;H3F3A;HMGA1;FOXA1;APC;IRF4;AR;JAK2;JUN;LMNA;SMAD2;SMAD3;SMAD4;MCL1;MDM2;MLH1;KMT2A;MSH2;MSH3;MYC;MYOD1;ATF1;ATM;NF1;NF2;NOTCH1;PBX1;CDK12;PIK3CB;PMS1;PMS2;POLE;ATR;ATRX;PBRM1;ASXL2;FBXW7;ETNK1;SOX6;ZCCHC8;PRKAA2;MAPK1;SMARCAD1;PTEN;ARID1B;PTPN2;KMT2C;RAD21;RAD51C;RAD51B;RARA;RARG;RARS;RB1;CCND1;SDHB;BLM;SRSF2;NSD1;SMARCA4;SMARCB1;SOX9;BRCA1;BRCA2;STAT3;AURKA;TCF3;TERT;NKX2-1;TP53;TYMS;U2AF1;KDM6A;VHL;WRN;XBP1;XPO1;XRCC2;PAX8;NAA25;KMT2D;FIP1L1;RBM10;KDM5C;ARID1A;BAP1;BRIP1;SPOP;CASP8;RAD54L;RUNX1;HERC2;CCND2;CCND3;CCNE1;KLF4;NUP93;KEAP1;MED12"
"12","GO:0005623",1.20818153127514e-08,Inf,302.398268398268,318,1318,"cell","AKT3;MEF2B;RAD50;CDK4;CDK6;CDK8;CDKN1A;CDKN1B;CDKN2A;CDKN2B;CDKN2C;TUBB3;YAP1;NCOA2;SLCO1B1;CTCF;ADCY2;LILRB4;RAB35;CHD1;PTPRT;CHEK2;AKAP13;HELQ;SPATA33;ADH1B;ADH1C;ADH7;CREBBP;CTLA4;CTNNB1;CUX1;CYLD;IFNLR1;DCTN1;ASXL1;AGER;DNMT3A;DNMT3B;DPYD;DTNB;DUSP6;EGFR;EIF1AX;ARID2;EPHA2;EP300;EPHA3;SLC44A5;ERBB2;ERBB3;ERBB4;ERCC2;AKT1;ERCC4;ERG;AKT2;ESR1;ETV1;ETV6;EWSR1;EZH2;FANCA;FANCC;FAT1;FGF12;FGFR1;FGFR3;FGFR2;FGFR4;DIS3;RALY;FOXO1;ERC1;CIC;FLT3;SMG6;PSD3;DICER1;SF3B1;BRD4;SUZ12;CBLC;AIPL1;ALK;MTOR;ABL1;RICTOR;G6PD;NUTM1;SLC39A6;LSM14A;GATA3;GJA3;FOXP1;GLI1;GNA11;GNAQ;GNAS;MAGEH1;SETD2;ARHGAP35;CD274;MSH6;HIST1H1C;H3F3A;NRG1;HLA-A;HLA-DQA1;HMGA1;FOXA1;APC;HRAS;IDH1;IDH2;IGF1R;IL7R;IRF4;AR;ARAF;JAK1;JAK2;JUN;KDR;KIF5B;KIT;KRAS;RHOA;LIMK2;LMNA;LPP;EPCAM;SMAD2;SMAD3;SMAD4;MCL1;MDM2;MDM4;MAP3K1;MET;MLH1;KMT2A;MPL;MSH2;MSH3;MYC;MYCN;MYD88;MYO5A;MYOD1;ATF1;ATM;NF1;NF2;NFE2L2;NFKBIA;NOTCH1;NRAS;NTRK1;NTRK2;NTRK3;DDR2;OCA2;PAK1;PARK2;PBX1;PCDH9;SLC45A2;PDE1A;PDE3A;PDGFRA;PDGFRB;NBAS;CDK12;PIK3CA;PIK3CB;PIM1;PIK3CD;PIK3R1;PIK3R2;PMS1;PMS2;POLE;ATR;ROBO4;ATRX;UGT1A1;DEF8;BCOR;CDKAL1;PPP2R1A;PBRM1;ASXL2;FBXW7;PPP6C;ETNK1;SOX6;ZCCHC8;KIF16B;PRKAA2;MAPK1;MAP2K1;MAP2K2;B2M;SMARCAD1;PTCH1;PTEN;ARID1B;LRFN2;SHTN1;PTPN2;PTPN11;PTPRD;KMT2C;RAC1;RAD21;RAD51C;RAD51B;RAF1;RARA;RARG;RARS;RASA1;RB1;CCND1;BCL2;RET;RHEB;RIT1;ROS1;CLIP1;PRDM1;SDHB;SDHC;BLM;MAP2K4;ECSCR;SFRP4;SRSF2;NSD1;ST6GAL1;ST3GAL1;SLC12A2;SMARCA1;SMARCA4;SMARCB1;SMO;SOX9;FOXL2;SRC;BRCA1;BRAF;BRCA2;STAT3;AURKA;STK11;HNF1A;TCF3;BTK;TERT;TGFBR1;TGFBR2;NKX2-1;TMPRSS2;TP53;TPM3;TPMT;TRIO;TSC1;TSC2;TYMS;TYR;U2AF1;KDM6A;VHL;WRN;XBP1;XPO1;XRCC2;PAX8;GLRA3;NAA25;BRD3;TET1;KMT2D;FIP1L1;RBM10;KDM5C;ARID1A;BAP1;BRIP1;SPOP;CASP8;RAD54L;CARD11;CEP89;PPM1D;PPFIBP1;RUNX1;CBL;DNAH11;BCL10;HERC2;CCND2;CCND3;CCNE1;ACVR1;CD9;NAPRT;KLF4;CD44;PDE4DIP;NUP93;MRPL19;KEAP1;GOLGA5;MED12;CDH1"
"13","GO:0044464",1.20818153127514e-08,Inf,302.398268398268,318,1318,"cell part","AKT3;MEF2B;RAD50;CDK4;CDK6;CDK8;CDKN1A;CDKN1B;CDKN2A;CDKN2B;CDKN2C;TUBB3;YAP1;NCOA2;SLCO1B1;CTCF;ADCY2;LILRB4;RAB35;CHD1;PTPRT;CHEK2;AKAP13;HELQ;SPATA33;ADH1B;ADH1C;ADH7;CREBBP;CTLA4;CTNNB1;CUX1;CYLD;IFNLR1;DCTN1;ASXL1;AGER;DNMT3A;DNMT3B;DPYD;DTNB;DUSP6;EGFR;EIF1AX;ARID2;EPHA2;EP300;EPHA3;SLC44A5;ERBB2;ERBB3;ERBB4;ERCC2;AKT1;ERCC4;ERG;AKT2;ESR1;ETV1;ETV6;EWSR1;EZH2;FANCA;FANCC;FAT1;FGF12;FGFR1;FGFR3;FGFR2;FGFR4;DIS3;RALY;FOXO1;ERC1;CIC;FLT3;SMG6;PSD3;DICER1;SF3B1;BRD4;SUZ12;CBLC;AIPL1;ALK;MTOR;ABL1;RICTOR;G6PD;NUTM1;SLC39A6;LSM14A;GATA3;GJA3;FOXP1;GLI1;GNA11;GNAQ;GNAS;MAGEH1;SETD2;ARHGAP35;CD274;MSH6;HIST1H1C;H3F3A;NRG1;HLA-A;HLA-DQA1;HMGA1;FOXA1;APC;HRAS;IDH1;IDH2;IGF1R;IL7R;IRF4;AR;ARAF;JAK1;JAK2;JUN;KDR;KIF5B;KIT;KRAS;RHOA;LIMK2;LMNA;LPP;EPCAM;SMAD2;SMAD3;SMAD4;MCL1;MDM2;MDM4;MAP3K1;MET;MLH1;KMT2A;MPL;MSH2;MSH3;MYC;MYCN;MYD88;MYO5A;MYOD1;ATF1;ATM;NF1;NF2;NFE2L2;NFKBIA;NOTCH1;NRAS;NTRK1;NTRK2;NTRK3;DDR2;OCA2;PAK1;PARK2;PBX1;PCDH9;SLC45A2;PDE1A;PDE3A;PDGFRA;PDGFRB;NBAS;CDK12;PIK3CA;PIK3CB;PIM1;PIK3CD;PIK3R1;PIK3R2;PMS1;PMS2;POLE;ATR;ROBO4;ATRX;UGT1A1;DEF8;BCOR;CDKAL1;PPP2R1A;PBRM1;ASXL2;FBXW7;PPP6C;ETNK1;SOX6;ZCCHC8;KIF16B;PRKAA2;MAPK1;MAP2K1;MAP2K2;B2M;SMARCAD1;PTCH1;PTEN;ARID1B;LRFN2;SHTN1;PTPN2;PTPN11;PTPRD;KMT2C;RAC1;RAD21;RAD51C;RAD51B;RAF1;RARA;RARG;RARS;RASA1;RB1;CCND1;BCL2;RET;RHEB;RIT1;ROS1;CLIP1;PRDM1;SDHB;SDHC;BLM;MAP2K4;ECSCR;SFRP4;SRSF2;NSD1;ST6GAL1;ST3GAL1;SLC12A2;SMARCA1;SMARCA4;SMARCB1;SMO;SOX9;FOXL2;SRC;BRCA1;BRAF;BRCA2;STAT3;AURKA;STK11;HNF1A;TCF3;BTK;TERT;TGFBR1;TGFBR2;NKX2-1;TMPRSS2;TP53;TPM3;TPMT;TRIO;TSC1;TSC2;TYMS;TYR;U2AF1;KDM6A;VHL;WRN;XBP1;XPO1;XRCC2;PAX8;GLRA3;NAA25;BRD3;TET1;KMT2D;FIP1L1;RBM10;KDM5C;ARID1A;BAP1;BRIP1;SPOP;CASP8;RAD54L;CARD11;CEP89;PPM1D;PPFIBP1;RUNX1;CBL;DNAH11;BCL10;HERC2;CCND2;CCND3;CCNE1;ACVR1;CD9;NAPRT;KLF4;CD44;PDE4DIP;NUP93;MRPL19;KEAP1;GOLGA5;MED12;CDH1"
"14","GO:0000790",8.11990540734803e-08,4.50634146341463,12.8484848484848,31,56,"nuclear chromatin","CREBBP;CTNNB1;ASXL1;DNMT3A;DNMT3B;ESR1;EZH2;BRD4;SUZ12;GATA3;MSH6;HIST1H1C;H3F3A;IRF4;AR;JUN;SMAD2;SMAD3;SMAD4;MYOD1;ATRX;ASXL2;RARA;RARG;SMARCA4;SMARCB1;STAT3;TCF3;TP53;ARID1A;KLF4"
"15","GO:0043231",1.12832541257437e-07,2.25383796929625,228.290043290043,264,995,"intracellular membrane-bounded organelle","AKT3;MEF2B;RAD50;CDK4;CDK6;CDK8;CDKN1A;CDKN1B;CDKN2A;CDKN2B;CDKN2C;TUBB3;YAP1;NCOA2;CTCF;RAB35;CHD1;CHEK2;AKAP13;HELQ;SPATA33;CREBBP;CTLA4;CTNNB1;CUX1;ASXL1;DNMT3A;DNMT3B;DUSP6;EGFR;ARID2;EP300;EPHA3;ERBB2;ERBB4;ERCC2;AKT1;ERCC4;ERG;AKT2;ESR1;ETV1;ETV6;EWSR1;EZH2;FANCA;FANCC;FAT1;FGF12;FGFR1;FGFR3;FGFR2;FGFR4;DIS3;RALY;FOXO1;ERC1;CIC;FLT3;SMG6;DICER1;SF3B1;BRD4;SUZ12;CBLC;AIPL1;MTOR;ABL1;G6PD;NUTM1;SLC39A6;LSM14A;GATA3;FOXP1;GLI1;GNA11;GNAQ;GNAS;SETD2;ARHGAP35;MSH6;HIST1H1C;H3F3A;NRG1;HLA-A;HLA-DQA1;HMGA1;FOXA1;APC;HRAS;IDH1;IDH2;IGF1R;IRF4;AR;JAK1;JAK2;JUN;KDR;KIF5B;KIT;KRAS;RHOA;LIMK2;LMNA;LPP;SMAD2;SMAD3;SMAD4;MCL1;MDM2;MDM4;MLH1;KMT2A;MPL;MSH2;MSH3;MYC;MYCN;MYD88;MYO5A;MYOD1;ATF1;ATM;NF1;NF2;NFE2L2;NFKBIA;NOTCH1;NRAS;NTRK1;NTRK2;OCA2;PAK1;PARK2;PBX1;SLC45A2;PDGFRA;PDGFRB;NBAS;CDK12;PIK3CB;PIM1;PIK3CD;PIK3R1;PIK3R2;PMS1;PMS2;POLE;ATR;ATRX;UGT1A1;BCOR;CDKAL1;PPP2R1A;PBRM1;ASXL2;FBXW7;PPP6C;ETNK1;SOX6;ZCCHC8;KIF16B;PRKAA2;MAPK1;MAP2K1;MAP2K2;B2M;SMARCAD1;PTCH1;PTEN;ARID1B;PTPN2;PTPN11;KMT2C;RAC1;RAD21;RAD51C;RAD51B;RAF1;RARA;RARG;RARS;RB1;CCND1;BCL2;RET;RHEB;CLIP1;PRDM1;SDHB;SDHC;BLM;MAP2K4;SFRP4;SRSF2;NSD1;ST6GAL1;ST3GAL1;SMARCA1;SMARCA4;SMARCB1;SMO;SOX9;FOXL2;SRC;BRCA1;BRAF;BRCA2;STAT3;AURKA;STK11;HNF1A;TCF3;BTK;TERT;TGFBR1;NKX2-1;TP53;TSC1;TSC2;TYMS;TYR;U2AF1;KDM6A;VHL;WRN;XBP1;XPO1;XRCC2;PAX8;NAA25;BRD3;TET1;KMT2D;FIP1L1;RBM10;KDM5C;ARID1A;BAP1;BRIP1;SPOP;CASP8;RAD54L;CEP89;PPM1D;RUNX1;CBL;BCL10;HERC2;CCND2;CCND3;CCNE1;CD9;NAPRT;KLF4;CD44;PDE4DIP;NUP93;MRPL19;KEAP1;GOLGA5;MED12;CDH1"
"16","GO:0031974",1.39431871651862e-07,1.96707818930041,116.324675324675,156,507,"membrane-enclosed lumen","AKT3;RAD50;CDK4;CDK6;CDK8;CDKN1A;CDKN1B;CDKN2A;CDKN2B;YAP1;NCOA2;CTCF;CHEK2;HELQ;CREBBP;CTNNB1;CUX1;ASXL1;DNMT3A;DNMT3B;DUSP6;EGFR;ARID2;EP300;ERBB4;ERCC2;AKT1;ERCC4;AKT2;ESR1;ETV6;EWSR1;EZH2;FANCA;FANCC;FGFR2;FGFR4;DIS3;FOXO1;FLT3;SMG6;SF3B1;BRD4;SUZ12;MTOR;ABL1;GATA3;FOXP1;GLI1;SETD2;MSH6;HIST1H1C;H3F3A;HMGA1;FOXA1;APC;IDH1;IDH2;IRF4;AR;JAK2;JUN;LMNA;SMAD2;SMAD3;SMAD4;MCL1;MDM2;MLH1;KMT2A;MSH2;MSH3;MYC;MYOD1;ATF1;ATM;NF1;NF2;NOTCH1;PBX1;PDGFRB;CDK12;PIK3CB;PMS1;PMS2;POLE;ATR;ATRX;PBRM1;ASXL2;FBXW7;ETNK1;SOX6;ZCCHC8;PRKAA2;MAPK1;B2M;SMARCAD1;PTEN;ARID1B;PTPN2;KMT2C;RAD21;RAD51C;RAD51B;RARA;RARG;RARS;RB1;CCND1;SDHB;BLM;SRSF2;NSD1;SMARCA4;SMARCB1;SOX9;BRCA1;BRCA2;STAT3;AURKA;TCF3;TERT;NKX2-1;TP53;TYMS;U2AF1;KDM6A;VHL;WRN;XBP1;XPO1;XRCC2;PAX8;NAA25;KMT2D;FIP1L1;RBM10;KDM5C;ARID1A;BAP1;BRIP1;SPOP;CASP8;RAD54L;CEP89;RUNX1;HERC2;CCND2;CCND3;CCNE1;KLF4;NUP93;MRPL19;KEAP1;MED12"
"17","GO:0070013",1.45092214905978e-07,1.967868504772,114.489177489177,154,499,"intracellular organelle lumen","AKT3;RAD50;CDK4;CDK6;CDK8;CDKN1A;CDKN1B;CDKN2A;CDKN2B;YAP1;NCOA2;CTCF;CHEK2;HELQ;CREBBP;CTNNB1;CUX1;ASXL1;DNMT3A;DNMT3B;DUSP6;ARID2;EP300;ERBB4;ERCC2;AKT1;ERCC4;AKT2;ESR1;ETV6;EWSR1;EZH2;FANCA;FANCC;FGFR2;FGFR4;DIS3;FOXO1;FLT3;SMG6;SF3B1;BRD4;SUZ12;MTOR;ABL1;GATA3;FOXP1;GLI1;SETD2;MSH6;HIST1H1C;H3F3A;HMGA1;FOXA1;APC;IDH1;IDH2;IRF4;AR;JAK2;JUN;LMNA;SMAD2;SMAD3;SMAD4;MCL1;MDM2;MLH1;KMT2A;MSH2;MSH3;MYC;MYOD1;ATF1;ATM;NF1;NF2;NOTCH1;PBX1;PDGFRB;CDK12;PIK3CB;PMS1;PMS2;POLE;ATR;ATRX;PBRM1;ASXL2;FBXW7;ETNK1;SOX6;ZCCHC8;PRKAA2;MAPK1;B2M;SMARCAD1;PTEN;ARID1B;PTPN2;KMT2C;RAD21;RAD51C;RAD51B;RARA;RARG;RARS;RB1;CCND1;SDHB;BLM;SRSF2;NSD1;SMARCA4;SMARCB1;SOX9;BRCA1;BRCA2;STAT3;AURKA;TCF3;TERT;NKX2-1;TP53;TYMS;U2AF1;KDM6A;VHL;WRN;XBP1;XPO1;XRCC2;PAX8;NAA25;KMT2D;FIP1L1;RBM10;KDM5C;ARID1A;BAP1;BRIP1;SPOP;CASP8;RAD54L;RUNX1;HERC2;CCND2;CCND3;CCNE1;KLF4;NUP93;MRPL19;KEAP1;MED12"
"18","GO:0043233",1.98726628796915e-07,1.95074496056091,115.865800865801,155,505,"organelle lumen","AKT3;RAD50;CDK4;CDK6;CDK8;CDKN1A;CDKN1B;CDKN2A;CDKN2B;YAP1;NCOA2;CTCF;CHEK2;HELQ;CREBBP;CTNNB1;CUX1;ASXL1;DNMT3A;DNMT3B;DUSP6;EGFR;ARID2;EP300;ERBB4;ERCC2;AKT1;ERCC4;AKT2;ESR1;ETV6;EWSR1;EZH2;FANCA;FANCC;FGFR2;FGFR4;DIS3;FOXO1;FLT3;SMG6;SF3B1;BRD4;SUZ12;MTOR;ABL1;GATA3;FOXP1;GLI1;SETD2;MSH6;HIST1H1C;H3F3A;HMGA1;FOXA1;APC;IDH1;IDH2;IRF4;AR;JAK2;JUN;LMNA;SMAD2;SMAD3;SMAD4;MCL1;MDM2;MLH1;KMT2A;MSH2;MSH3;MYC;MYOD1;ATF1;ATM;NF1;NF2;NOTCH1;PBX1;PDGFRB;CDK12;PIK3CB;PMS1;PMS2;POLE;ATR;ATRX;PBRM1;ASXL2;FBXW7;ETNK1;SOX6;ZCCHC8;PRKAA2;MAPK1;B2M;SMARCAD1;PTEN;ARID1B;PTPN2;KMT2C;RAD21;RAD51C;RAD51B;RARA;RARG;RARS;RB1;CCND1;SDHB;BLM;SRSF2;NSD1;SMARCA4;SMARCB1;SOX9;BRCA1;BRCA2;STAT3;AURKA;TCF3;TERT;NKX2-1;TP53;TYMS;U2AF1;KDM6A;VHL;WRN;XBP1;XPO1;XRCC2;PAX8;NAA25;KMT2D;FIP1L1;RBM10;KDM5C;ARID1A;BAP1;BRIP1;SPOP;CASP8;RAD54L;RUNX1;HERC2;CCND2;CCND3;CCNE1;KLF4;NUP93;MRPL19;KEAP1;MED12"
"19","GO:1990234",2.42104963069104e-07,3.23369565217391,20.6493506493506,42,90,"transferase complex","CDK4;CDK6;CDKN1A;CDKN1B;CREBBP;EP300;ERCC2;ERCC4;EZH2;ERC1;BRD4;SUZ12;MTOR;KMT2A;PARK2;CDK12;PIK3CA;PIK3CB;PIK3CD;PIK3R1;PIK3R2;POLE;FBXW7;PRKAA2;KMT2C;CCND1;BRCA1;TERT;TGFBR1;TGFBR2;TP53;KDM6A;VHL;NAA25;KMT2D;SPOP;CCND2;CCND3;CCNE1;ACVR1;KEAP1;MED12"
"20","GO:0044446",2.8226314306408e-07,1.95633999893728,178.04329004329,217,776,"intracellular organelle part","AKT3;RAD50;CDK4;CDK6;CDK8;CDKN1A;CDKN1B;CDKN2A;CDKN2B;TUBB3;YAP1;NCOA2;CTCF;RAB35;CHEK2;HELQ;CREBBP;CTNNB1;CUX1;CYLD;DCTN1;ASXL1;DNMT3A;DNMT3B;DUSP6;EGFR;ARID2;EP300;ERBB2;ERBB4;ERCC2;AKT1;ERCC4;AKT2;ESR1;ETV6;EWSR1;EZH2;FANCA;FANCC;FGFR2;FGFR4;DIS3;RALY;FOXO1;ERC1;FLT3;SMG6;DICER1;SF3B1;BRD4;SUZ12;MTOR;ABL1;G6PD;GATA3;FOXP1;GLI1;GNA11;GNAQ;GNAS;SETD2;MSH6;HIST1H1C;H3F3A;HLA-A;HLA-DQA1;HMGA1;FOXA1;APC;HRAS;IDH1;IDH2;IRF4;AR;JAK2;JUN;KIF5B;RHOA;LMNA;SMAD2;SMAD3;SMAD4;MCL1;MDM2;MAP3K1;MLH1;KMT2A;MSH2;MSH3;MYC;MYCN;MYD88;MYO5A;MYOD1;ATF1;ATM;NF1;NF2;NFE2L2;NOTCH1;NRAS;NTRK1;NTRK2;OCA2;PAK1;PBX1;SLC45A2;PDGFRB;NBAS;CDK12;PIK3CB;PIK3R1;PMS1;PMS2;POLE;ATR;ATRX;UGT1A1;BCOR;CDKAL1;PPP2R1A;PBRM1;ASXL2;FBXW7;PPP6C;ETNK1;SOX6;ZCCHC8;KIF16B;PRKAA2;MAPK1;MAP2K1;MAP2K2;B2M;SMARCAD1;PTCH1;PTEN;ARID1B;SHTN1;PTPN2;KMT2C;RAC1;RAD21;RAD51C;RAD51B;RAF1;RARA;RARG;RARS;RB1;CCND1;BCL2;RET;RHEB;CLIP1;SDHB;SDHC;BLM;SRSF2;NSD1;ST6GAL1;ST3GAL1;SMARCA1;SMARCA4;SMARCB1;SMO;SOX9;SRC;BRCA1;BRCA2;STAT3;AURKA;TCF3;TERT;NKX2-1;TP53;TPM3;TSC1;TYMS;TYR;U2AF1;KDM6A;VHL;WRN;XBP1;XPO1;XRCC2;PAX8;NAA25;KMT2D;FIP1L1;RBM10;KDM5C;ARID1A;BAP1;BRIP1;SPOP;CASP8;RAD54L;CEP89;RUNX1;DNAH11;BCL10;HERC2;CCND2;CCND3;CCNE1;CD9;KLF4;PDE4DIP;NUP93;MRPL19;KEAP1;GOLGA5;MED12;CDH1"
"21","GO:0000307",3.17160037122913e-06,34.6428571428571,2.52380952380952,10,11,"cyclin-dependent protein kinase holoenzyme complex","CDK4;CDK6;CDKN1A;ERCC2;BRD4;CDK12;CCND1;CCND2;CCND3;CCNE1"
"22","GO:0005829",3.5008026212416e-06,1.85852669520162,92.004329004329,125,401,"cytosol","CDK4;CDK6;CDKN1A;CDKN1B;CDKN2A;CDKN2B;CDKN2C;YAP1;AKAP13;SPATA33;ADH1B;ADH1C;ADH7;CTNNB1;CUX1;CYLD;DCTN1;AGER;DPYD;DUSP6;EIF1AX;ERBB4;AKT1;AKT2;ESR1;FANCC;FGFR1;DIS3;FOXO1;ERC1;FLT3;SMG6;DICER1;MTOR;ABL1;RICTOR;G6PD;GLI1;GNAS;ARHGAP35;HMGA1;APC;HRAS;IDH1;IDH2;IRF4;AR;ARAF;JAK1;JAK2;JUN;KRAS;RHOA;LMNA;SMAD2;SMAD3;SMAD4;MCL1;MDM2;MAP3K1;MYC;MYD88;MYO5A;NF1;NFE2L2;NFKBIA;NOTCH1;NTRK2;PAK1;PARK2;PDE1A;PDE3A;PDGFRA;PIK3CA;PIK3CB;PIK3CD;PIK3R1;PIK3R2;PPP2R1A;PPP6C;ETNK1;PRKAA2;MAPK1;MAP2K1;MAP2K2;PTEN;PTPN11;RAC1;RAD21;RAF1;RARS;RASA1;CCND1;BCL2;RHEB;CLIP1;MAP2K4;ECSCR;SRC;BRAF;STAT3;AURKA;STK11;BTK;TGFBR2;TP53;TPM3;TPMT;TRIO;TSC1;TSC2;TYMS;TYR;VHL;XBP1;XPO1;CASP8;CARD11;CEP89;CBL;BCL10;CCND2;CCNE1;NAPRT;KEAP1"
"23","GO:0044422",4.26958677611136e-06,1.8214053239234,182.402597402597,217,795,"organelle part","AKT3;RAD50;CDK4;CDK6;CDK8;CDKN1A;CDKN1B;CDKN2A;CDKN2B;TUBB3;YAP1;NCOA2;CTCF;RAB35;CHEK2;HELQ;CREBBP;CTNNB1;CUX1;CYLD;DCTN1;ASXL1;DNMT3A;DNMT3B;DUSP6;EGFR;ARID2;EP300;ERBB2;ERBB4;ERCC2;AKT1;ERCC4;AKT2;ESR1;ETV6;EWSR1;EZH2;FANCA;FANCC;FGFR2;FGFR4;DIS3;RALY;FOXO1;ERC1;FLT3;SMG6;DICER1;SF3B1;BRD4;SUZ12;MTOR;ABL1;G6PD;GATA3;FOXP1;GLI1;GNA11;GNAQ;GNAS;SETD2;MSH6;HIST1H1C;H3F3A;HLA-A;HLA-DQA1;HMGA1;FOXA1;APC;HRAS;IDH1;IDH2;IRF4;AR;JAK2;JUN;KIF5B;RHOA;LMNA;SMAD2;SMAD3;SMAD4;MCL1;MDM2;MAP3K1;MLH1;KMT2A;MSH2;MSH3;MYC;MYCN;MYD88;MYO5A;MYOD1;ATF1;ATM;NF1;NF2;NFE2L2;NOTCH1;NRAS;NTRK1;NTRK2;OCA2;PAK1;PBX1;SLC45A2;PDGFRB;NBAS;CDK12;PIK3CB;PIK3R1;PMS1;PMS2;POLE;ATR;ATRX;UGT1A1;BCOR;CDKAL1;PPP2R1A;PBRM1;ASXL2;FBXW7;PPP6C;ETNK1;SOX6;ZCCHC8;KIF16B;PRKAA2;MAPK1;MAP2K1;MAP2K2;B2M;SMARCAD1;PTCH1;PTEN;ARID1B;SHTN1;PTPN2;KMT2C;RAC1;RAD21;RAD51C;RAD51B;RAF1;RARA;RARG;RARS;RB1;CCND1;BCL2;RET;RHEB;CLIP1;SDHB;SDHC;BLM;SRSF2;NSD1;ST6GAL1;ST3GAL1;SMARCA1;SMARCA4;SMARCB1;SMO;SOX9;SRC;BRCA1;BRCA2;STAT3;AURKA;TCF3;TERT;NKX2-1;TP53;TPM3;TSC1;TYMS;TYR;U2AF1;KDM6A;VHL;WRN;XBP1;XPO1;XRCC2;PAX8;NAA25;KMT2D;FIP1L1;RBM10;KDM5C;ARID1A;BAP1;BRIP1;SPOP;CASP8;RAD54L;CEP89;RUNX1;DNAH11;BCL10;HERC2;CCND2;CCND3;CCNE1;CD9;KLF4;PDE4DIP;NUP93;MRPL19;KEAP1;GOLGA5;MED12;CDH1"
"24","GO:1902494",5.44063302508389e-06,2.47014925373134,28.6796536796537,50,125,"catalytic complex","CDK4;CDK6;CDKN1A;CDKN1B;CREBBP;DCTN1;EP300;ERCC2;ERCC4;EZH2;ERC1;DICER1;BRD4;SUZ12;MTOR;GNAS;KMT2A;PARK2;CDK12;PIK3CA;PIK3CB;PIK3CD;PIK3R1;PIK3R2;POLE;PPP2R1A;FBXW7;PRKAA2;KMT2C;CCND1;SDHB;SDHC;BRCA1;TERT;TGFBR1;TGFBR2;TP53;KDM6A;VHL;NAA25;KMT2D;SPOP;CASP8;DNAH11;CCND2;CCND3;CCNE1;ACVR1;KEAP1;MED12"
"25","GO:0043227",8.15528910029975e-06,2.11456859971711,248.709956709957,276,1084,"membrane-bounded organelle","AKT3;MEF2B;RAD50;CDK4;CDK6;CDK8;CDKN1A;CDKN1B;CDKN2A;CDKN2B;CDKN2C;TUBB3;YAP1;NCOA2;CTCF;LILRB4;RAB35;CHD1;CHEK2;AKAP13;HELQ;SPATA33;CREBBP;CTLA4;CTNNB1;CUX1;ASXL1;DNMT3A;DNMT3B;DUSP6;EGFR;ARID2;EP300;EPHA3;ERBB2;ERBB4;ERCC2;AKT1;ERCC4;ERG;AKT2;ESR1;ETV1;ETV6;EWSR1;EZH2;FANCA;FANCC;FAT1;FGF12;FGFR1;FGFR3;FGFR2;FGFR4;DIS3;RALY;FOXO1;ERC1;CIC;FLT3;SMG6;DICER1;SF3B1;BRD4;SUZ12;CBLC;AIPL1;ALK;MTOR;ABL1;G6PD;NUTM1;SLC39A6;LSM14A;GATA3;FOXP1;GLI1;GNA11;GNAQ;GNAS;SETD2;ARHGAP35;CD274;MSH6;HIST1H1C;H3F3A;NRG1;HLA-A;HLA-DQA1;HMGA1;FOXA1;APC;HRAS;IDH1;IDH2;IGF1R;IRF4;AR;JAK1;JAK2;JUN;KDR;KIF5B;KIT;KRAS;RHOA;LIMK2;LMNA;LPP;EPCAM;SMAD2;SMAD3;SMAD4;MCL1;MDM2;MDM4;MLH1;KMT2A;MPL;MSH2;MSH3;MYC;MYCN;MYD88;MYO5A;MYOD1;ATF1;ATM;NF1;NF2;NFE2L2;NFKBIA;NOTCH1;NRAS;NTRK1;NTRK2;DDR2;OCA2;PAK1;PARK2;PBX1;SLC45A2;PDGFRA;PDGFRB;NBAS;CDK12;PIK3CB;PIM1;PIK3CD;PIK3R1;PIK3R2;PMS1;PMS2;POLE;ATR;ROBO4;ATRX;UGT1A1;BCOR;CDKAL1;PPP2R1A;PBRM1;ASXL2;FBXW7;PPP6C;ETNK1;SOX6;ZCCHC8;KIF16B;PRKAA2;MAPK1;MAP2K1;MAP2K2;B2M;SMARCAD1;PTCH1;PTEN;ARID1B;PTPN2;PTPN11;PTPRD;KMT2C;RAC1;RAD21;RAD51C;RAD51B;RAF1;RARA;RARG;RARS;RB1;CCND1;BCL2;RET;RHEB;CLIP1;PRDM1;SDHB;SDHC;BLM;MAP2K4;SFRP4;SRSF2;NSD1;ST6GAL1;ST3GAL1;SLC12A2;SMARCA1;SMARCA4;SMARCB1;SMO;SOX9;FOXL2;SRC;BRCA1;BRAF;BRCA2;STAT3;AURKA;STK11;HNF1A;TCF3;BTK;TERT;TGFBR1;NKX2-1;TMPRSS2;TP53;TPM3;TPMT;TSC1;TSC2;TYMS;TYR;U2AF1;KDM6A;VHL;WRN;XBP1;XPO1;XRCC2;PAX8;NAA25;BRD3;TET1;KMT2D;FIP1L1;RBM10;KDM5C;ARID1A;BAP1;BRIP1;SPOP;CASP8;RAD54L;CARD11;CEP89;PPM1D;RUNX1;CBL;BCL10;HERC2;CCND2;CCND3;CCNE1;CD9;NAPRT;KLF4;CD44;PDE4DIP;NUP93;MRPL19;KEAP1;GOLGA5;MED12;CDH1"
"26","GO:0061695",1.16424977674963e-05,3.71160409556314,11.2424242424242,25,49,"transferase complex, transferring phosphorus-containing groups","CDK4;CDK6;CDKN1A;ERCC2;ERCC4;ERC1;BRD4;MTOR;CDK12;PIK3CA;PIK3CB;PIK3CD;PIK3R1;PIK3R2;POLE;PRKAA2;CCND1;TERT;TGFBR1;TGFBR2;TP53;CCND2;CCND3;CCNE1;ACVR1"
"27","GO:0005622",2.97156344771675e-05,2.52957283680175,277.848484848485,298,1211,"intracellular","AKT3;MEF2B;RAD50;CDK4;CDK6;CDK8;CDKN1A;CDKN1B;CDKN2A;CDKN2B;CDKN2C;TUBB3;YAP1;NCOA2;CTCF;ADCY2;RAB35;CHD1;CHEK2;AKAP13;HELQ;SPATA33;ADH1B;ADH1C;ADH7;CREBBP;CTLA4;CTNNB1;CUX1;CYLD;DCTN1;ASXL1;AGER;DNMT3A;DNMT3B;DPYD;DTNB;DUSP6;EGFR;EIF1AX;ARID2;EPHA2;EP300;EPHA3;ERBB2;ERBB3;ERBB4;ERCC2;AKT1;ERCC4;ERG;AKT2;ESR1;ETV1;ETV6;EWSR1;EZH2;FANCA;FANCC;FAT1;FGF12;FGFR1;FGFR3;FGFR2;FGFR4;DIS3;RALY;FOXO1;ERC1;CIC;FLT3;SMG6;PSD3;DICER1;SF3B1;BRD4;SUZ12;CBLC;AIPL1;ALK;MTOR;ABL1;RICTOR;G6PD;NUTM1;SLC39A6;LSM14A;GATA3;FOXP1;GLI1;GNA11;GNAQ;GNAS;MAGEH1;SETD2;ARHGAP35;MSH6;HIST1H1C;H3F3A;NRG1;HLA-A;HLA-DQA1;HMGA1;FOXA1;APC;HRAS;IDH1;IDH2;IGF1R;IRF4;AR;ARAF;JAK1;JAK2;JUN;KDR;KIF5B;KIT;KRAS;RHOA;LIMK2;LMNA;LPP;SMAD2;SMAD3;SMAD4;MCL1;MDM2;MDM4;MAP3K1;MLH1;KMT2A;MPL;MSH2;MSH3;MYC;MYCN;MYD88;MYO5A;MYOD1;ATF1;ATM;NF1;NF2;NFE2L2;NFKBIA;NOTCH1;NRAS;NTRK1;NTRK2;NTRK3;OCA2;PAK1;PARK2;PBX1;SLC45A2;PDE1A;PDE3A;PDGFRA;PDGFRB;NBAS;CDK12;PIK3CA;PIK3CB;PIM1;PIK3CD;PIK3R1;PIK3R2;PMS1;PMS2;POLE;ATR;ATRX;UGT1A1;DEF8;BCOR;CDKAL1;PPP2R1A;PBRM1;ASXL2;FBXW7;PPP6C;ETNK1;SOX6;ZCCHC8;KIF16B;PRKAA2;MAPK1;MAP2K1;MAP2K2;B2M;SMARCAD1;PTCH1;PTEN;ARID1B;SHTN1;PTPN2;PTPN11;KMT2C;RAC1;RAD21;RAD51C;RAD51B;RAF1;RARA;RARG;RARS;RASA1;RB1;CCND1;BCL2;RET;RHEB;RIT1;ROS1;CLIP1;PRDM1;SDHB;SDHC;BLM;MAP2K4;ECSCR;SFRP4;SRSF2;NSD1;ST6GAL1;ST3GAL1;SMARCA1;SMARCA4;SMARCB1;SMO;SOX9;FOXL2;SRC;BRCA1;BRAF;BRCA2;STAT3;AURKA;STK11;HNF1A;TCF3;BTK;TERT;TGFBR1;TGFBR2;NKX2-1;TP53;TPM3;TPMT;TRIO;TSC1;TSC2;TYMS;TYR;U2AF1;KDM6A;VHL;WRN;XBP1;XPO1;XRCC2;PAX8;NAA25;BRD3;TET1;KMT2D;FIP1L1;RBM10;KDM5C;ARID1A;BAP1;BRIP1;SPOP;CASP8;RAD54L;CARD11;CEP89;PPM1D;RUNX1;CBL;DNAH11;BCL10;HERC2;CCND2;CCND3;CCNE1;CD9;NAPRT;KLF4;CD44;PDE4DIP;NUP93;MRPL19;KEAP1;GOLGA5;MED12;CDH1"
"28","GO:0032300",3.17951235069945e-05,Inf,1.60606060606061,7,7,"mismatch repair complex","MSH6;MLH1;MSH2;MSH3;PMS1;PMS2;WRN"
"29","GO:0043229",3.18345811757406e-05,1.9605702234443,245.038961038961,271,1068,"intracellular organelle","AKT3;MEF2B;RAD50;CDK4;CDK6;CDK8;CDKN1A;CDKN1B;CDKN2A;CDKN2B;CDKN2C;TUBB3;YAP1;NCOA2;CTCF;RAB35;CHD1;CHEK2;AKAP13;HELQ;SPATA33;CREBBP;CTLA4;CTNNB1;CUX1;CYLD;DCTN1;ASXL1;DNMT3A;DNMT3B;DUSP6;EGFR;ARID2;EP300;EPHA3;ERBB2;ERBB4;ERCC2;AKT1;ERCC4;ERG;AKT2;ESR1;ETV1;ETV6;EWSR1;EZH2;FANCA;FANCC;FAT1;FGF12;FGFR1;FGFR3;FGFR2;FGFR4;DIS3;RALY;FOXO1;ERC1;CIC;FLT3;SMG6;PSD3;DICER1;SF3B1;BRD4;SUZ12;CBLC;AIPL1;MTOR;ABL1;G6PD;NUTM1;SLC39A6;LSM14A;GATA3;FOXP1;GLI1;GNA11;GNAQ;GNAS;SETD2;ARHGAP35;MSH6;HIST1H1C;H3F3A;NRG1;HLA-A;HLA-DQA1;HMGA1;FOXA1;APC;HRAS;IDH1;IDH2;IGF1R;IRF4;AR;JAK1;JAK2;JUN;KDR;KIF5B;KIT;KRAS;RHOA;LIMK2;LMNA;LPP;SMAD2;SMAD3;SMAD4;MCL1;MDM2;MDM4;MAP3K1;MLH1;KMT2A;MPL;MSH2;MSH3;MYC;MYCN;MYD88;MYO5A;MYOD1;ATF1;ATM;NF1;NF2;NFE2L2;NFKBIA;NOTCH1;NRAS;NTRK1;NTRK2;OCA2;PAK1;PARK2;PBX1;SLC45A2;PDGFRA;PDGFRB;NBAS;CDK12;PIK3CB;PIM1;PIK3CD;PIK3R1;PIK3R2;PMS1;PMS2;POLE;ATR;ATRX;UGT1A1;BCOR;CDKAL1;PPP2R1A;PBRM1;ASXL2;FBXW7;PPP6C;ETNK1;SOX6;ZCCHC8;KIF16B;PRKAA2;MAPK1;MAP2K1;MAP2K2;B2M;SMARCAD1;PTCH1;PTEN;ARID1B;SHTN1;PTPN2;PTPN11;KMT2C;RAC1;RAD21;RAD51C;RAD51B;RAF1;RARA;RARG;RARS;RB1;CCND1;BCL2;RET;RHEB;CLIP1;PRDM1;SDHB;SDHC;BLM;MAP2K4;SFRP4;SRSF2;NSD1;ST6GAL1;ST3GAL1;SMARCA1;SMARCA4;SMARCB1;SMO;SOX9;FOXL2;SRC;BRCA1;BRAF;BRCA2;STAT3;AURKA;STK11;HNF1A;TCF3;BTK;TERT;TGFBR1;NKX2-1;TP53;TPM3;TSC1;TSC2;TYMS;TYR;U2AF1;KDM6A;VHL;WRN;XBP1;XPO1;XRCC2;PAX8;NAA25;BRD3;TET1;KMT2D;FIP1L1;RBM10;KDM5C;ARID1A;BAP1;BRIP1;SPOP;CASP8;RAD54L;CEP89;PPM1D;RUNX1;CBL;DNAH11;BCL10;HERC2;CCND2;CCND3;CCNE1;CD9;NAPRT;KLF4;CD44;PDE4DIP;NUP93;MRPL19;KEAP1;GOLGA5;MED12;CDH1"
"30","GO:1990391",5.23765988779645e-05,11.525974025974,2.98268398268398,10,13,"DNA repair complex","ERCC4;MSH6;MLH1;MSH2;MSH3;ATM;PMS1;PMS2;POLE;WRN"
"31","GO:0044424",6.46095348149426e-05,2.26543016759777,272.571428571429,293,1188,"intracellular part","AKT3;MEF2B;RAD50;CDK4;CDK6;CDK8;CDKN1A;CDKN1B;CDKN2A;CDKN2B;CDKN2C;TUBB3;YAP1;NCOA2;CTCF;ADCY2;RAB35;CHD1;CHEK2;AKAP13;HELQ;SPATA33;ADH1B;ADH1C;ADH7;CREBBP;CTLA4;CTNNB1;CUX1;CYLD;DCTN1;ASXL1;AGER;DNMT3A;DNMT3B;DPYD;DTNB;DUSP6;EGFR;EIF1AX;ARID2;EP300;EPHA3;ERBB2;ERBB4;ERCC2;AKT1;ERCC4;ERG;AKT2;ESR1;ETV1;ETV6;EWSR1;EZH2;FANCA;FANCC;FAT1;FGF12;FGFR1;FGFR3;FGFR2;FGFR4;DIS3;RALY;FOXO1;ERC1;CIC;FLT3;SMG6;PSD3;DICER1;SF3B1;BRD4;SUZ12;CBLC;AIPL1;MTOR;ABL1;RICTOR;G6PD;NUTM1;SLC39A6;LSM14A;GATA3;FOXP1;GLI1;GNA11;GNAQ;GNAS;MAGEH1;SETD2;ARHGAP35;MSH6;HIST1H1C;H3F3A;NRG1;HLA-A;HLA-DQA1;HMGA1;FOXA1;APC;HRAS;IDH1;IDH2;IGF1R;IRF4;AR;ARAF;JAK1;JAK2;JUN;KDR;KIF5B;KIT;KRAS;RHOA;LIMK2;LMNA;LPP;SMAD2;SMAD3;SMAD4;MCL1;MDM2;MDM4;MAP3K1;MLH1;KMT2A;MPL;MSH2;MSH3;MYC;MYCN;MYD88;MYO5A;MYOD1;ATF1;ATM;NF1;NF2;NFE2L2;NFKBIA;NOTCH1;NRAS;NTRK1;NTRK2;NTRK3;OCA2;PAK1;PARK2;PBX1;SLC45A2;PDE1A;PDE3A;PDGFRA;PDGFRB;NBAS;CDK12;PIK3CA;PIK3CB;PIM1;PIK3CD;PIK3R1;PIK3R2;PMS1;PMS2;POLE;ATR;ATRX;UGT1A1;BCOR;CDKAL1;PPP2R1A;PBRM1;ASXL2;FBXW7;PPP6C;ETNK1;SOX6;ZCCHC8;KIF16B;PRKAA2;MAPK1;MAP2K1;MAP2K2;B2M;SMARCAD1;PTCH1;PTEN;ARID1B;SHTN1;PTPN2;PTPN11;KMT2C;RAC1;RAD21;RAD51C;RAD51B;RAF1;RARA;RARG;RARS;RASA1;RB1;CCND1;BCL2;RET;RHEB;ROS1;CLIP1;PRDM1;SDHB;SDHC;BLM;MAP2K4;ECSCR;SFRP4;SRSF2;NSD1;ST6GAL1;ST3GAL1;SMARCA1;SMARCA4;SMARCB1;SMO;SOX9;FOXL2;SRC;BRCA1;BRAF;BRCA2;STAT3;AURKA;STK11;HNF1A;TCF3;BTK;TERT;TGFBR1;TGFBR2;NKX2-1;TP53;TPM3;TPMT;TRIO;TSC1;TSC2;TYMS;TYR;U2AF1;KDM6A;VHL;WRN;XBP1;XPO1;XRCC2;PAX8;NAA25;BRD3;TET1;KMT2D;FIP1L1;RBM10;KDM5C;ARID1A;BAP1;BRIP1;SPOP;CASP8;RAD54L;CARD11;CEP89;PPM1D;RUNX1;CBL;DNAH11;BCL10;HERC2;CCND2;CCND3;CCNE1;CD9;NAPRT;KLF4;CD44;PDE4DIP;NUP93;MRPL19;KEAP1;GOLGA5;MED12;CDH1"
"32","GO:0043228",0.0002442534280287,1.61375931407574,97.969696969697,124,427,"non-membrane-bounded organelle","RAD50;CDK4;CDK6;CDKN2A;TUBB3;NCOA2;CTCF;CHEK2;HELQ;CREBBP;CTNNB1;CYLD;DCTN1;ASXL1;DNMT3A;DNMT3B;ERCC2;AKT1;ERCC4;ESR1;ETV6;EWSR1;EZH2;FANCC;SMG6;PSD3;SF3B1;BRD4;SUZ12;ABL1;G6PD;LSM14A;GATA3;SETD2;ARHGAP35;MSH6;HIST1H1C;H3F3A;HMGA1;FOXA1;APC;IRF4;AR;JAK1;JAK2;JUN;KIF5B;RHOA;LMNA;SMAD2;SMAD3;SMAD4;MDM2;MAP3K1;MLH1;MSH2;MYC;MYCN;MYO5A;MYOD1;ATM;NF1;NF2;NFE2L2;NTRK2;PAK1;CDK12;PIK3CB;PMS1;PMS2;POLE;ATR;ATRX;PPP2R1A;PBRM1;ASXL2;FBXW7;KIF16B;MAPK1;MAP2K1;MAP2K2;SMARCAD1;PTCH1;SHTN1;RAC1;RAD21;RAD51C;RAD51B;RARA;RARG;RB1;CLIP1;BLM;NSD1;SMARCA4;SMARCB1;SRC;BRCA1;BRCA2;STAT3;AURKA;TCF3;TERT;TP53;TPM3;TSC1;TYMS;WRN;XPO1;XRCC2;ARID1A;CASP8;CEP89;DNAH11;BCL10;HERC2;CCND2;CCNE1;KLF4;PDE4DIP;MRPL19;KEAP1;MED12;CDH1"
"33","GO:0043232",0.0002442534280287,1.61375931407574,97.969696969697,124,427,"intracellular non-membrane-bounded organelle","RAD50;CDK4;CDK6;CDKN2A;TUBB3;NCOA2;CTCF;CHEK2;HELQ;CREBBP;CTNNB1;CYLD;DCTN1;ASXL1;DNMT3A;DNMT3B;ERCC2;AKT1;ERCC4;ESR1;ETV6;EWSR1;EZH2;FANCC;SMG6;PSD3;SF3B1;BRD4;SUZ12;ABL1;G6PD;LSM14A;GATA3;SETD2;ARHGAP35;MSH6;HIST1H1C;H3F3A;HMGA1;FOXA1;APC;IRF4;AR;JAK1;JAK2;JUN;KIF5B;RHOA;LMNA;SMAD2;SMAD3;SMAD4;MDM2;MAP3K1;MLH1;MSH2;MYC;MYCN;MYO5A;MYOD1;ATM;NF1;NF2;NFE2L2;NTRK2;PAK1;CDK12;PIK3CB;PMS1;PMS2;POLE;ATR;ATRX;PPP2R1A;PBRM1;ASXL2;FBXW7;KIF16B;MAPK1;MAP2K1;MAP2K2;SMARCAD1;PTCH1;SHTN1;RAC1;RAD21;RAD51C;RAD51B;RARA;RARG;RB1;CLIP1;BLM;NSD1;SMARCA4;SMARCB1;SRC;BRCA1;BRCA2;STAT3;AURKA;TCF3;TERT;TP53;TPM3;TSC1;TYMS;WRN;XPO1;XRCC2;ARID1A;CASP8;CEP89;DNAH11;BCL10;HERC2;CCND2;CCNE1;KLF4;PDE4DIP;MRPL19;KEAP1;MED12;CDH1"
"34","GO:1902554",0.000541945216865893,4.05263157894737,5.96536796536797,14,26,"serine/threonine protein kinase complex","CDK4;CDK6;CDKN1A;ERCC2;ERC1;BRD4;CDK12;CCND1;TGFBR1;TGFBR2;CCND2;CCND3;CCNE1;ACVR1"
"35","GO:1902911",0.00060304442466384,3.72701555869873,6.65367965367965,15,29,"protein kinase complex","CDK4;CDK6;CDKN1A;ERCC2;ERC1;BRD4;CDK12;PRKAA2;CCND1;TGFBR1;TGFBR2;CCND2;CCND3;CCNE1;ACVR1"
"36","GO:0043226",0.000671308235445422,1.8383429672447,263.164502164502,282,1147,"organelle","AKT3;MEF2B;RAD50;CDK4;CDK6;CDK8;CDKN1A;CDKN1B;CDKN2A;CDKN2B;CDKN2C;TUBB3;YAP1;NCOA2;CTCF;LILRB4;RAB35;CHD1;CHEK2;AKAP13;HELQ;SPATA33;CREBBP;CTLA4;CTNNB1;CUX1;CYLD;DCTN1;ASXL1;DNMT3A;DNMT3B;DUSP6;EGFR;ARID2;EP300;EPHA3;ERBB2;ERBB4;ERCC2;AKT1;ERCC4;ERG;AKT2;ESR1;ETV1;ETV6;EWSR1;EZH2;FANCA;FANCC;FAT1;FGF12;FGFR1;FGFR3;FGFR2;FGFR4;DIS3;RALY;FOXO1;ERC1;CIC;FLT3;SMG6;PSD3;DICER1;SF3B1;BRD4;SUZ12;CBLC;AIPL1;ALK;MTOR;ABL1;G6PD;NUTM1;SLC39A6;LSM14A;GATA3;FOXP1;GLI1;GNA11;GNAQ;GNAS;SETD2;ARHGAP35;CD274;MSH6;HIST1H1C;H3F3A;NRG1;HLA-A;HLA-DQA1;HMGA1;FOXA1;APC;HRAS;IDH1;IDH2;IGF1R;IRF4;AR;JAK1;JAK2;JUN;KDR;KIF5B;KIT;KRAS;RHOA;LIMK2;LMNA;LPP;EPCAM;SMAD2;SMAD3;SMAD4;MCL1;MDM2;MDM4;MAP3K1;MLH1;KMT2A;MPL;MSH2;MSH3;MYC;MYCN;MYD88;MYO5A;MYOD1;ATF1;ATM;NF1;NF2;NFE2L2;NFKBIA;NOTCH1;NRAS;NTRK1;NTRK2;DDR2;OCA2;PAK1;PARK2;PBX1;SLC45A2;PDGFRA;PDGFRB;NBAS;CDK12;PIK3CB;PIM1;PIK3CD;PIK3R1;PIK3R2;PMS1;PMS2;POLE;ATR;ROBO4;ATRX;UGT1A1;BCOR;CDKAL1;PPP2R1A;PBRM1;ASXL2;FBXW7;PPP6C;ETNK1;SOX6;ZCCHC8;KIF16B;PRKAA2;MAPK1;MAP2K1;MAP2K2;B2M;SMARCAD1;PTCH1;PTEN;ARID1B;SHTN1;PTPN2;PTPN11;PTPRD;KMT2C;RAC1;RAD21;RAD51C;RAD51B;RAF1;RARA;RARG;RARS;RB1;CCND1;BCL2;RET;RHEB;CLIP1;PRDM1;SDHB;SDHC;BLM;MAP2K4;SFRP4;SRSF2;NSD1;ST6GAL1;ST3GAL1;SLC12A2;SMARCA1;SMARCA4;SMARCB1;SMO;SOX9;FOXL2;SRC;BRCA1;BRAF;BRCA2;STAT3;AURKA;STK11;HNF1A;TCF3;BTK;TERT;TGFBR1;NKX2-1;TMPRSS2;TP53;TPM3;TPMT;TSC1;TSC2;TYMS;TYR;U2AF1;KDM6A;VHL;WRN;XBP1;XPO1;XRCC2;PAX8;NAA25;BRD3;TET1;KMT2D;FIP1L1;RBM10;KDM5C;ARID1A;BAP1;BRIP1;SPOP;CASP8;RAD54L;CARD11;CEP89;PPM1D;RUNX1;CBL;DNAH11;BCL10;HERC2;CCND2;CCND3;CCNE1;CD9;NAPRT;KLF4;CD44;PDE4DIP;NUP93;MRPL19;KEAP1;GOLGA5;MED12;CDH1"
"37","GO:0005942",0.000793655198309211,20.5192307692308,1.60606060606061,6,7,"phosphatidylinositol 3-kinase complex","MTOR;PIK3CA;PIK3CB;PIK3CD;PIK3R1;PIK3R2"
"38","GO:0009898",0.000995146172910889,3.27541877678224,7.57142857142857,16,33,"cytoplasmic side of plasma membrane","CYLD;FGFR3;ABL1;G6PD;GNAS;JAK1;JAK2;KIT;KRAS;NF1;MAP2K2;PTEN;RASA1;SRC;BTK;CDH1"
"39","GO:0098562",0.000995146172910889,3.27541877678224,7.57142857142857,16,33,"cytoplasmic side of membrane","CYLD;FGFR3;ABL1;G6PD;GNAS;JAK1;JAK2;KIT;KRAS;NF1;MAP2K2;PTEN;RASA1;SRC;BTK;CDH1"
"40","GO:0045121",0.00127945256473241,2.62626262626263,11.2424242424242,21,49,"membrane raft","ADCY2;CTNNB1;EGFR;GJA3;JAK2;KDR;KRAS;NF2;MAPK1;PTCH1;RET;SMO;SRC;BTK;TGFBR1;TGFBR2;CASP8;CARD11;CBL;BCL10;CDH1"
"41","GO:0098857",0.00127945256473241,2.62626262626263,11.2424242424242,21,49,"membrane microdomain","ADCY2;CTNNB1;EGFR;GJA3;JAK2;KDR;KRAS;NF2;MAPK1;PTCH1;RET;SMO;SRC;BTK;TGFBR1;TGFBR2;CASP8;CARD11;CBL;BCL10;CDH1"
"42","GO:0098552",0.0014005788604982,2.16624149659864,18.1255411255411,30,79,"side of membrane","CTLA4;CYLD;FGFR3;FLT3;ABL1;G6PD;GNAS;CD274;NRG1;HLA-A;HLA-DQA1;IL7R;JAK1;JAK2;KDR;KIT;KRAS;NF1;ROBO4;MAP2K2;B2M;PTEN;RASA1;SRC;BTK;TGFBR2;GLRA3;CD9;CD44;CDH1"
"43","GO:0005739",0.00193147064453727,1.90528796582707,25.6969696969697,39,112,"mitochondrion","CDKN2A;RAB35;ERBB4;AKT1;ESR1;FOXO1;MTOR;ABL1;IDH1;IDH2;KRAS;MCL1;PARK2;BCOR;PPP2R1A;MAPK1;MAP2K1;MAP2K2;PTEN;PTPN11;RAD51C;RAF1;RARS;BCL2;SDHB;SDHC;SRC;BRCA1;BRAF;STAT3;STK11;TERT;TP53;TYMS;VHL;CASP8;CEP89;HERC2;MRPL19"
"44","GO:0098687",0.00202748918682876,2.37108673978066,13.0779220779221,23,57,"chromosomal region","RAD50;CTCF;CHEK2;CREBBP;DCTN1;DNMT3A;ERCC4;SMG6;H3F3A;APC;MSH2;ATM;ATR;ATRX;PPP2R1A;PBRM1;RAD21;CLIP1;BLM;BRCA2;AURKA;TERT;XPO1"
"45","GO:0005901",0.00210185807960386,5.15533980582524,3.44155844155844,9,15,"caveola","CTNNB1;JAK2;MAPK1;PTCH1;SMO;SRC;TGFBR2;CBL;CDH1"
"46","GO:0032389",0.00273094368557704,Inf,0.917748917748918,4,4,"MutLalpha complex","MLH1;PMS1;PMS2;WRN"
"47","GO:0019898",0.00364036363112858,2.45001858045336,10.5541125541126,19,46,"extrinsic component of membrane","CTNNB1;CYLD;MTOR;ABL1;GNAS;APC;JAK1;JAK2;KRAS;NF2;PIK3CA;PIK3CB;PIK3CD;PIK3R1;PIK3R2;RAC1;SRC;BTK;CDH1"
"48","GO:0044459",0.00392166407483772,1.51417737518433,65.3896103896104,83,285,"plasma membrane part","SLCO1B1;ADCY2;RAB35;CTLA4;CTNNB1;CYLD;IFNLR1;AGER;EGFR;EPHA2;EPHA3;ERBB2;ERBB3;ERBB4;AKT2;ESR1;FAT1;FGFR1;FGFR3;FGFR2;FGFR4;ERC1;FLT3;PSD3;ALK;ABL1;G6PD;SLC39A6;GJA3;GNAS;CD274;NRG1;HLA-A;HLA-DQA1;APC;IGF1R;IL7R;JAK1;JAK2;KDR;KIT;KRAS;EPCAM;MET;MPL;NF1;NF2;NOTCH1;NTRK1;NTRK2;NTRK3;DDR2;PAK1;PDGFRA;PDGFRB;ROBO4;UGT1A1;MAPK1;MAP2K2;B2M;PTCH1;PTEN;LRFN2;PTPRD;RAC1;RASA1;RET;SLC12A2;SMO;SRC;BTK;TGFBR1;TGFBR2;TMPRSS2;GLRA3;CASP8;CARD11;CBL;BCL10;ACVR1;CD9;CD44;CDH1"
"49","GO:0090544",0.00437708373504747,5.98713826366559,2.52380952380952,7,11,"BAF-type complex","ARID2;PBRM1;ARID1B;RB1;SMARCA4;SMARCB1;ARID1A"
"50","GO:0030426",0.00438226242988702,3.82034632034632,4.35930735930736,10,19,"growth cone","DICER1;APC;MYO5A;NTRK2;PAK1;PCDH9;PTCH1;SHTN1;TPM3;TSC1"
"51","GO:0000781",0.00482795359821969,3.18250377073906,5.73593073593074,12,25,"chromosome, telomeric region","RAD50;CHEK2;ERCC4;SMG6;H3F3A;MSH2;ATM;ATR;ATRX;BLM;BRCA2;TERT"
"52","GO:0005924",0.00512902369625898,2.09795918367347,14.6839826839827,24,64,"cell-substrate adherens junction","CTNNB1;EGFR;EPHA2;FAT1;FGFR3;HMGA1;JAK1;KRAS;RHOA;LPP;DDR2;PAK1;PDGFRB;MAPK1;MAP2K1;MAP2K2;B2M;RAC1;PPFIBP1;CCND3;CD9;CD44;KEAP1;CDH1"
"53","GO:0005925",0.00512902369625898,2.09795918367347,14.6839826839827,24,64,"focal adhesion","CTNNB1;EGFR;EPHA2;FAT1;FGFR3;HMGA1;JAK1;KRAS;RHOA;LPP;DDR2;PAK1;PDGFRB;MAPK1;MAP2K1;MAP2K2;B2M;RAC1;PPFIBP1;CCND3;CD9;CD44;KEAP1;CDH1"
"54","GO:0030055",0.00512902369625898,2.09795918367347,14.6839826839827,24,64,"cell-substrate junction","CTNNB1;EGFR;EPHA2;FAT1;FGFR3;HMGA1;JAK1;KRAS;RHOA;LPP;DDR2;PAK1;PDGFRB;MAPK1;MAP2K1;MAP2K2;B2M;RAC1;PPFIBP1;CCND3;CD9;CD44;KEAP1;CDH1"
"55","GO:0044444",0.00514243935757381,1.4034629577065,167.489177489177,188,730,"cytoplasmic part","AKT3;CDK4;CDK6;CDKN1A;CDKN1B;CDKN2A;CDKN2B;CDKN2C;YAP1;NCOA2;RAB35;CHEK2;AKAP13;SPATA33;ADH1B;ADH1C;ADH7;CTLA4;CTNNB1;CUX1;CYLD;DCTN1;AGER;DPYD;DUSP6;EGFR;EIF1AX;EPHA3;ERBB2;ERBB4;AKT1;AKT2;ESR1;FANCC;FAT1;FGFR1;FGFR3;FGFR2;FGFR4;DIS3;FOXO1;ERC1;FLT3;SMG6;DICER1;MTOR;ABL1;RICTOR;G6PD;SLC39A6;LSM14A;GLI1;GNA11;GNAQ;GNAS;ARHGAP35;MSH6;HLA-A;HLA-DQA1;HMGA1;APC;HRAS;IDH1;IDH2;IRF4;AR;ARAF;JAK1;JAK2;JUN;KDR;KIF5B;KIT;KRAS;RHOA;LMNA;SMAD2;SMAD3;SMAD4;MCL1;MDM2;MAP3K1;MPL;MYC;MYD88;MYO5A;MYOD1;ATM;NF1;NF2;NFE2L2;NFKBIA;NOTCH1;NRAS;NTRK1;NTRK2;OCA2;PAK1;PARK2;SLC45A2;PDE1A;PDE3A;PDGFRA;PDGFRB;NBAS;PIK3CA;PIK3CB;PIK3CD;PIK3R1;PIK3R2;ATR;UGT1A1;BCOR;CDKAL1;PPP2R1A;FBXW7;PPP6C;ETNK1;KIF16B;PRKAA2;MAPK1;MAP2K1;MAP2K2;B2M;PTCH1;PTEN;SHTN1;PTPN2;PTPN11;RAC1;RAD21;RAD51C;RAF1;RARA;RARS;RASA1;CCND1;BCL2;RET;RHEB;ROS1;CLIP1;SDHB;SDHC;MAP2K4;ECSCR;ST6GAL1;ST3GAL1;SMO;SRC;BRCA1;BRAF;BRCA2;STAT3;AURKA;STK11;BTK;TERT;TGFBR1;TGFBR2;TP53;TPM3;TPMT;TRIO;TSC1;TSC2;TYMS;TYR;VHL;XBP1;XPO1;NAA25;CASP8;CARD11;CEP89;CBL;BCL10;HERC2;CCND2;CCNE1;CD9;NAPRT;CD44;PDE4DIP;MRPL19;KEAP1;GOLGA5;CDH1"
"56","GO:0005743",0.00570298305777268,4.56774193548387,3.21212121212121,8,14,"mitochondrial inner membrane","IDH2;SDHB;SDHC;SRC;STAT3;TYMS;HERC2;MRPL19"
"57","GO:0030427",0.00701054901087737,3.43506493506493,4.58874458874459,10,20,"site of polarized growth","DICER1;APC;MYO5A;NTRK2;PAK1;PCDH9;PTCH1;SHTN1;TPM3;TSC1"
"58","GO:0005912",0.00719947136749991,1.92951819903219,17.4372294372294,27,76,"adherens junction","CTNNB1;EGFR;EPHA2;FAT1;FGFR3;HMGA1;APC;JAK1;KRAS;RHOA;LPP;NF2;NOTCH1;DDR2;PAK1;PDGFRB;MAPK1;MAP2K1;MAP2K2;B2M;RAC1;PPFIBP1;CCND3;CD9;CD44;KEAP1;CDH1"
"59","GO:0016514",0.00858507404636639,8.51437699680511,1.60606060606061,5,7,"SWI/SNF complex","ARID1B;RB1;SMARCA4;SMARCB1;ARID1A"
"60","GO:0031252",0.00890782296003476,2.00372881355932,14.4545454545455,23,63,"cell leading edge","CDK6;CTNNB1;DCTN1;EPHA2;AKT2;FAT1;ABL1;SLC39A6;GNAS;NRG1;APC;RHOA;MYO5A;NF2;PAK1;PIK3CA;SHTN1;RAC1;RASA1;CLIP1;SRC;TSC1;CDH1"
"61","GO:0044798",0.009279322609187,2.54259002770083,7.57142857142857,14,33,"nuclear transcription factor complex","CREBBP;CTNNB1;ERCC2;ERCC4;HMGA1;SMAD2;SMAD4;ATF1;RB1;SOX9;STAT3;TCF3;TP53;KLF4"
"62","GO:0000794",0.00981855446139421,3.91152073732719,3.44155844155844,8,15,"condensed nuclear chromosome","BRD4;MLH1;PMS1;RAD21;RAD51C;BLM;BRCA1;AURKA"
"63","GO:0043296",0.00981855446139421,3.91152073732719,3.44155844155844,8,15,"apical junction complex","CDK4;CTNNB1;APC;RHOA;EPCAM;CCND1;TGFBR1;CDH1"
