"","GOMFID","Pvalue","OddsRatio","ExpCount","Count","Size","Term","Symbols"
"1","GO:0001883",1.71908097553405e-16,3.60047846889952,54.0089352196575,105,231,"purine nucleoside binding","AKT3;RAD50;CDK4;CDK6;CDK8;TUBB3;ADCY2;RAB35;CHD1;CHEK2;HELQ;EGFR;EPHA2;EPHA3;ERBB2;ERBB3;ERBB4;ERCC2;AKT1;AKT2;FGFR1;FGFR3;FGFR2;FGFR4;FLT3;DICER1;ALK;MTOR;ABL1;GNA11;GNAQ;GNAS;ARHGAP35;MSH6;HRAS;IGF1R;ARAF;JAK1;JAK2;KDR;KIF5B;KIT;KRAS;RHOA;LIMK2;MAP3K1;MET;MLH1;MSH2;MSH3;MYO5A;ATM;NRAS;NTRK1;NTRK2;NTRK3;DDR2;PAK1;PDGFRA;PDGFRB;CDK12;PIK3CA;PIK3CB;PIM1;PIK3CD;PMS1;PMS2;ATR;ATRX;ETNK1;KIF16B;PRKAA2;MAPK1;MAP2K1;MAP2K2;SMARCAD1;RAC1;RAD51C;RAD51B;RAF1;RARS;RET;RHEB;RIT1;ROS1;BLM;MAP2K4;SMARCA1;SMARCA4;SRC;BRAF;AURKA;STK11;BTK;TGFBR1;TGFBR2;TP53;TRIO;WRN;XRCC2;BRIP1;RAD54L;RUNX1;DNAH11;ACVR1"
"2","GO:0032550",1.71908097553405e-16,3.60047846889952,54.0089352196575,105,231,"purine ribonucleoside binding","AKT3;RAD50;CDK4;CDK6;CDK8;TUBB3;ADCY2;RAB35;CHD1;CHEK2;HELQ;EGFR;EPHA2;EPHA3;ERBB2;ERBB3;ERBB4;ERCC2;AKT1;AKT2;FGFR1;FGFR3;FGFR2;FGFR4;FLT3;DICER1;ALK;MTOR;ABL1;GNA11;GNAQ;GNAS;ARHGAP35;MSH6;HRAS;IGF1R;ARAF;JAK1;JAK2;KDR;KIF5B;KIT;KRAS;RHOA;LIMK2;MAP3K1;MET;MLH1;MSH2;MSH3;MYO5A;ATM;NRAS;NTRK1;NTRK2;NTRK3;DDR2;PAK1;PDGFRA;PDGFRB;CDK12;PIK3CA;PIK3CB;PIM1;PIK3CD;PMS1;PMS2;ATR;ATRX;ETNK1;KIF16B;PRKAA2;MAPK1;MAP2K1;MAP2K2;SMARCAD1;RAC1;RAD51C;RAD51B;RAF1;RARS;RET;RHEB;RIT1;ROS1;BLM;MAP2K4;SMARCA1;SMARCA4;SRC;BRAF;AURKA;STK11;BTK;TGFBR1;TGFBR2;TP53;TRIO;WRN;XRCC2;BRIP1;RAD54L;RUNX1;DNAH11;ACVR1"
"3","GO:0035639",1.71908097553405e-16,3.60047846889952,54.0089352196575,105,231,"purine ribonucleoside triphosphate binding","AKT3;RAD50;CDK4;CDK6;CDK8;TUBB3;ADCY2;RAB35;CHD1;CHEK2;HELQ;EGFR;EPHA2;EPHA3;ERBB2;ERBB3;ERBB4;ERCC2;AKT1;AKT2;FGFR1;FGFR3;FGFR2;FGFR4;FLT3;DICER1;ALK;MTOR;ABL1;GNA11;GNAQ;GNAS;ARHGAP35;MSH6;HRAS;IGF1R;ARAF;JAK1;JAK2;KDR;KIF5B;KIT;KRAS;RHOA;LIMK2;MAP3K1;MET;MLH1;MSH2;MSH3;MYO5A;ATM;NRAS;NTRK1;NTRK2;NTRK3;DDR2;PAK1;PDGFRA;PDGFRB;CDK12;PIK3CA;PIK3CB;PIM1;PIK3CD;PMS1;PMS2;ATR;ATRX;ETNK1;KIF16B;PRKAA2;MAPK1;MAP2K1;MAP2K2;SMARCAD1;RAC1;RAD51C;RAD51B;RAF1;RARS;RET;RHEB;RIT1;ROS1;BLM;MAP2K4;SMARCA1;SMARCA4;SRC;BRAF;AURKA;STK11;BTK;TGFBR1;TGFBR2;TP53;TRIO;WRN;XRCC2;BRIP1;RAD54L;RUNX1;DNAH11;ACVR1"
"4","GO:0001882",2.55873538095499e-16,3.56817239950269,54.2427401340283,105,232,"nucleoside binding","AKT3;RAD50;CDK4;CDK6;CDK8;TUBB3;ADCY2;RAB35;CHD1;CHEK2;HELQ;EGFR;EPHA2;EPHA3;ERBB2;ERBB3;ERBB4;ERCC2;AKT1;AKT2;FGFR1;FGFR3;FGFR2;FGFR4;FLT3;DICER1;ALK;MTOR;ABL1;GNA11;GNAQ;GNAS;ARHGAP35;MSH6;HRAS;IGF1R;ARAF;JAK1;JAK2;KDR;KIF5B;KIT;KRAS;RHOA;LIMK2;MAP3K1;MET;MLH1;MSH2;MSH3;MYO5A;ATM;NRAS;NTRK1;NTRK2;NTRK3;DDR2;PAK1;PDGFRA;PDGFRB;CDK12;PIK3CA;PIK3CB;PIM1;PIK3CD;PMS1;PMS2;ATR;ATRX;ETNK1;KIF16B;PRKAA2;MAPK1;MAP2K1;MAP2K2;SMARCAD1;RAC1;RAD51C;RAD51B;RAF1;RARS;RET;RHEB;RIT1;ROS1;BLM;MAP2K4;SMARCA1;SMARCA4;SRC;BRAF;AURKA;STK11;BTK;TGFBR1;TGFBR2;TP53;TRIO;WRN;XRCC2;BRIP1;RAD54L;RUNX1;DNAH11;ACVR1"
"5","GO:0032549",2.55873538095499e-16,3.56817239950269,54.2427401340283,105,232,"ribonucleoside binding","AKT3;RAD50;CDK4;CDK6;CDK8;TUBB3;ADCY2;RAB35;CHD1;CHEK2;HELQ;EGFR;EPHA2;EPHA3;ERBB2;ERBB3;ERBB4;ERCC2;AKT1;AKT2;FGFR1;FGFR3;FGFR2;FGFR4;FLT3;DICER1;ALK;MTOR;ABL1;GNA11;GNAQ;GNAS;ARHGAP35;MSH6;HRAS;IGF1R;ARAF;JAK1;JAK2;KDR;KIF5B;KIT;KRAS;RHOA;LIMK2;MAP3K1;MET;MLH1;MSH2;MSH3;MYO5A;ATM;NRAS;NTRK1;NTRK2;NTRK3;DDR2;PAK1;PDGFRA;PDGFRB;CDK12;PIK3CA;PIK3CB;PIM1;PIK3CD;PMS1;PMS2;ATR;ATRX;ETNK1;KIF16B;PRKAA2;MAPK1;MAP2K1;MAP2K2;SMARCAD1;RAC1;RAD51C;RAD51B;RAF1;RARS;RET;RHEB;RIT1;ROS1;BLM;MAP2K4;SMARCA1;SMARCA4;SRC;BRAF;AURKA;STK11;BTK;TGFBR1;TGFBR2;TP53;TRIO;WRN;XRCC2;BRIP1;RAD54L;RUNX1;DNAH11;ACVR1"
"6","GO:0017076",1.09248262326631e-15,3.4331983805668,55.879374534624,106,239,"purine nucleotide binding","AKT3;RAD50;CDK4;CDK6;CDK8;TUBB3;ADCY2;RAB35;CHD1;CHEK2;HELQ;EGFR;EPHA2;EPHA3;ERBB2;ERBB3;ERBB4;ERCC2;AKT1;AKT2;FGFR1;FGFR3;FGFR2;FGFR4;FLT3;DICER1;ALK;MTOR;ABL1;GNA11;GNAQ;GNAS;ARHGAP35;MSH6;HRAS;IGF1R;ARAF;JAK1;JAK2;KDR;KIF5B;KIT;KRAS;RHOA;LIMK2;MAP3K1;MET;MLH1;MSH2;MSH3;MYO5A;ATM;NRAS;NTRK1;NTRK2;NTRK3;DDR2;PAK1;PDE3A;PDGFRA;PDGFRB;CDK12;PIK3CA;PIK3CB;PIM1;PIK3CD;PMS1;PMS2;ATR;ATRX;ETNK1;KIF16B;PRKAA2;MAPK1;MAP2K1;MAP2K2;SMARCAD1;RAC1;RAD51C;RAD51B;RAF1;RARS;RET;RHEB;RIT1;ROS1;BLM;MAP2K4;SMARCA1;SMARCA4;SRC;BRAF;AURKA;STK11;BTK;TGFBR1;TGFBR2;TP53;TRIO;WRN;XRCC2;BRIP1;RAD54L;RUNX1;DNAH11;ACVR1"
"7","GO:0032555",1.09248262326631e-15,3.4331983805668,55.879374534624,106,239,"purine ribonucleotide binding","AKT3;RAD50;CDK4;CDK6;CDK8;TUBB3;ADCY2;RAB35;CHD1;CHEK2;HELQ;EGFR;EPHA2;EPHA3;ERBB2;ERBB3;ERBB4;ERCC2;AKT1;AKT2;FGFR1;FGFR3;FGFR2;FGFR4;FLT3;DICER1;ALK;MTOR;ABL1;GNA11;GNAQ;GNAS;ARHGAP35;MSH6;HRAS;IGF1R;ARAF;JAK1;JAK2;KDR;KIF5B;KIT;KRAS;RHOA;LIMK2;MAP3K1;MET;MLH1;MSH2;MSH3;MYO5A;ATM;NRAS;NTRK1;NTRK2;NTRK3;DDR2;PAK1;PDE3A;PDGFRA;PDGFRB;CDK12;PIK3CA;PIK3CB;PIM1;PIK3CD;PMS1;PMS2;ATR;ATRX;ETNK1;KIF16B;PRKAA2;MAPK1;MAP2K1;MAP2K2;SMARCAD1;RAC1;RAD51C;RAD51B;RAF1;RARS;RET;RHEB;RIT1;ROS1;BLM;MAP2K4;SMARCA1;SMARCA4;SRC;BRAF;AURKA;STK11;BTK;TGFBR1;TGFBR2;TP53;TRIO;WRN;XRCC2;BRIP1;RAD54L;RUNX1;DNAH11;ACVR1"
"8","GO:0032553",1.59348936236801e-15,3.40377439724455,56.1131794489948,106,240,"ribonucleotide binding","AKT3;RAD50;CDK4;CDK6;CDK8;TUBB3;ADCY2;RAB35;CHD1;CHEK2;HELQ;EGFR;EPHA2;EPHA3;ERBB2;ERBB3;ERBB4;ERCC2;AKT1;AKT2;FGFR1;FGFR3;FGFR2;FGFR4;FLT3;DICER1;ALK;MTOR;ABL1;GNA11;GNAQ;GNAS;ARHGAP35;MSH6;HRAS;IGF1R;ARAF;JAK1;JAK2;KDR;KIF5B;KIT;KRAS;RHOA;LIMK2;MAP3K1;MET;MLH1;MSH2;MSH3;MYO5A;ATM;NRAS;NTRK1;NTRK2;NTRK3;DDR2;PAK1;PDE3A;PDGFRA;PDGFRB;CDK12;PIK3CA;PIK3CB;PIM1;PIK3CD;PMS1;PMS2;ATR;ATRX;ETNK1;KIF16B;PRKAA2;MAPK1;MAP2K1;MAP2K2;SMARCAD1;RAC1;RAD51C;RAD51B;RAF1;RARS;RET;RHEB;RIT1;ROS1;BLM;MAP2K4;SMARCA1;SMARCA4;SRC;BRAF;AURKA;STK11;BTK;TGFBR1;TGFBR2;TP53;TRIO;WRN;XRCC2;BRIP1;RAD54L;RUNX1;DNAH11;ACVR1"
"9","GO:0000166",9.43114987912301e-15,3.10992155053069,65.9329858525689,117,282,"nucleotide binding","AKT3;RAD50;CDK4;CDK6;CDK8;TUBB3;ADCY2;RAB35;CHD1;CHEK2;HELQ;DPYD;EGFR;EPHA2;EPHA3;ERBB2;ERBB3;ERBB4;ERCC2;AKT1;AKT2;EWSR1;FGFR1;FGFR3;FGFR2;FGFR4;RALY;FLT3;DICER1;ALK;MTOR;ABL1;G6PD;GNA11;GNAQ;GNAS;ARHGAP35;MSH6;HRAS;IDH1;IDH2;IGF1R;ARAF;JAK1;JAK2;KDR;KIF5B;KIT;KRAS;RHOA;LIMK2;MAP3K1;MET;MLH1;MSH2;MSH3;MYO5A;ATM;NRAS;NTRK1;NTRK2;NTRK3;DDR2;PAK1;PDE3A;PDGFRA;PDGFRB;CDK12;PIK3CA;PIK3CB;PIM1;PIK3CD;PMS1;PMS2;POLE;ATR;ATRX;ETNK1;KIF16B;PRKAA2;MAPK1;MAP2K1;MAP2K2;SMARCAD1;RAC1;RAD51C;RAD51B;RAF1;RARS;RET;RHEB;RIT1;ROS1;BLM;MAP2K4;SRSF2;SMARCA1;SMARCA4;SRC;BRAF;AURKA;STK11;BTK;TGFBR1;TGFBR2;TP53;TRIO;TYMS;U2AF1;WRN;XRCC2;RBM10;BRIP1;RAD54L;RUNX1;DNAH11;ACVR1"
"10","GO:1901265",9.43114987912301e-15,3.10992155053069,65.9329858525689,117,282,"nucleoside phosphate binding","AKT3;RAD50;CDK4;CDK6;CDK8;TUBB3;ADCY2;RAB35;CHD1;CHEK2;HELQ;DPYD;EGFR;EPHA2;EPHA3;ERBB2;ERBB3;ERBB4;ERCC2;AKT1;AKT2;EWSR1;FGFR1;FGFR3;FGFR2;FGFR4;RALY;FLT3;DICER1;ALK;MTOR;ABL1;G6PD;GNA11;GNAQ;GNAS;ARHGAP35;MSH6;HRAS;IDH1;IDH2;IGF1R;ARAF;JAK1;JAK2;KDR;KIF5B;KIT;KRAS;RHOA;LIMK2;MAP3K1;MET;MLH1;MSH2;MSH3;MYO5A;ATM;NRAS;NTRK1;NTRK2;NTRK3;DDR2;PAK1;PDE3A;PDGFRA;PDGFRB;CDK12;PIK3CA;PIK3CB;PIM1;PIK3CD;PMS1;PMS2;POLE;ATR;ATRX;ETNK1;KIF16B;PRKAA2;MAPK1;MAP2K1;MAP2K2;SMARCAD1;RAC1;RAD51C;RAD51B;RAF1;RARS;RET;RHEB;RIT1;ROS1;BLM;MAP2K4;SRSF2;SMARCA1;SMARCA4;SRC;BRAF;AURKA;STK11;BTK;TGFBR1;TGFBR2;TP53;TRIO;TYMS;U2AF1;WRN;XRCC2;RBM10;BRIP1;RAD54L;RUNX1;DNAH11;ACVR1"
"11","GO:0004672",1.29610140636969e-14,4.7142641509434,27.355174981385,64,117,"protein kinase activity","AKT3;CDK4;CDK6;CDK8;CDKN1A;CHEK2;AKAP13;EGFR;EPHA2;EPHA3;ERBB2;ERBB4;ERCC2;AKT1;AKT2;FGFR1;FGFR3;FGFR2;FGFR4;FLT3;ALK;MTOR;ABL1;IGF1R;ARAF;JAK1;JAK2;KDR;KIT;LIMK2;MAP3K1;MET;ATM;NTRK1;NTRK2;NTRK3;DDR2;PAK1;PDGFRA;PDGFRB;CDK12;PIK3CA;PIM1;ATR;PRKAA2;MAPK1;MAP2K1;MAP2K2;RAF1;CCND1;RET;ROS1;MAP2K4;SOX9;SRC;BRAF;AURKA;STK11;BTK;TGFBR1;TGFBR2;TRIO;CCND3;ACVR1"
"12","GO:0016301",2.30553100211389e-14,4.2547288776797,31.5636634400596,70,135,"kinase activity","AKT3;CDK4;CDK6;CDK8;CDKN1A;CHEK2;AKAP13;EGFR;EPHA2;EPHA3;ERBB2;ERBB4;ERCC2;AKT1;AKT2;FGFR1;FGFR3;FGFR2;FGFR4;FLT3;ALK;MTOR;ABL1;IGF1R;ARAF;JAK1;JAK2;KDR;KIT;LIMK2;MAP3K1;MET;ATM;NTRK1;NTRK2;NTRK3;DDR2;PAK1;PDGFRA;PDGFRB;CDK12;PIK3CA;PIK3CB;PIM1;PIK3CD;PIK3R2;ATR;ETNK1;PRKAA2;MAPK1;MAP2K1;MAP2K2;RAF1;CCND1;RET;ROS1;MAP2K4;SOX9;SRC;BRAF;AURKA;STK11;BTK;TGFBR1;TGFBR2;TRIO;CARD11;CCND3;CCNE1;ACVR1"
"13","GO:0016773",3.34921663844669e-14,4.311303435615,30.3946388682055,68,130,"phosphotransferase activity, alcohol group as acceptor","AKT3;CDK4;CDK6;CDK8;CDKN1A;CHEK2;AKAP13;EGFR;EPHA2;EPHA3;ERBB2;ERBB4;ERCC2;AKT1;AKT2;FGFR1;FGFR3;FGFR2;FGFR4;FLT3;ALK;MTOR;ABL1;IGF1R;ARAF;JAK1;JAK2;KDR;KIT;LIMK2;MAP3K1;MET;ATM;NTRK1;NTRK2;NTRK3;DDR2;PAK1;PDGFRA;PDGFRB;CDK12;PIK3CA;PIK3CB;PIM1;PIK3CD;PIK3R2;ATR;ETNK1;PRKAA2;MAPK1;MAP2K1;MAP2K2;RAF1;CCND1;RET;ROS1;MAP2K4;SOX9;SRC;BRAF;AURKA;STK11;BTK;TGFBR1;TGFBR2;TRIO;CCND3;ACVR1"
"14","GO:0036094",4.82792628681143e-14,2.93793688976935,72.01191362621,123,308,"small molecule binding","AKT3;RAD50;CDK4;CDK6;CDK8;TUBB3;ADCY2;RAB35;CHD1;CHEK2;HELQ;ADH7;DPYD;EGFR;EPHA2;EPHA3;ERBB2;ERBB3;ERBB4;ERCC2;AKT1;AKT2;EWSR1;FGFR1;FGFR3;FGFR2;FGFR4;RALY;FLT3;DICER1;ALK;MTOR;ABL1;G6PD;GNA11;GNAQ;GNAS;ARHGAP35;MSH6;HRAS;IDH1;IDH2;IGF1R;ARAF;JAK1;JAK2;KDR;KIF5B;KIT;KRAS;RHOA;LIMK2;MAP3K1;MET;MLH1;MSH2;MSH3;MYO5A;ATM;NF1;NRAS;NTRK1;NTRK2;NTRK3;DDR2;PAK1;PDE3A;PDGFRA;PDGFRB;CDK12;PIK3CA;PIK3CB;PIM1;PIK3CD;PMS1;PMS2;POLE;ATR;ATRX;UGT1A1;ETNK1;KIF16B;PRKAA2;MAPK1;MAP2K1;MAP2K2;SMARCAD1;PTCH1;RAC1;RAD51C;RAD51B;RAF1;RARA;RARS;RET;RHEB;RIT1;ROS1;BLM;MAP2K4;SRSF2;SMARCA1;SMARCA4;SRC;BRAF;AURKA;STK11;BTK;TGFBR1;TGFBR2;TP53;TRIO;TYMS;U2AF1;WRN;XRCC2;GLRA3;RBM10;BRIP1;RAD54L;RUNX1;DNAH11;ACVR1"
"15","GO:0005524",8.19524927773513e-14,3.35932392569561,47.9300074460164,92,205,"ATP binding","AKT3;RAD50;CDK4;CDK6;CDK8;ADCY2;CHD1;CHEK2;HELQ;EGFR;EPHA2;EPHA3;ERBB2;ERBB3;ERBB4;ERCC2;AKT1;AKT2;FGFR1;FGFR3;FGFR2;FGFR4;FLT3;DICER1;ALK;MTOR;ABL1;MSH6;IGF1R;ARAF;JAK1;JAK2;KDR;KIF5B;KIT;LIMK2;MAP3K1;MET;MLH1;MSH2;MSH3;MYO5A;ATM;NTRK1;NTRK2;NTRK3;DDR2;PAK1;PDGFRA;PDGFRB;CDK12;PIK3CA;PIK3CB;PIM1;PIK3CD;PMS1;PMS2;ATR;ATRX;ETNK1;KIF16B;PRKAA2;MAPK1;MAP2K1;MAP2K2;SMARCAD1;RAD51C;RAD51B;RAF1;RARS;RET;ROS1;BLM;MAP2K4;SMARCA1;SMARCA4;SRC;BRAF;AURKA;STK11;BTK;TGFBR1;TGFBR2;TP53;TRIO;WRN;XRCC2;BRIP1;RAD54L;RUNX1;DNAH11;ACVR1"
"16","GO:0016772",1.0822712730063e-13,3.95454545454545,33.6679076693969,72,144,"transferase activity, transferring phosphorus-containing groups","AKT3;CDK4;CDK6;CDK8;CDKN1A;CHEK2;AKAP13;EGFR;EPHA2;EPHA3;ERBB2;ERBB4;ERCC2;AKT1;AKT2;FGFR1;FGFR3;FGFR2;FGFR4;FLT3;ALK;MTOR;ABL1;IGF1R;ARAF;JAK1;JAK2;KDR;KIT;LIMK2;MAP3K1;MET;ATM;NTRK1;NTRK2;NTRK3;DDR2;PAK1;PDGFRA;PDGFRB;CDK12;PIK3CA;PIK3CB;PIM1;PIK3CD;PIK3R2;POLE;ATR;ETNK1;PRKAA2;MAPK1;MAP2K1;MAP2K2;RAF1;CCND1;RET;ROS1;MAP2K4;SOX9;SRC;BRAF;AURKA;STK11;BTK;TERT;TGFBR1;TGFBR2;TRIO;CARD11;CCND3;CCNE1;ACVR1"
"17","GO:0003824",1.96583920980067e-13,2.6081821110276,119.240506329114,175,510,"catalytic activity","AKT3;RAD50;CDK4;CDK6;CDK8;CDKN1A;TUBB3;NCOA2;ADCY2;RAB35;CHD1;PTPRT;CHEK2;AKAP13;HELQ;ADH1B;ADH1C;ADH7;CREBBP;CYLD;DCTN1;DNMT3A;DNMT3B;DPYD;DUSP6;EGFR;EPHA2;EP300;EPHA3;ERBB2;ERBB4;ERCC2;AKT1;ERCC4;AKT2;EZH2;FGFR1;FGFR3;FGFR2;FGFR4;DIS3;FLT3;SMG6;DICER1;SUZ12;CBLC;ALK;MTOR;ABL1;G6PD;GNA11;GNAQ;GNAS;SETD2;MSH6;HMGA1;HRAS;IDH1;IDH2;IGF1R;IRF4;ARAF;JAK1;JAK2;KDR;KIF5B;KIT;RHOA;LIMK2;MDM2;MAP3K1;MET;MLH1;KMT2A;MSH2;MYO5A;ATM;NTRK1;NTRK2;NTRK3;DDR2;PAK1;PARK2;PDE1A;PDE3A;PDGFRA;PDGFRB;CDK12;PIK3CA;PIK3CB;PIM1;PIK3CD;PIK3R2;PMS1;PMS2;POLE;ATR;ATRX;UGT1A1;TET2;BCOR;CDKAL1;PPP2R1A;PPP6C;ETNK1;KIF16B;PRKAA2;MAPK1;MAP2K1;MAP2K2;SMARCAD1;PTEN;PTPN2;PTPN11;PTPRD;KMT2C;RAC1;RAD51C;RAD51B;RAF1;RARS;CCND1;RET;RHEB;ROS1;PRDM1;SDHB;SDHC;BLM;MAP2K4;NSD1;ST6GAL1;ST3GAL1;SMARCA1;SMARCA4;SOX9;SRC;BRCA1;BRAF;BRCA2;AURKA;STK11;BTK;TERT;TGFBR1;TGFBR2;TMPRSS2;TPMT;TRIO;TYMS;TYR;KDM6A;VHL;WRN;XRCC2;NAA25;TET1;KMT2D;KDM5C;BAP1;BRIP1;CASP8;RAD54L;CARD11;PPM1D;CBL;DNAH11;HERC2;CCND3;CCNE1;ACVR1;NAPRT;CD44;KEAP1;MED12"
"18","GO:0030554",4.76803957193086e-13,3.18766968325792,49.8004467609829,93,213,"adenyl nucleotide binding","AKT3;RAD50;CDK4;CDK6;CDK8;ADCY2;CHD1;CHEK2;HELQ;EGFR;EPHA2;EPHA3;ERBB2;ERBB3;ERBB4;ERCC2;AKT1;AKT2;FGFR1;FGFR3;FGFR2;FGFR4;FLT3;DICER1;ALK;MTOR;ABL1;MSH6;IGF1R;ARAF;JAK1;JAK2;KDR;KIF5B;KIT;LIMK2;MAP3K1;MET;MLH1;MSH2;MSH3;MYO5A;ATM;NTRK1;NTRK2;NTRK3;DDR2;PAK1;PDE3A;PDGFRA;PDGFRB;CDK12;PIK3CA;PIK3CB;PIM1;PIK3CD;PMS1;PMS2;ATR;ATRX;ETNK1;KIF16B;PRKAA2;MAPK1;MAP2K1;MAP2K2;SMARCAD1;RAD51C;RAD51B;RAF1;RARS;RET;ROS1;BLM;MAP2K4;SMARCA1;SMARCA4;SRC;BRAF;AURKA;STK11;BTK;TGFBR1;TGFBR2;TP53;TRIO;WRN;XRCC2;BRIP1;RAD54L;RUNX1;DNAH11;ACVR1"
"19","GO:0032559",4.76803957193086e-13,3.18766968325792,49.8004467609829,93,213,"adenyl ribonucleotide binding","AKT3;RAD50;CDK4;CDK6;CDK8;ADCY2;CHD1;CHEK2;HELQ;EGFR;EPHA2;EPHA3;ERBB2;ERBB3;ERBB4;ERCC2;AKT1;AKT2;FGFR1;FGFR3;FGFR2;FGFR4;FLT3;DICER1;ALK;MTOR;ABL1;MSH6;IGF1R;ARAF;JAK1;JAK2;KDR;KIF5B;KIT;LIMK2;MAP3K1;MET;MLH1;MSH2;MSH3;MYO5A;ATM;NTRK1;NTRK2;NTRK3;DDR2;PAK1;PDE3A;PDGFRA;PDGFRB;CDK12;PIK3CA;PIK3CB;PIM1;PIK3CD;PMS1;PMS2;ATR;ATRX;ETNK1;KIF16B;PRKAA2;MAPK1;MAP2K1;MAP2K2;SMARCAD1;RAD51C;RAD51B;RAF1;RARS;RET;ROS1;BLM;MAP2K4;SMARCA1;SMARCA4;SRC;BRAF;AURKA;STK11;BTK;TGFBR1;TGFBR2;TP53;TRIO;WRN;XRCC2;BRIP1;RAD54L;RUNX1;DNAH11;ACVR1"
"20","GO:0097367",1.41852221132814e-12,2.82080823950423,66.4005956813105,113,284,"carbohydrate derivative binding","AKT3;RAD50;CDK4;CDK6;CDK8;TUBB3;ADCY2;RAB35;CHD1;CHEK2;HELQ;AGER;EGFR;EPHA2;EPHA3;ERBB2;ERBB3;ERBB4;ERCC2;AKT1;AKT2;FGF12;FGFR1;FGFR3;FGFR2;FGFR4;FLT3;DICER1;ALK;MTOR;ABL1;GNA11;GNAQ;GNAS;ARHGAP35;MSH6;HRAS;IGF1R;ARAF;JAK1;JAK2;KDR;KIF5B;KIT;KRAS;RHOA;LIMK2;MAP3K1;MET;MLH1;MSH2;MSH3;MYO5A;ATM;NRAS;NTRK1;NTRK2;NTRK3;DDR2;PAK1;PDE3A;PDGFRA;PDGFRB;CDK12;PIK3CA;PIK3CB;PIM1;PIK3CD;PMS1;PMS2;ATR;ATRX;ETNK1;KIF16B;PRKAA2;MAPK1;MAP2K1;MAP2K2;B2M;SMARCAD1;PTCH1;RAC1;RAD51C;RAD51B;RAF1;RARS;RASA1;RET;RHEB;RIT1;ROS1;BLM;MAP2K4;SMARCA1;SMARCA4;SRC;BRAF;AURKA;STK11;BTK;TGFBR1;TGFBR2;TP53;TRIO;WRN;XRCC2;BRIP1;RAD54L;RUNX1;DNAH11;ACVR1;CD44;CDH1"
"21","GO:0016740",6.00463298363179e-12,2.81146485093854,61.0230826507818,105,261,"transferase activity","AKT3;CDK4;CDK6;CDK8;CDKN1A;NCOA2;CHEK2;AKAP13;CREBBP;DNMT3A;DNMT3B;EGFR;EPHA2;EP300;EPHA3;ERBB2;ERBB4;ERCC2;AKT1;AKT2;EZH2;FGFR1;FGFR3;FGFR2;FGFR4;FLT3;SUZ12;CBLC;ALK;MTOR;ABL1;SETD2;IGF1R;IRF4;ARAF;JAK1;JAK2;KDR;KIT;LIMK2;MDM2;MAP3K1;MET;KMT2A;ATM;NTRK1;NTRK2;NTRK3;DDR2;PAK1;PARK2;PDGFRA;PDGFRB;CDK12;PIK3CA;PIK3CB;PIM1;PIK3CD;PIK3R2;POLE;ATR;UGT1A1;BCOR;CDKAL1;ETNK1;PRKAA2;MAPK1;MAP2K1;MAP2K2;KMT2C;RAF1;CCND1;RET;ROS1;PRDM1;MAP2K4;NSD1;ST6GAL1;ST3GAL1;SOX9;SRC;BRCA1;BRAF;BRCA2;AURKA;STK11;BTK;TERT;TGFBR1;TGFBR2;TPMT;TRIO;TYMS;VHL;NAA25;KMT2D;CARD11;CBL;HERC2;CCND3;CCNE1;ACVR1;NAPRT;KEAP1;MED12"
"22","GO:0097159",1.19072847223147e-11,2.43095179537629,155.012658227848,207,663,"organic cyclic compound binding","AKT3;MEF2B;RAD50;CDK4;CDK6;CDK8;CDKN2A;TUBB3;YAP1;NCOA2;CTCF;ADCY2;RAB35;CHD1;CHEK2;HELQ;CREBBP;CTNNB1;CUX1;ASXL1;DNMT3A;DNMT3B;DPYD;EGFR;EIF1AX;ARID2;EPHA2;EP300;EPHA3;ERBB2;ERBB3;ERBB4;ERCC2;AKT1;ERCC4;ERG;AKT2;ESR1;ETV1;ETV6;EWSR1;EZH2;FGFR1;FGFR3;FGFR2;FGFR4;DIS3;RALY;FOXO1;CIC;FLT3;SMG6;DICER1;SF3B1;BRD4;SUZ12;ALK;MTOR;ABL1;G6PD;LSM14A;GATA3;FOXP1;GLI1;GNA11;GNAQ;GNAS;ARHGAP35;MSH6;HIST1H1C;H3F3A;HLA-A;HMGA1;FOXA1;HRAS;IDH1;IDH2;IGF1R;IRF4;AR;ARAF;JAK1;JAK2;JUN;KDR;KIF5B;KIT;KRAS;RHOA;LIMK2;SMAD2;SMAD3;SMAD4;MAP3K1;MET;MLH1;KMT2A;MSH2;MSH3;MYC;MYCN;MYO5A;MYOD1;ATF1;ATM;NFE2L2;NOTCH1;NRAS;NTRK1;NTRK2;NTRK3;DDR2;PAK1;PARK2;PBX1;PDE3A;PDGFRA;PDGFRB;CDK12;PIK3CA;PIK3CB;PIM1;PIK3CD;PMS1;PMS2;POLE;ATR;ATRX;UGT1A1;TET2;BCOR;PBRM1;ASXL2;ETNK1;SOX6;ZCCHC8;KIF16B;PRKAA2;MAPK1;MAP2K1;MAP2K2;SMARCAD1;PTCH1;ARID1B;KMT2C;RAC1;RAD51C;RAD51B;RAF1;RARA;RARG;RARS;RB1;BCL2;RET;RHEB;RIT1;ROS1;CLIP1;PRDM1;SDHC;BLM;MAP2K4;SRSF2;NSD1;SMARCA1;SMARCA4;SMARCB1;SOX9;FOXL2;SRC;BRCA1;BRAF;BRCA2;STAT3;AURKA;STK11;HNF1A;TCF3;BTK;TERT;TGFBR1;TGFBR2;NKX2-1;TP53;TRIO;TYMS;U2AF1;KDM6A;WRN;XBP1;XPO1;XRCC2;PAX8;TET1;KMT2D;FIP1L1;RBM10;KDM5C;ARID1A;BRIP1;RAD54L;RUNX1;DNAH11;ACVR1;KLF4;MED12"
"23","GO:1901363",2.54528536248202e-11,2.39139680418008,153.843633655994,205,658,"heterocyclic compound binding","AKT3;MEF2B;RAD50;CDK4;CDK6;CDK8;CDKN2A;TUBB3;YAP1;NCOA2;CTCF;ADCY2;RAB35;CHD1;CHEK2;HELQ;CREBBP;CTNNB1;CUX1;ASXL1;DNMT3A;DNMT3B;DPYD;EGFR;EIF1AX;ARID2;EPHA2;EP300;EPHA3;ERBB2;ERBB3;ERBB4;ERCC2;AKT1;ERCC4;ERG;AKT2;ESR1;ETV1;ETV6;EWSR1;EZH2;FGFR1;FGFR3;FGFR2;FGFR4;DIS3;RALY;FOXO1;CIC;FLT3;SMG6;DICER1;SF3B1;BRD4;SUZ12;ALK;MTOR;ABL1;G6PD;LSM14A;GATA3;FOXP1;GLI1;GNA11;GNAQ;GNAS;ARHGAP35;MSH6;HIST1H1C;H3F3A;HLA-A;HMGA1;FOXA1;HRAS;IDH1;IDH2;IGF1R;IRF4;AR;ARAF;JAK1;JAK2;JUN;KDR;KIF5B;KIT;KRAS;RHOA;LIMK2;SMAD2;SMAD3;SMAD4;MAP3K1;MET;MLH1;KMT2A;MSH2;MSH3;MYC;MYCN;MYO5A;MYOD1;ATF1;ATM;NFE2L2;NOTCH1;NRAS;NTRK1;NTRK2;NTRK3;DDR2;PAK1;PARK2;PBX1;PDE3A;PDGFRA;PDGFRB;CDK12;PIK3CA;PIK3CB;PIM1;PIK3CD;PMS1;PMS2;POLE;ATR;ATRX;TET2;BCOR;PBRM1;ASXL2;ETNK1;SOX6;ZCCHC8;KIF16B;PRKAA2;MAPK1;MAP2K1;MAP2K2;SMARCAD1;ARID1B;KMT2C;RAC1;RAD51C;RAD51B;RAF1;RARA;RARG;RARS;RB1;BCL2;RET;RHEB;RIT1;ROS1;CLIP1;PRDM1;SDHC;BLM;MAP2K4;SRSF2;NSD1;SMARCA1;SMARCA4;SMARCB1;SOX9;FOXL2;SRC;BRCA1;BRAF;BRCA2;STAT3;AURKA;STK11;HNF1A;TCF3;BTK;TERT;TGFBR1;TGFBR2;NKX2-1;TP53;TRIO;TYMS;U2AF1;KDM6A;WRN;XBP1;XPO1;XRCC2;PAX8;TET1;KMT2D;FIP1L1;RBM10;KDM5C;ARID1A;BRIP1;RAD54L;RUNX1;DNAH11;ACVR1;KLF4;MED12"
"24","GO:0043168",2.18536966902699e-10,2.47428600728093,73.180938198064,116,313,"anion binding","AKT3;RAD50;CDK4;CDK6;CDK8;TUBB3;ADCY2;RAB35;CHD1;CHEK2;HELQ;ADH7;AGER;DPYD;EGFR;EPHA2;EPHA3;ERBB2;ERBB3;ERBB4;ERCC2;AKT1;AKT2;FGF12;FGFR1;FGFR3;FGFR2;FGFR4;FLT3;DICER1;ALK;MTOR;ABL1;GNA11;GNAQ;GNAS;ARHGAP35;MSH6;HRAS;IGF1R;ARAF;JAK1;JAK2;KDR;KIF5B;KIT;KRAS;RHOA;LIMK2;MAP3K1;MET;MLH1;MSH2;MSH3;MYO5A;ATM;NF1;NRAS;NTRK1;NTRK2;NTRK3;DDR2;PAK1;PDE3A;PDGFRA;PDGFRB;CDK12;PIK3CA;PIK3CB;PIM1;PIK3CD;PMS1;PMS2;ATR;ATRX;UGT1A1;ETNK1;KIF16B;PRKAA2;MAPK1;MAP2K1;MAP2K2;SMARCAD1;PTCH1;RAC1;RAD51C;RAD51B;RAF1;RARA;RARS;RET;RHEB;RIT1;ROS1;BLM;MAP2K4;SMARCA1;SMARCA4;SRC;BRAF;AURKA;STK11;BTK;TGFBR1;TGFBR2;TP53;TRIO;TYMS;WRN;XRCC2;GLRA3;BRIP1;RAD54L;RUNX1;DNAH11;ACVR1"
"25","GO:0019199",4.0760395486261e-10,9.19930555555556,8.41697691734922,26,36,"transmembrane receptor protein kinase activity","EGFR;EPHA2;EPHA3;ERBB2;ERBB4;FGFR1;FGFR3;FGFR2;FGFR4;FLT3;ALK;IGF1R;KDR;KIT;MET;NTRK1;NTRK2;NTRK3;DDR2;PDGFRA;PDGFRB;RET;ROS1;TGFBR1;TGFBR2;ACVR1"
"26","GO:0005515",4.28823419421107e-10,3.28625954198473,250.872673119881,287,1073,"protein binding","AKT3;MEF2B;RAD50;CDK4;CDK6;CDK8;CDKN1A;CDKN1B;CDKN2A;CDKN2B;CDKN2C;TUBB3;YAP1;NCOA2;CTCF;ADCY2;LILRB4;RAB35;CHD1;PTPRT;CHEK2;AKAP13;PWWP2A;ADH7;CREBBP;CTLA4;CTNNB1;CUX1;CYLD;IFNLR1;DCTN1;ASXL1;AGER;DNMT3A;DNMT3B;DPYD;DTNB;EGFR;EIF1AX;ARID2;EPHA2;EP300;EPHA3;ERBB2;ERBB3;ERBB4;ERCC2;AKT1;ERCC4;ERG;AKT2;ESR1;ETV1;ETV6;EWSR1;EZH2;FANCA;FANCC;FAT1;FGF12;FGFR1;FGFR3;FGFR2;FGFR4;DIS3;RALY;FOXO1;ERC1;CIC;FLT3;SMG6;DICER1;SF3B1;BRD4;SUZ12;CBLC;AIPL1;ALK;MTOR;ABL1;RICTOR;G6PD;NUTM1;GATA3;GJA3;FOXP1;GLI1;GNA11;GNAQ;GNAS;MAGEH1;SETD2;CD274;MSH6;HIST1H1C;H3F3A;NRG1;HLA-A;HMGA1;FOXA1;APC;HRAS;IDH1;IGF1R;IL7R;IRF4;AR;ARAF;JAK1;JAK2;JUN;KDR;KIF5B;KIT;KRAS;RHOA;LIMK2;LMNA;LPP;EPCAM;SMAD2;SMAD3;SMAD4;MCL1;MDM2;MDM4;MAP3K1;MET;MLH1;KMT2A;MPL;MSH2;MSH3;MYC;MYCN;MYD88;MYO5A;MYOD1;ATF1;ATM;NF1;NF2;NFE2L2;NFKBIA;NOTCH1;NRAS;NTRK1;NTRK2;NTRK3;DDR2;OCA2;PAK1;PARK2;PBX1;PDE1A;PDGFRA;PDGFRB;NBAS;CDK12;PIK3CA;PIK3CB;PIM1;PIK3CD;PIK3R1;PIK3R2;PMS2;ATR;ATRX;UGT1A1;TET2;BCOR;CDKAL1;PPP2R1A;PBRM1;ASXL2;FBXW7;PPP6C;ETNK1;SOX6;ZCCHC8;KIF16B;PRKAA2;MAPK1;MAP2K1;MAP2K2;B2M;SMARCAD1;PTCH1;PTEN;ARID1B;SHTN1;PTPN2;PTPN11;PTPRD;KMT2C;RAC1;RAD21;RAD51C;RAD51B;RAF1;RARA;RARG;RARS;RASA1;RB1;CCND1;BCL2;RET;RHEB;RIT1;ROS1;CLIP1;PRDM1;SDHB;BLM;MAP2K4;SFRP4;SRSF2;NSD1;ST6GAL1;SLC12A2;SMARCA1;SMARCA4;SMARCB1;SMO;SOX9;FOXL2;SRC;BRCA1;BRAF;BRCA2;STAT3;AURKA;STK11;HNF1A;TCF3;BTK;TERT;TGFBR1;TGFBR2;NKX2-1;TMPRSS2;TP53;TPM3;TRIO;TSC1;TSC2;TYMS;TYR;U2AF1;KDM6A;VHL;WRN;XBP1;XPO1;XRCC2;PAX8;BRD3;KMT2D;FIP1L1;RBM10;ARID1A;BAP1;BRIP1;SPOP;CASP8;RAD54L;CARD11;CEP89;PPM1D;RUNX1;CBL;BCL10;HERC2;CCND2;CCND3;CCNE1;ACVR1;CD9;NAPRT;KLF4;CD44;PDE4DIP;KEAP1;GOLGA5;MED12;CDH1"
"27","GO:0004714",1.90105721925633e-09,10.0871993127148,7.24795234549516,23,31,"transmembrane receptor protein tyrosine kinase activity","EGFR;EPHA2;EPHA3;ERBB2;ERBB4;FGFR1;FGFR3;FGFR2;FGFR4;FLT3;ALK;IGF1R;KDR;KIT;MET;NTRK1;NTRK2;NTRK3;DDR2;PDGFRA;PDGFRB;RET;ROS1"
"28","GO:0044877",2.10578652271295e-09,2.44755559303927,62.6597170513775,101,268,"macromolecular complex binding","CDK4;CDKN1A;CDKN1B;YAP1;NCOA2;CTCF;CREBBP;CTNNB1;CUX1;DNMT3A;DNMT3B;EGFR;EP300;ERG;ESR1;EZH2;FGFR1;FOXO1;CIC;FLT3;SMG6;SF3B1;BRD4;SUZ12;MTOR;ABL1;RICTOR;GATA3;GLI1;GNA11;GNAQ;GNAS;MSH6;HIST1H1C;H3F3A;HLA-A;HMGA1;APC;IGF1R;AR;JUN;KDR;KIF5B;KRAS;EPCAM;SMAD2;SMAD3;SMAD4;MLH1;KMT2A;MSH2;MYC;MYOD1;ATF1;ATM;NF2;NFKBIA;NOTCH1;NRAS;DDR2;PAK1;PIM1;PIK3R1;PMS2;POLE;ATR;ATRX;PBRM1;KIF16B;PRKAA2;PTCH1;PTEN;SHTN1;PTPN2;PTPN11;RARA;CCND1;CLIP1;NSD1;SMARCA1;SMARCA4;SMARCB1;SOX9;SRC;BRCA1;STAT3;TCF3;TP53;KDM6A;WRN;XBP1;BRD3;RBM10;ARID1A;BAP1;CASP8;CCNE1;ACVR1;CD9;CD44;MED12"
"29","GO:0004713",5.81634292701243e-09,5.52632508833922,11.9240506329114,31,51,"protein tyrosine kinase activity","EGFR;EPHA2;EPHA3;ERBB2;ERBB4;FGFR1;FGFR3;FGFR2;FGFR4;FLT3;ALK;ABL1;IGF1R;JAK1;JAK2;KDR;KIT;MET;NTRK1;NTRK2;NTRK3;DDR2;PDGFRA;PDGFRB;MAP2K1;MAP2K2;RET;ROS1;MAP2K4;SRC;BTK"
"30","GO:0019899",1.16373143589336e-07,2.17761277811798,66.6344005956813,101,285,"enzyme binding","MEF2B;CDKN1A;CDKN1B;CDKN2A;CDKN2B;CDKN2C;NCOA2;ADCY2;CHEK2;AKAP13;CTNNB1;CYLD;DNMT3B;EGFR;ERBB2;AKT1;AKT2;ESR1;FOXO1;ERC1;SMG6;MTOR;ABL1;RICTOR;NRG1;HMGA1;APC;AR;JAK1;JAK2;JUN;KIT;LMNA;SMAD2;SMAD3;MDM2;MDM4;MAP3K1;MET;MSH2;MSH3;MYO5A;MYOD1;NFKBIA;NOTCH1;NTRK1;NTRK2;PAK1;PARK2;PDGFRB;PIK3R1;PIK3R2;UGT1A1;BCOR;FBXW7;KIF16B;MAPK1;MAP2K1;PTEN;PTPN2;PTPN11;RAC1;RAF1;RARA;RASA1;RB1;CCND1;BCL2;RHEB;ROS1;PRDM1;SMARCA4;SOX9;FOXL2;SRC;BRCA1;BRAF;BRCA2;STAT3;AURKA;TCF3;TGFBR2;NKX2-1;TP53;TRIO;TSC2;VHL;XBP1;XPO1;SPOP;CASP8;PPM1D;CBL;BCL10;HERC2;CCND2;CCND3;CCNE1;KLF4;PDE4DIP;GOLGA5"
"31","GO:0043167",3.00975954557524e-07,1.92634755903844,141.919583023083,181,607,"ion binding","AKT3;RAD50;CDK4;CDK6;CDK8;CDKN1A;TUBB3;CTCF;ADCY2;RAB35;CHD1;CHEK2;AKAP13;HELQ;ADH1B;ADH1C;ADH7;CREBBP;CYLD;ASXL1;AGER;DNMT3A;DNMT3B;DPYD;DTNB;EGFR;ARID2;EPHA2;EP300;EPHA3;ERBB2;ERBB3;ERBB4;ERCC2;AKT1;AKT2;ESR1;EWSR1;FAT1;FGF12;FGFR1;FGFR3;FGFR2;FGFR4;FLT3;SMG6;DICER1;SUZ12;CBLC;ALK;MTOR;ABL1;GATA3;FOXP1;GLI1;GNA11;GNAQ;GNAS;ARHGAP35;MSH6;HRAS;IDH1;IDH2;IGF1R;AR;ARAF;JAK1;JAK2;KDR;KIF5B;KIT;KRAS;RHOA;LIMK2;LPP;SMAD2;SMAD3;SMAD4;MDM2;MDM4;MAP3K1;MET;MLH1;KMT2A;MSH2;MSH3;MYO5A;ATM;NF1;NOTCH1;NRAS;NTRK1;NTRK2;NTRK3;DDR2;PAK1;PARK2;PCDH9;PDE1A;PDE3A;PDGFRA;PDGFRB;CDK12;PIK3CA;PIK3CB;PIM1;PIK3CD;PMS1;PMS2;POLE;ATR;ATRX;UGT1A1;TET2;DEF8;CDKAL1;ASXL2;PPP6C;ETNK1;ZCCHC8;KIF16B;PRKAA2;MAPK1;MAP2K1;MAP2K2;SMARCAD1;PTCH1;PTEN;KMT2C;RAC1;RAD51C;RAD51B;RAF1;RARA;RARG;RARS;RET;RHEB;RIT1;ROS1;CLIP1;PRDM1;SDHB;SDHC;BLM;MAP2K4;NSD1;SMARCA1;SMARCA4;SRC;BRCA1;BRAF;AURKA;STK11;BTK;TERT;TGFBR1;TGFBR2;TP53;TRIO;TYMS;TYR;U2AF1;KDM6A;WRN;XRCC2;GLRA3;TET1;KMT2D;RBM10;KDM5C;BRIP1;RAD54L;PPM1D;RUNX1;CBL;DNAH11;HERC2;ACVR1;KLF4;CDH1"
"32","GO:0003682",5.37707902441322e-07,2.69907407407407,29.2256142963515,53,125,"chromatin binding","YAP1;NCOA2;CTCF;CREBBP;CTNNB1;CUX1;DNMT3A;DNMT3B;EGFR;EP300;ERG;ESR1;EZH2;FOXO1;CIC;SF3B1;BRD4;SUZ12;GATA3;GLI1;MSH6;HIST1H1C;H3F3A;HMGA1;AR;JUN;SMAD2;SMAD3;SMAD4;KMT2A;MYOD1;NOTCH1;POLE;ATRX;PBRM1;PRKAA2;RARA;NSD1;SMARCA1;SMARCA4;SMARCB1;SOX9;BRCA1;STAT3;TCF3;TP53;KDM6A;WRN;XBP1;BRD3;ARID1A;BAP1;MED12"
"33","GO:0004674",5.4017844805577e-07,3.56272401433692,16.3663440059568,35,70,"protein serine/threonine kinase activity","AKT3;CDK4;CDK6;CDK8;CHEK2;AKAP13;EGFR;ERCC2;AKT1;AKT2;ALK;MTOR;ARAF;LIMK2;MAP3K1;ATM;PAK1;CDK12;PIK3CA;PIM1;ATR;PRKAA2;MAPK1;MAP2K1;MAP2K2;RAF1;MAP2K4;BRAF;AURKA;STK11;TGFBR1;TGFBR2;TRIO;CCND3;ACVR1"
"34","GO:0043566",8.3550379883376e-07,4.55451388888889,10.7550260610573,26,46,"structure-specific DNA binding","CTCF;EP300;ERCC4;EZH2;SUZ12;MSH6;HIST1H1C;H3F3A;SMAD3;MLH1;MSH2;MSH3;MYOD1;NOTCH1;RAD51C;RAD51B;RARA;BLM;SMARCA4;SMARCB1;STAT3;KDM6A;WRN;XBP1;XRCC2;TET1"
"35","GO:0004871",5.90879801998401e-06,2.17717877690177,42.3186895011169,67,181,"signal transducer activity","CDKN1B;AKAP13;CREBBP;CTNNB1;IFNLR1;AGER;EGFR;EPHA2;EPHA3;ERBB2;ERBB3;ERBB4;ERG;ESR1;FGFR1;FGFR3;FGFR2;FGFR4;FLT3;CBLC;ALK;GNA11;GNAQ;GNAS;NRG1;HLA-DQA1;IGF1R;IL7R;AR;ARAF;KDR;KIT;SMAD2;SMAD3;SMAD4;MAP3K1;MET;MPL;NTRK1;NTRK2;NTRK3;DDR2;PDGFRA;PDGFRB;PIK3R1;MAPK1;MAP2K1;MAP2K2;PTCH1;PTPRD;RAF1;RARA;RARG;RET;ROS1;SFRP4;SMO;BRAF;STAT3;TGFBR1;TGFBR2;PAX8;GLRA3;CASP8;CBL;ACVR1;CD44"
"36","GO:0005057",7.37587117079607e-06,4.93197278911565,7.94936708860759,20,34,"receptor signaling protein activity","CDKN1B;EGFR;ERBB2;ERBB4;ALK;ARAF;KDR;KIT;SMAD2;SMAD3;SMAD4;MAP3K1;MAPK1;MAP2K1;MAP2K2;RAF1;BRAF;TGFBR1;TGFBR2;ACVR1"
"37","GO:0005102",7.41997551004847e-06,2.15588804787889,42.5524944154877,67,182,"receptor binding","NCOA2;ADH7;CREBBP;CTNNB1;ASXL1;EP300;ERBB2;ERBB4;ESR1;FGF12;FLT3;CBLC;GATA3;FOXP1;GNA11;GNAQ;GNAS;NRG1;HLA-A;HMGA1;IDH1;IGF1R;AR;JAK1;JAK2;KDR;SMAD2;SMAD3;MDM2;MYD88;MYOD1;NF2;NOTCH1;NTRK1;NTRK2;PARK2;PDGFRA;PDGFRB;PIK3R1;PIK3R2;ASXL2;PTCH1;PTEN;PTPN2;PTPN11;PTPRD;RARA;RARG;RASA1;RB1;NSD1;SMARCA4;SMO;FOXL2;SRC;BRCA1;STAT3;TGFBR1;TGFBR2;TP53;XBP1;ARID1A;CASP8;CBL;CCNE1;CD9;MED12"
"38","GO:0032403",1.24084807941434e-05,2.22746710526316,35.7721518987342,58,153,"protein complex binding","CDK4;CDKN1A;CDKN1B;NCOA2;CTNNB1;EGFR;ESR1;FGFR1;FLT3;ABL1;GLI1;GNA11;GNAQ;GNAS;MSH6;H3F3A;HLA-A;APC;IGF1R;KDR;KIF5B;KRAS;EPCAM;SMAD3;SMAD4;MLH1;MSH2;MYC;ATF1;ATM;NF2;NFKBIA;NRAS;DDR2;PAK1;PIK3R1;PMS2;ATR;KIF16B;PTCH1;PTEN;SHTN1;PTPN2;PTPN11;CCND1;CLIP1;SMARCA1;SMARCA4;SMARCB1;SRC;WRN;RBM10;ARID1A;CASP8;CCNE1;ACVR1;CD9;CD44"
"39","GO:0019838",1.4298101274159e-05,6.08501118568233,5.84512285927029,16,25,"growth factor binding","ERBB2;ERBB3;FGFR1;FGFR3;FGFR2;FGFR4;IGF1R;KDR;NTRK1;NTRK2;NTRK3;PDGFRA;PDGFRB;TGFBR1;TGFBR2;ACVR1"
"40","GO:0003690",1.61044164555464e-05,2.17042176658611,37.6425912137007,60,161,"double-stranded DNA binding","MEF2B;YAP1;NCOA2;CTCF;CREBBP;CTNNB1;CUX1;EGFR;EP300;ESR1;ETV1;ETV6;SUZ12;MTOR;LSM14A;GATA3;GLI1;ARHGAP35;MSH6;H3F3A;HMGA1;IRF4;AR;JUN;SMAD2;SMAD3;SMAD4;MLH1;KMT2A;MSH2;MSH3;MYC;MYOD1;ATF1;NFE2L2;PARK2;PBX1;PMS1;PMS2;RAD51C;RAD51B;RARA;RARG;PRDM1;NSD1;SMARCA4;SMARCB1;SOX9;FOXL2;STAT3;TCF3;NKX2-1;TP53;KDM6A;XBP1;XRCC2;PAX8;RUNX1;KLF4;MED12"
"41","GO:0019901",2.12560095457116e-05,2.37516484675845,27.5889798957558,47,118,"protein kinase binding","CDKN2A;CDKN2B;CDKN2C;CHEK2;CYLD;AKT1;AKT2;MTOR;ABL1;RICTOR;NRG1;APC;JAK2;SMAD3;MAP3K1;MSH2;NTRK2;PAK1;PARK2;PDGFRB;PIK3R1;PIK3R2;MAPK1;MAP2K1;PTEN;PTPN2;PTPN11;RAC1;RAF1;RARA;CCND1;RHEB;SOX9;SRC;BRAF;STAT3;AURKA;TCF3;TGFBR2;TP53;XBP1;PPM1D;CBL;BCL10;CCND2;CCND3;CCNE1"
"42","GO:0008134",2.32285907369037e-05,2.31861966236346,29.2256142963515,49,125,"transcription factor binding","CDKN2A;NCOA2;CREBBP;CTNNB1;ASXL1;EP300;ERCC4;ESR1;FOXO1;MTOR;GATA3;HMGA1;FOXA1;IRF4;AR;JUN;SMAD2;SMAD3;SMAD4;MYC;MYOD1;NFE2L2;NFKBIA;PBX1;PIM1;PIK3R1;BCOR;MAPK1;RARA;RARG;RB1;CCND1;BCL2;NSD1;SMARCA4;SMARCB1;SOX9;STAT3;TCF3;TERT;TP53;VHL;XBP1;SPOP;RUNX1;BCL10;KLF4;KEAP1;MED12"
"43","GO:0019900",3.51286993145795e-05,2.24668560606061,30.3946388682055,50,130,"kinase binding","CDKN2A;CDKN2B;CDKN2C;CHEK2;CTNNB1;CYLD;AKT1;AKT2;MTOR;ABL1;RICTOR;NRG1;APC;JAK2;SMAD3;MAP3K1;MSH2;NTRK1;NTRK2;PAK1;PARK2;PDGFRB;PIK3R1;PIK3R2;MAPK1;MAP2K1;PTEN;PTPN2;PTPN11;RAC1;RAF1;RARA;RB1;CCND1;RHEB;SOX9;SRC;BRAF;STAT3;AURKA;TCF3;TGFBR2;TP53;XBP1;PPM1D;CBL;BCL10;CCND2;CCND3;CCNE1"
"44","GO:0051427",5.5888404318336e-05,3.45704467353952,10.7550260610573,23,46,"hormone receptor binding","NCOA2;CTNNB1;ASXL1;EP300;FLT3;FOXP1;GNAS;HMGA1;JAK1;JAK2;MYOD1;PTPN11;RARG;RB1;NSD1;SMARCA4;FOXL2;SRC;BRCA1;STAT3;XBP1;CCNE1;MED12"
"45","GO:0016538",5.97249894353454e-05,26.8758169934641,2.1042442293373,8,9,"cyclin-dependent protein serine/threonine kinase regulator activity","CDK4;CDKN1A;CDKN1B;CDKN2A;CDKN2B;CDKN2C;CCND1;CCNE1"
"46","GO:0003677",6.23138322686592e-05,1.73115813406195,83.7021593447506,111,358,"DNA binding","MEF2B;RAD50;CDKN2A;YAP1;NCOA2;CTCF;CHD1;CREBBP;CTNNB1;CUX1;ASXL1;DNMT3A;DNMT3B;EGFR;ARID2;EP300;ERBB4;ERCC2;ERCC4;ERG;ESR1;ETV1;ETV6;EZH2;FOXO1;CIC;SMG6;DICER1;BRD4;SUZ12;MTOR;ABL1;LSM14A;GATA3;FOXP1;GLI1;ARHGAP35;MSH6;HIST1H1C;H3F3A;HMGA1;FOXA1;IRF4;AR;JUN;SMAD2;SMAD3;SMAD4;MLH1;KMT2A;MSH2;MSH3;MYC;MYCN;MYOD1;ATF1;ATM;NFE2L2;NOTCH1;PARK2;PBX1;PMS1;PMS2;POLE;ATR;ATRX;TET2;BCOR;PBRM1;ASXL2;SOX6;MAPK1;SMARCAD1;ARID1B;KMT2C;RAD51C;RAD51B;RARA;RARG;RB1;BCL2;PRDM1;BLM;NSD1;SMARCA1;SMARCA4;SMARCB1;SOX9;FOXL2;BRCA1;BRCA2;STAT3;HNF1A;TCF3;TERT;NKX2-1;TP53;KDM6A;WRN;XBP1;XRCC2;PAX8;TET1;KMT2D;KDM5C;ARID1A;BRIP1;RAD54L;RUNX1;KLF4;MED12"
"47","GO:0030332",0.000157438283726559,Inf,1.40282948622487,6,6,"cyclin binding","CDK4;CDK6;CDKN1A;CDK12;FBXW7;PTCH1"
"48","GO:0043560",0.000157438283726559,Inf,1.40282948622487,6,6,"insulin receptor substrate binding","IGF1R;JAK2;PIK3CA;PIK3CB;PIK3R1;PTPN11"
"49","GO:0046983",0.000413766617244367,1.84130829800121,41.3834698436337,60,177,"protein dimerization activity","MEF2B;NCOA2;ADCY2;CHEK2;DPYD;EGFR;ERBB2;ERBB3;ERBB4;FGFR1;FGFR2;FLT3;G6PD;GATA3;H3F3A;IDH1;AR;KIT;LIMK2;SMAD2;SMAD3;SMAD4;MCL1;KMT2A;MSH2;MYC;MYCN;MYOD1;ATF1;ATM;NOTCH1;NTRK1;NTRK2;PBX1;PDGFRA;PIK3R1;PIK3R2;UGT1A1;PPP2R1A;SOX6;RAF1;RARA;BCL2;CLIP1;SOX9;BRAF;STAT3;HNF1A;TCF3;TERT;TP53;TSC2;TYMS;TYR;WRN;XBP1;CASP8;RUNX1;ACVR1;GOLGA5"
"50","GO:0031490",0.000455566655370164,3.92076151273476,6.54653760238272,15,28,"chromatin DNA binding","CTCF;EP300;EZH2;SUZ12;HIST1H1C;H3F3A;SMAD3;MYOD1;NOTCH1;RARA;SMARCA4;SMARCB1;STAT3;KDM6A;XBP1"
"51","GO:0017111",0.000471099523614335,2.22157054415119,21.042442293373,35,90,"nucleoside-triphosphatase activity","RAD50;TUBB3;RAB35;CHD1;HELQ;DCTN1;ERCC2;DICER1;GNA11;GNAQ;GNAS;MSH6;HRAS;KIF5B;RHOA;MLH1;MSH2;MYO5A;PMS1;PMS2;ATRX;KIF16B;SMARCAD1;RAC1;RAD51C;RAD51B;RHEB;BLM;SMARCA1;SMARCA4;WRN;XRCC2;BRIP1;RAD54L;DNAH11"
"52","GO:1990837",0.000493964500083269,1.92893610013175,33.2002978406553,50,142,"sequence-specific double-stranded DNA binding","MEF2B;YAP1;NCOA2;CTCF;CREBBP;CUX1;EP300;ESR1;ETV1;ETV6;SUZ12;MTOR;GATA3;GLI1;ARHGAP35;H3F3A;HMGA1;IRF4;AR;JUN;SMAD2;SMAD3;SMAD4;KMT2A;MSH2;MSH3;MYC;MYOD1;ATF1;NFE2L2;PARK2;PBX1;RARA;RARG;PRDM1;NSD1;SMARCA4;SMARCB1;SOX9;FOXL2;STAT3;TCF3;NKX2-1;TP53;KDM6A;XBP1;PAX8;RUNX1;KLF4;MED12"
"53","GO:0046982",0.000498926665342058,2.34083576586265,18.0029784065525,31,77,"protein heterodimerization activity","ADCY2;EGFR;ERBB2;ERBB3;H3F3A;LIMK2;SMAD2;SMAD3;SMAD4;MCL1;MYOD1;ATF1;NOTCH1;PBX1;PIK3R1;PIK3R2;UGT1A1;PPP2R1A;SOX6;RAF1;RARA;BCL2;SOX9;BRAF;HNF1A;TCF3;TP53;TYR;XBP1;CASP8;RUNX1"
"54","GO:0004888",0.000529926162341478,2.10327272727273,24.3157110945644,39,104,"transmembrane signaling receptor activity","IFNLR1;AGER;EGFR;EPHA2;EPHA3;ERBB2;ERBB3;ERBB4;FGFR1;FGFR3;FGFR2;FGFR4;FLT3;ALK;HLA-DQA1;IGF1R;IL7R;KDR;KIT;MET;MPL;NTRK1;NTRK2;NTRK3;DDR2;PDGFRA;PDGFRB;PTCH1;PTPRD;RET;ROS1;SFRP4;SMO;TGFBR1;TGFBR2;PAX8;GLRA3;ACVR1;CD44"
"55","GO:0016303",0.000681723053806265,Inf,1.16902457185406,5,5,"1-phosphatidylinositol-3-kinase activity","ATM;PIK3CA;PIK3CB;PIK3CD;PIK3R2"
"56","GO:0035004",0.000681723053806265,Inf,1.16902457185406,5,5,"phosphatidylinositol 3-kinase activity","ATM;PIK3CA;PIK3CB;PIK3CD;PIK3R2"
"57","GO:0052742",0.000681723053806265,Inf,1.16902457185406,5,5,"phosphatidylinositol kinase activity","ATM;PIK3CA;PIK3CB;PIK3CD;PIK3R2"
"58","GO:0004702",0.0006956085569014,8.94117647058824,2.57185405807893,8,11,"receptor signaling protein serine/threonine kinase activity","EGFR;ALK;MAP3K1;MAPK1;BRAF;TGFBR1;TGFBR2;ACVR1"
"59","GO:0044212",0.000733114255029025,1.80067934782609,40.4482501861504,58,173,"transcription regulatory region DNA binding","MEF2B;YAP1;NCOA2;CTCF;CREBBP;CTNNB1;CUX1;EP300;ERBB4;ESR1;ETV1;ETV6;EZH2;SUZ12;MTOR;GATA3;GLI1;ARHGAP35;H3F3A;FOXA1;IRF4;AR;JUN;SMAD2;SMAD3;SMAD4;KMT2A;MYC;MYOD1;ATF1;NFE2L2;NOTCH1;PARK2;PBX1;BCOR;SOX6;RARA;RARG;RB1;PRDM1;NSD1;SMARCA4;SMARCB1;SOX9;FOXL2;BRCA1;STAT3;HNF1A;TCF3;NKX2-1;TP53;KDM6A;XBP1;PAX8;KMT2D;RUNX1;KLF4;MED12"
"60","GO:0031625",0.000829525126821135,2.69349315068493,11.6902457185406,22,50,"ubiquitin protein ligase binding","CDKN1A;CHEK2;EGFR;FOXO1;JAK1;SMAD2;SMAD3;MDM2;MYOD1;NFKBIA;PARK2;FBXW7;RB1;BCL2;BRCA1;AURKA;TP53;XBP1;SPOP;CASP8;BCL10;HERC2"
"61","GO:0044389",0.000829525126821135,2.69349315068493,11.6902457185406,22,50,"ubiquitin-like protein ligase binding","CDKN1A;CHEK2;EGFR;FOXO1;JAK1;SMAD2;SMAD3;MDM2;MYOD1;NFKBIA;PARK2;FBXW7;RB1;BCL2;BRCA1;AURKA;TP53;XBP1;SPOP;CASP8;BCL10;HERC2"
"62","GO:0042054",0.00083410283989951,11.7084690553746,2.1042442293373,7,9,"histone methyltransferase activity","EZH2;SUZ12;SETD2;KMT2A;KMT2C;NSD1;KMT2D"
"63","GO:0001047",0.000852773045294305,2.764898923602,10.9888309754281,21,47,"core promoter binding","YAP1;EP300;ESR1;EZH2;SUZ12;GATA3;H3F3A;KMT2A;MYOD1;NOTCH1;RB1;NSD1;SMARCA4;SMARCB1;SOX9;NKX2-1;TP53;XBP1;PAX8;RUNX1;KLF4"
"64","GO:0000975",0.000868112698202565,1.783203125,40.6820551005212,58,174,"regulatory region DNA binding","MEF2B;YAP1;NCOA2;CTCF;CREBBP;CTNNB1;CUX1;EP300;ERBB4;ESR1;ETV1;ETV6;EZH2;SUZ12;MTOR;GATA3;GLI1;ARHGAP35;H3F3A;FOXA1;IRF4;AR;JUN;SMAD2;SMAD3;SMAD4;KMT2A;MYC;MYOD1;ATF1;NFE2L2;NOTCH1;PARK2;PBX1;BCOR;SOX6;RARA;RARG;RB1;PRDM1;NSD1;SMARCA4;SMARCB1;SOX9;FOXL2;BRCA1;STAT3;HNF1A;TCF3;NKX2-1;TP53;KDM6A;XBP1;PAX8;KMT2D;RUNX1;KLF4;MED12"
"65","GO:0001067",0.000868112698202565,1.783203125,40.6820551005212,58,174,"regulatory region nucleic acid binding","MEF2B;YAP1;NCOA2;CTCF;CREBBP;CTNNB1;CUX1;EP300;ERBB4;ESR1;ETV1;ETV6;EZH2;SUZ12;MTOR;GATA3;GLI1;ARHGAP35;H3F3A;FOXA1;IRF4;AR;JUN;SMAD2;SMAD3;SMAD4;KMT2A;MYC;MYOD1;ATF1;NFE2L2;NOTCH1;PARK2;PBX1;BCOR;SOX6;RARA;RARG;RB1;PRDM1;NSD1;SMARCA4;SMARCB1;SOX9;FOXL2;BRCA1;STAT3;HNF1A;TCF3;NKX2-1;TP53;KDM6A;XBP1;PAX8;KMT2D;RUNX1;KLF4;MED12"
"66","GO:0004519",0.000873195840858834,5.60855263157895,3.74087862993299,10,16,"endonuclease activity","RAD50;ERCC4;DIS3;SMG6;DICER1;HMGA1;PMS2;RAD51C;RAD51B;XRCC2"
"67","GO:0019207",0.000873775348338576,2.94807395993837,9.58600148920328,19,41,"kinase regulator activity","CDK4;CDKN1A;CDKN1B;CDKN2A;CDKN2B;CDKN2C;ERBB3;NRG1;APC;PIK3CA;PIK3R1;PIK3R2;MAP2K1;MAP2K2;CCND1;STK11;BCL10;CCNE1;KLF4"
"68","GO:0019902",0.000873775348338576,2.94807395993837,9.58600148920328,19,41,"phosphatase binding","CDKN1B;CTNNB1;EGFR;ERBB2;AKT1;FOXO1;JAK1;LMNA;SMAD2;SMAD3;MET;PIK3R1;PIK3R2;MAPK1;BCL2;ROS1;STAT3;TP53;TSC2"
"69","GO:0030983",0.000884456955175906,20.025974025974,1.63663440059568,6,7,"mismatched DNA binding","MSH6;MLH1;MSH2;MSH3;PMS1;PMS2"
"70","GO:0099600",0.00102712715906235,2.00422459893048,25.0171258376768,39,107,"transmembrane receptor activity","IFNLR1;AGER;EGFR;EPHA2;EPHA3;ERBB2;ERBB3;ERBB4;FGFR1;FGFR3;FGFR2;FGFR4;FLT3;ALK;HLA-DQA1;IGF1R;IL7R;KDR;KIT;MET;MPL;NTRK1;NTRK2;NTRK3;DDR2;PDGFRA;PDGFRB;PTCH1;PTPRD;RET;ROS1;SFRP4;SMO;TGFBR1;TGFBR2;PAX8;GLRA3;ACVR1;CD44"
"71","GO:0001085",0.00123580697121894,3.19621002763522,7.71556217423678,16,33,"RNA polymerase II transcription factor binding","CREBBP;CTNNB1;EP300;ERCC4;GATA3;AR;JUN;SMAD3;SMAD4;NFE2L2;RB1;STAT3;TP53;XBP1;SPOP;KLF4"
"72","GO:0038023",0.00125638952259837,1.90807604278574,28.524199553239,43,122,"signaling receptor activity","IFNLR1;AGER;EGFR;EPHA2;EPHA3;ERBB2;ERBB3;ERBB4;ESR1;FGFR1;FGFR3;FGFR2;FGFR4;FLT3;ALK;HLA-DQA1;IGF1R;IL7R;AR;KDR;KIT;MET;MPL;NTRK1;NTRK2;NTRK3;DDR2;PDGFRA;PDGFRB;PTCH1;PTPRD;RARA;RARG;RET;ROS1;SFRP4;SMO;TGFBR1;TGFBR2;PAX8;GLRA3;ACVR1;CD44"
"73","GO:0035257",0.00125933705491522,2.81709653647752,9.81980640357409,19,42,"nuclear hormone receptor binding","NCOA2;CTNNB1;ASXL1;EP300;FLT3;FOXP1;HMGA1;MYOD1;RARG;RB1;NSD1;SMARCA4;FOXL2;SRC;BRCA1;STAT3;XBP1;CCNE1;MED12"
"74","GO:0042802",0.00126759054406446,1.73625020256036,42.0848845867461,59,180,"identical protein binding","CHEK2;AGER;DNMT3A;DPYD;EGFR;ERBB2;ERBB3;ERBB4;AKT1;ESR1;EWSR1;FGFR1;FGFR2;FLT3;ALK;G6PD;GJA3;IDH1;IGF1R;JUN;KIT;SMAD2;SMAD3;SMAD4;MCL1;MDM2;KMT2A;MSH2;MYD88;NFKBIA;NTRK1;NTRK2;PARK2;PDGFRA;UGT1A1;FBXW7;B2M;PTEN;RAF1;RB1;BCL2;CLIP1;BRAF;STAT3;HNF1A;TCF3;BTK;TERT;TP53;TSC2;TYMS;TYR;KDM6A;WRN;XBP1;RBM10;RUNX1;ACVR1;GOLGA5"
"75","GO:0005488",0.0013605703018706,2.63231256599789,292.489947877885,304,1251,"binding","AKT3;MEF2B;RAD50;CDK4;CDK6;CDK8;CDKN1A;CDKN1B;CDKN2A;CDKN2B;CDKN2C;TUBB3;YAP1;NCOA2;CTCF;ADCY2;LILRB4;RAB35;CHD1;PTPRT;CHEK2;AKAP13;HELQ;PWWP2A;ADH1B;ADH1C;ADH7;CREBBP;CTLA4;CTNNB1;CUX1;CYLD;IFNLR1;DCTN1;ASXL1;AGER;DNMT3A;DNMT3B;DPYD;DTNB;EGFR;EIF1AX;ARID2;EPHA2;EP300;EPHA3;ERBB2;ERBB3;ERBB4;ERCC2;AKT1;ERCC4;ERG;AKT2;ESR1;ETV1;ETV6;EWSR1;EZH2;FANCA;FANCC;FAT1;FGF12;FGFR1;FGFR3;FGFR2;FGFR4;DIS3;RALY;FOXO1;ERC1;CIC;FLT3;SMG6;DICER1;SF3B1;BRD4;SUZ12;CBLC;AIPL1;ALK;MTOR;ABL1;RICTOR;G6PD;NUTM1;LSM14A;GATA3;GJA3;FOXP1;GLI1;GNA11;GNAQ;GNAS;MAGEH1;SETD2;ARHGAP35;CD274;MSH6;HIST1H1C;H3F3A;NRG1;HLA-A;HLA-DQA1;HMGA1;FOXA1;APC;HRAS;IDH1;IDH2;IGF1R;IL7R;IRF4;AR;ARAF;JAK1;JAK2;JUN;KDR;KIF5B;KIT;KRAS;RHOA;LIMK2;LMNA;LPP;EPCAM;SMAD2;SMAD3;SMAD4;MCL1;MDM2;MDM4;MAP3K1;MET;MLH1;KMT2A;MPL;MSH2;MSH3;MYC;MYCN;MYD88;MYO5A;MYOD1;ATF1;ATM;NF1;NF2;NFE2L2;NFKBIA;NOTCH1;NRAS;NTRK1;NTRK2;NTRK3;DDR2;OCA2;PAK1;PARK2;PBX1;PCDH9;PDE1A;PDE3A;PDGFRA;PDGFRB;NBAS;CDK12;PIK3CA;PIK3CB;PIM1;PIK3CD;PIK3R1;PIK3R2;PMS1;PMS2;POLE;ATR;ATRX;UGT1A1;TET2;DEF8;BCOR;CDKAL1;PPP2R1A;PBRM1;ASXL2;FBXW7;PPP6C;ETNK1;SOX6;ZCCHC8;KIF16B;PRKAA2;MAPK1;MAP2K1;MAP2K2;B2M;SMARCAD1;PTCH1;PTEN;ARID1B;SHTN1;PTPN2;PTPN11;PTPRD;KMT2C;RAC1;RAD21;RAD51C;RAD51B;RAF1;RARA;RARG;RARS;RASA1;RB1;CCND1;BCL2;RET;RHEB;RIT1;ROS1;CLIP1;PRDM1;SDHB;SDHC;BLM;MAP2K4;SFRP4;SRSF2;NSD1;ST6GAL1;SLC12A2;SMARCA1;SMARCA4;SMARCB1;SMO;SOX9;FOXL2;SRC;BRCA1;BRAF;BRCA2;STAT3;AURKA;STK11;HNF1A;TCF3;BTK;TERT;TGFBR1;TGFBR2;NKX2-1;TMPRSS2;TP53;TPM3;TRIO;TSC1;TSC2;TYMS;TYR;U2AF1;KDM6A;VHL;WRN;XBP1;XPO1;XRCC2;PAX8;GLRA3;BRD3;TET1;KMT2D;FIP1L1;RBM10;KDM5C;ARID1A;BAP1;BRIP1;SPOP;CASP8;RAD54L;CARD11;CEP89;PPM1D;RUNX1;CBL;DNAH11;BCL10;HERC2;CCND2;CCND3;CCNE1;ACVR1;CD9;NAPRT;KLF4;CD44;PDE4DIP;KEAP1;GOLGA5;MED12;CDH1"
"76","GO:0004518",0.00141475333792035,4.04900662251656,5.14370811615786,12,22,"nuclease activity","RAD50;ERCC4;DIS3;SMG6;DICER1;HMGA1;PMS2;POLE;RAD51C;RAD51B;WRN;XRCC2"
"77","GO:0008757",0.00168553888924233,4.80263157894737,3.9746835443038,10,17,"S-adenosylmethionine-dependent methyltransferase activity","DNMT3A;DNMT3B;EZH2;SETD2;IRF4;KMT2A;KMT2C;NSD1;TPMT;KMT2D"
"78","GO:0016462",0.00188146302434776,1.99071625829955,22.4452717795979,35,96,"pyrophosphatase activity","RAD50;TUBB3;RAB35;CHD1;HELQ;DCTN1;ERCC2;DICER1;GNA11;GNAQ;GNAS;MSH6;HRAS;KIF5B;RHOA;MLH1;MSH2;MYO5A;PMS1;PMS2;ATRX;KIF16B;SMARCAD1;RAC1;RAD51C;RAD51B;RHEB;BLM;SMARCA1;SMARCA4;WRN;XRCC2;BRIP1;RAD54L;DNAH11"
"79","GO:0016817",0.00188146302434776,1.99071625829955,22.4452717795979,35,96,"hydrolase activity, acting on acid anhydrides","RAD50;TUBB3;RAB35;CHD1;HELQ;DCTN1;ERCC2;DICER1;GNA11;GNAQ;GNAS;MSH6;HRAS;KIF5B;RHOA;MLH1;MSH2;MYO5A;PMS1;PMS2;ATRX;KIF16B;SMARCAD1;RAC1;RAD51C;RAD51B;RHEB;BLM;SMARCA1;SMARCA4;WRN;XRCC2;BRIP1;RAD54L;DNAH11"
"80","GO:0016818",0.00188146302434776,1.99071625829955,22.4452717795979,35,96,"hydrolase activity, acting on acid anhydrides, in phosphorus-containing anhydrides","RAD50;TUBB3;RAB35;CHD1;HELQ;DCTN1;ERCC2;DICER1;GNA11;GNAQ;GNAS;MSH6;HRAS;KIF5B;RHOA;MLH1;MSH2;MYO5A;PMS1;PMS2;ATRX;KIF16B;SMARCAD1;RAC1;RAD51C;RAD51B;RHEB;BLM;SMARCA1;SMARCA4;WRN;XRCC2;BRIP1;RAD54L;DNAH11"
"81","GO:0003676",0.00195395382039442,1.48400290256613,106.147431124348,128,454,"nucleic acid binding","MEF2B;RAD50;CDKN2A;YAP1;NCOA2;CTCF;CHD1;HELQ;CREBBP;CTNNB1;CUX1;ASXL1;DNMT3A;DNMT3B;EGFR;EIF1AX;ARID2;EP300;ERBB4;ERCC2;ERCC4;ERG;ESR1;ETV1;ETV6;EWSR1;EZH2;DIS3;RALY;FOXO1;CIC;SMG6;DICER1;SF3B1;BRD4;SUZ12;MTOR;ABL1;LSM14A;GATA3;FOXP1;GLI1;ARHGAP35;MSH6;HIST1H1C;H3F3A;HLA-A;HMGA1;FOXA1;IRF4;AR;JUN;SMAD2;SMAD3;SMAD4;MLH1;KMT2A;MSH2;MSH3;MYC;MYCN;MYO5A;MYOD1;ATF1;ATM;NFE2L2;NOTCH1;PARK2;PBX1;PMS1;PMS2;POLE;ATR;ATRX;TET2;BCOR;PBRM1;ASXL2;SOX6;ZCCHC8;MAPK1;SMARCAD1;ARID1B;KMT2C;RAD51C;RAD51B;RARA;RARG;RARS;RB1;BCL2;CLIP1;PRDM1;BLM;SRSF2;NSD1;SMARCA1;SMARCA4;SMARCB1;SOX9;FOXL2;BRCA1;BRCA2;STAT3;HNF1A;TCF3;TERT;NKX2-1;TP53;TYMS;U2AF1;KDM6A;WRN;XBP1;XPO1;XRCC2;PAX8;TET1;KMT2D;FIP1L1;RBM10;KDM5C;ARID1A;BRIP1;RAD54L;RUNX1;KLF4;MED12"
"82","GO:0002039",0.00206513032500826,4.11441144114411,4.67609828741623,11,20,"p53 binding","CDKN2A;CREBBP;EP300;BRD4;MDM2;NTRK3;BLM;SMARCA4;SMARCB1;STK11;TP53"
"83","GO:0016278",0.00222515790411412,7.79804560260586,2.33804914370812,7,10,"lysine N-methyltransferase activity","EZH2;SETD2;IRF4;KMT2A;KMT2C;NSD1;KMT2D"
"84","GO:0016279",0.00222515790411412,7.79804560260586,2.33804914370812,7,10,"protein-lysine N-methyltransferase activity","EZH2;SETD2;IRF4;KMT2A;KMT2C;NSD1;KMT2D"
"85","GO:0000976",0.00228608275856781,1.7907960199005,31.7974683544304,46,136,"transcription regulatory region sequence-specific DNA binding","MEF2B;YAP1;NCOA2;CTCF;CREBBP;CUX1;EP300;ESR1;ETV1;ETV6;SUZ12;GATA3;GLI1;ARHGAP35;H3F3A;IRF4;AR;JUN;SMAD2;SMAD3;SMAD4;KMT2A;MYC;MYOD1;ATF1;NFE2L2;PARK2;PBX1;RARA;RARG;PRDM1;NSD1;SMARCA4;SMARCB1;SOX9;FOXL2;STAT3;TCF3;NKX2-1;TP53;KDM6A;XBP1;PAX8;RUNX1;KLF4;MED12"
"86","GO:0000977",0.00245005632872029,1.83170955882353,28.524199553239,42,122,"RNA polymerase II regulatory region sequence-specific DNA binding","MEF2B;YAP1;NCOA2;CTCF;CREBBP;CUX1;EP300;ESR1;ETV1;ETV6;SUZ12;GATA3;GLI1;ARHGAP35;H3F3A;IRF4;AR;JUN;SMAD2;SMAD3;SMAD4;MYC;MYOD1;ATF1;NFE2L2;PBX1;RARA;RARG;PRDM1;NSD1;SMARCA4;SMARCB1;FOXL2;STAT3;TCF3;NKX2-1;TP53;KDM6A;XBP1;PAX8;RUNX1;MED12"
"87","GO:0008168",0.00253499503531198,3.37541528239203,6.0789277736411,13,26,"methyltransferase activity","DNMT3A;DNMT3B;EZH2;SUZ12;SETD2;IRF4;KMT2A;KMT2C;PRDM1;NSD1;TPMT;TYMS;KMT2D"
"88","GO:0019903",0.00269192198955258,2.98642533936652,7.48175725986597,15,32,"protein phosphatase binding","CDKN1B;CTNNB1;EGFR;ERBB2;AKT1;FOXO1;JAK1;LMNA;MET;PIK3R1;PIK3R2;BCL2;ROS1;STAT3;TP53"
"89","GO:0018024",0.00284240095208815,10.0032467532468,1.87043931496649,6,8,"histone-lysine N-methyltransferase activity","EZH2;SETD2;KMT2A;KMT2C;NSD1;KMT2D"
"90","GO:0051536",0.00284240095208815,10.0032467532468,1.87043931496649,6,8,"iron-sulfur cluster binding","DPYD;ERCC2;POLE;CDKAL1;SDHB;BRIP1"
"91","GO:0051539",0.00284240095208815,10.0032467532468,1.87043931496649,6,8,"4 iron, 4 sulfur cluster binding","DPYD;ERCC2;POLE;CDKAL1;SDHB;BRIP1"
"92","GO:0051540",0.00284240095208815,10.0032467532468,1.87043931496649,6,8,"metal cluster binding","DPYD;ERCC2;POLE;CDKAL1;SDHB;BRIP1"
"93","GO:0005007",0.00294460377111803,Inf,0.935219657483246,4,4,"fibroblast growth factor-activated receptor activity","FGFR1;FGFR3;FGFR2;FGFR4"
"94","GO:0008408",0.00294460377111803,Inf,0.935219657483246,4,4,"3'-5' exonuclease activity","RAD50;DIS3;POLE;WRN"
"95","GO:0017134",0.00294460377111803,Inf,0.935219657483246,4,4,"fibroblast growth factor binding","FGFR1;FGFR3;FGFR2;FGFR4"
"96","GO:0032138",0.00294460377111803,Inf,0.935219657483246,4,4,"single base insertion or deletion binding","MSH6;MSH2;MSH3;PMS2"
"97","GO:0004693",0.0033031469042048,16.6343042071197,1.40282948622487,5,6,"cyclin-dependent protein serine/threonine kinase activity","CDK4;CDK6;CDK8;CDK12;CCND3"
"98","GO:0004716",0.0033031469042048,16.6343042071197,1.40282948622487,5,6,"receptor signaling protein tyrosine kinase activity","EGFR;ERBB2;ERBB4;KDR;KIT"
"99","GO:0004861",0.0033031469042048,16.6343042071197,1.40282948622487,5,6,"cyclin-dependent protein serine/threonine kinase inhibitor activity","CDKN1A;CDKN1B;CDKN2A;CDKN2B;CDKN2C"
"100","GO:0032404",0.0033031469042048,16.6343042071197,1.40282948622487,5,6,"mismatch repair complex binding","MSH6;MLH1;MSH2;PMS2;ATR"
"101","GO:0097472",0.0033031469042048,16.6343042071197,1.40282948622487,5,6,"cyclin-dependent protein kinase activity","CDK4;CDK6;CDK8;CDK12;CCND3"
"102","GO:0043565",0.00345080291699302,1.61548786181139,46.2933730454207,62,198,"sequence-specific DNA binding","MEF2B;YAP1;NCOA2;CTCF;CREBBP;CUX1;DNMT3A;DNMT3B;EP300;ERG;ESR1;ETV1;ETV6;EZH2;FOXO1;SMG6;SUZ12;MTOR;GATA3;FOXP1;GLI1;ARHGAP35;H3F3A;HMGA1;FOXA1;IRF4;AR;JUN;SMAD2;SMAD3;SMAD4;KMT2A;MSH2;MSH3;MYC;MYOD1;ATF1;NFE2L2;NOTCH1;PARK2;PBX1;SOX6;RARA;RARG;BCL2;PRDM1;NSD1;SMARCA4;SMARCB1;SOX9;FOXL2;STAT3;TCF3;TERT;NKX2-1;TP53;KDM6A;XBP1;PAX8;RUNX1;KLF4;MED12"
"103","GO:0000217",0.00345686070307446,5.35424836601307,3.03946388682055,8,13,"DNA secondary structure binding","MSH6;MSH2;MSH3;RAD51C;RAD51B;BLM;WRN;XRCC2"
"104","GO:0008276",0.00345686070307446,5.35424836601307,3.03946388682055,8,13,"protein methyltransferase activity","EZH2;SUZ12;SETD2;IRF4;KMT2A;KMT2C;NSD1;KMT2D"
"105","GO:0004386",0.00387486399407227,3.1312292358804,6.31273268801191,13,27,"helicase activity","RAD50;CHD1;HELQ;ERCC2;DICER1;ATRX;SMARCAD1;BLM;SMARCA1;SMARCA4;WRN;BRIP1;RAD54L"
"106","GO:0016741",0.00387486399407227,3.1312292358804,6.31273268801191,13,27,"transferase activity, transferring one-carbon groups","DNMT3A;DNMT3B;EZH2;SUZ12;SETD2;IRF4;KMT2A;KMT2C;PRDM1;NSD1;TPMT;TYMS;KMT2D"
"107","GO:0019887",0.00390535117149728,2.81772575250836,7.71556217423678,15,33,"protein kinase regulator activity","CDK4;CDKN1A;CDKN1B;CDKN2A;CDKN2B;CDKN2C;ERBB3;NRG1;APC;PIK3CA;MAP2K1;MAP2K2;CCND1;STK11;CCNE1"
"108","GO:0035258",0.00392830535512421,2.95458333333333,7.01414743112435,14,30,"steroid hormone receptor binding","NCOA2;CTNNB1;EP300;FLT3;FOXP1;RB1;NSD1;SMARCA4;FOXL2;SRC;BRCA1;STAT3;XBP1;CCNE1"
"109","GO:0001012",0.00414259417177839,1.7599220411056,29.2256142963515,42,125,"RNA polymerase II regulatory region DNA binding","MEF2B;YAP1;NCOA2;CTCF;CREBBP;CUX1;EP300;ESR1;ETV1;ETV6;SUZ12;GATA3;GLI1;ARHGAP35;H3F3A;IRF4;AR;JUN;SMAD2;SMAD3;SMAD4;MYC;MYOD1;ATF1;NFE2L2;PBX1;RARA;RARG;PRDM1;NSD1;SMARCA4;SMARCB1;FOXL2;STAT3;TCF3;NKX2-1;TP53;KDM6A;XBP1;PAX8;RUNX1;MED12"
"110","GO:0004872",0.00418849866957287,1.69514695830485,34.3693224125093,48,147,"receptor activity","LILRB4;IFNLR1;AGER;EGFR;EPHA2;EPHA3;ERBB2;ERBB3;ERBB4;ESR1;FGFR1;FGFR3;FGFR2;FGFR4;FLT3;ALK;HLA-DQA1;IGF1R;IL7R;AR;KDR;KIT;MET;MPL;NOTCH1;NTRK1;NTRK2;NTRK3;DDR2;PDGFRA;PDGFRB;ROBO4;PTCH1;PTPRD;RARA;RARG;RET;ROS1;SFRP4;SMO;TGFBR1;TGFBR2;TMPRSS2;PAX8;GLRA3;ACVR1;CD44;MED12"
"111","GO:0060089",0.00418849866957287,1.69514695830485,34.3693224125093,48,147,"molecular transducer activity","LILRB4;IFNLR1;AGER;EGFR;EPHA2;EPHA3;ERBB2;ERBB3;ERBB4;ESR1;FGFR1;FGFR3;FGFR2;FGFR4;FLT3;ALK;HLA-DQA1;IGF1R;IL7R;AR;KDR;KIT;MET;MPL;NOTCH1;NTRK1;NTRK2;NTRK3;DDR2;PDGFRA;PDGFRB;ROBO4;PTCH1;PTPRD;RARA;RARG;RET;ROS1;SFRP4;SMO;TGFBR1;TGFBR2;TMPRSS2;PAX8;GLRA3;ACVR1;CD44;MED12"
"112","GO:0004520",0.0049018692617364,5.8428338762215,2.57185405807893,7,11,"endodeoxyribonuclease activity","RAD50;ERCC4;DICER1;HMGA1;RAD51C;RAD51B;XRCC2"
"113","GO:0003924",0.00746982090670746,3.76598360655738,3.9746835443038,9,17,"GTPase activity","TUBB3;RAB35;GNA11;GNAQ;GNAS;HRAS;RHOA;RAC1;RHEB"
"114","GO:0008022",0.00799460751465093,2.62111111111111,7.48175725986597,14,32,"protein C-terminus binding","YAP1;CTNNB1;EP300;ERBB2;ERCC2;ERCC4;ABL1;HRAS;JAK2;MSH2;MAP2K1;SRC;BCL10;MED12"
"115","GO:0008013",0.00824512555726082,2.734426910299,6.78034251675354,13,29,"beta-catenin binding","PTPRT;EP300;ESR1;FOXO1;APC;AR;SMAD3;NF2;PARK2;SOX9;KLF4;MED12;CDH1"
"116","GO:0003697",0.00834163385557732,3.07673267326733,5.37751303052867,11,23,"single-stranded DNA binding","ERCC4;MLH1;MSH2;MSH3;PMS1;PMS2;RAD51C;RAD51B;BLM;BRCA2;XRCC2"
"117","GO:0008094",0.00837806595811761,2.88079470198675,6.0789277736411,12,26,"DNA-dependent ATPase activity","RAD50;CHD1;ERCC2;ATRX;RAD51C;RAD51B;BLM;SMARCA1;SMARCA4;WRN;XRCC2;BRIP1"
"118","GO:0000400",0.00934987177677703,8.30906148867314,1.63663440059568,5,7,"four-way junction DNA binding","MSH6;MSH2;RAD51C;RAD51B;XRCC2"
"119","GO:0042975",0.00934987177677703,8.30906148867314,1.63663440059568,5,7,"peroxisome proliferator activated receptor binding","CREBBP;ASXL1;HMGA1;MDM2;ASXL2"
"120","GO:0004536",0.00943338886491824,4.66970684039088,2.80565897244974,7,12,"deoxyribonuclease activity","RAD50;ERCC4;DICER1;HMGA1;RAD51C;RAD51B;XRCC2"
"121","GO:0008170",0.00943338886491824,4.66970684039088,2.80565897244974,7,12,"N-methyltransferase activity","EZH2;SETD2;IRF4;KMT2A;KMT2C;NSD1;KMT2D"
"122","GO:0030971",0.00943338886491824,4.66970684039088,2.80565897244974,7,12,"receptor tyrosine kinase binding","NRG1;NTRK2;PIK3R1;PIK3R2;PTPN2;PTPN11;TP53"
"123","GO:0043548",0.00943338886491824,4.66970684039088,2.80565897244974,7,12,"phosphatidylinositol 3-kinase binding","ESR1;FLT3;IGF1R;JAK2;PDGFRB;PIK3R1;XBP1"
"124","GO:1990782",0.00943338886491824,4.66970684039088,2.80565897244974,7,12,"protein tyrosine kinase binding","NRG1;NTRK2;PIK3R1;PIK3R2;PTPN2;PTPN11;TP53"
