"","GOCCID","Pvalue","OddsRatio","ExpCount","Count","Size","Term","Symbols"
"1","GO:0032300",2.07468168871922e-05,37.5872093023256,0.45959595959596,5,7,"mismatch repair complex","MSH6;MLH1;MSH2;PMS1;PMS2"
"2","GO:1990391",8.03914786124109e-05,12.9882352941176,0.853535353535353,6,13,"DNA repair complex","ERCC4;MSH6;MLH1;MSH2;PMS1;PMS2"
"3","GO:0000228",0.000322555539912647,3.19736625514403,6.36868686868687,16,97,"nuclear chromosome","CTNNB1;ERCC4;MSH6;MLH1;MSH2;PMS1;ATR;RAD51C;SMARCA4;BRCA1;BRCA2;AURKA;TERT;TOP1;TP53;ARID1A"
"4","GO:0005694",0.000339792330165835,2.73515625,9.78282828282828,21,149,"chromosome","CDKN2A;CTNNB1;DNMT1;ERCC4;BOD1L1;MSH6;MLH1;MSH2;PMS1;ATR;PPP2R1A;RAD51C;RAD51B;SMARCA4;BRCA1;BRCA2;AURKA;TERT;TOP1;TP53;ARID1A"
"5","GO:0005739",0.000576738909251344,2.90184921763869,7.35353535353535,17,112,"mitochondrion","CDKN2A;AKT1;GSTP1;KRAS;MTX1;PPP2R1A;MAPK1;MAP2K1;PTEN;RAD51C;BCKDHB;BRCA1;BRAF;STK11;TERT;TP53;ABCG2"
"6","GO:0044427",0.000855320442186724,2.63217984934087,8.99494949494949,19,137,"chromosomal part","CDKN2A;CTNNB1;DNMT1;ERCC4;MSH6;MLH1;MSH2;PMS1;ATR;PPP2R1A;RAD51C;RAD51B;SMARCA4;BRCA2;AURKA;TERT;TOP1;TP53;ARID1A"
"7","GO:0032389",0.00104507726680626,44.1136363636364,0.262626262626263,3,4,"MutLalpha complex","MLH1;PMS1;PMS2"
"8","GO:0043234",0.00105002983873217,2.00701754385965,31.7121212121212,46,483,"protein complex","CDKN2A;COL15A1;CTNNB1;NEK10;DNMT1;EGFR;ERBB2;ERCC4;ERCC6;DICER1;FNTB;BABAM1;GSTP1;MSH6;KCNH1;KRT8;MLH1;MSH2;NF2;CDK12;PIK3CA;PIK3R1;LRP1B;PMS1;PMS2;PPP2R1A;MAPK1;GOPC;RAD51C;RAD51B;BCKDHB;CCND1;SMARCA4;BRCA1;BRCA2;AURKA;STK11;SYK;HNF1B;TERT;TOP1;TP53;ARID1A;SKAP1;CCNE1;CHMP4C"
"9","GO:0044446",0.00129998239666761,2.05344585091421,50.9494949494949,65,776,"intracellular organelle part","FRY;CDKN2A;COL15A1;CTNNB1;NEK10;GADD45A;DNMT1;DVL1;EGFR;ERBB2;AKT1;ERCC4;ERCC6;AKT2;FGFR2;RALY;DICER1;FNTB;BOD1L1;ABO;SLC9A9;BABAM1;MSH6;HOXD3;KCNH1;KRT8;MLH1;MSH2;MTX1;NF2;NSF;CDK12;PIK3R1;PMS1;PMS2;WNT4;ATR;RNF43;PPP2R1A;MAPK1;MAP2K1;GOPC;PTEN;PTK6;RAD51C;RAD51B;BCKDHB;CCND1;SMARCA4;BRCA1;BRCA2;AURKA;HNF1B;TERT;TOP1;TP53;PAX8;MLLT10;ARID1A;BRIP1;TUBA1C;CCNE1;CHMP4C;ABCG2;PLEKHM1"
"10","GO:0005657",0.00136466279438647,8.30749354005168,0.919191919191919,5,14,"replication fork","DNMT1;RAD51C;RAD51B;TOP1;TP53"
"11","GO:0044454",0.00146908095038183,2.91626794258373,5.90909090909091,14,90,"nuclear chromosome part","CTNNB1;ERCC4;MSH6;MLH1;MSH2;PMS1;ATR;SMARCA4;BRCA2;AURKA;TERT;TOP1;TP53;ARID1A"
"12","GO:0044422",0.00147078644506731,2.04971193415638,52.1969696969697,66,795,"organelle part","FRY;CDKN2A;COL15A1;CTNNB1;NEK10;GADD45A;SYNPO2;DNMT1;DVL1;EGFR;ERBB2;AKT1;ERCC4;ERCC6;AKT2;FGFR2;RALY;DICER1;FNTB;BOD1L1;ABO;SLC9A9;BABAM1;MSH6;HOXD3;KCNH1;KRT8;MLH1;MSH2;MTX1;NF2;NSF;CDK12;PIK3R1;PMS1;PMS2;WNT4;ATR;RNF43;PPP2R1A;MAPK1;MAP2K1;GOPC;PTEN;PTK6;RAD51C;RAD51B;BCKDHB;CCND1;SMARCA4;BRCA1;BRCA2;AURKA;HNF1B;TERT;TOP1;TP53;PAX8;MLLT10;ARID1A;BRIP1;TUBA1C;CCNE1;CHMP4C;ABCG2;PLEKHM1"
"13","GO:0005634",0.00173252607206285,1.99126637554585,49.2424242424242,63,750,"nucleus","CDKN2A;CTNNB1;NEK10;GADD45A;SYNPO2;DNMT1;EGFR;ERBB2;AKT1;ERCC4;ERCC6;AKT2;FGFR2;RALY;DICER1;BOD1L1;TIPARP;RSPO1;BABAM1;GSTP1;MSH6;NRG1;HOXD3;KCNH1;KRT8;MLH1;MSH2;NF2;CDK12;PIK3R1;PMS1;PMS2;ATR;RNF43;PPP2R1A;MAPK1;MAP2K1;PTEN;PTK6;RAD51C;RAD51B;CCND1;SMARCA4;FOXL2;BRCA1;BRAF;BRCA2;AURKA;STK11;SYK;HNF1B;TERT;TOP1;TP53;PAX8;MLLT10;ARID1A;BRIP1;TUBA1C;PPM1D;SKAP1;CCNE1;ABCG2"
"14","GO:0000794",0.00194175767677616,7.47093023255814,0.984848484848485,5,15,"condensed nuclear chromosome","MLH1;PMS1;RAD51C;BRCA1;AURKA"
"15","GO:0036477",0.00206568452733492,2.91666666666667,5.44949494949495,13,83,"somatodendritic compartment","CTNNB1;DNMT1;DVL1;DICER1;NRG1;KCNH1;NSF;MAPK1;GOPC;PTEN;AURKA;TOP1;SNCAIP"
"16","GO:0043231",0.00240013261777608,2.25871459694989,65.3282828282828,77,995,"intracellular membrane-bounded organelle","CDKN2A;COL15A1;CTNNB1;NEK10;GADD45A;SYNPO2;DNMT1;DVL1;EGFR;ERBB2;AKT1;ERCC4;ERCC6;AKT2;FES;FGFR2;RALY;DICER1;BOD1L1;TIPARP;ABO;RSPO1;SLC9A9;BABAM1;GSTP1;MSH6;NRG1;HOXD3;KCNH1;KRAS;KRT8;MLH1;MSH2;MTX1;NF2;NSF;CDK12;PIK3R1;PMS1;PMS2;WNT4;ATR;RNF43;PPP2R1A;MAPK1;MAP2K1;GOPC;PTEN;PTK6;RAD51C;RAD51B;BCKDHB;CCND1;SMARCA4;FOXL2;BRCA1;BRAF;BRCA2;AURKA;STK11;SYK;HNF1B;TERT;TOP1;TP53;PAX8;MLLT10;ARID1A;BRIP1;TUBA1C;PPM1D;SKAP1;CCNE1;CHMP4C;ABCG2;SNCAIP;PLEKHM1"
"17","GO:0061695",0.0035093299010131,3.44359756097561,3.21717171717172,9,49,"transferase complex, transferring phosphorus-containing groups","NEK10;ERCC4;CDK12;PIK3CA;PIK3R1;CCND1;TERT;TP53;CCNE1"
"18","GO:0044428",0.00376549760851999,1.83695652173913,32.5,45,495,"nuclear part","CDKN2A;CTNNB1;GADD45A;DNMT1;EGFR;AKT1;ERCC4;ERCC6;AKT2;FGFR2;RALY;DICER1;BOD1L1;BABAM1;MSH6;HOXD3;KCNH1;KRT8;MLH1;MSH2;NF2;CDK12;PMS1;PMS2;ATR;RNF43;MAPK1;PTEN;PTK6;RAD51C;RAD51B;CCND1;SMARCA4;BRCA1;BRCA2;AURKA;HNF1B;TERT;TOP1;TP53;PAX8;MLLT10;ARID1A;BRIP1;CCNE1"
"19","GO:0005712",0.00426649163111257,Inf,0.131313131313131,2,2,"chiasma","MLH1;PMS1"
"20","GO:0005943",0.00426649163111257,Inf,0.131313131313131,2,2,"phosphatidylinositol 3-kinase complex, class IA","PIK3CA;PIK3R1"
"21","GO:0032301",0.00426649163111257,Inf,0.131313131313131,2,2,"MutSalpha complex","MSH6;MSH2"
"22","GO:0043073",0.00426649163111257,Inf,0.131313131313131,2,2,"germ cell nucleus","MLH1;AURKA"
"23","GO:0097651",0.00426649163111257,Inf,0.131313131313131,2,2,"phosphatidylinositol 3-kinase complex, class I","PIK3CA;PIK3R1"
"24","GO:0032991",0.00610881058026456,1.76644001490313,35.1262626262626,47,535,"macromolecular complex","CDKN2A;COL15A1;CTNNB1;NEK10;DNMT1;EGFR;ERBB2;ERCC4;ERCC6;RALY;DICER1;FNTB;BABAM1;GSTP1;MSH6;KCNH1;KRT8;MLH1;MSH2;NF2;CDK12;PIK3CA;PIK3R1;LRP1B;PMS1;PMS2;PPP2R1A;MAPK1;GOPC;RAD51C;RAD51B;BCKDHB;CCND1;SMARCA4;BRCA1;BRCA2;AURKA;STK11;SYK;HNF1B;TERT;TOP1;TP53;ARID1A;SKAP1;CCNE1;CHMP4C"
"25","GO:0043228",0.00806074979724105,1.75322164948454,28.0353535353535,39,427,"non-membrane-bounded organelle","FRY;CDKN2A;CTNNB1;NEK10;SYNPO2;DNMT1;DVL1;AKT1;ERCC4;ERCC6;FES;FNTB;BOD1L1;MSH6;KRT8;MLH1;MSH2;NF2;NSF;CDK12;PMS1;PMS2;ATR;PPP2R1A;MAPK1;MAP2K1;GOPC;RAD51C;RAD51B;SMARCA4;BRCA1;BRCA2;AURKA;TERT;TOP1;TP53;ARID1A;TUBA1C;CCNE1"
"26","GO:0043232",0.00806074979724105,1.75322164948454,28.0353535353535,39,427,"intracellular non-membrane-bounded organelle","FRY;CDKN2A;CTNNB1;NEK10;SYNPO2;DNMT1;DVL1;AKT1;ERCC4;ERCC6;FES;FNTB;BOD1L1;MSH6;KRT8;MLH1;MSH2;NF2;NSF;CDK12;PMS1;PMS2;ATR;PPP2R1A;MAPK1;MAP2K1;GOPC;RAD51C;RAD51B;SMARCA4;BRCA1;BRCA2;AURKA;TERT;TOP1;TP53;ARID1A;TUBA1C;CCNE1"
"27","GO:0019898",0.00833433428279347,3.18833227647432,3.02020202020202,8,46,"extrinsic component of membrane","CTNNB1;FES;KRAS;NF2;PIK3CA;PIK3R1;PTK6;SYK"
"28","GO:0005654",0.00876096372693957,1.75249287749288,26.3282828282828,37,401,"nucleoplasm","CDKN2A;CTNNB1;GADD45A;DNMT1;AKT1;ERCC4;ERCC6;AKT2;FGFR2;BOD1L1;BABAM1;MSH6;HOXD3;KRT8;MLH1;MSH2;CDK12;PMS2;ATR;MAPK1;PTEN;PTK6;RAD51C;RAD51B;CCND1;SMARCA4;BRCA1;BRCA2;HNF1B;TERT;TOP1;TP53;PAX8;MLLT10;ARID1A;BRIP1;CCNE1"
"29","GO:0044297",0.0098558862929923,2.68139484513754,4.3989898989899,10,67,"cell body","DNMT1;DVL1;NRG1;KCNH1;NF2;MAPK1;BRAF;AURKA;TOP1;SNCAIP"
"30","GO:0015630",0.00999752180974199,2.14792022792023,8.73232323232323,16,133,"microtubule cytoskeleton","FRY;CTNNB1;NEK10;DVL1;AKT1;FES;FNTB;PMS2;PPP2R1A;MAPK1;MAP2K1;BRCA1;BRCA2;AURKA;TUBA1C;CCNE1"
