"","GOBPID","Pvalue","OddsRatio","ExpCount","Count","Size","Term","Symbols"
"1","GO:0009314",8.05053486219774e-09,5.44994246260069,6.85144124168514,24,103,"response to radiation","GADD45A;DNMT1;EGFR;AKT1;ERCC4;ERCC6;FNTB;BABAM1;MSH6;EYS;KRAS;ASNS;MSH2;PIK3R1;ATR;RAD51C;RAD51B;CCND1;BRCA1;BRAF;BRCA2;STK11;TP53;PPM1D"
"2","GO:0006259",5.99723233655315e-08,3.98893116568661,11.840354767184,31,178,"DNA metabolic process","CDKN2A;CTNNB1;GADD45A;DNMT1;EGFR;AKT1;ERCC4;ERCC6;DICER1;BOD1L1;BABAM1;MSH6;MLH1;MSH2;NF2;PIK3CA;PMS1;PMS2;ATR;PPP2R1A;MAPK1;RAD51C;RAD51B;FOXL2;BRCA1;BRCA2;TERT;TOP1;TP53;BRIP1;CCNE1"
"3","GO:0022402",4.46620277427208e-07,3.40762902019447,14.9667405764967,34,225,"cell cycle process","CDKN2A;CTNNB1;NEK10;GADD45A;EGFR;AKT1;ERCC4;AKT2;FGFR2;DICER1;RSPO1;BABAM1;MSH6;MLH1;MSH2;ABCB1;WNT4;ATR;PPP2R1A;MAP2K1;PTEN;RAD51C;RAD51B;CCND1;SMARCA4;BRCA1;BRCA2;AURKA;STK11;TP53;BRIP1;PPM1D;CCNE1;CHMP4C"
"4","GO:0010212",1.09821423437667e-06,7.18405732198836,2.79379157427938,13,42,"response to ionizing radiation","GADD45A;DNMT1;ERCC6;BABAM1;MSH2;ATR;RAD51C;RAD51B;CCND1;BRCA1;BRCA2;STK11;TP53"
"5","GO:0007049",2.04394005258651e-06,3.00591715976331,18.9578713968958,38,285,"cell cycle","CDKN2A;CTNNB1;NEK10;GADD45A;EGFR;AKT1;ERCC4;AKT2;FGFR2;DICER1;FNTB;RSPO1;BABAM1;MSH6;MLH1;ASNS;MSH2;CDK12;ABCB1;WNT4;ATR;PPP2R1A;MAPK1;MAP2K1;PTEN;RAD51C;RAD51B;CCND1;SMARCA4;BRCA1;BRCA2;AURKA;STK11;TP53;BRIP1;PPM1D;CCNE1;CHMP4C"
"6","GO:0009416",2.82252366902739e-06,4.83821445441663,4.98891352549889,17,75,"response to light stimulus","EGFR;AKT1;ERCC4;ERCC6;FNTB;MSH6;EYS;KRAS;ASNS;MSH2;PIK3R1;ATR;CCND1;BRAF;BRCA2;STK11;TP53"
"7","GO:0051052",3.29805715008243e-06,4.53409090909091,5.58758314855876,18,84,"regulation of DNA metabolic process","CDKN2A;CTNNB1;DNMT1;EGFR;AKT1;ERCC4;BABAM1;MSH6;MLH1;MSH2;NF2;PIK3CA;ATR;PPP2R1A;MAPK1;BRCA1;BRCA2;TP53"
"8","GO:0006974",4.20760862077728e-06,3.59561128526646,9.31263858093126,24,140,"cellular response to DNA damage stimulus","CDKN2A;GADD45A;EGFR;AKT1;ERCC4;ERCC6;BOD1L1;BABAM1;MSH6;MLH1;MSH2;PIK3R1;PMS1;PMS2;ATR;MAPK1;RAD51C;RAD51B;CCND1;BRCA1;BRCA2;STK11;TP53;BRIP1"
"9","GO:0007126",4.94896183714832e-06,7.50687947165658,2.26164079822616,11,34,"meiotic nuclear division","ERCC4;RSPO1;MSH6;MLH1;MSH2;WNT4;PPP2R1A;RAD51C;RAD51B;BRCA2;AURKA"
"10","GO:0010564",5.20460123671432e-06,4.01020408163265,6.9179600886918,20,104,"regulation of cell cycle process","CDKN2A;CTNNB1;NEK10;EGFR;AKT1;AKT2;FGFR2;MSH2;WNT4;PPP2R1A;PTEN;RAD51C;RAD51B;CCND1;SMARCA4;BRCA1;BRCA2;AURKA;TP53;CHMP4C"
"11","GO:1903046",6.82561197683577e-06,7.18829113924051,2.32815964523282,11,35,"meiotic cell cycle process","ERCC4;RSPO1;MSH6;MLH1;MSH2;WNT4;PPP2R1A;RAD51C;RAD51B;BRCA2;AURKA"
"12","GO:0009411",7.66996625170678e-06,6.32307692307692,2.79379157427938,12,42,"response to UV","EGFR;AKT1;ERCC4;ERCC6;MSH6;MSH2;PIK3R1;ATR;CCND1;BRCA2;STK11;TP53"
"13","GO:0009628",9.22343273075569e-06,3.02793296089385,13.9024390243902,30,209,"response to abiotic stimulus","CTNNB1;GADD45A;DNMT1;EGFR;AKT1;ERCC4;ERCC6;AKT2;FNTB;BABAM1;MSH6;EYS;KRAS;KRT8;ASNS;MSH2;PIK3R1;ATR;MAPK1;PTEN;RAD51C;RAD51B;CCND1;BRCA1;BRAF;BRCA2;STK11;TERT;TP53;PPM1D"
"14","GO:0051297",1.07291164276479e-05,15.1325301204819,0.931263858093126,7,14,"centrosome organization","CTNNB1;GADD45A;FES;BRCA1;BRCA2;AURKA;CHMP4C"
"15","GO:0051338",1.1054358356152e-05,3.09116409537167,12.5720620842572,28,189,"regulation of transferase activity","CDKN2A;CTNNB1;NEK10;GADD45A;DVL1;EGFR;ERBB2;AKT1;ERCC6;FGFR2;GSTP1;NRG1;KRAS;NF2;CDK12;PIK3CA;PIK3R1;PPP2R1A;MAPK1;MAP2K1;PTEN;PTK6;CCND1;BRAF;STK11;SYK;TP53;CCNE1"
"16","GO:0006281",1.31748459270697e-05,4.01689189189189,6.11973392461197,18,92,"DNA repair","GADD45A;EGFR;ERCC4;ERCC6;BOD1L1;BABAM1;MSH6;MLH1;MSH2;PMS1;PMS2;ATR;RAD51C;RAD51B;BRCA1;BRCA2;TP53;BRIP1"
"17","GO:1902580",1.75993211695232e-05,3.10809075342466,11.4412416851441,26,172,"single-organism cellular localization","CDKN2A;CTNNB1;DVL1;EGFR;ERBB2;AKT1;AKT2;FES;FGFR2;IFNL3;NRG1;MLH1;MTX1;NSF;PIK3R1;WNT4;MAPK1;GOPC;PTEN;BRCA1;BRAF;BRCA2;SYK;TP53;SKAP1;CHMP4C"
"18","GO:0007127",1.83468955382363e-05,10.1707317073171,1.33037694013304,8,20,"meiosis I","ERCC4;MSH6;MLH1;MSH2;RAD51C;RAD51B;BRCA2;AURKA"
"19","GO:0045859",1.85064626223168e-05,3.16114542391915,10.7760532150776,25,162,"regulation of protein kinase activity","CDKN2A;NEK10;GADD45A;DVL1;EGFR;ERBB2;AKT1;ERCC6;FGFR2;GSTP1;NRG1;KRAS;NF2;CDK12;PIK3CA;PPP2R1A;MAPK1;MAP2K1;PTEN;PTK6;CCND1;BRAF;STK11;SYK;CCNE1"
"20","GO:1902589",1.88278617684224e-05,2.62508474576271,22.2838137472284,40,335,"single-organism organelle organization","FRY;CDKN2A;CTNNB1;GADD45A;DNMT1;DVL1;AKT1;ERCC4;AKT2;FES;FGFR2;DICER1;RSPO1;BABAM1;MSH6;KRAS;KRT8;MLH1;MSH2;NF2;NSF;PIK3CA;PIK3R1;WNT4;ATR;PPP2R1A;MAPK1;MAP2K1;PTEN;RAD51C;RAD51B;SMARCA4;BRCA1;BRAF;BRCA2;AURKA;TERT;TP53;ARID1A;CHMP4C"
"21","GO:0031023",1.90338121247082e-05,13.230421686747,0.997782705099778,7,15,"microtubule organizing center organization","CTNNB1;GADD45A;FES;BRCA1;BRCA2;AURKA;CHMP4C"
"22","GO:0043549",1.96537181052882e-05,3.08418367346939,11.5077605321508,26,173,"regulation of kinase activity","CDKN2A;NEK10;GADD45A;DVL1;EGFR;ERBB2;AKT1;ERCC6;FGFR2;GSTP1;NRG1;KRAS;NF2;CDK12;PIK3CA;PIK3R1;PPP2R1A;MAPK1;MAP2K1;PTEN;PTK6;CCND1;BRAF;STK11;SYK;CCNE1"
"23","GO:0051321",2.19328990900552e-05,6.14150090415913,2.59423503325942,11,39,"meiotic cell cycle","ERCC4;RSPO1;MSH6;MLH1;MSH2;WNT4;PPP2R1A;RAD51C;RAD51B;BRCA2;AURKA"
"24","GO:0051726",2.3047356310755e-05,2.94354838709677,13.0376940133038,28,196,"regulation of cell cycle","CDKN2A;CTNNB1;NEK10;GADD45A;EGFR;AKT1;AKT2;FGFR2;DICER1;FNTB;ASNS;MSH2;CDK12;WNT4;PPP2R1A;MAP2K1;PTEN;RAD51C;RAD51B;CCND1;SMARCA4;BRCA1;BRCA2;AURKA;STK11;TP53;CCNE1;CHMP4C"
"25","GO:0060341",2.44331688516401e-05,3.0373322147651,11.6407982261641,26,175,"regulation of cellular localization","CDKN2A;CTNNB1;DVL1;EGFR;ERBB2;AKT1;AKT2;FES;IFNL3;CD274;NRG1;NF2;NSF;PIK3R1;MAPK1;MAP2K1;GOPC;PTEN;BRCA1;BRAF;STK11;SYK;TERT;TP53;PAX8;SNCAIP"
"26","GO:0007098",2.59463167779585e-05,17.9714285714286,0.731707317073171,6,11,"centrosome cycle","CTNNB1;GADD45A;BRCA1;BRCA2;AURKA;CHMP4C"
"27","GO:0007059",2.86092556812468e-05,5.9249236141423,2.66075388026608,11,40,"chromosome segregation","CTNNB1;NEK10;ERCC4;MLH1;PPP2R1A;PTEN;RAD51C;BRCA1;BRCA2;TOP1;CHMP4C"
"28","GO:0044710",2.86559507873037e-05,2.48859782481581,37.1840354767184,56,559,"single-organism metabolic process","CDKN2A;COL15A1;CTNNB1;NEK10;GADD45A;DNMT1;EGFR;ERBB2;AKT1;ERCC4;ERCC6;AKT2;FGFR2;DICER1;BOD1L1;TIPARP;ABO;RSPO1;BABAM1;GSTP1;MSH6;NRG1;KCNH1;KRAS;MLH1;ASNS;MSH2;NF2;NSF;CDK12;ABCB1;PIK3CA;PIK3R1;PMS1;PMS2;WNT4;ATR;PPP2R1A;MAPK1;MAP2K1;PTEN;RAD51C;RAD51B;BCKDHB;ROS1;BRCA1;BRAF;BRCA2;AURKA;STK11;SYK;TERT;TP53;PAX8;BRIP1;ABCG2"
"29","GO:0003006",3.13248881295401e-05,3.18165271204951,9.71175166297117,23,146,"developmental process involved in reproduction","CTNNB1;EGFR;AKT1;FGFR2;DICER1;TIPARP;KRT8;MLH1;MSH2;WNT4;PPP2R1A;MAPK1;MAP2K1;PTEN;CCND1;SMARCA4;FOXL2;BRCA2;AURKA;STK11;HNF1B;ARID1A;CCNE1"
"30","GO:0007281",3.69754643977034e-05,5.72278481012658,2.72727272727273,11,41,"germ cell development","CTNNB1;AKT1;MLH1;MSH2;WNT4;PPP2R1A;SMARCA4;FOXL2;BRCA2;AURKA;STK11"
"31","GO:0022412",4.33174111279194e-05,5.0977130977131,3.25942350332594,12,49,"cellular process involved in reproduction in multicellular organism","CTNNB1;AKT1;RSPO1;MLH1;MSH2;WNT4;PPP2R1A;SMARCA4;FOXL2;BRCA2;AURKA;STK11"
"32","GO:0000280",4.49078251719896e-05,3.92137592137592,5.45454545454545,16,82,"nuclear division","ERCC4;FGFR2;RSPO1;BABAM1;MSH6;MLH1;MSH2;WNT4;PPP2R1A;PTEN;RAD51C;RAD51B;SMARCA4;BRCA2;AURKA;CHMP4C"
"33","GO:0048477",5.14989324178808e-05,10.5674698795181,1.13082039911308,7,17,"oogenesis","CTNNB1;MLH1;WNT4;PPP2R1A;FOXL2;BRCA2;AURKA"
"34","GO:0006302",6.02000770865213e-05,5.3564082278481,2.86031042128603,11,43,"double-strand break repair","ERCC4;BABAM1;MLH1;MSH2;ATR;RAD51C;RAD51B;BRCA1;BRCA2;TP53;BRIP1"
"35","GO:0044702",6.11292884658169e-05,2.75280898876404,13.7028824833703,28,206,"single organism reproductive process","CTNNB1;EGFR;AKT1;ERCC4;FGFR2;TIPARP;RSPO1;MSH6;KRT8;MLH1;MSH2;WNT4;PPP2R1A;MAPK1;MAP2K1;PTEN;RAD51C;RAD51B;CCND1;ROS1;SMARCA4;FOXL2;BRCA2;AURKA;STK11;HNF1B;ARID1A;CCNE1"
"36","GO:0000003",6.51669588672632e-05,2.70153525891231,14.5011086474501,29,218,"reproduction","CTNNB1;EGFR;AKT1;ERCC4;FGFR2;DICER1;TIPARP;RSPO1;MSH6;KRT8;MLH1;MSH2;WNT4;PPP2R1A;MAPK1;MAP2K1;PTEN;RAD51C;RAD51B;CCND1;ROS1;SMARCA4;FOXL2;BRCA2;AURKA;STK11;HNF1B;ARID1A;CCNE1"
"37","GO:0022414",6.51669588672632e-05,2.70153525891231,14.5011086474501,29,218,"reproductive process","CTNNB1;EGFR;AKT1;ERCC4;FGFR2;DICER1;TIPARP;RSPO1;MSH6;KRT8;MLH1;MSH2;WNT4;PPP2R1A;MAPK1;MAP2K1;PTEN;RAD51C;RAD51B;CCND1;ROS1;SMARCA4;FOXL2;BRCA2;AURKA;STK11;HNF1B;ARID1A;CCNE1"
"38","GO:0048285",7.17299405901076e-05,3.74148061104583,5.65410199556541,16,85,"organelle fission","ERCC4;FGFR2;RSPO1;BABAM1;MSH6;MLH1;MSH2;WNT4;PPP2R1A;PTEN;RAD51C;RAD51B;SMARCA4;BRCA2;AURKA;CHMP4C"
"39","GO:0097194",8.63752901580136e-05,12.8163265306122,0.864745011086475,6,13,"execution phase of apoptosis","CDKN2A;CTNNB1;AKT1;DICER1;FOXL2;TP53"
"40","GO:0002566",8.72181182935185e-05,58.6976744186046,0.332594235033259,4,5,"somatic diversification of immune receptors via somatic mutation","MSH6;MLH1;MSH2;PMS2"
"41","GO:0007140",8.72181182935185e-05,58.6976744186046,0.332594235033259,4,5,"male meiosis","RSPO1;MLH1;RAD51C;BRCA2"
"42","GO:0016446",8.72181182935185e-05,58.6976744186046,0.332594235033259,4,5,"somatic hypermutation of immunoglobulin genes","MSH6;MLH1;MSH2;PMS2"
"43","GO:0006996",9.88850414724895e-05,2.33155080213904,29.0687361419069,46,437,"organelle organization","FRY;CDKN2A;CTNNB1;GADD45A;DNMT1;DVL1;AKT1;ERCC4;AKT2;FES;FGFR2;DICER1;IFNL3;RSPO1;BABAM1;MSH6;NRG1;KRAS;KRT8;MLH1;MSH2;MTX1;NF2;NSF;PIK3CA;PIK3R1;WNT4;ATR;PPP2R1A;MAPK1;MAP2K1;PTEN;RAD51C;RAD51B;CCND1;SMARCA4;BRCA1;BRAF;BRCA2;AURKA;TERT;TOP1;TP53;ARID1A;BRIP1;CHMP4C"
"44","GO:0006310",0.000100189002492058,4.58536585365854,3.52549889135255,12,53,"DNA recombination","ERCC4;BABAM1;MSH6;MLH1;MSH2;PMS2;ATR;RAD51C;RAD51B;BRCA1;BRCA2;BRIP1"
"45","GO:0045787",0.000112466065030085,3.746875,5.2549889135255,15,79,"positive regulation of cell cycle","CDKN2A;EGFR;AKT1;FGFR2;FNTB;ASNS;WNT4;PTEN;RAD51C;RAD51B;CCND1;BRCA1;BRCA2;AURKA;TP53"
"46","GO:0044260",0.000121891652722516,2.72949816401469,59.3348115299335,75,892,"cellular macromolecule metabolic process","FRY;CDKN2A;CTNNB1;NEK10;GADD45A;DNMT1;DVL1;EGFR;ERBB2;AKT1;ERCC4;ERCC6;AKT2;FES;FGFR2;RALY;DICER1;FNTB;BOD1L1;TIPARP;ABO;RSPO1;BABAM1;GSTP1;MSH6;NRG1;HOXD3;KCNH1;KRAS;MLH1;ASNS;MSH2;MTX1;NF2;NSF;CDK12;PIK3CA;PIK3R1;PMS1;PMS2;WNT4;ATR;RNF43;PPP2R1A;MAPK1;MAP2K1;PTEN;PTK6;RAD51C;RAD51B;CCND1;ROS1;SMARCA4;FOXL2;BRCA1;BRAF;BRCA2;AURKA;STK11;SYK;HNF1B;TERT;TOP1;TP53;PAX8;MLLT10;ARID1A;BRIP1;TUBA1C;PPM1D;SKAP1;CCNE1;CHMP4C;SNCAIP;CTIF"
"47","GO:0007346",0.00012305489097733,3.39827498731608,6.51884700665188,17,98,"regulation of mitotic cell cycle","CDKN2A;CTNNB1;EGFR;AKT1;FGFR2;ASNS;MSH2;MAP2K1;PTEN;RAD51C;RAD51B;CCND1;SMARCA4;BRCA2;AURKA;TP53;CHMP4C"
"48","GO:0044267",0.000126659114959361,2.289,36.8514412416851,54,554,"cellular protein metabolic process","FRY;CDKN2A;CTNNB1;NEK10;GADD45A;DNMT1;DVL1;EGFR;ERBB2;AKT1;ERCC6;AKT2;FES;FGFR2;FNTB;TIPARP;ABO;RSPO1;BABAM1;GSTP1;NRG1;KCNH1;KRAS;ASNS;MTX1;NF2;NSF;CDK12;PIK3CA;PIK3R1;ATR;RNF43;PPP2R1A;MAPK1;MAP2K1;PTEN;PTK6;CCND1;ROS1;FOXL2;BRCA1;BRAF;BRCA2;AURKA;STK11;SYK;TOP1;TP53;TUBA1C;PPM1D;CCNE1;CHMP4C;SNCAIP;CTIF"
"49","GO:0032355",0.000131592056100377,5.31896551724138,2.59423503325942,10,39,"response to estradiol","CTNNB1;DNMT1;EGFR;GSTP1;PTEN;CCND1;BRCA1;BRCA2;AURKA;CCNE1"
"50","GO:0048608",0.00013306759775902,3.1463935125907,7.84922394678492,19,118,"reproductive structure development","CTNNB1;EGFR;AKT1;FGFR2;DICER1;TIPARP;KRT8;MSH2;WNT4;MAPK1;MAP2K1;PTEN;CCND1;FOXL2;BRCA2;STK11;HNF1B;ARID1A;CCNE1"
"51","GO:0061458",0.00013306759775902,3.1463935125907,7.84922394678492,19,118,"reproductive system development","CTNNB1;EGFR;AKT1;FGFR2;DICER1;TIPARP;KRT8;MSH2;WNT4;MAPK1;MAP2K1;PTEN;CCND1;FOXL2;BRCA2;STK11;HNF1B;ARID1A;CCNE1"
"52","GO:0006468",0.000141348248710457,2.40805785123967,19.8891352549889,35,299,"protein phosphorylation","CDKN2A;CTNNB1;NEK10;GADD45A;DVL1;EGFR;ERBB2;AKT1;ERCC6;AKT2;FES;FGFR2;RSPO1;GSTP1;NRG1;KCNH1;KRAS;NF2;CDK12;PIK3CA;PIK3R1;ATR;PPP2R1A;MAPK1;MAP2K1;PTEN;PTK6;CCND1;ROS1;BRAF;AURKA;STK11;SYK;TP53;CCNE1"
"53","GO:0009994",0.000143109920455788,11.2053571428571,0.931263858093126,6,14,"oocyte differentiation","CTNNB1;WNT4;PPP2R1A;FOXL2;BRCA2;AURKA"
"54","GO:0048599",0.000143109920455788,11.2053571428571,0.931263858093126,6,14,"oocyte development","CTNNB1;WNT4;PPP2R1A;FOXL2;BRCA2;AURKA"
"55","GO:0071900",0.000149906777540333,3.11225352112676,7.91574279379157,19,119,"regulation of protein serine/threonine kinase activity","CDKN2A;NEK10;GADD45A;EGFR;ERBB2;AKT1;ERCC6;FGFR2;GSTP1;NRG1;KRAS;CDK12;PPP2R1A;MAPK1;MAP2K1;PTEN;CCND1;BRAF;SYK"
"56","GO:0044770",0.000195114270672381,3.37695590327169,6.11973392461197,16,92,"cell cycle phase transition","CDKN2A;NEK10;GADD45A;EGFR;AKT1;ABCB1;PPP2R1A;PTEN;RAD51C;RAD51B;CCND1;SMARCA4;AURKA;TP53;PPM1D;CCNE1"
"57","GO:0016310",0.000229113684727163,2.3009241432422,22.0177383592018,37,331,"phosphorylation","CDKN2A;CTNNB1;NEK10;GADD45A;DVL1;EGFR;ERBB2;AKT1;ERCC6;AKT2;FES;FGFR2;RSPO1;GSTP1;NRG1;KCNH1;KRAS;MSH2;NF2;CDK12;PIK3CA;PIK3R1;ATR;PPP2R1A;MAPK1;MAP2K1;PTEN;PTK6;CCND1;ROS1;BRAF;AURKA;STK11;SYK;TOP1;TP53;CCNE1"
"58","GO:0001932",0.000255601650100896,2.42361111111111,16.3636363636364,30,246,"regulation of protein phosphorylation","CDKN2A;CTNNB1;NEK10;GADD45A;DVL1;EGFR;ERBB2;AKT1;ERCC6;AKT2;FGFR2;RSPO1;GSTP1;NRG1;KRAS;NF2;CDK12;PIK3CA;PPP2R1A;MAPK1;MAP2K1;PTEN;PTK6;CCND1;ROS1;BRAF;STK11;SYK;TP53;CCNE1"
"59","GO:0048732",0.000257292519922434,2.8796992481203,8.91352549889135,20,134,"gland development","CTNNB1;EGFR;AKT1;AKT2;FGFR2;NRG1;HOXD3;ASNS;PIK3CA;WNT4;MAPK1;MAP2K1;PTEN;CCND1;BRAF;BRCA2;STK11;HNF1B;PAX8;CCNE1"
"60","GO:0044839",0.000257558421611944,4.80859375,2.79379157427938,10,42,"cell cycle G2/M phase transition","CDKN2A;NEK10;GADD45A;ABCB1;PPP2R1A;RAD51C;RAD51B;CCND1;AURKA;PPM1D"
"61","GO:0008543",0.000268794710831352,3.40857142857143,5.65410199556541,15,85,"fibroblast growth factor receptor signaling pathway","CTNNB1;EGFR;ERBB2;AKT1;FGFR2;NRG1;KRAS;PIK3CA;PIK3R1;WNT4;PPP2R1A;MAPK1;MAP2K1;PTEN;BRAF"
"62","GO:0006260",0.000271643524794775,3.77994227994228,4.45676274944568,13,67,"DNA replication","CTNNB1;EGFR;BOD1L1;NF2;ATR;PPP2R1A;MAPK1;BRCA1;BRCA2;TERT;TOP1;TP53;CCNE1"
"63","GO:0000737",0.000285223530321665,Inf,0.199556541019956,3,3,"DNA catabolic process, endonucleolytic","CDKN2A;DICER1;FOXL2"
"64","GO:0006308",0.000285223530321665,Inf,0.199556541019956,3,3,"DNA catabolic process","CDKN2A;DICER1;FOXL2"
"65","GO:0006309",0.000285223530321665,Inf,0.199556541019956,3,3,"apoptotic DNA fragmentation","CDKN2A;DICER1;FOXL2"
"66","GO:0014010",0.000285223530321665,Inf,0.199556541019956,3,3,"Schwann cell proliferation","CTNNB1;DICER1;NF2"
"67","GO:0070141",0.000285223530321665,Inf,0.199556541019956,3,3,"response to UV-A","EGFR;AKT1;CCND1"
"68","GO:0051640",0.000300661026583368,3.98036006546645,3.92461197339246,12,59,"organelle localization","CTNNB1;FES;FGFR2;MLH1;NSF;PTEN;BRAF;BRCA2;AURKA;STK11;SYK;CHMP4C"
"69","GO:0044772",0.000307965569491625,3.35774647887324,5.72062084257206,15,86,"mitotic cell cycle phase transition","CDKN2A;GADD45A;EGFR;AKT1;ABCB1;PPP2R1A;PTEN;RAD51C;RAD51B;CCND1;SMARCA4;AURKA;TP53;PPM1D;CCNE1"
"70","GO:0046777",0.000317608359813217,3.70814639905549,4.52328159645233,13,68,"protein autophosphorylation","NEK10;EGFR;ERBB2;AKT1;FES;FGFR2;CDK12;ATR;PTK6;ROS1;AURKA;STK11;SYK"
"71","GO:0050790",0.000337769434205467,2.25694444444444,21.5521064301552,36,324,"regulation of catalytic activity","FRY;CDKN2A;CTNNB1;NEK10;GADD45A;DVL1;EGFR;ERBB2;AKT1;ERCC6;AKT2;FGFR2;GSTP1;MSH6;NRG1;KRAS;MSH2;NF2;CDK12;PIK3CA;PIK3R1;WNT4;PPP2R1A;MAPK1;MAP2K1;PTEN;SRGAP1;PTK6;CCND1;FOXL2;BRAF;STK11;SYK;TERT;TP53;CCNE1"
"72","GO:0000278",0.000341236786030189,2.62635452872623,11.2416851441242,23,169,"mitotic cell cycle","CDKN2A;CTNNB1;GADD45A;EGFR;AKT1;FGFR2;BABAM1;ASNS;MSH2;ABCB1;PPP2R1A;MAP2K1;PTEN;RAD51C;RAD51B;CCND1;SMARCA4;BRCA2;AURKA;TP53;PPM1D;CCNE1;CHMP4C"
"73","GO:0007292",0.000342598151600074,7.01686746987952,1.46341463414634,7,22,"female gamete generation","CTNNB1;MLH1;WNT4;PPP2R1A;FOXL2;BRCA2;AURKA"
"74","GO:0008219",0.000361016976312872,2.24682814302191,21.6186252771619,36,325,"cell death","CDKN2A;CTNNB1;GADD45A;EGFR;AKT1;ERCC6;AKT2;FGFR2;DICER1;GSTP1;MSH6;NRG1;KRAS;KRT8;MLH1;ASNS;MSH2;PIK3CA;PIK3R1;WNT4;PPP2R1A;MAPK1;MAP2K1;PTEN;FOXL2;BRCA1;BRAF;BRCA2;AURKA;STK11;HNF1B;TERT;TOP1;TP53;PAX8;SNCAIP"
"75","GO:0016265",0.000361016976312872,2.24682814302191,21.6186252771619,36,325,"death","CDKN2A;CTNNB1;GADD45A;EGFR;AKT1;ERCC6;AKT2;FGFR2;DICER1;GSTP1;MSH6;NRG1;KRAS;KRT8;MLH1;ASNS;MSH2;PIK3CA;PIK3R1;WNT4;PPP2R1A;MAPK1;MAP2K1;PTEN;FOXL2;BRCA1;BRAF;BRCA2;AURKA;STK11;HNF1B;TERT;TOP1;TP53;PAX8;SNCAIP"
"76","GO:0033554",0.000368538296252894,2.27564446831364,19.9556541019956,34,300,"cellular response to stress","CDKN2A;GADD45A;EGFR;AKT1;ERCC4;ERCC6;BOD1L1;BABAM1;GSTP1;MSH6;MLH1;ASNS;MSH2;PIK3CA;PIK3R1;PMS1;PMS2;WNT4;ATR;MAPK1;MAP2K1;PTEN;RAD51C;RAD51B;CCND1;BRCA1;BRAF;BRCA2;STK11;SYK;TERT;TP53;BRIP1;PPM1D"
"77","GO:0000724",0.000378987121160107,5.77003484320557,1.9290465631929,8,29,"double-strand break repair via homologous recombination","ERCC4;BABAM1;ATR;RAD51C;RAD51B;BRCA1;BRCA2;BRIP1"
"78","GO:0000725",0.000378987121160107,5.77003484320557,1.9290465631929,8,29,"recombinational repair","ERCC4;BABAM1;ATR;RAD51C;RAD51B;BRCA1;BRCA2;BRIP1"
"79","GO:0030878",0.0003919234130889,12.3235294117647,0.731707317073171,5,11,"thyroid gland development","HOXD3;MAPK1;MAP2K1;BRAF;PAX8"
"80","GO:0044344",0.000401335221101292,3.26027397260274,5.85365853658537,15,88,"cellular response to fibroblast growth factor stimulus","CTNNB1;EGFR;ERBB2;AKT1;FGFR2;NRG1;KRAS;PIK3CA;PIK3R1;WNT4;PPP2R1A;MAPK1;MAP2K1;PTEN;BRAF"
"81","GO:0012501",0.000404894676391109,2.24437927663734,20.8869179600887,35,314,"programmed cell death","CDKN2A;CTNNB1;GADD45A;EGFR;AKT1;ERCC6;AKT2;FGFR2;DICER1;GSTP1;MSH6;NRG1;KRAS;KRT8;MLH1;ASNS;MSH2;PIK3CA;PIK3R1;WNT4;PPP2R1A;MAPK1;MAP2K1;PTEN;FOXL2;BRCA1;BRAF;BRCA2;AURKA;STK11;HNF1B;TERT;TOP1;TP53;PAX8"
"82","GO:0042325",0.000428280709282814,2.31051716644937,17.6274944567628,31,265,"regulation of phosphorylation","CDKN2A;CTNNB1;NEK10;GADD45A;DVL1;EGFR;ERBB2;AKT1;ERCC6;AKT2;FGFR2;RSPO1;GSTP1;NRG1;KRAS;NF2;CDK12;PIK3CA;PIK3R1;PPP2R1A;MAPK1;MAP2K1;PTEN;PTK6;CCND1;ROS1;BRAF;STK11;SYK;TP53;CCNE1"
"83","GO:0008286",0.000429785503269077,3.57211209842789,4.65631929046563,13,70,"insulin receptor signaling pathway","EGFR;ERBB2;AKT1;AKT2;FGFR2;NRG1;KRAS;PIK3CA;PIK3R1;MAPK1;MAP2K1;BRAF;STK11"
"84","GO:0034613",0.000445334056238936,2.44427083333333,13.7028824833703,26,206,"cellular protein localization","CDKN2A;CTNNB1;DVL1;EGFR;ERBB2;AKT1;AKT2;IFNL3;NRG1;MTX1;NF2;NSF;PIK3R1;WNT4;ATR;MAPK1;GOPC;BRCA1;BRAF;BRCA2;AURKA;STK11;SYK;TERT;TP53;SKAP1"
"85","GO:0006464",0.000450168579920772,2.1248983574565,31.6629711751663,47,476,"cellular protein modification process","FRY;CDKN2A;CTNNB1;NEK10;GADD45A;DNMT1;DVL1;EGFR;ERBB2;AKT1;ERCC6;AKT2;FES;FGFR2;FNTB;TIPARP;ABO;RSPO1;BABAM1;GSTP1;NRG1;KCNH1;KRAS;NF2;NSF;CDK12;PIK3CA;PIK3R1;ATR;RNF43;PPP2R1A;MAPK1;MAP2K1;PTEN;PTK6;CCND1;ROS1;BRCA1;BRAF;BRCA2;AURKA;STK11;SYK;TOP1;TP53;PPM1D;CCNE1"
"86","GO:0036211",0.000450168579920772,2.1248983574565,31.6629711751663,47,476,"protein modification process","FRY;CDKN2A;CTNNB1;NEK10;GADD45A;DNMT1;DVL1;EGFR;ERBB2;AKT1;ERCC6;AKT2;FES;FGFR2;FNTB;TIPARP;ABO;RSPO1;BABAM1;GSTP1;NRG1;KCNH1;KRAS;NF2;NSF;CDK12;PIK3CA;PIK3R1;ATR;RNF43;PPP2R1A;MAPK1;MAP2K1;PTEN;PTK6;CCND1;ROS1;BRCA1;BRAF;BRCA2;AURKA;STK11;SYK;TOP1;TP53;PPM1D;CCNE1"
"87","GO:0043405",0.000456544302824952,3.21351351351351,5.92017738359202,15,89,"regulation of MAP kinase activity","NEK10;GADD45A;EGFR;ERBB2;ERCC6;FGFR2;GSTP1;NRG1;KRAS;CDK12;PPP2R1A;MAPK1;MAP2K1;BRAF;SYK"
"88","GO:0071774",0.000456544302824952,3.21351351351351,5.92017738359202,15,89,"response to fibroblast growth factor","CTNNB1;EGFR;ERBB2;AKT1;FGFR2;NRG1;KRAS;PIK3CA;PIK3R1;WNT4;PPP2R1A;MAPK1;MAP2K1;PTEN;BRAF"
"89","GO:1903827",0.000474394810854916,3.07391729078476,6.58536585365854,16,99,"regulation of cellular protein localization","CDKN2A;CTNNB1;DVL1;EGFR;ERBB2;AKT1;AKT2;IFNL3;NRG1;NF2;PIK3R1;GOPC;BRCA1;STK11;TERT;TP53"
"90","GO:0009725",0.000482726443892056,2.42852209944751,13.7694013303769,26,207,"response to hormone","CTNNB1;DNMT1;EGFR;ERBB2;AKT1;AKT2;FGFR2;GSTP1;NRG1;KRAS;ASNS;PIK3CA;PIK3R1;MAPK1;MAP2K1;PTEN;CCND1;SMARCA4;BRCA1;BRAF;BRCA2;AURKA;STK11;PAX8;ARID1A;CCNE1"
"91","GO:0008630",0.000488877488370783,5.50332594235033,1.99556541019956,8,30,"intrinsic apoptotic signaling pathway in response to DNA damage","ERCC6;MSH6;MLH1;MSH2;PIK3R1;BRCA1;BRCA2;TP53"
"92","GO:2000241",0.000488877488370783,5.50332594235033,1.99556541019956,8,30,"regulation of reproductive process","CTNNB1;FGFR2;RSPO1;MSH2;WNT4;PPP2R1A;AURKA;STK11"
"93","GO:0043170",0.000498595745715122,2.54385382059801,62.2616407982262,76,936,"macromolecule metabolic process","FRY;CDKN2A;COL15A1;CTNNB1;NEK10;GADD45A;DNMT1;DVL1;EGFR;ERBB2;AKT1;ERCC4;ERCC6;AKT2;FES;FGFR2;RALY;DICER1;FNTB;BOD1L1;TIPARP;ABO;RSPO1;BABAM1;GSTP1;MSH6;NRG1;HOXD3;KCNH1;KRAS;MLH1;ASNS;MSH2;MTX1;NF2;NSF;CDK12;PIK3CA;PIK3R1;PMS1;PMS2;WNT4;ATR;RNF43;PPP2R1A;MAPK1;MAP2K1;PTEN;PTK6;RAD51C;RAD51B;CCND1;ROS1;SMARCA4;FOXL2;BRCA1;BRAF;BRCA2;AURKA;STK11;SYK;HNF1B;TERT;TOP1;TP53;PAX8;MLLT10;ARID1A;BRIP1;TUBA1C;PPM1D;SKAP1;CCNE1;CHMP4C;SNCAIP;CTIF"
"94","GO:0070727",0.000522880072529745,2.41294642857143,13.8359201773836,26,208,"cellular macromolecule localization","CDKN2A;CTNNB1;DVL1;EGFR;ERBB2;AKT1;AKT2;IFNL3;NRG1;MTX1;NF2;NSF;PIK3R1;WNT4;ATR;MAPK1;GOPC;BRCA1;BRAF;BRCA2;AURKA;STK11;SYK;TERT;TP53;SKAP1"
"95","GO:0043408",0.00052462168476945,2.69657615112161,9.37915742793792,20,141,"regulation of MAPK cascade","CTNNB1;NEK10;GADD45A;EGFR;ERBB2;AKT1;ERCC6;FGFR2;GSTP1;NRG1;KRAS;NF2;CDK12;PPP2R1A;MAPK1;MAP2K1;PTEN;ROS1;BRAF;SYK"
"96","GO:0010001",0.00054161239419685,3.95054459817486,3.5920177383592,11,54,"glial cell differentiation","CTNNB1;ERBB2;AKT1;AKT2;DICER1;GSTP1;NRG1;KRAS;MAPK1;MAP2K1;PTEN"
"97","GO:0018193",0.000541710084445456,2.34440227703985,15.4323725055432,28,232,"peptidyl-amino acid modification","CDKN2A;CTNNB1;DNMT1;EGFR;ERBB2;AKT1;ERCC6;AKT2;FES;FGFR2;NRG1;NF2;NSF;PIK3CA;ATR;PPP2R1A;MAPK1;MAP2K1;PTK6;ROS1;BRCA1;BRAF;BRCA2;AURKA;STK11;SYK;TOP1;TP53"
"98","GO:0001964",0.000549985598817664,19.5348837209302,0.465631929046563,4,7,"startle response","DVL1;NRG1;KCNH1;PTEN"
"99","GO:0007143",0.000549985598817664,19.5348837209302,0.465631929046563,4,7,"female meiotic division","MLH1;PPP2R1A;RAD51C;AURKA"
"100","GO:0060674",0.000549985598817664,19.5348837209302,0.465631929046563,4,7,"placenta blood vessel development","AKT1;MAPK1;MAP2K1;ARID1A"
"101","GO:0090399",0.000549985598817664,19.5348837209302,0.465631929046563,4,7,"replicative senescence","CDKN2A;ATR;TERT;TP53"
"102","GO:1903829",0.000573002006747905,3.65610859728507,4.19068736141907,12,63,"positive regulation of cellular protein localization","CDKN2A;EGFR;ERBB2;AKT1;AKT2;IFNL3;NRG1;PIK3R1;BRCA1;STK11;TERT;TP53"
"103","GO:0031399",0.000574147072205263,2.22262552934059,19.5565410199557,33,294,"regulation of protein modification process","FRY;CDKN2A;CTNNB1;NEK10;GADD45A;DNMT1;DVL1;EGFR;ERBB2;AKT1;ERCC6;AKT2;FGFR2;RSPO1;GSTP1;NRG1;KRAS;NF2;CDK12;PIK3CA;PPP2R1A;MAPK1;MAP2K1;PTEN;PTK6;CCND1;ROS1;BRCA1;BRAF;STK11;SYK;TP53;CCNE1"
"104","GO:0033043",0.000581560377713112,2.50913197172035,11.6407982261641,23,175,"regulation of organelle organization","CDKN2A;CTNNB1;DNMT1;AKT1;ERCC4;AKT2;FES;FGFR2;IFNL3;NRG1;MSH2;NF2;PIK3R1;WNT4;ATR;MAPK1;MAP2K1;PTEN;BRCA1;BRAF;AURKA;TP53;CHMP4C"
"105","GO:0000077",0.000622638753483871,6.18143160878809,1.59645232815965,7,24,"DNA damage checkpoint","BABAM1;MSH2;ATR;CCND1;BRCA1;TP53;BRIP1"
"106","GO:0098813",0.000623328780600351,5.25980911983033,2.06208425720621,8,31,"nuclear chromosome segregation","CTNNB1;ERCC4;MLH1;PPP2R1A;PTEN;RAD51C;BRCA2;CHMP4C"
"107","GO:0006915",0.000628972641959159,2.19147549530761,20.4878048780488,34,308,"apoptotic process","CDKN2A;CTNNB1;GADD45A;EGFR;AKT1;ERCC6;AKT2;FGFR2;DICER1;GSTP1;MSH6;NRG1;KRAS;KRT8;MLH1;ASNS;MSH2;PIK3CA;PIK3R1;WNT4;PPP2R1A;MAPK1;MAP2K1;PTEN;FOXL2;BRCA1;BRAF;BRCA2;AURKA;STK11;HNF1B;TERT;TP53;PAX8"
"108","GO:0007017",0.000631094668080202,3.23722910216718,5.45454545454545,14,82,"microtubule-based process","CTNNB1;NEK10;GADD45A;DVL1;ERBB2;FES;DICER1;MLH1;PPP2R1A;BRCA1;BRCA2;AURKA;TUBA1C;CHMP4C"
"109","GO:0032869",0.000631094668080202,3.23722910216718,5.45454545454545,14,82,"cellular response to insulin stimulus","EGFR;ERBB2;AKT1;AKT2;FGFR2;GSTP1;NRG1;KRAS;PIK3CA;PIK3R1;MAPK1;MAP2K1;BRAF;STK11"
"110","GO:0006298",0.000636778219381668,10.5546218487395,0.798226164079823,5,12,"mismatch repair","MSH6;MLH1;MSH2;PMS1;PMS2"
"111","GO:0007131",0.000636778219381668,10.5546218487395,0.798226164079823,5,12,"reciprocal meiotic recombination","ERCC4;MLH1;MSH2;RAD51C;RAD51B"
"112","GO:0031641",0.000636778219381668,10.5546218487395,0.798226164079823,5,12,"regulation of myelination","CTNNB1;AKT1;DICER1;NRG1;PTEN"
"113","GO:0035825",0.000636778219381668,10.5546218487395,0.798226164079823,5,12,"reciprocal DNA recombination","ERCC4;MLH1;MSH2;RAD51C;RAD51B"
"114","GO:0045132",0.000636778219381668,10.5546218487395,0.798226164079823,5,12,"meiotic chromosome segregation","ERCC4;MLH1;PPP2R1A;RAD51C;BRCA2"
"115","GO:2001022",0.000636778219381668,10.5546218487395,0.798226164079823,5,12,"positive regulation of response to DNA damage stimulus","CDKN2A;EGFR;BABAM1;ATR;BRCA1"
"116","GO:0043627",0.000640178589083589,3.85759493670886,3.65853658536585,11,55,"response to estrogen","CTNNB1;DNMT1;EGFR;GSTP1;MAPK1;PTEN;CCND1;BRCA1;BRCA2;AURKA;CCNE1"
"117","GO:0051716",0.000678453992320382,2.26336375488918,55.6762749445676,70,837,"cellular response to stimulus","SH2B3;CDKN2A;COL15A1;CTNNB1;NEK10;GADD45A;DNMT1;DVL1;EGFR;ERBB2;AKT1;ERCC4;ERCC6;AKT2;FES;FGFR2;DICER1;FNTB;BOD1L1;TIPARP;IFNL3;RSPO1;BABAM1;CD274;GSTP1;MSH6;NRG1;HOXD3;KCNH1;KRAS;KRT8;MLH1;ASNS;MSH2;NF2;CDK12;PIK3CA;PIK3R1;PMS1;PMS2;WNT4;ATR;RNF43;PPP2R1A;MAPK1;MAP2K1;GOPC;PTEN;SRGAP1;PTK6;RAD51C;RAD51B;CCND1;ROS1;SMARCA4;BRCA1;BRAF;BRCA2;STK11;SYK;HNF1B;TERT;TP53;PAX8;ARID1A;BRIP1;PPM1D;SKAP1;CCNE1;PLEKHM1"
"118","GO:0070585",0.000711077846725611,7.44642857142857,1.19733924611973,6,18,"protein localization to mitochondrion","CDKN2A;AKT1;IFNL3;NRG1;MTX1;TP53"
"119","GO:0072655",0.000711077846725611,7.44642857142857,1.19733924611973,6,18,"establishment of protein localization to mitochondrion","CDKN2A;AKT1;IFNL3;NRG1;MTX1;TP53"
"120","GO:0097190",0.000716066546040221,2.75714285714286,8.18181818181818,18,123,"apoptotic signaling pathway","CTNNB1;AKT1;ERCC6;GSTP1;MSH6;NRG1;KRT8;MLH1;MSH2;PIK3R1;WNT4;PPP2R1A;PTEN;BRCA1;BRCA2;STK11;TERT;TP53"
"121","GO:0051246",0.000716320436880341,2.10976890756303,24.9445676274945,39,375,"regulation of protein metabolic process","FRY;CDKN2A;CTNNB1;NEK10;GADD45A;DNMT1;DVL1;EGFR;ERBB2;AKT1;ERCC6;AKT2;FGFR2;DICER1;TIPARP;RSPO1;GSTP1;NRG1;KRAS;NF2;NSF;CDK12;PIK3CA;PPP2R1A;MAPK1;MAP2K1;PTEN;PTK6;CCND1;ROS1;FOXL2;BRCA1;BRAF;AURKA;STK11;SYK;TP53;CCNE1;CTIF"
"122","GO:0070371",0.000753316245926275,3.76877637130802,3.72505543237251,11,56,"ERK1 and ERK2 cascade","NEK10;EGFR;ERBB2;FGFR2;GSTP1;MAPK1;MAP2K1;PTEN;ROS1;BRAF;SYK"
"123","GO:0042063",0.00077333679245992,3.51233671988389,4.32372505543237,12,65,"gliogenesis","CTNNB1;ERBB2;AKT1;AKT2;DICER1;GSTP1;NRG1;KRAS;NF2;MAPK1;MAP2K1;PTEN"
"124","GO:0008104",0.000776000763647021,2.1916915557969,19.0243902439024,32,286,"protein localization","CDKN2A;CTNNB1;DVL1;EGFR;ERBB2;AKT1;AKT2;IFNL3;CD274;NRG1;MTX1;NF2;NSF;PIK3R1;LRP1B;WNT4;ATR;MAPK1;GOPC;BRCA1;BRAF;BRCA2;AURKA;STK11;SYK;HNF1B;TERT;TP53;FRAS1;SKAP1;CHMP4C;PLEKHM1"
"125","GO:0032868",0.000814688528705511,3.13947368421053,5.58758314855876,14,84,"response to insulin","EGFR;ERBB2;AKT1;AKT2;FGFR2;GSTP1;NRG1;KRAS;PIK3CA;PIK3R1;MAPK1;MAP2K1;BRAF;STK11"
"126","GO:0031570",0.000818390625261688,5.83333333333333,1.6629711751663,7,25,"DNA integrity checkpoint","BABAM1;MSH2;ATR;CCND1;BRCA1;TP53;BRIP1"
"127","GO:0000086",0.000840167859701062,4.415770609319,2.66075388026608,9,40,"G2/M transition of mitotic cell cycle","CDKN2A;GADD45A;ABCB1;PPP2R1A;RAD51C;RAD51B;CCND1;AURKA;PPM1D"
"128","GO:0010638",0.000843264129916048,2.88697788697789,6.9179600886918,16,104,"positive regulation of organelle organization","CTNNB1;DNMT1;AKT1;AKT2;FES;IFNL3;NRG1;NF2;WNT4;ATR;MAPK1;PTEN;BRCA1;BRAF;AURKA;TP53"
"129","GO:0007154",0.00085218434232857,2.1171405913674,49.4235033259423,64,743,"cell communication","SH2B3;CDKN2A;COL15A1;CTNNB1;NEK10;GADD45A;DVL1;EGFR;ERBB2;AKT1;ERCC6;AKT2;FES;FGFR2;FNTB;TIPARP;IFNL3;RSPO1;CD274;GSTP1;MSH6;NRG1;HOXD3;KCNH1;KRAS;KRT8;MLH1;ASNS;MSH2;NF2;NSF;CDK12;PIK3CA;PIK3R1;WNT4;ATR;RNF43;PPP2R1A;MAPK1;MAP2K1;GOPC;PTEN;SRGAP1;PTK6;CCND1;ROS1;SMARCA4;BRCA1;BRAF;BRCA2;STK11;SYK;HNF1B;TERT;TP53;PAX8;FRAS1;ARID1A;BRIP1;PPM1D;SKAP1;CCNE1;SNCAIP;PLEKHM1"
"130","GO:1901698",0.000884857142143528,2.41829071204487,11.9733924611973,23,180,"response to nitrogen compound","CTNNB1;DNMT1;EGFR;ERBB2;AKT1;AKT2;FGFR2;DICER1;GSTP1;NRG1;KRAS;ASNS;PIK3CA;PIK3R1;MAPK1;MAP2K1;PTEN;CCND1;BRCA1;BRAF;STK11;TERT;CCNE1"
"131","GO:0009967",0.000893831492214025,2.22928666371289,16.6962305986696,29,251,"positive regulation of signal transduction","SH2B3;CDKN2A;CTNNB1;NEK10;GADD45A;DVL1;EGFR;ERBB2;AKT1;ERCC6;AKT2;FGFR2;RSPO1;NRG1;KRAS;PIK3R1;WNT4;ATR;PPP2R1A;MAPK1;MAP2K1;PTEN;SMARCA4;BRAF;STK11;SYK;TERT;TP53;SKAP1"
"132","GO:0023014",0.000921621406834286,2.50142811805776,10.509977827051,21,158,"signal transduction by protein phosphorylation","CTNNB1;NEK10;GADD45A;EGFR;ERBB2;AKT1;ERCC6;FGFR2;GSTP1;NRG1;KCNH1;KRAS;NF2;CDK12;PPP2R1A;MAPK1;MAP2K1;PTEN;ROS1;BRAF;SYK"
"133","GO:0050896",0.000924102729574411,2.3859649122807,61.8625277161862,75,930,"response to stimulus","SH2B3;CDKN2A;COL15A1;CTNNB1;NEK10;GADD45A;DNMT1;DVL1;EGFR;ERBB2;AKT1;ERCC4;ERCC6;AKT2;FES;FGFR2;DICER1;FNTB;BOD1L1;TIPARP;IFNL3;RSPO1;BABAM1;CD274;GSTP1;MSH6;NRG1;HOXD3;EYS;KCNH1;KRAS;KRT8;MLH1;ASNS;MSH2;NF2;CDK12;ABCB1;PIK3CA;PIK3R1;PMS1;PMS2;WNT4;ATR;RNF43;PPP2R1A;MAPK1;MAP2K1;GOPC;PTEN;SRGAP1;PTK6;RAD51C;RAD51B;CCND1;ROS1;SMARCA4;BRCA1;BRAF;BRCA2;AURKA;STK11;SYK;HNF1B;TERT;TOP1;TP53;PAX8;ARID1A;BRIP1;PPM1D;SKAP1;CCNE1;ABCG2;PLEKHM1"
"134","GO:0032268",0.000928914543475245,2.09213040363028,23.4811529933481,37,353,"regulation of cellular protein metabolic process","FRY;CDKN2A;CTNNB1;NEK10;GADD45A;DNMT1;DVL1;EGFR;ERBB2;AKT1;ERCC6;AKT2;FGFR2;DICER1;RSPO1;GSTP1;NRG1;KRAS;NF2;CDK12;PIK3CA;PPP2R1A;MAPK1;MAP2K1;PTEN;PTK6;CCND1;ROS1;FOXL2;BRCA1;BRAF;AURKA;STK11;SYK;TP53;CCNE1;CTIF"
"135","GO:0090150",0.00097270275588191,3.92307692307692,3.25942350332594,10,49,"establishment of protein localization to membrane","EGFR;ERBB2;AKT1;AKT2;NSF;PIK3R1;WNT4;GOPC;BRAF;TP53"
"136","GO:0021782",0.000984131059239337,6.86813186813187,1.26385809312639,6,19,"glial cell development","AKT1;AKT2;DICER1;GSTP1;KRAS;PTEN"
"137","GO:0023056",0.00100449134132171,2.18723404255319,17.6274944567628,30,265,"positive regulation of signaling","SH2B3;CDKN2A;CTNNB1;NEK10;GADD45A;DVL1;EGFR;ERBB2;AKT1;ERCC6;AKT2;FGFR2;RSPO1;NRG1;KRAS;NSF;PIK3R1;WNT4;ATR;PPP2R1A;MAPK1;MAP2K1;PTEN;SMARCA4;BRAF;STK11;SYK;TERT;TP53;SKAP1"
"138","GO:0040007",0.00104040973100204,2.38355392847085,12.1064301552106,23,182,"growth","CDKN2A;DVL1;ERBB2;AKT1;ERCC6;FGFR2;DICER1;NRG1;EYS;PIK3CA;PPP2R1A;PTEN;PTK6;RAD51B;ROS1;SMARCA4;FOXL2;BRCA2;AURKA;STK11;HNF1B;TP53;CCNE1"
"139","GO:0032386",0.0010482365656796,2.81801801801802,7.0509977827051,16,106,"regulation of intracellular transport","CDKN2A;EGFR;ERBB2;AKT1;AKT2;FES;IFNL3;NRG1;PIK3R1;MAPK1;MAP2K1;GOPC;BRCA1;BRAF;SYK;TP53"
"140","GO:0030262",0.00108575090542447,43.5172413793103,0.266075388026608,3,4,"apoptotic nuclear changes","CDKN2A;DICER1;FOXL2"
"141","GO:0043412",0.0011267335617447,2.00224215246637,32.7937915742794,47,493,"macromolecule modification","FRY;CDKN2A;CTNNB1;NEK10;GADD45A;DNMT1;DVL1;EGFR;ERBB2;AKT1;ERCC6;AKT2;FES;FGFR2;FNTB;TIPARP;ABO;RSPO1;BABAM1;GSTP1;NRG1;KCNH1;KRAS;NF2;NSF;CDK12;PIK3CA;PIK3R1;ATR;RNF43;PPP2R1A;MAPK1;MAP2K1;PTEN;PTK6;CCND1;ROS1;BRCA1;BRAF;BRCA2;AURKA;STK11;SYK;TOP1;TP53;PPM1D;CCNE1"
"142","GO:0072657",0.00118201664913439,3.31593406593407,4.52328159645233,12,68,"protein localization to membrane","DVL1;EGFR;ERBB2;AKT1;AKT2;NSF;PIK3R1;WNT4;GOPC;BRAF;TP53;SKAP1"
"143","GO:0031401",0.00119066580418114,2.28444632290786,13.7694013303769,25,207,"positive regulation of protein modification process","CDKN2A;CTNNB1;NEK10;GADD45A;DNMT1;DVL1;EGFR;ERBB2;AKT1;ERCC6;AKT2;FGFR2;RSPO1;NRG1;KRAS;PIK3CA;MAPK1;MAP2K1;PTEN;CCND1;BRCA1;BRAF;STK11;SYK;TP53"
"144","GO:0051053",0.00121457864821997,4.64165103189493,2.26164079822616,8,34,"negative regulation of DNA metabolic process","ERCC4;MSH6;MLH1;MSH2;NF2;ATR;BRCA2;TP53"
"145","GO:2000377",0.00121457864821997,4.64165103189493,2.26164079822616,8,34,"regulation of reactive oxygen species metabolic process","GADD45A;EGFR;AKT1;AKT2;GSTP1;BRCA1;SYK;TP53"
"146","GO:1903047",0.00131281533583481,2.5256663950646,9.31263858093126,19,140,"mitotic cell cycle process","CDKN2A;GADD45A;EGFR;AKT1;FGFR2;BABAM1;MSH2;ABCB1;PPP2R1A;PTEN;RAD51C;RAD51B;CCND1;SMARCA4;AURKA;TP53;PPM1D;CCNE1;CHMP4C"
"147","GO:0007010",0.00131375085021901,2.46892039258451,10.0443458980044,20,151,"cytoskeleton organization","FRY;CTNNB1;GADD45A;DVL1;FES;DICER1;KRAS;KRT8;MLH1;NF2;PIK3R1;WNT4;PPP2R1A;MAPK1;PTEN;BRCA1;BRAF;BRCA2;AURKA;CHMP4C"
"148","GO:0014070",0.00131838214823051,2.33305693753455,12.3059866962306,23,185,"response to organic cyclic compound","CTNNB1;DNMT1;EGFR;AKT1;AKT2;DICER1;FNTB;TIPARP;GSTP1;KRAS;ASNS;MAPK1;PTEN;CCND1;SMARCA4;BRCA1;BRAF;BRCA2;AURKA;HNF1B;TERT;ARID1A;CCNE1"
"149","GO:0071375",0.0013231797840187,2.8433734939759,6.51884700665188,15,98,"cellular response to peptide hormone stimulus","CTNNB1;EGFR;ERBB2;AKT1;AKT2;FGFR2;GSTP1;NRG1;KRAS;PIK3CA;PIK3R1;MAPK1;MAP2K1;BRAF;STK11"
"150","GO:0051234",0.00132726294929652,1.98581560283688,31.1308203991131,45,468,"establishment of localization","CDKN2A;CTNNB1;DVL1;EGFR;ERBB2;AKT1;AKT2;FES;FGFR2;IFNL3;RSPO1;SLC9A9;CD274;NRG1;KCNH1;MLH1;MTX1;NSF;ABCB1;PIK3CA;PIK3R1;LRP1B;WNT4;ATR;MAPK1;MAP2K1;GOPC;PTEN;CCND1;ROS1;BRCA1;BRAF;BRCA2;SYK;HNF1B;TERT;TP53;PAX8;FRAS1;ARID1A;TUBA1C;CHMP4C;ABCG2;SNCAIP;PLEKHM1"
"151","GO:0006839",0.00133136889374357,6.37244897959184,1.33037694013304,6,20,"mitochondrial transport","CDKN2A;AKT1;IFNL3;NRG1;MTX1;TP53"
"152","GO:0030111",0.00135295104277938,3.25506072874494,4.58980044345898,12,69,"regulation of Wnt signaling pathway","CTNNB1;DVL1;FGFR2;RSPO1;WNT4;RNF43;PPP2R1A;CCND1;SMARCA4;STK11;HNF1B;TERT"
"153","GO:0009790",0.00138762025978191,2.225,14.7006651884701,26,221,"embryo development","SH2B3;CTNNB1;DVL1;EGFR;AKT1;FGFR2;DICER1;NRG1;HOXD3;KRT8;MSH2;NF2;LRP1B;WNT4;MAPK1;MAP2K1;RAD51B;FOXL2;BRCA1;BRCA2;HNF1B;TOP1;TP53;PAX8;FRAS1;ARID1A"
"154","GO:0051641",0.0013949642261022,2.03166072784625,23.9467849223947,37,360,"cellular localization","CDKN2A;CTNNB1;DVL1;EGFR;ERBB2;AKT1;AKT2;FES;FGFR2;IFNL3;CD274;NRG1;MLH1;MTX1;NF2;NSF;PIK3R1;WNT4;ATR;MAPK1;MAP2K1;GOPC;PTEN;BRCA1;BRAF;BRCA2;AURKA;STK11;SYK;HNF1B;TERT;TP53;PAX8;TUBA1C;SKAP1;CHMP4C;SNCAIP"
"155","GO:0032870",0.0014083451375943,2.40263319044703,10.8425720620843,21,163,"cellular response to hormone stimulus","CTNNB1;EGFR;ERBB2;AKT1;AKT2;FGFR2;GSTP1;NRG1;KRAS;ASNS;PIK3CA;PIK3R1;MAPK1;MAP2K1;SMARCA4;BRCA1;BRAF;STK11;PAX8;ARID1A;CCNE1"
"156","GO:0051128",0.00141508131236994,2.05168744299179,22.2172949002217,35,334,"regulation of cellular component organization","CDKN2A;CTNNB1;DNMT1;DVL1;ERBB2;AKT1;ERCC4;AKT2;FES;FGFR2;IFNL3;RSPO1;NRG1;MSH2;NF2;PIK3R1;WNT4;ATR;PPP2R1A;MAPK1;MAP2K1;GOPC;PTEN;PTK6;SMARCA4;BRCA1;BRAF;AURKA;STK11;SYK;HNF1B;TP53;PAX8;CHMP4C;SNCAIP"
"157","GO:0010165",0.00144615234441905,8.19607843137255,0.931263858093126,5,14,"response to X-ray","ERCC6;MSH2;CCND1;BRCA2;TP53"
"158","GO:0010243",0.00152865659274095,2.38370325326847,10.9090909090909,21,164,"response to organonitrogen compound","CTNNB1;DNMT1;EGFR;ERBB2;AKT1;AKT2;FGFR2;GSTP1;NRG1;KRAS;ASNS;PIK3CA;PIK3R1;MAPK1;MAP2K1;PTEN;CCND1;BRCA1;BRAF;STK11;CCNE1"
"159","GO:0019538",0.00153709213051545,1.96343692870201,39.9778270509978,54,601,"protein metabolic process","FRY;CDKN2A;CTNNB1;NEK10;GADD45A;DNMT1;DVL1;EGFR;ERBB2;AKT1;ERCC6;AKT2;FES;FGFR2;FNTB;TIPARP;ABO;RSPO1;BABAM1;GSTP1;NRG1;KCNH1;KRAS;ASNS;MTX1;NF2;NSF;CDK12;PIK3CA;PIK3R1;ATR;RNF43;PPP2R1A;MAPK1;MAP2K1;PTEN;PTK6;CCND1;ROS1;FOXL2;BRCA1;BRAF;BRCA2;AURKA;STK11;SYK;TOP1;TP53;TUBA1C;PPM1D;CCNE1;CHMP4C;SNCAIP;CTIF"
"160","GO:0051347",0.00155347615070053,2.54424778761062,8.7139689578714,18,131,"positive regulation of transferase activity","CTNNB1;NEK10;GADD45A;EGFR;ERBB2;AKT1;ERCC6;FGFR2;NRG1;KRAS;PIK3CA;MAPK1;MAP2K1;PTEN;CCND1;BRAF;STK11;SYK"
"161","GO:0000165",0.00155836875745758,2.42749731471536,10.1773835920177,20,153,"MAPK cascade","CTNNB1;NEK10;GADD45A;EGFR;ERBB2;AKT1;ERCC6;FGFR2;GSTP1;NRG1;KRAS;NF2;CDK12;PPP2R1A;MAPK1;MAP2K1;PTEN;ROS1;BRAF;SYK"
"162","GO:1901699",0.00156803869481696,2.48024733768464,9.44567627494457,19,142,"cellular response to nitrogen compound","CTNNB1;DNMT1;EGFR;ERBB2;AKT1;AKT2;FGFR2;DICER1;GSTP1;NRG1;KRAS;PIK3CA;PIK3R1;MAPK1;MAP2K1;BRCA1;BRAF;STK11;TERT"
"163","GO:0051130",0.0015931804049214,2.22704714640198,14.0354767184035,25,211,"positive regulation of cellular component organization","CTNNB1;DNMT1;DVL1;ERBB2;AKT1;AKT2;FES;IFNL3;NRG1;NF2;PIK3R1;WNT4;ATR;MAPK1;MAP2K1;PTEN;PTK6;BRCA1;BRAF;AURKA;STK11;SYK;HNF1B;TP53;PAX8"
"164","GO:0019220",0.00162721392945569,2.0872147337515,18.9578713968958,31,285,"regulation of phosphate metabolic process","CDKN2A;CTNNB1;NEK10;GADD45A;DVL1;EGFR;ERBB2;AKT1;ERCC6;AKT2;FGFR2;RSPO1;GSTP1;NRG1;KRAS;NF2;CDK12;PIK3CA;PIK3R1;PPP2R1A;MAPK1;MAP2K1;PTEN;PTK6;CCND1;ROS1;BRAF;STK11;SYK;TP53;CCNE1"
"165","GO:0051174",0.00162721392945569,2.0872147337515,18.9578713968958,31,285,"regulation of phosphorus metabolic process","CDKN2A;CTNNB1;NEK10;GADD45A;DVL1;EGFR;ERBB2;AKT1;ERCC6;AKT2;FGFR2;RSPO1;GSTP1;NRG1;KRAS;NF2;CDK12;PIK3CA;PIK3R1;PPP2R1A;MAPK1;MAP2K1;PTEN;PTK6;CCND1;ROS1;BRAF;STK11;SYK;TP53;CCNE1"
"166","GO:0035556",0.0017190185939893,1.97582417582418,26.8736141906874,40,404,"intracellular signal transduction","SH2B3;CDKN2A;CTNNB1;NEK10;GADD45A;DVL1;EGFR;ERBB2;AKT1;ERCC6;AKT2;FGFR2;IFNL3;GSTP1;MSH6;NRG1;KCNH1;KRAS;MLH1;MSH2;NF2;CDK12;PIK3CA;PIK3R1;ATR;PPP2R1A;MAPK1;MAP2K1;GOPC;PTEN;SRGAP1;PTK6;ROS1;BRCA1;BRAF;BRCA2;STK11;SYK;TP53;PLEKHM1"
"167","GO:0008283",0.00174593685132731,1.9982689977497,24.2128603104213,37,364,"cell proliferation","CDKN2A;CTNNB1;DNMT1;EGFR;ERBB2;AKT1;FES;FGFR2;DICER1;FNTB;RSPO1;CD274;GSTP1;NRG1;KCNH1;KRAS;NF2;ABCB1;WNT4;RNF43;MAPK1;MAP2K1;PTEN;PTK6;RAD51B;CCND1;ROS1;BRCA1;BRAF;BRCA2;STK11;SYK;HNF1B;TERT;TP53;BRIP1;PPM1D"
"168","GO:0010256",0.00175678395129989,3.13950456323338,4.72283813747228,12,71,"endomembrane system organization","AKT1;AKT2;NSF;PIK3R1;WNT4;PPP2R1A;MAPK1;MAP2K1;GOPC;PTEN;SKAP1;CHMP4C"
"169","GO:0042127",0.00176115808159237,2.05811700891127,19.8891352549889,32,299,"regulation of cell proliferation","CDKN2A;CTNNB1;DNMT1;EGFR;ERBB2;AKT1;FES;FGFR2;DICER1;FNTB;RSPO1;CD274;GSTP1;NRG1;KCNH1;KRAS;NF2;MAPK1;MAP2K1;PTEN;PTK6;RAD51B;CCND1;BRCA1;BRAF;BRCA2;STK11;SYK;TERT;TP53;BRIP1;PPM1D"
"170","GO:0001953",0.00178426122452979,11.7023255813953,0.598669623059867,4,9,"negative regulation of cell-matrix adhesion","CDKN2A;NF2;PIK3R1;PTEN"
"171","GO:0051276",0.00178795688907739,2.26856680453156,12.5720620842572,23,189,"chromosome organization","CDKN2A;CTNNB1;DNMT1;ERCC4;BABAM1;MLH1;MSH2;ATR;PPP2R1A;MAPK1;PTEN;RAD51C;CCND1;SMARCA4;BRCA1;BRCA2;AURKA;TERT;TOP1;TP53;ARID1A;BRIP1;CHMP4C"
"172","GO:0031647",0.00181177537857454,4.30313588850174,2.39467849223947,8,36,"regulation of protein stability","CDKN2A;DVL1;NF2;PIK3R1;MAPK1;PTEN;AURKA;TERT"
"173","GO:1901653",0.00182216540107253,2.73720930232558,6.71840354767184,15,101,"cellular response to peptide","CTNNB1;EGFR;ERBB2;AKT1;AKT2;FGFR2;GSTP1;NRG1;KRAS;PIK3CA;PIK3R1;MAPK1;MAP2K1;BRAF;STK11"
"174","GO:0007276",0.00185389731469288,2.83732057416268,6.05321507760532,14,91,"gamete generation","CTNNB1;AKT1;RSPO1;MLH1;MSH2;WNT4;PPP2R1A;RAD51C;ROS1;SMARCA4;FOXL2;BRCA2;AURKA;STK11"
"175","GO:0051247",0.0018547977836333,2.10159712938859,17.4279379157428,29,262,"positive regulation of protein metabolic process","CDKN2A;CTNNB1;NEK10;GADD45A;DNMT1;DVL1;EGFR;ERBB2;AKT1;ERCC6;AKT2;FGFR2;TIPARP;RSPO1;NRG1;KRAS;NSF;PIK3CA;MAPK1;MAP2K1;PTEN;CCND1;FOXL2;BRCA1;BRAF;AURKA;STK11;SYK;TP53"
"176","GO:0033365",0.00186155626536323,2.49565217391304,8.8470066518847,18,133,"protein localization to organelle","CDKN2A;DVL1;EGFR;AKT1;IFNL3;NRG1;MTX1;NF2;PIK3R1;ATR;MAPK1;BRCA1;BRCA2;AURKA;STK11;SYK;TERT;TP53"
"177","GO:0006950",0.00189346181769996,1.93001060445387,35.3880266075388,49,532,"response to stress","SH2B3;CDKN2A;CTNNB1;GADD45A;DNMT1;EGFR;ERBB2;AKT1;ERCC4;ERCC6;AKT2;FES;FGFR2;DICER1;FNTB;BOD1L1;IFNL3;BABAM1;GSTP1;MSH6;NRG1;EYS;KRAS;KRT8;MLH1;ASNS;MSH2;PIK3CA;PIK3R1;PMS1;PMS2;WNT4;ATR;MAPK1;MAP2K1;PTEN;PTK6;RAD51C;RAD51B;CCND1;BRCA1;BRAF;BRCA2;STK11;SYK;TERT;TP53;BRIP1;PPM1D"
"178","GO:0018108",0.002067625902307,2.79858299595142,6.11973392461197,14,92,"peptidyl-tyrosine phosphorylation","EGFR;ERBB2;ERCC6;FES;FGFR2;NRG1;NF2;PPP2R1A;MAP2K1;PTK6;ROS1;STK11;SYK;TP53"
"179","GO:0018212",0.002067625902307,2.79858299595142,6.11973392461197,14,92,"peptidyl-tyrosine modification","EGFR;ERBB2;ERCC6;FES;FGFR2;NRG1;NF2;PPP2R1A;MAP2K1;PTK6;ROS1;STK11;SYK;TP53"
"180","GO:0007272",0.00213193707521958,4.75739320920044,1.9290465631929,7,29,"ensheathment of neurons","CTNNB1;ERBB2;AKT1;AKT2;DICER1;NRG1;PTEN"
"181","GO:0008366",0.00213193707521958,4.75739320920044,1.9290465631929,7,29,"axon ensheathment","CTNNB1;ERBB2;AKT1;AKT2;DICER1;NRG1;PTEN"
"182","GO:0042552",0.00213193707521958,4.75739320920044,1.9290465631929,7,29,"myelination","CTNNB1;ERBB2;AKT1;AKT2;DICER1;NRG1;PTEN"
"183","GO:0048609",0.00234633000365247,2.57032542746828,7.58314855875831,16,114,"multicellular organismal reproductive process","CTNNB1;AKT1;RSPO1;MLH1;MSH2;WNT4;PPP2R1A;PTEN;RAD51C;ROS1;SMARCA4;FOXL2;BRCA2;AURKA;STK11;CCNE1"
"184","GO:0001934",0.00234776604345735,2.24639289678135,12.039911308204,22,181,"positive regulation of protein phosphorylation","CTNNB1;NEK10;GADD45A;DVL1;EGFR;ERBB2;AKT1;ERCC6;AKT2;FGFR2;RSPO1;NRG1;KRAS;PIK3CA;MAPK1;MAP2K1;PTEN;CCND1;BRAF;STK11;SYK;TP53"
"185","GO:0051179",0.00244174285989727,1.89935792145737,39.6452328159645,53,596,"localization","CDKN2A;CTNNB1;DVL1;EGFR;ERBB2;AKT1;AKT2;FES;FGFR2;IFNL3;RSPO1;SLC9A9;CD274;GSTP1;NRG1;KCNH1;KRAS;MLH1;MTX1;NF2;NSF;ABCB1;PIK3CA;PIK3R1;LRP1B;WNT4;ATR;MAPK1;MAP2K1;GOPC;PTEN;SRGAP1;PTK6;CCND1;ROS1;BRCA1;BRAF;BRCA2;AURKA;STK11;SYK;HNF1B;TERT;TP53;PAX8;FRAS1;ARID1A;TUBA1C;SKAP1;CHMP4C;ABCG2;SNCAIP;PLEKHM1"
"186","GO:0016055",0.0025570297432826,2.72401315789474,6.25277161862528,14,94,"Wnt signaling pathway","CTNNB1;DVL1;FGFR2;RSPO1;WNT4;RNF43;PPP2R1A;PTEN;CCND1;SMARCA4;STK11;HNF1B;TERT;CCNE1"
"187","GO:0031667",0.0025570297432826,2.72401315789474,6.25277161862528,14,94,"response to nutrient levels","DNMT1;AKT1;AKT2;GSTP1;ASNS;WNT4;PTEN;CCND1;BRCA1;BRCA2;TP53;BRIP1;PPM1D;CCNE1"
"188","GO:0043085",0.00255939391048889,2.10891544117647,15.2993348115299,26,230,"positive regulation of catalytic activity","CDKN2A;CTNNB1;NEK10;GADD45A;EGFR;ERBB2;AKT1;ERCC6;AKT2;FGFR2;MSH6;NRG1;KRAS;MSH2;PIK3CA;WNT4;MAPK1;MAP2K1;PTEN;SRGAP1;CCND1;FOXL2;BRAF;STK11;SYK;TERT"
"189","GO:0032504",0.00257746960517018,2.54217854217854,7.64966740576497,16,115,"multicellular organism reproduction","CTNNB1;AKT1;RSPO1;MLH1;MSH2;WNT4;PPP2R1A;PTEN;RAD51C;ROS1;SMARCA4;FOXL2;BRCA2;AURKA;STK11;CCNE1"
"190","GO:0006978",0.0025835500861209,21.7413793103448,0.332594235033259,3,5,"DNA damage response, signal transduction by p53 class mediator resulting in transcription of p21 class mediator","BRCA1;BRCA2;TP53"
"191","GO:0008340",0.0025835500861209,21.7413793103448,0.332594235033259,3,5,"determination of adult lifespan","MSH6;MSH2;TP53"
"192","GO:0031049",0.0025835500861209,21.7413793103448,0.332594235033259,3,5,"programmed DNA elimination","BRCA1;BRCA2;TP53"
"193","GO:0031052",0.0025835500861209,21.7413793103448,0.332594235033259,3,5,"chromosome breakage","BRCA1;BRCA2;TP53"
"194","GO:0031657",0.0025835500861209,21.7413793103448,0.332594235033259,3,5,"regulation of cyclin-dependent protein serine/threonine kinase activity involved in G1/S transition of mitotic cell cycle","EGFR;AKT1;PTEN"
"195","GO:0033079",0.0025835500861209,21.7413793103448,0.332594235033259,3,5,"immature T cell proliferation","CDKN2A;ERBB2;WNT4"
"196","GO:0033080",0.0025835500861209,21.7413793103448,0.332594235033259,3,5,"immature T cell proliferation in thymus","CDKN2A;ERBB2;WNT4"
"197","GO:0042772",0.0025835500861209,21.7413793103448,0.332594235033259,3,5,"DNA damage response, signal transduction resulting in transcription","BRCA1;BRCA2;TP53"
"198","GO:2000191",0.0025835500861209,21.7413793103448,0.332594235033259,3,5,"regulation of fatty acid transport","AKT1;AKT2;SYK"
"199","GO:0010647",0.00269045734195859,2.03690239385417,17.8270509977827,29,268,"positive regulation of cell communication","SH2B3;CDKN2A;CTNNB1;NEK10;GADD45A;DVL1;EGFR;ERBB2;AKT1;ERCC6;AKT2;FGFR2;RSPO1;NRG1;KRAS;PIK3R1;WNT4;ATR;PPP2R1A;MAPK1;MAP2K1;PTEN;SMARCA4;BRAF;STK11;SYK;TERT;TP53;SKAP1"
"200","GO:0019953",0.00272562156389178,2.60666666666667,6.98447893569845,15,105,"sexual reproduction","CTNNB1;AKT1;RSPO1;MLH1;MSH2;WNT4;PPP2R1A;PTEN;RAD51C;ROS1;SMARCA4;FOXL2;BRCA2;AURKA;STK11"
"201","GO:0071902",0.00273641809499979,3.11744022503516,4.32372505543237,11,65,"positive regulation of protein serine/threonine kinase activity","NEK10;GADD45A;EGFR;ERBB2;AKT1;ERCC6;KRAS;MAPK1;MAP2K1;CCND1;SYK"
"202","GO:0006626",0.00282338858255431,9.74418604651163,0.665188470066519,4,10,"protein targeting to mitochondrion","CDKN2A;IFNL3;NRG1;MTX1"
"203","GO:0006921",0.00282338858255431,9.74418604651163,0.665188470066519,4,10,"cellular component disassembly involved in execution phase of apoptosis","CDKN2A;CTNNB1;DICER1;FOXL2"
"204","GO:0032768",0.00282338858255431,9.74418604651163,0.665188470066519,4,10,"regulation of monooxygenase activity","EGFR;AKT1;KRAS;TERT"
"205","GO:0050999",0.00282338858255431,9.74418604651163,0.665188470066519,4,10,"regulation of nitric-oxide synthase activity","EGFR;AKT1;KRAS;TERT"
"206","GO:0097479",0.00282338858255431,9.74418604651163,0.665188470066519,4,10,"synaptic vesicle localization","CTNNB1;FGFR2;PTEN;BRAF"
"207","GO:0007422",0.00283549710396341,6.6951871657754,1.06430155210643,5,16,"peripheral nervous system development","ERBB2;AKT1;AKT2;DICER1;NRG1"
"208","GO:1903747",0.00283549710396341,6.6951871657754,1.06430155210643,5,16,"regulation of establishment of protein localization to mitochondrion","CDKN2A;AKT1;IFNL3;NRG1;TP53"
"209","GO:0032270",0.0028544813477603,2.06583278472679,16.2305986696231,27,244,"positive regulation of cellular protein metabolic process","CDKN2A;CTNNB1;NEK10;GADD45A;DNMT1;DVL1;EGFR;ERBB2;AKT1;ERCC6;AKT2;FGFR2;RSPO1;NRG1;KRAS;PIK3CA;MAPK1;MAP2K1;PTEN;CCND1;FOXL2;BRCA1;BRAF;AURKA;STK11;SYK;TP53"
"210","GO:0080135",0.00287138068146844,2.44097135740971,8.44789356984479,17,127,"regulation of cellular response to stress","CDKN2A;GADD45A;EGFR;AKT1;ERCC6;BABAM1;GSTP1;PIK3R1;ATR;MAPK1;MAP2K1;PTEN;BRCA1;BRAF;SYK;TERT;TP53"
"211","GO:2000379",0.00294544444627599,5.23529411764706,1.52993348115299,6,23,"positive regulation of reactive oxygen species metabolic process","GADD45A;EGFR;AKT1;AKT2;GSTP1;TP53"
"212","GO:0043434",0.00300211359656413,2.57582417582418,7.0509977827051,15,106,"response to peptide hormone","CTNNB1;EGFR;ERBB2;AKT1;AKT2;FGFR2;GSTP1;NRG1;KRAS;PIK3CA;PIK3R1;MAPK1;MAP2K1;BRAF;STK11"
"213","GO:0000226",0.00310495307865983,3.05822784810127,4.39024390243902,11,66,"microtubule cytoskeleton organization","CTNNB1;GADD45A;DVL1;FES;DICER1;MLH1;PPP2R1A;BRCA1;BRCA2;AURKA;CHMP4C"
"214","GO:0072593",0.00311945568896181,3.87726199842644,2.59423503325942,8,39,"reactive oxygen species metabolic process","GADD45A;EGFR;AKT1;AKT2;GSTP1;BRCA1;SYK;TP53"
"215","GO:0022411",0.00321694432198051,2.88221153846154,5.05543237250554,12,76,"cellular component disassembly","CDKN2A;COL15A1;CTNNB1;DICER1;NRG1;PIK3CA;MAP2K1;SMARCA4;FOXL2;AURKA;TP53;ARID1A"
"216","GO:0061180",0.00321786074511066,4.3539156626506,2.06208425720621,7,31,"mammary gland epithelium development","AKT1;AKT2;FGFR2;WNT4;MAPK1;CCND1;BRCA2"
"217","GO:1900182",0.00321786074511066,4.3539156626506,2.06208425720621,7,31,"positive regulation of protein localization to nucleus","CDKN2A;EGFR;AKT1;PIK3R1;BRCA1;STK11;TERT"
"218","GO:0006469",0.00329997749685471,3.48717948717949,3.19290465631929,9,48,"negative regulation of protein kinase activity","CDKN2A;GADD45A;DVL1;AKT1;GSTP1;NF2;PPP2R1A;PTEN;PTK6"
"219","GO:1901700",0.0033356606781453,2.01759530791789,17.2283813747228,28,259,"response to oxygen-containing compound","CTNNB1;DNMT1;EGFR;ERBB2;AKT1;ERCC6;AKT2;FGFR2;GSTP1;NRG1;KRAS;KRT8;ASNS;PIK3CA;PIK3R1;MAPK1;MAP2K1;PTEN;PTK6;CCND1;SMARCA4;BRCA1;BRAF;BRCA2;AURKA;STK11;HNF1B;CCNE1"
"220","GO:0007165",0.00334483158072053,1.88224536449073,46.1640798226164,59,694,"signal transduction","SH2B3;CDKN2A;COL15A1;CTNNB1;NEK10;GADD45A;DVL1;EGFR;ERBB2;AKT1;ERCC6;AKT2;FES;FGFR2;FNTB;TIPARP;IFNL3;RSPO1;CD274;GSTP1;MSH6;NRG1;HOXD3;KCNH1;KRAS;KRT8;MLH1;ASNS;MSH2;NF2;CDK12;PIK3CA;PIK3R1;WNT4;ATR;RNF43;PPP2R1A;MAPK1;MAP2K1;GOPC;PTEN;SRGAP1;PTK6;CCND1;ROS1;SMARCA4;BRCA1;BRAF;BRCA2;STK11;SYK;HNF1B;TERT;TP53;PAX8;ARID1A;SKAP1;CCNE1;PLEKHM1"
"221","GO:0071417",0.00341094062321521,2.3932240704501,8.58093126385809,17,129,"cellular response to organonitrogen compound","CTNNB1;DNMT1;EGFR;ERBB2;AKT1;AKT2;FGFR2;GSTP1;NRG1;KRAS;PIK3CA;PIK3R1;MAPK1;MAP2K1;BRCA1;BRAF;STK11"
"222","GO:0044237",0.00357529765701143,2.2348796241926,66.119733924612,77,994,"cellular metabolic process","FRY;CDKN2A;CTNNB1;NEK10;GADD45A;DNMT1;DVL1;EGFR;ERBB2;AKT1;ERCC4;ERCC6;AKT2;FES;FGFR2;RALY;DICER1;FNTB;BOD1L1;TIPARP;ABO;RSPO1;BABAM1;GSTP1;MSH6;NRG1;HOXD3;KCNH1;KRAS;MLH1;ASNS;MSH2;MTX1;NF2;NSF;CDK12;PIK3CA;PIK3R1;PMS1;PMS2;WNT4;ATR;RNF43;PPP2R1A;MAPK1;MAP2K1;PTEN;PTK6;RAD51C;RAD51B;BCKDHB;CCND1;ROS1;SMARCA4;FOXL2;BRCA1;BRAF;BRCA2;AURKA;STK11;SYK;HNF1B;TERT;TOP1;TP53;PAX8;MLLT10;ARID1A;BRIP1;TUBA1C;PPM1D;SKAP1;CCNE1;CHMP4C;ABCG2;SNCAIP;CTIF"
"223","GO:0048568",0.00362526433462631,2.51612903225806,7.1840354767184,15,108,"embryonic organ development","SH2B3;CTNNB1;DVL1;EGFR;AKT1;FGFR2;HOXD3;KRT8;MAPK1;MAP2K1;FOXL2;HNF1B;TP53;PAX8;ARID1A"
"224","GO:0010565",0.00371971301054002,4.94047619047619,1.59645232815965,6,24,"regulation of cellular ketone metabolic process","AKT1;AKT2;WNT4;BRCA1;STK11;PAX8"
"225","GO:0033077",0.00371971301054002,4.94047619047619,1.59645232815965,6,24,"T cell differentiation in thymus","CDKN2A;CTNNB1;ERBB2;WNT4;STK11;TP53"
"226","GO:0071594",0.00371971301054002,4.94047619047619,1.59645232815965,6,24,"thymocyte aggregation","CDKN2A;CTNNB1;ERBB2;WNT4;STK11;TP53"
"227","GO:0051493",0.00373539942743152,3.1640625,3.85809312638581,10,58,"regulation of cytoskeleton organization","CTNNB1;FES;NF2;PIK3R1;WNT4;MAPK1;BRCA1;BRAF;AURKA;CHMP4C"
"228","GO:0045003",0.00380835791416073,6.13235294117647,1.13082039911308,5,17,"double-strand break repair via synthesis-dependent strand annealing","RAD51C;RAD51B;BRCA1;BRCA2;BRIP1"
"229","GO:1902749",0.00380835791416073,6.13235294117647,1.13082039911308,5,17,"regulation of cell cycle G2/M phase transition","CDKN2A;NEK10;RAD51C;RAD51B;CCND1"
"230","GO:0043066",0.00381819644236721,2.17559607293128,11.7073170731707,21,176,"negative regulation of apoptotic process","CTNNB1;EGFR;AKT1;AKT2;FGFR2;GSTP1;NRG1;KRAS;ASNS;MSH2;PIK3CA;PIK3R1;WNT4;PTEN;BRCA1;BRAF;AURKA;HNF1B;TERT;TP53;PAX8"
"231","GO:0044802",0.00382605840554254,2.58552631578947,6.51884700665188,14,98,"single-organism membrane organization","DVL1;EGFR;ERBB2;AKT1;AKT2;NSF;PIK3R1;WNT4;PPP2R1A;GOPC;PTEN;BRAF;TP53;SKAP1"
"232","GO:0007569",0.00389871931479894,4.17638554216868,2.12860310421286,7,32,"cell aging","CDKN2A;ATR;MAP2K1;PTEN;BRCA2;TERT;TP53"
"233","GO:0043491",0.00389871931479894,4.17638554216868,2.12860310421286,7,32,"protein kinase B signaling","EGFR;AKT1;AKT2;NRG1;PIK3CA;PTEN;STK11"
"234","GO:0023051",0.00393153038889451,1.84698275862069,29.80044345898,42,448,"regulation of signaling","SH2B3;CDKN2A;CTNNB1;NEK10;GADD45A;DVL1;EGFR;ERBB2;AKT1;ERCC6;AKT2;FGFR2;FNTB;RSPO1;GSTP1;NRG1;KRAS;NF2;NSF;CDK12;PIK3R1;WNT4;ATR;RNF43;PPP2R1A;MAPK1;MAP2K1;PTEN;SRGAP1;CCND1;ROS1;SMARCA4;BRCA1;BRAF;STK11;SYK;HNF1B;TERT;TP53;PAX8;SKAP1;SNCAIP"
"235","GO:0007568",0.00396240520399289,2.94603597601599,4.52328159645233,11,68,"aging","CDKN2A;DNMT1;AKT1;MSH6;MSH2;ATR;MAP2K1;PTEN;BRCA2;TERT;TP53"
"236","GO:0001701",0.00396905262592611,2.67428571428571,5.85365853658537,13,88,"in utero embryonic development","CTNNB1;EGFR;AKT1;FGFR2;KRT8;MSH2;LRP1B;MAPK1;MAP2K1;RAD51B;BRCA2;HNF1B;TP53"
"237","GO:0016043",0.00397487612551591,1.85854914432834,46.430155210643,59,698,"cellular component organization","FRY;CDKN2A;COL15A1;CTNNB1;GADD45A;DNMT1;DVL1;EGFR;ERBB2;AKT1;ERCC4;AKT2;FES;FGFR2;DICER1;IFNL3;RSPO1;BABAM1;MSH6;NRG1;KRAS;KRT8;MLH1;MSH2;MTX1;NF2;NSF;PIK3CA;PIK3R1;WNT4;ATR;PPP2R1A;MAPK1;MAP2K1;GOPC;PTEN;SRGAP1;PTK6;RAD51C;RAD51B;CCND1;SMARCA4;FOXL2;BRCA1;BRAF;BRCA2;AURKA;STK11;SYK;HNF1B;TERT;TOP1;TP53;PAX8;ARID1A;BRIP1;SKAP1;CHMP4C;SNCAIP"
"238","GO:0016049",0.00402624530362257,2.79020979020979,5.18847006651885,12,78,"cell growth","CDKN2A;DVL1;ERBB2;AKT1;NRG1;PPP2R1A;ROS1;SMARCA4;FOXL2;AURKA;STK11;TP53"
"239","GO:0060322",0.00416772143128342,2.23599374021909,10.2439024390244,19,154,"head development","CTNNB1;DNMT1;EGFR;FGFR2;DICER1;TIPARP;NRG1;KRAS;NF2;WNT4;MAPK1;MAP2K1;PTEN;BRCA1;BRAF;BRCA2;HNF1B;TP53;ARID1A"
"240","GO:0060711",0.00421279725082025,8.34551495016611,0.731707317073171,4,11,"labyrinthine layer development","AKT1;FGFR2;MAPK1;MAP2K1"
"241","GO:0009991",0.00421333297340635,2.55294117647059,6.58536585365854,14,99,"response to extracellular stimulus","DNMT1;AKT1;AKT2;GSTP1;ASNS;WNT4;PTEN;CCND1;BRCA1;BRCA2;TP53;BRIP1;PPM1D;CCNE1"
"242","GO:1901987",0.00425342122616354,3.0969387755102,3.92461197339246,10,59,"regulation of cell cycle phase transition","CDKN2A;NEK10;EGFR;AKT1;PTEN;RAD51C;RAD51B;CCND1;SMARCA4;TP53"
"243","GO:0030155",0.00437732302436152,2.32471709350804,8.78048780487805,17,132,"regulation of cell adhesion","CDKN2A;CTNNB1;ERBB2;AKT1;FES;IFNL3;CD274;NRG1;NF2;PIK3CA;PIK3R1;WNT4;PPP2R1A;PTEN;BRAF;SYK;SKAP1"
"244","GO:0007141",0.00437882942573374,Inf,0.133037694013304,2,2,"male meiosis I","RAD51C;BRCA2"
"245","GO:0010746",0.00437882942573374,Inf,0.133037694013304,2,2,"regulation of plasma membrane long-chain fatty acid transport","AKT1;AKT2"
"246","GO:0010748",0.00437882942573374,Inf,0.133037694013304,2,2,"negative regulation of plasma membrane long-chain fatty acid transport","AKT1;AKT2"
"247","GO:0015911",0.00437882942573374,Inf,0.133037694013304,2,2,"plasma membrane long-chain fatty acid transport","AKT1;AKT2"
"248","GO:0030237",0.00437882942573374,Inf,0.133037694013304,2,2,"female sex determination","WNT4;FOXL2"
"249","GO:0042908",0.00437882942573374,Inf,0.133037694013304,2,2,"xenobiotic transport","ABCB1;ABCG2"
"250","GO:0043060",0.00437882942573374,Inf,0.133037694013304,2,2,"meiotic metaphase I plate congression","MLH1;BRCA2"
"251","GO:0045144",0.00437882942573374,Inf,0.133037694013304,2,2,"meiotic sister chromatid segregation","PPP2R1A;RAD51C"
"252","GO:0048793",0.00437882942573374,Inf,0.133037694013304,2,2,"pronephros development","HNF1B;PAX8"
"253","GO:0051177",0.00437882942573374,Inf,0.133037694013304,2,2,"meiotic sister chromatid cohesion","PPP2R1A;RAD51C"
"254","GO:0051311",0.00437882942573374,Inf,0.133037694013304,2,2,"meiotic metaphase plate congression","MLH1;BRCA2"
"255","GO:0072038",0.00437882942573374,Inf,0.133037694013304,2,2,"mesenchymal stem cell maintenance involved in nephron morphogenesis","HNF1B;PAX8"
"256","GO:0072039",0.00437882942573374,Inf,0.133037694013304,2,2,"regulation of mesenchymal cell apoptotic process involved in nephron morphogenesis","HNF1B;PAX8"
"257","GO:0072040",0.00437882942573374,Inf,0.133037694013304,2,2,"negative regulation of mesenchymal cell apoptotic process involved in nephron morphogenesis","HNF1B;PAX8"
"258","GO:0097011",0.00437882942573374,Inf,0.133037694013304,2,2,"cellular response to granulocyte macrophage colony-stimulating factor stimulus","AKT1;MAPK1"
"259","GO:0097012",0.00437882942573374,Inf,0.133037694013304,2,2,"response to granulocyte macrophage colony-stimulating factor","AKT1;MAPK1"
"260","GO:1900117",0.00437882942573374,Inf,0.133037694013304,2,2,"regulation of execution phase of apoptosis","CDKN2A;TP53"
"261","GO:1900193",0.00437882942573374,Inf,0.133037694013304,2,2,"regulation of oocyte maturation","PPP2R1A;AURKA"
"262","GO:1900200",0.00437882942573374,Inf,0.133037694013304,2,2,"mesenchymal cell apoptotic process involved in metanephros development","HNF1B;PAX8"
"263","GO:1900211",0.00437882942573374,Inf,0.133037694013304,2,2,"regulation of mesenchymal cell apoptotic process involved in metanephros development","HNF1B;PAX8"
"264","GO:1900212",0.00437882942573374,Inf,0.133037694013304,2,2,"negative regulation of mesenchymal cell apoptotic process involved in metanephros development","HNF1B;PAX8"
"265","GO:1901145",0.00437882942573374,Inf,0.133037694013304,2,2,"mesenchymal cell apoptotic process involved in nephron morphogenesis","HNF1B;PAX8"
"266","GO:1902338",0.00437882942573374,Inf,0.133037694013304,2,2,"negative regulation of apoptotic process involved in morphogenesis","HNF1B;PAX8"
"267","GO:1902455",0.00437882942573374,Inf,0.133037694013304,2,2,"negative regulation of stem cell population maintenance","HNF1B;PAX8"
"268","GO:1904672",0.00437882942573374,Inf,0.133037694013304,2,2,"regulation of somatic stem cell population maintenance","HNF1B;PAX8"
"269","GO:1904673",0.00437882942573374,Inf,0.133037694013304,2,2,"negative regulation of somatic stem cell population maintenance","HNF1B;PAX8"
"270","GO:1904746",0.00437882942573374,Inf,0.133037694013304,2,2,"negative regulation of apoptotic process involved in development","HNF1B;PAX8"
"271","GO:2000192",0.00437882942573374,Inf,0.133037694013304,2,2,"negative regulation of fatty acid transport","AKT1;AKT2"
"272","GO:0038095",0.00439455406558392,2.63687628161312,5.92017738359202,13,89,"Fc-epsilon receptor signaling pathway","EGFR;ERBB2;AKT1;FGFR2;NRG1;KRAS;PIK3CA;PIK3R1;MAPK1;MAP2K1;PTEN;BRAF;SYK"
"273","GO:0045860",0.00440099368917874,2.38455598455598,8.04878048780488,16,121,"positive regulation of protein kinase activity","NEK10;GADD45A;EGFR;ERBB2;AKT1;ERCC6;FGFR2;NRG1;KRAS;PIK3CA;MAPK1;MAP2K1;CCND1;BRAF;STK11;SYK"
"274","GO:0000186",0.00441055100958421,3.31165311653117,3.32594235033259,9,50,"activation of MAPKK activity","EGFR;ERBB2;ERCC6;FGFR2;NRG1;KRAS;MAPK1;MAP2K1;BRAF"
"275","GO:0070372",0.00441055100958421,3.31165311653117,3.32594235033259,9,50,"regulation of ERK1 and ERK2 cascade","NEK10;EGFR;ERBB2;FGFR2;GSTP1;PTEN;ROS1;BRAF;SYK"
"276","GO:0090068",0.00441055100958421,3.31165311653117,3.32594235033259,9,50,"positive regulation of cell cycle process","CDKN2A;WNT4;PTEN;RAD51C;RAD51B;CCND1;BRCA1;AURKA;TP53"
"277","GO:0042327",0.00443782541411452,2.10871848739496,12.6385809312639,22,190,"positive regulation of phosphorylation","CTNNB1;NEK10;GADD45A;DVL1;EGFR;ERBB2;AKT1;ERCC6;AKT2;FGFR2;RSPO1;NRG1;KRAS;PIK3CA;MAPK1;MAP2K1;PTEN;CCND1;BRAF;STK11;SYK;TP53"
"278","GO:0071704",0.00447348695549769,2.24281150159744,67.649667405765,78,1017,"organic substance metabolic process","FRY;CDKN2A;COL15A1;CTNNB1;NEK10;GADD45A;DNMT1;DVL1;EGFR;ERBB2;AKT1;ERCC4;ERCC6;AKT2;FES;FGFR2;RALY;DICER1;FNTB;BOD1L1;TIPARP;ABO;RSPO1;BABAM1;GSTP1;MSH6;NRG1;HOXD3;KCNH1;KRAS;MLH1;ASNS;MSH2;MTX1;NF2;NSF;CDK12;PIK3CA;PIK3R1;PMS1;PMS2;WNT4;ATR;RNF43;PPP2R1A;MAPK1;MAP2K1;PTEN;PTK6;RAD51C;RAD51B;BCKDHB;CCND1;ROS1;SMARCA4;FOXL2;BRCA1;BRAF;BRCA2;AURKA;STK11;SYK;HNF1B;TERT;TOP1;TP53;PAX8;MLLT10;ARID1A;BRIP1;TUBA1C;PPM1D;SKAP1;CCNE1;CHMP4C;ABCG2;SNCAIP;CTIF"
"279","GO:0071840",0.00451501464923879,1.84097075670787,46.629711751663,59,701,"cellular component organization or biogenesis","FRY;CDKN2A;COL15A1;CTNNB1;GADD45A;DNMT1;DVL1;EGFR;ERBB2;AKT1;ERCC4;AKT2;FES;FGFR2;DICER1;IFNL3;RSPO1;BABAM1;MSH6;NRG1;KRAS;KRT8;MLH1;MSH2;MTX1;NF2;NSF;PIK3CA;PIK3R1;WNT4;ATR;PPP2R1A;MAPK1;MAP2K1;GOPC;PTEN;SRGAP1;PTK6;RAD51C;RAD51B;CCND1;SMARCA4;FOXL2;BRCA1;BRAF;BRCA2;AURKA;STK11;SYK;HNF1B;TERT;TOP1;TP53;PAX8;ARID1A;BRIP1;SKAP1;CHMP4C;SNCAIP"
"280","GO:0048584",0.0045236963398009,1.88253710575139,22.7494456762749,34,342,"positive regulation of response to stimulus","SH2B3;CDKN2A;CTNNB1;NEK10;GADD45A;DVL1;EGFR;ERBB2;AKT1;ERCC6;AKT2;FGFR2;IFNL3;RSPO1;BABAM1;MSH6;NRG1;KRAS;PIK3CA;PIK3R1;WNT4;ATR;PPP2R1A;MAPK1;MAP2K1;PTEN;SMARCA4;BRCA1;BRAF;STK11;SYK;TERT;TP53;SKAP1"
"281","GO:0000079",0.00463592007957529,4.67669172932331,1.6629711751663,6,25,"regulation of cyclin-dependent protein serine/threonine kinase activity","CDKN2A;GADD45A;EGFR;AKT1;PTEN;CCND1"
"282","GO:0001892",0.00463592007957529,4.67669172932331,1.6629711751663,6,25,"embryonic placenta development","EGFR;AKT1;FGFR2;KRT8;MAPK1;MAP2K1"
"283","GO:0032886",0.00463592007957529,4.67669172932331,1.6629711751663,6,25,"regulation of microtubule-based process","CTNNB1;ERBB2;FES;BRCA1;AURKA;CHMP4C"
"284","GO:0065009",0.00464319746724895,1.83859204058982,27.2727272727273,39,410,"regulation of molecular function","FRY;CDKN2A;CTNNB1;NEK10;GADD45A;DVL1;EGFR;ERBB2;AKT1;ERCC6;AKT2;FGFR2;GSTP1;MSH6;NRG1;KRAS;MSH2;NF2;CDK12;PIK3CA;PIK3R1;WNT4;ATR;PPP2R1A;MAPK1;MAP2K1;PTEN;SRGAP1;PTK6;CCND1;SMARCA4;FOXL2;BRAF;AURKA;STK11;SYK;TERT;TP53;CCNE1"
"285","GO:0001889",0.00468404782748663,4.01251158480074,2.19512195121951,7,33,"liver development","CTNNB1;ASNS;PIK3CA;WNT4;CCND1;HNF1B;CCNE1"
"286","GO:0061008",0.00468404782748663,4.01251158480074,2.19512195121951,7,33,"hepaticobiliary system development","CTNNB1;ASNS;PIK3CA;WNT4;CCND1;HNF1B;CCNE1"
"287","GO:0072331",0.00468404782748663,4.01251158480074,2.19512195121951,7,33,"signal transduction by p53 class mediator","CDKN2A;MSH2;ATR;BRCA1;BRCA2;STK11;TP53"
"288","GO:0032388",0.00482689617756971,3.0325,3.99113082039911,10,60,"positive regulation of intracellular transport","EGFR;ERBB2;AKT1;AKT2;IFNL3;NRG1;PIK3R1;BRCA1;SYK;TP53"
"289","GO:0023052",0.00487892115538152,1.84403340677358,48.8248337028825,61,734,"signaling","SH2B3;CDKN2A;COL15A1;CTNNB1;NEK10;GADD45A;DVL1;EGFR;ERBB2;AKT1;ERCC6;AKT2;FES;FGFR2;FNTB;TIPARP;IFNL3;RSPO1;CD274;GSTP1;MSH6;NRG1;HOXD3;KCNH1;KRAS;KRT8;MLH1;ASNS;MSH2;NF2;NSF;CDK12;PIK3CA;PIK3R1;WNT4;ATR;RNF43;PPP2R1A;MAPK1;MAP2K1;GOPC;PTEN;SRGAP1;PTK6;CCND1;ROS1;SMARCA4;BRCA1;BRAF;BRCA2;STK11;SYK;HNF1B;TERT;TP53;PAX8;ARID1A;SKAP1;CCNE1;SNCAIP;PLEKHM1"
"290","GO:0044700",0.00487892115538152,1.84403340677358,48.8248337028825,61,734,"single organism signaling","SH2B3;CDKN2A;COL15A1;CTNNB1;NEK10;GADD45A;DVL1;EGFR;ERBB2;AKT1;ERCC6;AKT2;FES;FGFR2;FNTB;TIPARP;IFNL3;RSPO1;CD274;GSTP1;MSH6;NRG1;HOXD3;KCNH1;KRAS;KRT8;MLH1;ASNS;MSH2;NF2;NSF;CDK12;PIK3CA;PIK3R1;WNT4;ATR;RNF43;PPP2R1A;MAPK1;MAP2K1;GOPC;PTEN;SRGAP1;PTK6;CCND1;ROS1;SMARCA4;BRCA1;BRAF;BRCA2;STK11;SYK;HNF1B;TERT;TP53;PAX8;ARID1A;SKAP1;CCNE1;SNCAIP;PLEKHM1"
"291","GO:0010224",0.00491876864059444,14.4827586206897,0.399113082039911,3,6,"response to UV-B","ERCC6;MSH2;STK11"
"292","GO:0022011",0.00491876864059444,14.4827586206897,0.399113082039911,3,6,"myelination in peripheral nervous system","AKT1;AKT2;DICER1"
"293","GO:0032292",0.00491876864059444,14.4827586206897,0.399113082039911,3,6,"peripheral nervous system axon ensheathment","AKT1;AKT2;DICER1"
"294","GO:0032465",0.00491876864059444,14.4827586206897,0.399113082039911,3,6,"regulation of cytokinesis","BRCA2;AURKA;CHMP4C"
"295","GO:0032770",0.00491876864059444,14.4827586206897,0.399113082039911,3,6,"positive regulation of monooxygenase activity","AKT1;KRAS;TERT"
"296","GO:0043217",0.00491876864059444,14.4827586206897,0.399113082039911,3,6,"myelin maintenance","AKT1;AKT2;PTEN"
"297","GO:0044030",0.00491876864059444,14.4827586206897,0.399113082039911,3,6,"regulation of DNA methylation","DNMT1;PIK3CA;BRCA1"
"298","GO:0045739",0.00491876864059444,14.4827586206897,0.399113082039911,3,6,"positive regulation of DNA repair","EGFR;BABAM1;BRCA1"
"299","GO:0046605",0.00491876864059444,14.4827586206897,0.399113082039911,3,6,"regulation of centrosome cycle","BRCA1;AURKA;CHMP4C"
"300","GO:0048679",0.00491876864059444,14.4827586206897,0.399113082039911,3,6,"regulation of axon regeneration","MAP2K1;PTEN;BRAF"
"301","GO:0051000",0.00491876864059444,14.4827586206897,0.399113082039911,3,6,"positive regulation of nitric-oxide synthase activity","AKT1;KRAS;TERT"
"302","GO:0051095",0.00491876864059444,14.4827586206897,0.399113082039911,3,6,"regulation of helicase activity","MSH6;MSH2;TP53"
"303","GO:0060440",0.00491876864059444,14.4827586206897,0.399113082039911,3,6,"trachea formation","CTNNB1;MAPK1;MAP2K1"
"304","GO:0072079",0.00491876864059444,14.4827586206897,0.399113082039911,3,6,"nephron tubule formation","CTNNB1;HNF1B;PAX8"
"305","GO:0034504",0.00499293848714472,2.70361990950226,5.32150776053215,12,80,"protein localization to nucleus","CDKN2A;DVL1;EGFR;AKT1;NF2;PIK3R1;MAPK1;BRCA1;STK11;SYK;TERT;TP53"
"306","GO:0007417",0.00504685125126804,2.11320754716981,11.9733924611973,21,180,"central nervous system development","CTNNB1;DNMT1;EGFR;ERBB2;AKT1;FGFR2;DICER1;GSTP1;NRG1;KRAS;NF2;WNT4;MAPK1;MAP2K1;PTEN;BRCA1;BRCA2;HNF1B;TP53;PAX8;ARID1A"
"307","GO:0043069",0.00504685125126804,2.11320754716981,11.9733924611973,21,180,"negative regulation of programmed cell death","CTNNB1;EGFR;AKT1;AKT2;FGFR2;GSTP1;NRG1;KRAS;ASNS;MSH2;PIK3CA;PIK3R1;WNT4;PTEN;BRCA1;BRAF;AURKA;HNF1B;TERT;TP53;PAX8"
"308","GO:0033673",0.0050658488958951,3.23015873015873,3.39246119733925,9,51,"negative regulation of kinase activity","CDKN2A;GADD45A;DVL1;AKT1;GSTP1;NF2;PPP2R1A;PTEN;PTK6"
"309","GO:0009966",0.00535348487680565,1.81770997168921,27.4722838137472,39,413,"regulation of signal transduction","SH2B3;CDKN2A;CTNNB1;NEK10;GADD45A;DVL1;EGFR;ERBB2;AKT1;ERCC6;AKT2;FGFR2;FNTB;RSPO1;GSTP1;NRG1;KRAS;NF2;CDK12;PIK3R1;WNT4;ATR;RNF43;PPP2R1A;MAPK1;MAP2K1;PTEN;SRGAP1;CCND1;ROS1;SMARCA4;BRCA1;BRAF;STK11;SYK;HNF1B;TERT;TP53;SKAP1"
"310","GO:0032880",0.00540725464850706,2.216796875,9.71175166297117,18,146,"regulation of protein localization","CDKN2A;CTNNB1;DVL1;EGFR;ERBB2;AKT1;AKT2;IFNL3;CD274;NRG1;NF2;PIK3R1;GOPC;BRCA1;STK11;SYK;TERT;TP53"
"311","GO:0045184",0.00553058771664073,1.98499061913696,15.2993348115299,25,230,"establishment of protein localization","CDKN2A;EGFR;ERBB2;AKT1;AKT2;IFNL3;CD274;NRG1;MTX1;NSF;PIK3R1;LRP1B;WNT4;MAPK1;GOPC;BRCA1;BRAF;BRCA2;SYK;HNF1B;TERT;TP53;FRAS1;CHMP4C;PLEKHM1"
"312","GO:0006796",0.00553801271355144,1.81884827879303,26.6075388026608,38,400,"phosphate-containing compound metabolic process","CDKN2A;CTNNB1;NEK10;GADD45A;DVL1;EGFR;ERBB2;AKT1;ERCC6;AKT2;FES;FGFR2;RSPO1;GSTP1;NRG1;KCNH1;KRAS;MSH2;NF2;CDK12;PIK3CA;PIK3R1;ATR;PPP2R1A;MAPK1;MAP2K1;PTEN;PTK6;CCND1;ROS1;BRAF;AURKA;STK11;SYK;TOP1;TP53;PPM1D;CCNE1"
"313","GO:0009792",0.00556070729594393,2.25969352217321,8.980044345898,17,135,"embryo development ending in birth or egg hatching","CTNNB1;DVL1;EGFR;AKT1;FGFR2;HOXD3;KRT8;MSH2;LRP1B;MAPK1;MAP2K1;RAD51B;BRCA1;BRCA2;HNF1B;TP53;ARID1A"
"314","GO:0043009",0.00556070729594393,2.25969352217321,8.980044345898,17,135,"chordate embryonic development","CTNNB1;DVL1;EGFR;AKT1;FGFR2;HOXD3;KRT8;MSH2;LRP1B;MAPK1;MAP2K1;RAD51B;BRCA1;BRCA2;HNF1B;TP53;ARID1A"
"315","GO:0030177",0.00558353983692613,3.86077643908969,2.26164079822616,7,34,"positive regulation of Wnt signaling pathway","CTNNB1;DVL1;FGFR2;RSPO1;WNT4;SMARCA4;TERT"
"316","GO:0042098",0.00558353983692613,3.86077643908969,2.26164079822616,7,34,"T cell proliferation","CDKN2A;CTNNB1;ERBB2;CD274;WNT4;SYK;TP53"
"317","GO:1901652",0.00566233171847852,2.37755102040816,7.51662971175166,15,113,"response to peptide","CTNNB1;EGFR;ERBB2;AKT1;AKT2;FGFR2;GSTP1;NRG1;KRAS;PIK3CA;PIK3R1;MAPK1;MAP2K1;BRAF;STK11"
"318","GO:0033036",0.00567692531229273,1.86781609195402,21.2860310421286,32,320,"macromolecule localization","CDKN2A;CTNNB1;DVL1;EGFR;ERBB2;AKT1;AKT2;IFNL3;CD274;NRG1;MTX1;NF2;NSF;PIK3R1;LRP1B;WNT4;ATR;MAPK1;GOPC;BRCA1;BRAF;BRCA2;AURKA;STK11;SYK;HNF1B;TERT;TP53;FRAS1;SKAP1;CHMP4C;PLEKHM1"
"319","GO:0071482",0.00570873784489897,4.43928571428571,1.72949002217295,6,26,"cellular response to light stimulus","ERCC4;FNTB;PIK3R1;ATR;STK11;TP53"
"320","GO:0007169",0.00577931241682245,2.05215458276334,12.9046563192905,22,194,"transmembrane receptor protein tyrosine kinase signaling pathway","CTNNB1;EGFR;ERBB2;AKT1;AKT2;FES;FGFR2;TIPARP;NRG1;KRAS;PIK3CA;PIK3R1;WNT4;PPP2R1A;MAPK1;MAP2K1;PTEN;PTK6;ROS1;BRAF;STK11;SYK"
"321","GO:0000075",0.00589245009832386,3.42299651567944,2.86031042128603,8,43,"cell cycle checkpoint","AKT1;BABAM1;MSH2;ATR;CCND1;BRCA1;TP53;BRIP1"
"322","GO:0006275",0.00589245009832386,3.42299651567944,2.86031042128603,8,43,"regulation of DNA replication","CTNNB1;EGFR;NF2;ATR;PPP2R1A;MAPK1;BRCA2;TP53"
"323","GO:0003338",0.00600080676653953,7.29651162790698,0.798226164079823,4,12,"metanephros morphogenesis","CTNNB1;WNT4;PAX8;FRAS1"
"324","GO:0006278",0.00600080676653953,7.29651162790698,0.798226164079823,4,12,"RNA-dependent DNA replication","CTNNB1;ATR;MAPK1;TERT"
"325","GO:0007004",0.00600080676653953,7.29651162790698,0.798226164079823,4,12,"telomere maintenance via telomerase","CTNNB1;ATR;MAPK1;TERT"
"326","GO:0010657",0.00600080676653953,7.29651162790698,0.798226164079823,4,12,"muscle cell apoptotic process","CDKN2A;DICER1;NRG1;TP53"
"327","GO:0010660",0.00600080676653953,7.29651162790698,0.798226164079823,4,12,"regulation of muscle cell apoptotic process","CDKN2A;DICER1;NRG1;TP53"
"328","GO:0010812",0.00600080676653953,7.29651162790698,0.798226164079823,4,12,"negative regulation of cell-substrate adhesion","CDKN2A;NF2;PIK3R1;PTEN"
"329","GO:0070849",0.00600080676653953,7.29651162790698,0.798226164079823,4,12,"response to epidermal growth factor","EGFR;AKT1;GSTP1;MAPK1"
"330","GO:0045786",0.00609651933177369,2.42992312241277,6.85144124168514,14,103,"negative regulation of cell cycle","CDKN2A;CTNNB1;GADD45A;AKT2;FGFR2;MSH2;MAP2K1;PTEN;CCND1;SMARCA4;BRCA1;STK11;TP53;CHMP4C"
"331","GO:0033674",0.00612824968720352,2.28911480287627,8.31485587583149,16,125,"positive regulation of kinase activity","NEK10;GADD45A;EGFR;ERBB2;AKT1;ERCC6;FGFR2;NRG1;KRAS;PIK3CA;MAPK1;MAP2K1;CCND1;BRAF;STK11;SYK"
"332","GO:0048010",0.0062446548881696,2.74372276405893,4.78935698447894,11,72,"vascular endothelial growth factor receptor signaling pathway","EGFR;ERBB2;AKT1;FGFR2;NRG1;KRAS;PIK3CA;PIK3R1;MAPK1;MAP2K1;BRAF"
"333","GO:0060425",0.00643372248545869,5.24789915966387,1.26385809312639,5,19,"lung morphogenesis","CTNNB1;FGFR2;KRAS;MAPK1;MAP2K1"
"334","GO:0032147",0.00648252768453446,2.49659090909091,6.18625277161863,13,93,"activation of protein kinase activity","GADD45A;EGFR;ERBB2;ERCC6;FGFR2;NRG1;KRAS;PIK3CA;MAPK1;MAP2K1;BRAF;STK11;SYK"
"335","GO:1902578",0.00649103343757005,1.78414322250639,28.669623059867,40,431,"single-organism localization","CDKN2A;CTNNB1;DVL1;EGFR;ERBB2;AKT1;AKT2;FES;FGFR2;IFNL3;RSPO1;SLC9A9;CD274;NRG1;KCNH1;MLH1;MTX1;NSF;ABCB1;PIK3CA;PIK3R1;WNT4;MAPK1;MAP2K1;GOPC;PTEN;CCND1;ROS1;BRCA1;BRAF;BRCA2;SYK;HNF1B;TP53;PAX8;TUBA1C;SKAP1;CHMP4C;ABCG2;SNCAIP"
"336","GO:0009611",0.0065551626854839,2.08834586466165,11.4412416851441,20,172,"response to wounding","SH2B3;ERBB2;AKT1;DICER1;FNTB;GSTP1;NRG1;EYS;KRAS;PIK3CA;PIK3R1;WNT4;MAPK1;MAP2K1;PTEN;RAD51C;RAD51B;BRAF;SYK;TP53"
"337","GO:1901990",0.0066024632666334,3.07828282828283,3.52549889135255,9,53,"regulation of mitotic cell cycle phase transition","CDKN2A;EGFR;AKT1;PTEN;RAD51C;RAD51B;CCND1;SMARCA4;TP53"
"338","GO:0001890",0.00660704931934479,3.71987951807229,2.32815964523282,7,35,"placenta development","EGFR;AKT1;FGFR2;KRT8;MAPK1;MAP2K1;ARID1A"
"339","GO:0071478",0.00660704931934479,3.71987951807229,2.32815964523282,7,35,"cellular response to radiation","GADD45A;ERCC4;FNTB;PIK3R1;ATR;STK11;TP53"
"340","GO:0097285",0.00666053975518653,2.40087719298246,6.9179600886918,14,104,"cell-type specific apoptotic process","CDKN2A;CTNNB1;AKT1;DICER1;NRG1;KRAS;KRT8;MSH2;PIK3CA;PTEN;BRAF;HNF1B;TP53;PAX8"
"341","GO:0007584",0.00681455055635711,3.32520325203252,2.92682926829268,8,44,"response to nutrient","DNMT1;GSTP1;PTEN;CCND1;BRCA1;BRCA2;BRIP1;CCNE1"
"342","GO:0060627",0.00692062443403659,2.85377358490566,4.19068736141907,10,63,"regulation of vesicle-mediated transport","AKT2;FES;RSPO1;NSF;MAPK1;MAP2K1;GOPC;PTEN;BRAF;SYK"
"343","GO:0097193",0.00692062443403659,2.85377358490566,4.19068736141907,10,63,"intrinsic apoptotic signaling pathway","AKT1;ERCC6;MSH6;MLH1;MSH2;PIK3R1;BRCA1;BRCA2;STK11;TP53"
"344","GO:0042180",0.00695290924977678,4.22448979591837,1.7960088691796,6,27,"cellular ketone metabolic process","AKT1;AKT2;WNT4;BRCA1;STK11;PAX8"
"345","GO:0006793",0.00699139117631014,1.78411234542025,26.940133037694,38,405,"phosphorus metabolic process","CDKN2A;CTNNB1;NEK10;GADD45A;DVL1;EGFR;ERBB2;AKT1;ERCC6;AKT2;FES;FGFR2;RSPO1;GSTP1;NRG1;KCNH1;KRAS;MSH2;NF2;CDK12;PIK3CA;PIK3R1;ATR;PPP2R1A;MAPK1;MAP2K1;PTEN;PTK6;CCND1;ROS1;BRAF;AURKA;STK11;SYK;TOP1;TP53;PPM1D;CCNE1"
"346","GO:0010646",0.00711757715466731,1.76621091786468,29.7339246119734,41,447,"regulation of cell communication","SH2B3;CDKN2A;CTNNB1;NEK10;GADD45A;DVL1;EGFR;ERBB2;AKT1;ERCC6;AKT2;FGFR2;FNTB;RSPO1;GSTP1;NRG1;KRAS;NF2;CDK12;PIK3R1;WNT4;ATR;RNF43;PPP2R1A;MAPK1;MAP2K1;PTEN;SRGAP1;CCND1;ROS1;SMARCA4;BRCA1;BRAF;STK11;SYK;HNF1B;TERT;TP53;PAX8;SKAP1;SNCAIP"
"347","GO:0051301",0.00726591178461649,2.37246963562753,6.98447893569845,14,105,"cell division","CDKN2A;FGFR2;DICER1;BABAM1;MSH2;WNT4;PTEN;CCND1;BRCA2;AURKA;TOP1;TUBA1C;CCNE1;CHMP4C"
"348","GO:0010562",0.00744467620424804,1.99816176470588,13.1707317073171,22,198,"positive regulation of phosphorus metabolic process","CTNNB1;NEK10;GADD45A;DVL1;EGFR;ERBB2;AKT1;ERCC6;AKT2;FGFR2;RSPO1;NRG1;KRAS;PIK3CA;MAPK1;MAP2K1;PTEN;CCND1;BRAF;STK11;SYK;TP53"
"349","GO:0045937",0.00744467620424804,1.99816176470588,13.1707317073171,22,198,"positive regulation of phosphate metabolic process","CTNNB1;NEK10;GADD45A;DVL1;EGFR;ERBB2;AKT1;ERCC6;AKT2;FGFR2;RSPO1;NRG1;KRAS;PIK3CA;MAPK1;MAP2K1;PTEN;CCND1;BRAF;STK11;SYK;TP53"
"350","GO:0042060",0.00775829866412583,2.22200772200772,8.51441241685144,16,128,"wound healing","SH2B3;ERBB2;AKT1;DICER1;FNTB;NRG1;EYS;KRAS;PIK3CA;PIK3R1;WNT4;MAPK1;RAD51C;RAD51B;SYK;TP53"
"351","GO:0051656",0.00776452923608246,3.58869962609057,2.39467849223947,7,36,"establishment of organelle localization","CTNNB1;FGFR2;MLH1;NSF;BRAF;BRCA2;CHMP4C"
"352","GO:0006605",0.00779059136793537,2.43158061450744,6.31929046563193,13,95,"protein targeting","CDKN2A;EGFR;ERBB2;AKT1;AKT2;IFNL3;NRG1;MTX1;PIK3R1;MAPK1;BRCA1;SYK;TP53"
"353","GO:0051049",0.00784417678061333,1.91760845789282,15.6984478935698,25,236,"regulation of transport","CDKN2A;CTNNB1;EGFR;ERBB2;AKT1;AKT2;FES;IFNL3;RSPO1;CD274;NRG1;KCNH1;NSF;PIK3R1;MAPK1;MAP2K1;GOPC;PTEN;ROS1;BRCA1;BRAF;SYK;TP53;PAX8;SNCAIP"
"354","GO:0061024",0.00789328762084892,2.27647058823529,7.78270509977827,15,117,"membrane organization","DVL1;EGFR;ERBB2;AKT1;AKT2;NSF;PIK3R1;WNT4;PPP2R1A;GOPC;PTEN;BRAF;TP53;SKAP1;CHMP4C"
"355","GO:0044238",0.00791416298170725,2.04014939309057,66.119733924612,76,994,"primary metabolic process","FRY;CDKN2A;CTNNB1;NEK10;GADD45A;DNMT1;DVL1;EGFR;ERBB2;AKT1;ERCC4;ERCC6;AKT2;FES;FGFR2;RALY;DICER1;FNTB;BOD1L1;TIPARP;ABO;RSPO1;BABAM1;GSTP1;MSH6;NRG1;HOXD3;KCNH1;KRAS;MLH1;ASNS;MSH2;MTX1;NF2;NSF;CDK12;PIK3CA;PIK3R1;PMS1;PMS2;WNT4;ATR;RNF43;PPP2R1A;MAPK1;MAP2K1;PTEN;PTK6;RAD51C;RAD51B;BCKDHB;CCND1;ROS1;SMARCA4;FOXL2;BRCA1;BRAF;BRCA2;AURKA;STK11;SYK;HNF1B;TERT;TOP1;TP53;PAX8;MLLT10;ARID1A;BRIP1;TUBA1C;PPM1D;SKAP1;CCNE1;CHMP4C;SNCAIP;CTIF"
"356","GO:0048523",0.00810316054046601,1.73447982613626,40.509977827051,52,609,"negative regulation of cellular process","FRY;CDKN2A;CTNNB1;GADD45A;DNMT1;DVL1;EGFR;ERBB2;AKT1;ERCC4;AKT2;FGFR2;DICER1;FNTB;IFNL3;CD274;GSTP1;MSH6;NRG1;KRAS;MLH1;ASNS;MSH2;NF2;PIK3CA;PIK3R1;WNT4;ATR;RNF43;PPP2R1A;MAPK1;MAP2K1;GOPC;PTEN;SRGAP1;PTK6;CCND1;SMARCA4;FOXL2;BRCA1;BRAF;BRCA2;AURKA;STK11;HNF1B;TERT;TP53;PAX8;ARID1A;BRIP1;PPM1D;CHMP4C"
"357","GO:0030521",0.00813450701603039,4.89411764705882,1.33037694013304,5,20,"androgen receptor signaling pathway","CTNNB1;SMARCA4;BRCA1;ARID1A;CCNE1"
"358","GO:0001556",0.00819535592192702,10.8534482758621,0.465631929046563,3,7,"oocyte maturation","PPP2R1A;BRCA2;AURKA"
"359","GO:0010971",0.00819535592192702,10.8534482758621,0.465631929046563,3,7,"positive regulation of G2/M transition of mitotic cell cycle","RAD51C;RAD51B;CCND1"
"360","GO:0014044",0.00819535592192702,10.8534482758621,0.465631929046563,3,7,"Schwann cell development","AKT1;AKT2;DICER1"
"361","GO:0015909",0.00819535592192702,10.8534482758621,0.465631929046563,3,7,"long-chain fatty acid transport","AKT1;AKT2;SYK"
"362","GO:0032212",0.00819535592192702,10.8534482758621,0.465631929046563,3,7,"positive regulation of telomere maintenance via telomerase","CTNNB1;ATR;MAPK1"
"363","GO:0032890",0.00819535592192702,10.8534482758621,0.465631929046563,3,7,"regulation of organic acid transport","AKT1;AKT2;SYK"
"364","GO:0051310",0.00819535592192702,10.8534482758621,0.465631929046563,3,7,"metaphase plate congression","MLH1;BRCA2;CHMP4C"
"365","GO:0051385",0.00819535592192702,10.8534482758621,0.465631929046563,3,7,"response to mineralocorticoid","KRAS;CCND1;CCNE1"
"366","GO:0051571",0.00819535592192702,10.8534482758621,0.465631929046563,3,7,"positive regulation of histone H3-K4 methylation","CTNNB1;DNMT1;BRCA1"
"367","GO:0060439",0.00819535592192702,10.8534482758621,0.465631929046563,3,7,"trachea morphogenesis","CTNNB1;MAPK1;MAP2K1"
"368","GO:0070198",0.00819535592192702,10.8534482758621,0.465631929046563,3,7,"protein localization to chromosome, telomeric region","ATR;BRCA2;TERT"
"369","GO:0016447",0.00823192975160314,6.48062015503876,0.864745011086475,4,13,"somatic recombination of immunoglobulin gene segments","MSH6;MLH1;MSH2;PMS2"
"370","GO:0019217",0.00823192975160314,6.48062015503876,0.864745011086475,4,13,"regulation of fatty acid metabolic process","AKT1;AKT2;BRCA1;STK11"
"371","GO:0051225",0.00823192975160314,6.48062015503876,0.864745011086475,4,13,"spindle assembly","DICER1;MLH1;AURKA;CHMP4C"
"372","GO:0051492",0.00823192975160314,6.48062015503876,0.864745011086475,4,13,"regulation of stress fiber assembly","NF2;PIK3R1;WNT4;BRAF"
"373","GO:0090342",0.00823192975160314,6.48062015503876,0.864745011086475,4,13,"regulation of cell aging","CDKN2A;PTEN;TERT;TP53"
"374","GO:1903749",0.00823192975160314,6.48062015503876,0.864745011086475,4,13,"positive regulation of establishment of protein localization to mitochondrion","AKT1;IFNL3;NRG1;TP53"
"375","GO:2001239",0.00823192975160314,6.48062015503876,0.864745011086475,4,13,"regulation of extrinsic apoptotic signaling pathway in absence of ligand","AKT1;NRG1;PPP2R1A;TERT"
"376","GO:0050730",0.00847645980728753,2.93961352657005,3.65853658536585,9,55,"regulation of peptidyl-tyrosine phosphorylation","EGFR;ERCC6;NRG1;NF2;PPP2R1A;PTK6;STK11;SYK;TP53"
"377","GO:0042493",0.00851916525979897,2.40025035205758,6.38580931263858,13,96,"response to drug","CTNNB1;DNMT1;ABCB1;PMS2;ATR;PTEN;CCND1;BRAF;HNF1B;TOP1;TP53;CCNE1;ABCG2"
"378","GO:0071495",0.00857878445869816,1.86501210653753,17.4944567627494,27,263,"cellular response to endogenous stimulus","CTNNB1;DNMT1;EGFR;ERBB2;AKT1;AKT2;FGFR2;GSTP1;NRG1;KRAS;ASNS;PIK3CA;PIK3R1;WNT4;PPP2R1A;MAPK1;MAP2K1;PTEN;SMARCA4;BRCA1;BRAF;STK11;SYK;TP53;PAX8;ARID1A;CCNE1"
"379","GO:0000082",0.00898330608119589,3.14505776636714,3.05986696230599,8,46,"G1/S transition of mitotic cell cycle","CDKN2A;EGFR;AKT1;PTEN;CCND1;SMARCA4;TP53;CCNE1"
"380","GO:0007009",0.00898330608119589,3.14505776636714,3.05986696230599,8,46,"plasma membrane organization","AKT1;AKT2;NSF;PIK3R1;WNT4;GOPC;PTEN;SKAP1"
"381","GO:0035270",0.00898330608119589,3.14505776636714,3.05986696230599,8,46,"endocrine system development","AKT1;HOXD3;WNT4;MAPK1;MAP2K1;BRAF;HNF1B;PAX8"
"382","GO:0009057",0.00902829136505789,2.17923186344239,8.64745011086474,16,130,"macromolecule catabolic process","CDKN2A;DVL1;EGFR;AKT1;DICER1;TIPARP;NRG1;MLH1;NSF;RNF43;PPP2R1A;PTEN;FOXL2;AURKA;CHMP4C;CTIF"
"383","GO:0042981",0.00904613368693903,1.85533453887884,17.5609756097561,27,264,"regulation of apoptotic process","CDKN2A;CTNNB1;GADD45A;EGFR;AKT1;AKT2;FGFR2;DICER1;GSTP1;NRG1;KRAS;ASNS;MSH2;PIK3CA;PIK3R1;WNT4;PPP2R1A;MAP2K1;PTEN;FOXL2;BRCA1;BRAF;AURKA;HNF1B;TERT;TP53;PAX8"
"384","GO:0050673",0.00905279424459405,2.47193347193347,5.72062084257206,12,86,"epithelial cell proliferation","CTNNB1;EGFR;ERBB2;AKT1;FGFR2;MAPK1;MAP2K1;PTEN;CCND1;BRCA2;STK11;HNF1B"
"385","GO:0045931",0.0090659690695715,3.46626506024096,2.46119733924612,7,37,"positive regulation of mitotic cell cycle","ASNS;PTEN;RAD51C;RAD51B;CCND1;BRCA2;AURKA"
"386","GO:0072594",0.00930081516765127,2.36966604823748,6.45232815964523,13,97,"establishment of protein localization to organelle","CDKN2A;EGFR;AKT1;IFNL3;NRG1;MTX1;PIK3R1;MAPK1;BRCA1;BRCA2;SYK;TERT;TP53"
"387","GO:0009605",0.00961634796558672,1.75568181818182,24.6784922394679,35,371,"response to external stimulus","CTNNB1;GADD45A;DNMT1;DVL1;EGFR;ERBB2;AKT1;AKT2;FES;FGFR2;DICER1;FNTB;IFNL3;GSTP1;NRG1;EYS;KCNH1;KRAS;KRT8;ASNS;PIK3CA;WNT4;MAPK1;MAP2K1;PTEN;SRGAP1;CCND1;BRCA1;BRAF;BRCA2;SYK;TP53;BRIP1;PPM1D;CCNE1"
"388","GO:0048522",0.00965726066188427,1.72453970080552,45.8314855875831,57,689,"positive regulation of cellular process","SH2B3;CDKN2A;CTNNB1;NEK10;GADD45A;DNMT1;DVL1;EGFR;ERBB2;AKT1;ERCC6;AKT2;FES;FGFR2;DICER1;FNTB;IFNL3;RSPO1;BABAM1;CD274;GSTP1;MSH6;NRG1;HOXD3;KRAS;ASNS;NF2;NSF;PIK3CA;PIK3R1;WNT4;ATR;PPP2R1A;MAPK1;MAP2K1;PTEN;PTK6;RAD51C;RAD51B;CCND1;SMARCA4;FOXL2;BRCA1;BRAF;BRCA2;AURKA;STK11;SYK;HNF1B;TERT;TP53;PAX8;MLLT10;ARID1A;SKAP1;CCNE1;CHMP4C"
"389","GO:0001944",0.00972332738723291,2.15840188014101,8.7139689578714,16,131,"vasculature development","COL15A1;CTNNB1;ERBB2;AKT1;FGFR2;DICER1;TIPARP;PIK3CA;WNT4;MAPK1;MAP2K1;PTEN;BRCA1;STK11;SYK;ARID1A"
