"","GOMFID","Pvalue","OddsRatio","ExpCount","Count","Size","Term","Symbols"
"1","GO:0005524",4.56052342464825e-08,3.84168755221387,13.7379002233805,34,205,"ATP binding","NEK10;EGFR;ERBB2;AKT1;ERCC6;AKT2;FES;FGFR2;DICER1;MSH6;MLH1;ASNS;MSH2;NSF;CDK12;ABCB1;PIK3CA;PMS1;PMS2;ATR;MAPK1;MAP2K1;PTK6;RAD51C;RAD51B;ROS1;SMARCA4;BRAF;AURKA;STK11;SYK;TP53;BRIP1;ABCG2"
"2","GO:0001883",8.52470818676964e-08,3.61709401709402,15.4802680565897,36,231,"purine nucleoside binding","NEK10;EGFR;ERBB2;AKT1;ERCC6;AKT2;FES;FGFR2;DICER1;MSH6;KRAS;MLH1;ASNS;MSH2;NSF;CDK12;ABCB1;PIK3CA;PMS1;PMS2;ATR;MAPK1;MAP2K1;PTK6;RAD51C;RAD51B;ROS1;SMARCA4;BRAF;AURKA;STK11;SYK;TP53;BRIP1;TUBA1C;ABCG2"
"3","GO:0032550",8.52470818676964e-08,3.61709401709402,15.4802680565897,36,231,"purine ribonucleoside binding","NEK10;EGFR;ERBB2;AKT1;ERCC6;AKT2;FES;FGFR2;DICER1;MSH6;KRAS;MLH1;ASNS;MSH2;NSF;CDK12;ABCB1;PIK3CA;PMS1;PMS2;ATR;MAPK1;MAP2K1;PTK6;RAD51C;RAD51B;ROS1;SMARCA4;BRAF;AURKA;STK11;SYK;TP53;BRIP1;TUBA1C;ABCG2"
"4","GO:0035639",8.52470818676964e-08,3.61709401709402,15.4802680565897,36,231,"purine ribonucleoside triphosphate binding","NEK10;EGFR;ERBB2;AKT1;ERCC6;AKT2;FES;FGFR2;DICER1;MSH6;KRAS;MLH1;ASNS;MSH2;NSF;CDK12;ABCB1;PIK3CA;PMS1;PMS2;ATR;MAPK1;MAP2K1;PTK6;RAD51C;RAD51B;ROS1;SMARCA4;BRAF;AURKA;STK11;SYK;TP53;BRIP1;TUBA1C;ABCG2"
"5","GO:0001882",9.62100745868583e-08,3.5952380952381,15.5472822040208,36,232,"nucleoside binding","NEK10;EGFR;ERBB2;AKT1;ERCC6;AKT2;FES;FGFR2;DICER1;MSH6;KRAS;MLH1;ASNS;MSH2;NSF;CDK12;ABCB1;PIK3CA;PMS1;PMS2;ATR;MAPK1;MAP2K1;PTK6;RAD51C;RAD51B;ROS1;SMARCA4;BRAF;AURKA;STK11;SYK;TP53;BRIP1;TUBA1C;ABCG2"
"6","GO:0032549",9.62100745868583e-08,3.5952380952381,15.5472822040208,36,232,"ribonucleoside binding","NEK10;EGFR;ERBB2;AKT1;ERCC6;AKT2;FES;FGFR2;DICER1;MSH6;KRAS;MLH1;ASNS;MSH2;NSF;CDK12;ABCB1;PIK3CA;PMS1;PMS2;ATR;MAPK1;MAP2K1;PTK6;RAD51C;RAD51B;ROS1;SMARCA4;BRAF;AURKA;STK11;SYK;TP53;BRIP1;TUBA1C;ABCG2"
"7","GO:0030554",1.27710095762966e-07,3.64285714285714,14.2740134028295,34,213,"adenyl nucleotide binding","NEK10;EGFR;ERBB2;AKT1;ERCC6;AKT2;FES;FGFR2;DICER1;MSH6;MLH1;ASNS;MSH2;NSF;CDK12;ABCB1;PIK3CA;PMS1;PMS2;ATR;MAPK1;MAP2K1;PTK6;RAD51C;RAD51B;ROS1;SMARCA4;BRAF;AURKA;STK11;SYK;TP53;BRIP1;ABCG2"
"8","GO:0032559",1.27710095762966e-07,3.64285714285714,14.2740134028295,34,213,"adenyl ribonucleotide binding","NEK10;EGFR;ERBB2;AKT1;ERCC6;AKT2;FES;FGFR2;DICER1;MSH6;MLH1;ASNS;MSH2;NSF;CDK12;ABCB1;PIK3CA;PMS1;PMS2;ATR;MAPK1;MAP2K1;PTK6;RAD51C;RAD51B;ROS1;SMARCA4;BRAF;AURKA;STK11;SYK;TP53;BRIP1;ABCG2"
"9","GO:0017076",2.19350159597027e-07,3.44827586206897,16.0163812360387,36,239,"purine nucleotide binding","NEK10;EGFR;ERBB2;AKT1;ERCC6;AKT2;FES;FGFR2;DICER1;MSH6;KRAS;MLH1;ASNS;MSH2;NSF;CDK12;ABCB1;PIK3CA;PMS1;PMS2;ATR;MAPK1;MAP2K1;PTK6;RAD51C;RAD51B;ROS1;SMARCA4;BRAF;AURKA;STK11;SYK;TP53;BRIP1;TUBA1C;ABCG2"
"10","GO:0032555",2.19350159597027e-07,3.44827586206897,16.0163812360387,36,239,"purine ribonucleotide binding","NEK10;EGFR;ERBB2;AKT1;ERCC6;AKT2;FES;FGFR2;DICER1;MSH6;KRAS;MLH1;ASNS;MSH2;NSF;CDK12;ABCB1;PIK3CA;PMS1;PMS2;ATR;MAPK1;MAP2K1;PTK6;RAD51C;RAD51B;ROS1;SMARCA4;BRAF;AURKA;STK11;SYK;TP53;BRIP1;TUBA1C;ABCG2"
"11","GO:0032553",2.4597760458732e-07,3.4281045751634,16.0833953834698,36,240,"ribonucleotide binding","NEK10;EGFR;ERBB2;AKT1;ERCC6;AKT2;FES;FGFR2;DICER1;MSH6;KRAS;MLH1;ASNS;MSH2;NSF;CDK12;ABCB1;PIK3CA;PMS1;PMS2;ATR;MAPK1;MAP2K1;PTK6;RAD51C;RAD51B;ROS1;SMARCA4;BRAF;AURKA;STK11;SYK;TP53;BRIP1;TUBA1C;ABCG2"
"12","GO:0000166",1.86240420709125e-06,3.0219104665826,18.8979895755771,38,282,"nucleotide binding","NEK10;DNMT1;EGFR;ERBB2;AKT1;ERCC6;AKT2;FES;FGFR2;RALY;DICER1;MSH6;KRAS;MLH1;ASNS;MSH2;NSF;CDK12;ABCB1;PIK3CA;PMS1;PMS2;ATR;MAPK1;MAP2K1;PTK6;RAD51C;RAD51B;ROS1;SMARCA4;BRAF;AURKA;STK11;SYK;TP53;BRIP1;TUBA1C;ABCG2"
"13","GO:1901265",1.86240420709125e-06,3.0219104665826,18.8979895755771,38,282,"nucleoside phosphate binding","NEK10;DNMT1;EGFR;ERBB2;AKT1;ERCC6;AKT2;FES;FGFR2;RALY;DICER1;MSH6;KRAS;MLH1;ASNS;MSH2;NSF;CDK12;ABCB1;PIK3CA;PMS1;PMS2;ATR;MAPK1;MAP2K1;PTK6;RAD51C;RAD51B;ROS1;SMARCA4;BRAF;AURKA;STK11;SYK;TP53;BRIP1;TUBA1C;ABCG2"
"14","GO:0097367",6.75174402313235e-06,2.84332747689252,19.0320178704393,37,284,"carbohydrate derivative binding","NEK10;EGFR;ERBB2;AKT1;ERCC6;AKT2;FES;FGFR2;DICER1;RSPO1;MSH6;KRAS;MLH1;ASNS;MSH2;NSF;CDK12;ABCB1;PIK3CA;PMS1;PMS2;ATR;MAPK1;MAP2K1;PTK6;RAD51C;RAD51B;ROS1;SMARCA4;BRAF;AURKA;STK11;SYK;TP53;BRIP1;TUBA1C;ABCG2"
"15","GO:0032404",6.91065301342265e-06,73.6470588235294,0.402084884586746,5,6,"mismatch repair complex binding","MSH6;MLH1;MSH2;PMS2;ATR"
"16","GO:0019901",1.19852259555159e-05,3.62707306140744,7.90766939687267,21,118,"protein kinase binding","CDKN2A;DVL1;AKT1;AKT2;GSTP1;NRG1;KCNH1;MSH2;NSF;PIK3R1;MAPK1;MAP2K1;PTEN;CCND1;BRAF;AURKA;SYK;TP53;PPM1D;SKAP1;CCNE1"
"17","GO:0019900",1.66998060963222e-05,3.43001089324619,8.71183916604616,22,130,"kinase binding","CDKN2A;CTNNB1;DVL1;AKT1;AKT2;GSTP1;NRG1;KCNH1;MSH2;NSF;PIK3R1;MAPK1;MAP2K1;PTEN;CCND1;BRAF;AURKA;SYK;TP53;PPM1D;SKAP1;CCNE1"
"18","GO:0036094",1.89755201507557e-05,2.66054131054131,20.6403574087863,38,308,"small molecule binding","NEK10;DNMT1;EGFR;ERBB2;AKT1;ERCC6;AKT2;FES;FGFR2;RALY;DICER1;MSH6;KRAS;MLH1;ASNS;MSH2;NSF;CDK12;ABCB1;PIK3CA;PMS1;PMS2;ATR;MAPK1;MAP2K1;PTK6;RAD51C;RAD51B;ROS1;SMARCA4;BRAF;AURKA;STK11;SYK;TP53;BRIP1;TUBA1C;ABCG2"
"19","GO:0030983",2.29080509701275e-05,36.7941176470588,0.46909903201787,5,7,"mismatched DNA binding","MSH6;MLH1;MSH2;PMS1;PMS2"
"20","GO:0043168",2.84821610747181e-05,2.59888111888112,20.9754281459419,38,313,"anion binding","NEK10;EGFR;ERBB2;AKT1;ERCC6;AKT2;FES;FGFR2;DICER1;RSPO1;GSTP1;MSH6;KRAS;MLH1;ASNS;MSH2;NSF;CDK12;ABCB1;PIK3CA;PMS1;PMS2;ATR;MAPK1;MAP2K1;PTK6;RAD51C;RAD51B;ROS1;SMARCA4;BRAF;AURKA;STK11;SYK;TP53;BRIP1;TUBA1C;ABCG2"
"21","GO:0004672",3.81535293458539e-05,3.40500736377025,7.84065524944155,20,117,"protein kinase activity","NEK10;EGFR;ERBB2;AKT1;AKT2;FES;FGFR2;KCNH1;CDK12;PIK3CA;ATR;MAPK1;MAP2K1;PTK6;CCND1;ROS1;BRAF;AURKA;STK11;SYK"
"22","GO:0016887",5.88139829036643e-05,4.25455465587045,4.42293373045421,14,66,"ATPase activity","ERCC6;MSH6;MLH1;MSH2;NSF;ABCB1;PMS1;PMS2;RAD51C;RAD51B;SMARCA4;TOP1;BRIP1;ABCG2"
"23","GO:0003824",6.36314666791062e-05,2.37531601930591,34.1772151898734,52,510,"catalytic activity","NEK10;DNMT1;EGFR;ERBB2;AKT1;ERCC4;ERCC6;AKT2;FES;FGFR2;DICER1;FNTB;TIPARP;ABO;GSTP1;MSH6;KCNH1;MLH1;ASNS;MSH2;NSF;CDK12;ABCB1;PIK3CA;PMS1;PMS2;ATR;RNF43;PPP2R1A;MAPK1;MAP2K1;PTEN;PTK6;RAD51C;RAD51B;BCKDHB;CCND1;ROS1;SMARCA4;BRCA1;BRAF;BRCA2;AURKA;STK11;SYK;TERT;TOP1;BRIP1;TUBA1C;PPM1D;CCNE1;ABCG2"
"24","GO:0003697",6.37278451464027e-05,8.0520325203252,1.54132539091586,8,23,"single-stranded DNA binding","ERCC4;MLH1;MSH2;PMS1;PMS2;RAD51C;RAD51B;BRCA2"
"25","GO:0016772",9.00235848337042e-05,2.99927675988428,9.65003723008191,22,144,"transferase activity, transferring phosphorus-containing groups","NEK10;EGFR;ERBB2;AKT1;AKT2;FES;FGFR2;KCNH1;CDK12;PIK3CA;ATR;MAPK1;MAP2K1;PTK6;CCND1;ROS1;BRAF;AURKA;STK11;SYK;TERT;CCNE1"
"26","GO:0016301",0.000103176948555017,3.04080854309687,9.04690990320179,21,135,"kinase activity","NEK10;EGFR;ERBB2;AKT1;AKT2;FES;FGFR2;KCNH1;CDK12;PIK3CA;ATR;MAPK1;MAP2K1;PTK6;CCND1;ROS1;BRAF;AURKA;STK11;SYK;CCNE1"
"27","GO:0017111",0.000162002612036825,3.44485025566107,6.03127326880119,16,90,"nucleoside-triphosphatase activity","ERCC6;DICER1;MSH6;MLH1;MSH2;NSF;ABCB1;PMS1;PMS2;RAD51C;RAD51B;SMARCA4;TOP1;BRIP1;TUBA1C;ABCG2"
"28","GO:0016773",0.000184416341543657,2.96883116883117,8.71183916604616,20,130,"phosphotransferase activity, alcohol group as acceptor","NEK10;EGFR;ERBB2;AKT1;AKT2;FES;FGFR2;KCNH1;CDK12;PIK3CA;ATR;MAPK1;MAP2K1;PTK6;CCND1;ROS1;BRAF;AURKA;STK11;SYK"
"29","GO:0019207",0.000220582851644097,4.92741935483871,2.7475800446761,10,41,"kinase regulator activity","CDKN2A;ERCC6;GSTP1;NRG1;PIK3CA;PIK3R1;MAP2K1;CCND1;STK11;CCNE1"
"30","GO:0032403",0.00023216072086734,2.77099236641221,10.253164556962,22,153,"protein complex binding","CTNNB1;EGFR;ERCC6;FES;MSH6;KRAS;KRT8;MLH1;MSH2;NF2;NSF;PIK3R1;PMS2;ATR;PTEN;CCND1;SMARCA4;SYK;HNF1B;ARID1A;SKAP1;CCNE1"
"31","GO:0032405",0.00029164724741116,Inf,0.201042442293373,3,3,"MutLalpha complex binding","MSH6;MSH2;ATR"
"32","GO:0043125",0.00029164724741116,Inf,0.201042442293373,3,3,"ErbB-3 class receptor binding","ERBB2;NRG1;PIK3R1"
"33","GO:0016462",0.000357403510688566,3.17027027027027,6.43335815338794,16,96,"pyrophosphatase activity","ERCC6;DICER1;MSH6;MLH1;MSH2;NSF;ABCB1;PMS1;PMS2;RAD51C;RAD51B;SMARCA4;TOP1;BRIP1;TUBA1C;ABCG2"
"34","GO:0016817",0.000357403510688566,3.17027027027027,6.43335815338794,16,96,"hydrolase activity, acting on acid anhydrides","ERCC6;DICER1;MSH6;MLH1;MSH2;NSF;ABCB1;PMS1;PMS2;RAD51C;RAD51B;SMARCA4;TOP1;BRIP1;TUBA1C;ABCG2"
"35","GO:0016818",0.000357403510688566,3.17027027027027,6.43335815338794,16,96,"hydrolase activity, acting on acid anhydrides, in phosphorus-containing anhydrides","ERCC6;DICER1;MSH6;MLH1;MSH2;NSF;ABCB1;PMS1;PMS2;RAD51C;RAD51B;SMARCA4;TOP1;BRIP1;TUBA1C;ABCG2"
"36","GO:0004674",0.000461995076983105,3.54249259512417,4.6909903201787,13,70,"protein serine/threonine kinase activity","NEK10;EGFR;AKT1;AKT2;CDK12;PIK3CA;ATR;MAPK1;MAP2K1;BRAF;AURKA;STK11;SYK"
"37","GO:0000400",0.000565889500221537,19.3798449612403,0.46909903201787,4,7,"four-way junction DNA binding","MSH6;MSH2;RAD51C;RAD51B"
"38","GO:0019903",0.000825907827034944,4.99593495934959,2.14445271779598,8,32,"protein phosphatase binding","CTNNB1;EGFR;ERBB2;AKT1;PIK3R1;ROS1;TP53;SKAP1"
"39","GO:0019899",0.000832790388292964,2.18072781790923,19.0990320178704,32,285,"enzyme binding","CDKN2A;CTNNB1;DNMT1;DVL1;EGFR;ERBB2;AKT1;AKT2;GSTP1;NRG1;KCNH1;MSH2;NSF;PIK3R1;MAPK1;MAP2K1;PTEN;SRGAP1;CCND1;ROS1;SMARCA4;FOXL2;BRCA1;BRAF;BRCA2;AURKA;SYK;TP53;PPM1D;SKAP1;CCNE1;SNCAIP"
"40","GO:0016740",0.000871646794820836,2.21212121212121,17.4906924795235,30,261,"transferase activity","NEK10;DNMT1;EGFR;ERBB2;AKT1;AKT2;FES;FGFR2;FNTB;TIPARP;ABO;GSTP1;KCNH1;CDK12;PIK3CA;ATR;RNF43;MAPK1;MAP2K1;PTK6;CCND1;ROS1;BRCA1;BRAF;BRCA2;AURKA;STK11;SYK;TERT;CCNE1"
"41","GO:0019887",0.00103090339969748,4.79219512195122,2.2114668652271,8,33,"protein kinase regulator activity","CDKN2A;ERCC6;NRG1;PIK3CA;MAP2K1;CCND1;STK11;CCNE1"
"42","GO:0019902",0.00107375279430706,4.23958333333333,2.7475800446761,9,41,"phosphatase binding","CTNNB1;EGFR;ERBB2;AKT1;PIK3R1;MAPK1;ROS1;TP53;SKAP1"
"43","GO:0030234",0.00110475668888963,2.71454268714543,7.77364110201042,17,116,"enzyme regulator activity","FRY;CDKN2A;EGFR;AKT1;ERCC6;GSTP1;NRG1;PIK3CA;PIK3R1;PPP2R1A;MAP2K1;SRGAP1;CCND1;FOXL2;STK11;TP53;CCNE1"
"44","GO:0032138",0.00110978307055933,43.1724137931034,0.268056589724497,3,4,"single base insertion or deletion binding","MSH6;MSH2;PMS2"
"45","GO:0032407",0.00110978307055933,43.1724137931034,0.268056589724497,3,4,"MutSalpha complex binding","MLH1;PMS2;ATR"
"46","GO:0032135",0.00263973983020311,21.5689655172414,0.335070737155622,3,5,"DNA insertion or deletion binding","MSH6;MSH2;PMS2"
"47","GO:0071889",0.00263973983020311,21.5689655172414,0.335070737155622,3,5,"14-3-3 protein binding","SYNPO2;AKT1;KCNH1"
"48","GO:0004519",0.00292957127523809,6.64171122994652,1.07222635889799,5,16,"endonuclease activity","ERCC4;DICER1;PMS2;RAD51C;RAD51B"
"49","GO:0030295",0.00292957127523809,6.64171122994652,1.07222635889799,5,16,"protein kinase activator activity","ERCC6;NRG1;PIK3CA;MAP2K1;STK11"
"50","GO:0042623",0.00298205253844274,3.55263157894737,3.14966492926284,9,47,"ATPase activity, coupled","ERCC6;NSF;ABCB1;RAD51C;RAD51B;SMARCA4;TOP1;BRIP1;ABCG2"
"51","GO:0004520",0.0043277788520706,8.27906976744186,0.737155621742368,4,11,"endodeoxyribonuclease activity","ERCC4;DICER1;RAD51C;RAD51B"
"52","GO:0008559",0.00444430634975415,Inf,0.134028294862249,2,2,"xenobiotic-transporting ATPase activity","ABCB1;ABCG2"
"53","GO:0015238",0.00444430634975415,Inf,0.134028294862249,2,2,"drug transmembrane transporter activity","ABCB1;ABCG2"
"54","GO:0032137",0.00444430634975415,Inf,0.134028294862249,2,2,"guanine/thymine mispair binding","MSH6;MSH2"
"55","GO:0032143",0.00444430634975415,Inf,0.134028294862249,2,2,"single thymine insertion binding","MSH6;MSH2"
"56","GO:0032356",0.00444430634975415,Inf,0.134028294862249,2,2,"oxidized DNA binding","MSH6;MSH2"
"57","GO:0032357",0.00444430634975415,Inf,0.134028294862249,2,2,"oxidized purine DNA binding","MSH6;MSH2"
"58","GO:0042910",0.00444430634975415,Inf,0.134028294862249,2,2,"xenobiotic transporter activity","ABCB1;ABCG2"
"59","GO:0090484",0.00444430634975415,Inf,0.134028294862249,2,2,"drug transporter activity","ABCB1;ABCG2"
"60","GO:0004716",0.00502386527404263,14.367816091954,0.402084884586746,3,6,"receptor signaling protein tyrosine kinase activity","EGFR;ERBB2;SYK"
"61","GO:0005109",0.00502386527404263,14.367816091954,0.402084884586746,3,6,"frizzled binding","DVL1;WNT4;RNF43"
"62","GO:0005057",0.00581519996411534,3.82954038375725,2.27848101265823,7,34,"receptor signaling protein activity","EGFR;ERBB2;KCNH1;MAPK1;MAP2K1;BRAF;SYK"
"63","GO:0008094",0.00591955886275755,4.40357142857143,1.74236783320923,6,26,"DNA-dependent ATPase activity","ERCC6;RAD51C;RAD51B;SMARCA4;TOP1;BRIP1"
"64","GO:0004536",0.00616218077538454,7.23837209302326,0.804169769173492,4,12,"deoxyribonuclease activity","ERCC4;DICER1;RAD51C;RAD51B"
"65","GO:0005102",0.00630500796433881,2.06427221172023,12.1965748324646,21,182,"receptor binding","CTNNB1;DNMT1;DVL1;ERBB2;FES;IFNL3;RSPO1;NRG1;NF2;PIK3R1;WNT4;RNF43;PTEN;PTK6;SMARCA4;FOXL2;BRCA1;SYK;TP53;ARID1A;CCNE1"
"66","GO:0019209",0.00663915859540069,5.20588235294118,1.27326880119136,5,19,"kinase activator activity","ERCC6;NRG1;PIK3CA;MAP2K1;STK11"
"67","GO:0003684",0.0083908957400649,4.85490196078431,1.34028294862249,5,20,"damaged DNA binding","ERCC4;MSH6;MSH2;BRCA1;TP53"
"68","GO:0000217",0.00845001487959278,6.42894056847545,0.871183916604617,4,13,"DNA secondary structure binding","MSH6;MSH2;RAD51C;RAD51B"
"69","GO:0043167",0.00894564840216254,1.72100521574206,40.6775874906925,52,607,"ion binding","NEK10;DNMT1;EGFR;ERBB2;AKT1;ERCC6;AKT2;FES;FGFR2;DICER1;FNTB;TIPARP;ABO;RSPO1;GSTP1;MSH6;EYS;KRAS;MLH1;ASNS;MSH2;NSF;CDK12;ABCB1;PIK3CA;LRP1B;PMS1;PMS2;ATR;RNF43;MAPK1;MAP2K1;PTEN;PTK6;RAD51C;RAD51B;ROS1;SMARCA4;BRCA1;BRAF;AURKA;STK11;SYK;TERT;TP53;FRAS1;MLLT10;BRIP1;TUBA1C;PPM1D;ABCG2;PLEKHM1"
