"","GOMFID","Pvalue","OddsRatio","ExpCount","Count","Size","Term","Symbols"
"1","GO:0002039",0.000147095415311104,10.0714285714286,0.893521965748325,6,20,"p53 binding","CDKN2A;DAXX;EP300;SIRT1;STK11;TP63"
"2","GO:0001664",0.000344752074350972,8.27450980392157,1.02755026061057,6,23,"G-protein coupled receptor binding","GNAS;PARK2;RNF43;BICD1;WNT2B;ZNRF3"
"3","GO:0005109",0.00154180643055212,22.4561403508772,0.268056589724497,3,6,"frizzled binding","RNF43;WNT2B;ZNRF3"
"4","GO:0004748",0.00196415037180146,Inf,0.0893521965748325,2,2,"ribonucleoside-diphosphate reductase activity, thioredoxin disulfide as acceptor","RRM1;RRM2"
"5","GO:0016725",0.00196415037180146,Inf,0.0893521965748325,2,2,"oxidoreductase activity, acting on CH or CH2 groups","RRM1;RRM2"
"6","GO:0016728",0.00196415037180146,Inf,0.0893521965748325,2,2,"oxidoreductase activity, acting on CH or CH2 groups, disulfide as acceptor","RRM1;RRM2"
"7","GO:0061731",0.00196415037180146,Inf,0.0893521965748325,2,2,"ribonucleoside-diphosphate reductase activity","RRM1;RRM2"
"8","GO:0019887",0.00266283922815894,5.16872427983539,1.47431124348474,6,33,"protein kinase regulator activity","CDKN2A;DAXX;ERBB3;APC;HSPB1;STK11"
"9","GO:0016740",0.00274172098813211,2.3400641025641,11.6604616530156,21,261,"transferase activity","DAPK1;EP300;ERBB2;AKT2;RNF149;GTF2H1;MEN1;ATM;ROR1;PARK2;RNF43;BACH1;MAP2K4;BRCA1;BRAF;BRCA2;STK11;TERT;SUGCT;ZNRF3;ACVR2A"
"10","GO:0051427",0.00338359608661046,4.21286889211417,2.05510052122115,7,46,"hormone receptor binding","DAXX;EP300;SIRT1;GNAS;HIF1A;RB1;BRCA1"
"11","GO:0050681",0.00339800599480446,8.25974025974026,0.670141474311243,4,15,"androgen receptor binding","DAXX;EP300;RB1;BRCA1"
"12","GO:0042802",0.00381119378911518,2.48115299334812,8.04169769173492,16,180,"identical protein binding","IL17F;DAPK1;DAXX;ERBB2;ERBB3;SIRT1;HSPB1;SMAD4;PARK2;PTEN;RB1;BRAF;HNF1A;TERT;SBF2;TP63"
"13","GO:0019207",0.00816981090550938,3.96190476190476,1.83172002978407,6,41,"kinase regulator activity","CDKN2A;DAXX;ERBB3;APC;HSPB1;STK11"
"14","GO:0061630",0.00843418974256783,6.03809523809524,0.848845867460908,4,19,"ubiquitin protein ligase activity","RNF149;PARK2;RNF43;ZNRF3"
"15","GO:0061659",0.00843418974256783,6.03809523809524,0.848845867460908,4,19,"ubiquitin-like protein ligase activity","RNF149;PARK2;RNF43;ZNRF3"
"16","GO:0004842",0.00920406560210644,3.84876543209877,1.87639612807148,6,42,"ubiquitin-protein transferase activity","RNF149;PARK2;RNF43;BACH1;BRCA1;ZNRF3"
"17","GO:0019787",0.00920406560210644,3.84876543209877,1.87639612807148,6,42,"ubiquitin-like protein transferase activity","RNF149;PARK2;RNF43;BACH1;BRCA1;ZNRF3"
"18","GO:0035257",0.00920406560210644,3.84876543209877,1.87639612807148,6,42,"nuclear hormone receptor binding","DAXX;EP300;SIRT1;HIF1A;RB1;BRCA1"
"19","GO:0003824",0.00961270642787481,1.92468619246862,22.7848101265823,32,510,"catalytic activity","DAPK1;DPP6;DCP1B;EP300;ERBB2;AKT2;SIRT1;SND1;GNAS;RNF149;GTF2H1;MEN1;MTHFR;MYO1D;ATM;ROR1;PARK2;ATRX;RNF43;BACH1;PTEN;RRM1;RRM2;MAP2K4;BRCA1;BRAF;BRCA2;STK11;TERT;SUGCT;ZNRF3;ACVR2A"
"20","GO:0019900",0.00975725477552314,2.46822033898305,5.80789277736411,12,130,"kinase binding","CDKN2A;DAXX;AKT2;SIRT1;HIF1A;APC;HSPB1;PARK2;PTEN;RB1;BRAF;BCAR1"
