"","GOCCID","Pvalue","OddsRatio","ExpCount","Count","Size","Term","Symbols"
"1","GO:0044451",0.000749812918765274,3.33967391304348,4.92424242424242,13,105,"nucleoplasm part","CDKN2A;DAXX;EP300;FANCC;SIRT1;GTF2H1;HIF1A;PDX1;MEN1;ATRX;PTEN;RB1;TERT"
"2","GO:0016605",0.000926765122495201,6.61525423728814,1.21933621933622,6,26,"PML body","DAXX;SIRT1;ATRX;PTEN;RB1;TERT"
"3","GO:0016604",0.00121577197490083,4.08535714285714,2.76695526695527,9,59,"nuclear body","CDKN2A;DAXX;SIRT1;HIF1A;PDX1;ATRX;PTEN;RB1;TERT"
"4","GO:0005971",0.00216710686024765,Inf,0.0937950937950938,2,2,"ribonucleoside-diphosphate reductase complex","RRM1;RRM2"
"5","GO:0043234",0.00231738826394469,2.13003807744809,22.6515151515152,34,483,"protein complex","CDKN2A;DAB2;DAXX;DPP6;EP300;ERBB2;ERBB3;FANCC;SIRT1;NR5A2;GNAS;GTF2H1;HIF1A;APC;HSPB1;SMAD4;MEN1;MYO1D;ATM;ROR1;PARK2;ATRX;BACH1;RB1;RRM1;RRM2;BICD1;BRCA1;BRCA2;STK11;HNF1A;TERT;TP63;ACVR2A"
"6","GO:0000784",0.00275336994562012,6.3921568627451,1.03174603174603,5,22,"nuclear chromosome, telomeric region","MEN1;ATM;ATRX;BRCA2;TERT"
"7","GO:0032991",0.00367147712625733,2.04491742104899,25.0901875901876,36,535,"macromolecular complex","CDKN2A;DAB2;DAXX;DPP6;DCP1B;EP300;ERBB2;ERBB3;FANCC;SIRT1;NR5A2;SND1;GNAS;GTF2H1;HIF1A;APC;HSPB1;SMAD4;MEN1;MYO1D;ATM;ROR1;PARK2;ATRX;BACH1;RB1;RRM1;RRM2;BICD1;BRCA1;BRCA2;STK11;HNF1A;TERT;TP63;ACVR2A"
"8","GO:0000792",0.00407286272690847,7.80923994038748,0.703463203463203,4,15,"heterochromatin","CDKN2A;DAXX;SIRT1;ATRX"
"9","GO:0000781",0.00497884081642027,5.42083333333333,1.17243867243867,5,25,"chromosome, telomeric region","MEN1;ATM;ATRX;BRCA2;TERT"
"10","GO:0005694",0.00692903451171713,2.41161946259985,6.98773448773449,14,149,"chromosome","CDKN2A;DAXX;FANCC;SIRT1;APC;SMAD4;MEN1;ATM;ATRX;RB1;BRCA1;BRCA2;TERT;TP63"
"11","GO:0044427",0.00864754091236951,2.4133064516129,6.42496392496392,13,137,"chromosomal part","CDKN2A;DAXX;FANCC;SIRT1;APC;SMAD4;MEN1;ATM;ATRX;RB1;BRCA2;TERT;TP63"
"12","GO:0090575",0.00962020058133563,4.50347222222222,1.36002886002886,5,29,"RNA polymerase II transcription factor complex","NR5A2;GTF2H1;HIF1A;SMAD4;RB1"
