"","GOBPID","Pvalue","OddsRatio","ExpCount","Count","Size","Term","Symbols"
"1","GO:0072331",7.93934432280635e-07,10.6020066889632,1.51219512195122,10,33,"signal transduction by p53 class mediator","CDKN2A;EP300;SIRT1;ATM;PARK2;ATRX;BRCA1;BRCA2;STK11;TP63"
"2","GO:0009966",1.26977792677949e-05,3.13100137174211,18.9253510716925,35,413,"regulation of signal transduction","CDKN2A;IL17F;DAB2;DAPK1;DAXX;EP300;ERBB2;ERBB3;AKT2;SIRT1;GNAS;RNF149;HIF1A;APC;HSPB1;PDX1;KRAS;SMAD4;MEN1;ATM;PARK2;RNF43;PTEN;RB1;BICD1;BRCA1;BRAF;STK11;TERT;WNT2B;LDLRAD4;PREX2;ZNRF3;TP63;ACVR2A"
"3","GO:0010648",3.41907182282646e-05,3.37292817679558,9.30229120473023,22,203,"negative regulation of cell communication","DAB2;DAPK1;ERBB3;SIRT1;RNF149;HIF1A;APC;HSPB1;PDX1;MEN1;ATM;PARK2;RNF43;PTEN;RB1;BICD1;BRCA1;BRAF;STK11;TERT;LDLRAD4;ZNRF3"
"4","GO:0023057",3.41907182282646e-05,3.37292817679558,9.30229120473023,22,203,"negative regulation of signaling","DAB2;DAPK1;ERBB3;SIRT1;RNF149;HIF1A;APC;HSPB1;PDX1;MEN1;ATM;PARK2;RNF43;PTEN;RB1;BICD1;BRCA1;BRAF;STK11;TERT;LDLRAD4;ZNRF3"
"5","GO:0050790",4.82013038992749e-05,2.96702619414484,14.8470066518847,29,324,"regulation of catalytic activity","CDKN2A;DAPK1;DAXX;DCP1B;ERBB2;ERBB3;AKT2;SIRT1;GNAS;GTF2H1;HIF1A;APC;HSPB1;KRAS;MEN1;MYO1D;ATM;PARK2;PTEN;RB1;BICD1;MAP2K4;BRAF;STK11;TERT;PREX2;SBF2;TP63;ACVR2A"
"6","GO:0072332",6.05937794008126e-05,12.4675324675325,0.779009608277901,6,17,"intrinsic apoptotic signaling pathway by p53 class mediator","EP300;SIRT1;PARK2;BRCA2;STK11;TP63"
"7","GO:0009968",6.18960355014773e-05,3.28805719091674,8.93569844789357,21,195,"negative regulation of signal transduction","DAB2;DAPK1;ERBB3;SIRT1;RNF149;HIF1A;APC;HSPB1;PDX1;MEN1;ATM;PARK2;RNF43;PTEN;RB1;BICD1;BRCA1;STK11;TERT;LDLRAD4;ZNRF3"
"8","GO:0097190",6.19665359083253e-05,3.8488419341731,5.63636363636364,16,123,"apoptotic signaling pathway","DAPK1;DAXX;EP300;ERBB3;SIRT1;HIF1A;HSPB1;PDX1;ATM;PARK2;PTEN;BRCA1;BRCA2;STK11;TERT;TP63"
"9","GO:0031399",6.65167360521749e-05,2.95858747993579,13.4722838137472,27,294,"regulation of protein modification process","CDKN2A;DAB2;DAXX;EP300;ERBB2;ERBB3;AKT2;SIRT1;RNF149;GTF2H1;APC;HSPB1;KRAS;SMAD4;MEN1;MTHFR;MYO1D;ATM;PARK2;PTEN;RB1;MAP2K4;BRCA1;BRAF;STK11;LDLRAD4;ACVR2A"
"10","GO:0010212",6.69723847223016e-05,6.47341337907376,1.92461197339246,9,42,"response to ionizing radiation","SIRT1;HIF1A;MEN1;ATM;RRM1;BRCA1;BRCA2;STK11;TP63"
"11","GO:0097193",7.25861079351214e-05,5.13914027149321,2.88691796008869,11,63,"intrinsic apoptotic signaling pathway","EP300;SIRT1;HIF1A;HSPB1;PDX1;ATM;PARK2;BRCA1;BRCA2;STK11;TP63"
"12","GO:0070997",8.45351492035494e-05,5.03810580836108,2.93274205469327,11,64,"neuron death","DAXX;ERBB3;SIRT1;HIF1A;KRAS;ATM;PARK2;RB1;MAP2K4;BRAF;TP63"
"13","GO:0010646",8.76536415034231e-05,2.76564185544768,20.4833702882483,35,447,"regulation of cell communication","CDKN2A;IL17F;DAB2;DAPK1;DAXX;EP300;ERBB2;ERBB3;AKT2;SIRT1;GNAS;RNF149;HIF1A;APC;HSPB1;PDX1;KRAS;SMAD4;MEN1;ATM;PARK2;RNF43;PTEN;RB1;BICD1;BRCA1;BRAF;STK11;TERT;WNT2B;LDLRAD4;PREX2;ZNRF3;TP63;ACVR2A"
"14","GO:0023051",9.24106894741482e-05,2.75580665411174,20.5291943828529,35,448,"regulation of signaling","CDKN2A;IL17F;DAB2;DAPK1;DAXX;EP300;ERBB2;ERBB3;AKT2;SIRT1;GNAS;RNF149;HIF1A;APC;HSPB1;PDX1;KRAS;SMAD4;MEN1;ATM;PARK2;RNF43;PTEN;RB1;BICD1;BRCA1;BRAF;STK11;TERT;WNT2B;LDLRAD4;PREX2;ZNRF3;TP63;ACVR2A"
"15","GO:0065009",9.73688299708322e-05,2.75880362206165,18.7878787878788,33,410,"regulation of molecular function","CDKN2A;DAB2;DAPK1;DAXX;DCP1B;EP300;ERBB2;ERBB3;AKT2;SIRT1;GNAS;GTF2H1;HIF1A;APC;HSPB1;PDX1;KRAS;SMAD4;MEN1;MYO1D;ATM;PARK2;PTEN;RB1;BICD1;MAP2K4;BRAF;STK11;TERT;PREX2;SBF2;TP63;ACVR2A"
"16","GO:0030330",9.98703901115939e-05,8.52057416267943,1.19142645971914,7,26,"DNA damage response, signal transduction by p53 class mediator","CDKN2A;SIRT1;ATM;ATRX;BRCA1;BRCA2;TP63"
"17","GO:0019220",0.000112888995370762,2.87773487773488,13.059866962306,26,285,"regulation of phosphate metabolic process","CDKN2A;DAB2;DAXX;ERBB2;ERBB3;AKT2;SIRT1;GNAS;RNF149;GTF2H1;HIF1A;APC;HSPB1;KRAS;SMAD4;MEN1;MYO1D;ATM;PARK2;PTEN;RB1;MAP2K4;BRAF;STK11;LDLRAD4;ACVR2A"
"18","GO:0051174",0.000112888995370762,2.87773487773488,13.059866962306,26,285,"regulation of phosphorus metabolic process","CDKN2A;DAB2;DAXX;ERBB2;ERBB3;AKT2;SIRT1;GNAS;RNF149;GTF2H1;HIF1A;APC;HSPB1;KRAS;SMAD4;MEN1;MYO1D;ATM;PARK2;PTEN;RB1;MAP2K4;BRAF;STK11;LDLRAD4;ACVR2A"
"19","GO:0030511",0.000126464106250965,29.6091954022989,0.320768662232077,4,7,"positive regulation of transforming growth factor beta receptor signaling pathway","DAB2;SMAD4;MEN1;STK11"
"20","GO:1903846",0.000126464106250965,29.6091954022989,0.320768662232077,4,7,"positive regulation of cellular response to transforming growth factor beta stimulus","DAB2;SMAD4;MEN1;STK11"
"21","GO:0048584",0.000142302587657954,2.74586116758641,15.6718403547672,29,342,"positive regulation of response to stimulus","CDKN2A;IL17F;DAB2;DAXX;EP300;ERBB2;ERBB3;AKT2;SIRT1;GNAS;HIF1A;APC;HSPB1;PDX1;KRAS;SMAD4;MEN1;ATM;PARK2;PTEN;MAP2K4;BRCA1;BRAF;STK11;TERT;WNT2B;TP63;ACVR2A;BCAR1"
"22","GO:0008219",0.000151420013964731,2.75618934442464,14.8928307464893,28,325,"cell death","CDKN2A;DAB2;DAPK1;DAXX;EP300;ERBB3;AKT2;SIRT1;HIF1A;APC;HSPB1;PDX1;KRAS;SMAD4;ATM;PARK2;PTEN;RB1;MAP2K4;BRCA1;BRAF;BRCA2;STK11;TERT;PALB2;CLPTM1L;TP63;BCAR1"
"23","GO:0016265",0.000151420013964731,2.75618934442464,14.8928307464893,28,325,"death","CDKN2A;DAB2;DAPK1;DAXX;EP300;ERBB3;AKT2;SIRT1;HIF1A;APC;HSPB1;PDX1;KRAS;SMAD4;ATM;PARK2;PTEN;RB1;MAP2K4;BRCA1;BRAF;BRCA2;STK11;TERT;PALB2;CLPTM1L;TP63;BCAR1"
"24","GO:0006915",0.000158834733966816,2.77275038129131,14.1138211382114,27,308,"apoptotic process","CDKN2A;DAB2;DAPK1;DAXX;EP300;ERBB3;AKT2;SIRT1;HIF1A;APC;HSPB1;PDX1;KRAS;ATM;PARK2;PTEN;RB1;MAP2K4;BRCA1;BRAF;BRCA2;STK11;TERT;PALB2;CLPTM1L;TP63;BCAR1"
"25","GO:0033047",0.000166729198145351,14.0679824561404,0.595713229859571,5,13,"regulation of mitotic sister chromatid segregation","APC;ATM;ATRX;PTEN;RB1"
"26","GO:0090342",0.000166729198145351,14.0679824561404,0.595713229859571,5,13,"regulation of cell aging","CDKN2A;SIRT1;PTEN;TERT;TP63"
"27","GO:0017015",0.000167136999868611,7.6969696969697,1.28307464892831,7,28,"regulation of transforming growth factor beta receptor signaling pathway","IL17F;DAB2;SIRT1;SMAD4;MEN1;STK11;LDLRAD4"
"28","GO:1903844",0.000167136999868611,7.6969696969697,1.28307464892831,7,28,"regulation of cellular response to transforming growth factor beta stimulus","IL17F;DAB2;SIRT1;SMAD4;MEN1;STK11;LDLRAD4"
"29","GO:0030521",0.000170235911463594,9.77295918367347,0.916481892091648,6,20,"androgen receptor signaling pathway","DAB2;DAXX;EP300;SIRT1;RB1;BRCA1"
"30","GO:0009719",0.00017887634057422,2.74770318021201,14.2054693274205,27,310,"response to endogenous stimulus","IL17F;DAB2;DAXX;EP300;ERBB2;ERBB3;AKT2;SIRT1;NR5A2;GNAS;HIF1A;APC;PDX1;KRAS;SMAD4;MEN1;MTHFR;PARK2;PTEN;RB1;BRCA1;BRAF;BRCA2;STK11;LDLRAD4;ACVR2A;BCAR1"
"31","GO:0042770",0.000212437195988563,7.34132231404959,1.32889874353289,7,29,"signal transduction in response to DNA damage","CDKN2A;SIRT1;ATM;ATRX;BRCA1;BRCA2;TP63"
"32","GO:0012501",0.000225967318943148,2.69865604778497,14.3887657058389,27,314,"programmed cell death","CDKN2A;DAB2;DAPK1;DAXX;EP300;ERBB3;AKT2;SIRT1;HIF1A;APC;HSPB1;PDX1;KRAS;ATM;PARK2;PTEN;RB1;MAP2K4;BRCA1;BRAF;BRCA2;STK11;TERT;PALB2;CLPTM1L;TP63;BCAR1"
"33","GO:0051402",0.000239052426449954,5.31084905660377,2.24538063562454,9,49,"neuron apoptotic process","ERBB3;HIF1A;KRAS;ATM;PARK2;RB1;MAP2K4;BRAF;TP63"
"34","GO:0001932",0.000241415677100793,2.82442221455674,11.2727272727273,23,246,"regulation of protein phosphorylation","CDKN2A;DAB2;DAXX;ERBB2;ERBB3;AKT2;SIRT1;RNF149;GTF2H1;APC;HSPB1;KRAS;SMAD4;MEN1;ATM;PARK2;PTEN;RB1;MAP2K4;BRAF;STK11;LDLRAD4;ACVR2A"
"35","GO:0071495",0.000243742943296535,2.78000440431623,12.0517368810052,24,263,"cellular response to endogenous stimulus","IL17F;DAB2;DAXX;EP300;ERBB2;ERBB3;AKT2;SIRT1;NR5A2;GNAS;HIF1A;APC;KRAS;SMAD4;MEN1;PARK2;PTEN;RB1;BRCA1;BRAF;STK11;LDLRAD4;ACVR2A;BCAR1"
"36","GO:0090344",0.000244251675817634,22.1896551724138,0.366592756836659,4,8,"negative regulation of cell aging","SIRT1;PTEN;TERT;TP63"
"37","GO:1902176",0.000244251675817634,22.1896551724138,0.366592756836659,4,8,"negative regulation of oxidative stress-induced intrinsic apoptotic signaling pathway","SIRT1;HIF1A;HSPB1;PARK2"
"38","GO:0051341",0.000250250281151958,12.495126705653,0.641537324464154,5,14,"regulation of oxidoreductase activity","HIF1A;KRAS;PARK2;TERT;ACVR2A"
"39","GO:0042325",0.000275973743875677,2.7516925092815,12.1433850702143,24,265,"regulation of phosphorylation","CDKN2A;DAB2;DAXX;ERBB2;ERBB3;AKT2;SIRT1;RNF149;GTF2H1;HIF1A;APC;HSPB1;KRAS;SMAD4;MEN1;ATM;PARK2;PTEN;RB1;MAP2K4;BRAF;STK11;LDLRAD4;ACVR2A"
"40","GO:1901214",0.000280052129337401,4.67571644042232,2.79526977087953,10,61,"regulation of neuron death","DAXX;ERBB3;SIRT1;HIF1A;KRAS;ATM;PARK2;MAP2K4;BRAF;TP63"
"41","GO:0016567",0.000282368774200472,4.00438356164384,3.8950480413895,12,85,"protein ubiquitination","CDKN2A;DAXX;SIRT1;RNF149;APC;ATM;PARK2;RNF43;BACH1;PTEN;BRCA1;ZNRF3"
"42","GO:0048585",0.000285751243229511,2.83119047619048,10.6311899482631,22,232,"negative regulation of response to stimulus","DAB2;DAPK1;ERBB3;SIRT1;RNF149;HIF1A;APC;HSPB1;PDX1;MEN1;ATM;PARK2;RNF43;PTEN;RB1;BICD1;BRCA1;STK11;TERT;LDLRAD4;ZNRF3;TP63"
"43","GO:2001252",0.000297030074715324,5.8287037037037,1.8329637841833,8,40,"positive regulation of chromosome organization","DAXX;SIRT1;SMAD4;ATM;ATRX;PTEN;RB1;BRCA1"
"44","GO:0051246",0.000314442713013141,2.57065217391304,17.1840354767184,30,375,"regulation of protein metabolic process","CDKN2A;IL17F;DAB2;DAPK1;DAXX;EP300;ERBB2;ERBB3;AKT2;SIRT1;RNF149;GTF2H1;APC;HSPB1;KRAS;SMAD4;MEN1;MTHFR;MYO1D;ATM;PARK2;PTEN;RB1;MAP2K4;BRCA1;BRAF;STK11;LDLRAD4;TP63;ACVR2A"
"45","GO:0080135",0.000343751569957188,3.35961246200608,5.81966001478197,15,127,"regulation of cellular response to stress","CDKN2A;DAXX;EP300;SIRT1;HIF1A;HSPB1;PDX1;MEN1;ATM;PARK2;PTEN;BRCA1;BRAF;TERT;TP63"
"46","GO:0031329",0.000354101707524297,3.8912,3.98669623059867,12,87,"regulation of cellular catabolic process","CDKN2A;DAB2;DAPK1;AKT2;SIRT1;HIF1A;APC;ATM;PARK2;PTEN;RB1;STK11"
"47","GO:0036293",0.000369014247094202,4.49201741654572,2.88691796008869,10,63,"response to decreased oxygen levels","DAXX;EP300;SIRT1;HIF1A;SMAD4;MTHFR;ATM;BACH1;PTEN;TERT"
"48","GO:0060249",0.000369014247094202,4.49201741654572,2.88691796008869,10,63,"anatomical structure homeostasis","GNAS;HIF1A;APC;HSPB1;KRAS;ATM;PARK2;ATRX;STK11;TERT"
"49","GO:0051093",0.000371852981620007,3.10587301587302,7.19438285291944,17,157,"negative regulation of developmental process","CDKN2A;IL17F;DAXX;ERBB2;SIRT1;GNAS;HIF1A;APC;KRAS;MEN1;PARK2;PTEN;BRCA2;STK11;TERT;LDLRAD4;TP63"
"50","GO:0007569",0.000410711992944242,6.44509090909091,1.46637102734664,7,32,"cell aging","CDKN2A;SIRT1;ATM;PTEN;BRCA2;TERT;TP63"
"51","GO:2001233",0.000421296573777206,4.06817496229261,3.48263118994826,11,76,"regulation of apoptotic signaling pathway","DAPK1;DAXX;SIRT1;HIF1A;HSPB1;PDX1;PARK2;PTEN;BRCA1;TERT;TP63"
"52","GO:0006796",0.00042672850430958,2.49864498644986,18.329637841833,31,400,"phosphate-containing compound metabolic process","CDKN2A;DAB2;DAPK1;DAXX;ERBB2;ERBB3;AKT2;SIRT1;GNAS;RNF149;GTF2H1;HIF1A;APC;HSPB1;KRAS;SMAD4;MEN1;MYO1D;ATM;ROR1;PARK2;PTEN;RB1;RRM1;RRM2;MAP2K4;BRAF;STK11;LDLRAD4;SLC44A4;ACVR2A"
"53","GO:0060341",0.000460161986836861,2.95483497394325,8.01921655580192,18,175,"regulation of cellular localization","CDKN2A;IL17F;DAB2;ERBB2;AKT2;SIRT1;GNAS;HIF1A;APC;PDX1;SMAD4;PARK2;PTEN;RB1;BRCA1;BRAF;STK11;TERT"
"54","GO:0008283",0.000469492176018786,2.50782451379466,16.679970436068,29,364,"cell proliferation","CDKN2A;DAB2;ERBB2;ERBB3;SIRT1;NR5A2;HIF1A;APC;PDX1;KRAS;SMAD4;MEN1;ATM;RNF43;PTEN;KIAA1524;RB1;RRM1;BRCA1;BRAF;BRCA2;STK11;TERT;WNT2B;PALB2;ZNRF3;TP63;ACVR2A;BCAR1"
"55","GO:0060548",0.000472542372177839,2.87466197944835,8.75240206947524,19,191,"negative regulation of cell death","DAB2;DAPK1;ERBB3;AKT2;SIRT1;HIF1A;APC;HSPB1;PDX1;KRAS;SMAD4;PARK2;PTEN;MAP2K4;BRCA1;BRAF;TERT;PALB2;TP63"
"56","GO:0009725",0.000473425723877523,2.81130634071811,9.48558758314856,20,207,"response to hormone","DAB2;DAXX;EP300;ERBB2;ERBB3;AKT2;SIRT1;NR5A2;GNAS;HIF1A;PDX1;KRAS;MEN1;PTEN;RB1;BRCA1;BRAF;BRCA2;STK11;BCAR1"
"57","GO:0043066",0.000494986612343187,2.93354430379747,8.0650406504065,18,176,"negative regulation of apoptotic process","DAB2;DAPK1;ERBB3;AKT2;SIRT1;HIF1A;APC;HSPB1;PDX1;KRAS;PARK2;PTEN;MAP2K4;BRCA1;BRAF;TERT;PALB2;TP63"
"58","GO:0036294",0.000502648429549267,6.19230769230769,1.51219512195122,7,33,"cellular response to decreased oxygen levels","DAXX;EP300;SIRT1;HIF1A;BACH1;PTEN;TERT"
"59","GO:0032880",0.000505726216060188,3.10635451505017,6.69031781226903,16,146,"regulation of protein localization","CDKN2A;IL17F;DAB2;ERBB2;AKT2;SIRT1;GNAS;HIF1A;APC;PDX1;SMAD4;PARK2;RB1;BRCA1;STK11;TERT"
"60","GO:0000070",0.000508360417062487,10.207336523126,0.733185513673319,5,16,"mitotic sister chromatid segregation","APC;ATM;ATRX;PTEN;RB1"
"61","GO:0033045",0.000508360417062487,10.207336523126,0.733185513673319,5,16,"regulation of sister chromatid segregation","APC;ATM;ATRX;PTEN;RB1"
"62","GO:0051983",0.000508360417062487,10.207336523126,0.733185513673319,5,16,"regulation of chromosome segregation","APC;ATM;ATRX;PTEN;RB1"
"63","GO:0048583",0.000511724928498013,2.44336755646817,24.0118255728012,37,524,"regulation of response to stimulus","CDKN2A;IL17F;DAB2;DAPK1;DAXX;EP300;ERBB2;ERBB3;AKT2;SIRT1;GNAS;RNF149;HIF1A;APC;HSPB1;PDX1;KRAS;SMAD4;MEN1;ATM;PARK2;RNF43;PTEN;RB1;BICD1;MAP2K4;BRCA1;BRAF;STK11;TERT;WNT2B;LDLRAD4;PREX2;ZNRF3;TP63;ACVR2A;BCAR1"
"64","GO:0009894",0.000529071974421643,3.49854227405248,4.76570583887657,13,104,"regulation of catabolic process","CDKN2A;DAB2;DAPK1;AKT2;SIRT1;HIF1A;APC;SMAD4;ATM;PARK2;PTEN;RB1;STK11"
"65","GO:0010638",0.000529071974421643,3.49854227405248,4.76570583887657,13,104,"positive regulation of organelle organization","DAXX;AKT2;SIRT1;HIF1A;APC;SMAD4;ATM;PARK2;ATRX;PTEN;RB1;BRCA1;BRAF"
"66","GO:0097285",0.000529071974421643,3.49854227405248,4.76570583887657,13,104,"cell-type specific apoptotic process","CDKN2A;ERBB3;SIRT1;HIF1A;PDX1;KRAS;ATM;PARK2;PTEN;RB1;MAP2K4;BRAF;TP63"
"67","GO:0009628",0.000540673008469515,2.77651801461325,9.57723577235772,20,209,"response to abiotic stimulus","DAXX;EP300;AKT2;SIRT1;HIF1A;KRAS;SMAD4;MEN1;MTHFR;ATM;BACH1;PTEN;RRM1;MAP2K4;BRCA1;BRAF;BRCA2;STK11;TERT;TP63"
"68","GO:0006793",0.000545390277444656,2.45187165775401,18.5587583148559,31,405,"phosphorus metabolic process","CDKN2A;DAB2;DAPK1;DAXX;ERBB2;ERBB3;AKT2;SIRT1;GNAS;RNF149;GTF2H1;HIF1A;APC;HSPB1;KRAS;SMAD4;MEN1;MYO1D;ATM;ROR1;PARK2;PTEN;RB1;RRM1;RRM2;MAP2K4;BRAF;STK11;LDLRAD4;SLC44A4;ACVR2A"
"69","GO:0006511",0.000546051200240469,4.24107142857143,3.02439024390244,10,66,"ubiquitin-dependent protein catabolic process","CDKN2A;DAB2;SIRT1;APC;ATM;PARK2;RNF43;PTEN;RB1;ZNRF3"
"70","GO:0019941",0.000546051200240469,4.24107142857143,3.02439024390244,10,66,"modification-dependent protein catabolic process","CDKN2A;DAB2;SIRT1;APC;ATM;PARK2;RNF43;PTEN;RB1;ZNRF3"
"71","GO:0043632",0.000546051200240469,4.24107142857143,3.02439024390244,10,66,"modification-dependent macromolecule catabolic process","CDKN2A;DAB2;SIRT1;APC;ATM;PARK2;RNF43;PTEN;RB1;ZNRF3"
"72","GO:0032870",0.000589488108129877,2.96270928462709,7.46932742054693,17,163,"cellular response to hormone stimulus","DAB2;DAXX;EP300;ERBB2;ERBB3;AKT2;SIRT1;NR5A2;GNAS;HIF1A;KRAS;MEN1;RB1;BRCA1;BRAF;STK11;BCAR1"
"73","GO:0043069",0.00065837872441151,2.8510101010101,8.24833702882483,18,180,"negative regulation of programmed cell death","DAB2;DAPK1;ERBB3;AKT2;SIRT1;HIF1A;APC;HSPB1;PDX1;KRAS;PARK2;PTEN;MAP2K4;BRCA1;BRAF;TERT;PALB2;TP63"
"74","GO:1901698",0.00065837872441151,2.8510101010101,8.24833702882483,18,180,"response to nitrogen compound","ERBB2;ERBB3;AKT2;SIRT1;GNAS;HIF1A;PDX1;KRAS;MEN1;MTHFR;PARK2;ATRX;PTEN;BRCA1;BRAF;STK11;TERT;BCAR1"
"75","GO:0090287",0.000682691759336727,4.49458048976315,2.56614929785661,9,56,"regulation of cellular response to growth factor stimulus","IL17F;DAB2;SIRT1;HIF1A;SMAD4;MEN1;STK11;LDLRAD4;ACVR2A"
"76","GO:0007091",0.000683411338104521,14.7701149425287,0.458240946045824,4,10,"metaphase/anaphase transition of mitotic cell cycle","APC;ATM;PTEN;RB1"
"77","GO:0030071",0.000683411338104521,14.7701149425287,0.458240946045824,4,10,"regulation of mitotic metaphase/anaphase transition","APC;ATM;PTEN;RB1"
"78","GO:0032007",0.000683411338104521,14.7701149425287,0.458240946045824,4,10,"negative regulation of TOR signaling","SIRT1;HIF1A;ATM;STK11"
"79","GO:0032768",0.000683411338104521,14.7701149425287,0.458240946045824,4,10,"regulation of monooxygenase activity","HIF1A;KRAS;TERT;ACVR2A"
"80","GO:0044784",0.000683411338104521,14.7701149425287,0.458240946045824,4,10,"metaphase/anaphase transition of cell cycle","APC;ATM;PTEN;RB1"
"81","GO:0045736",0.000683411338104521,14.7701149425287,0.458240946045824,4,10,"negative regulation of cyclin-dependent protein serine/threonine kinase activity","CDKN2A;APC;MEN1;PTEN"
"82","GO:0050999",0.000683411338104521,14.7701149425287,0.458240946045824,4,10,"regulation of nitric-oxide synthase activity","HIF1A;KRAS;TERT;ACVR2A"
"83","GO:1902099",0.000683411338104521,14.7701149425287,0.458240946045824,4,10,"regulation of metaphase/anaphase transition of cell cycle","APC;ATM;PTEN;RB1"
"84","GO:1902175",0.000683411338104521,14.7701149425287,0.458240946045824,4,10,"regulation of oxidative stress-induced intrinsic apoptotic signaling pathway","SIRT1;HIF1A;HSPB1;PARK2"
"85","GO:0032268",0.000692598384189836,2.44778280542986,16.1759053954176,28,353,"regulation of cellular protein metabolic process","CDKN2A;DAB2;DAPK1;DAXX;EP300;ERBB2;ERBB3;AKT2;SIRT1;RNF149;GTF2H1;APC;HSPB1;KRAS;SMAD4;MEN1;MTHFR;MYO1D;ATM;PARK2;PTEN;RB1;MAP2K4;BRCA1;BRAF;STK11;LDLRAD4;ACVR2A"
"86","GO:0006468",0.000717174615121569,2.50789110278161,13.7014042867701,25,299,"protein phosphorylation","CDKN2A;DAB2;DAPK1;DAXX;ERBB2;ERBB3;AKT2;SIRT1;RNF149;GTF2H1;APC;HSPB1;KRAS;SMAD4;MEN1;ATM;ROR1;PARK2;PTEN;RB1;MAP2K4;BRAF;STK11;LDLRAD4;ACVR2A"
"87","GO:1901215",0.000735640891720394,5.74090909090909,1.60384331116038,7,35,"negative regulation of neuron death","ERBB3;SIRT1;HIF1A;KRAS;PARK2;MAP2K4;BRAF"
"88","GO:1902532",0.000743561394151365,3.76218487394958,3.71175166297118,11,81,"negative regulation of intracellular signal transduction","SIRT1;RNF149;HIF1A;APC;HSPB1;PDX1;MEN1;ATM;PARK2;PTEN;STK11"
"89","GO:0033554",0.000756858176602452,2.4963144963145,13.7472283813747,25,300,"cellular response to stress","CDKN2A;DAXX;EP300;FANCC;SIRT1;GTF2H1;HIF1A;APC;HSPB1;PDX1;MEN1;ATM;PARK2;ATRX;BACH1;PTEN;MAP2K4;BRCA1;BRAF;BRCA2;STK11;TERT;WNT2B;PALB2;TP63"
"90","GO:0023056",0.000764298960553685,2.55636787454969,12.1433850702143,23,265,"positive regulation of signaling","CDKN2A;DAB2;DAXX;ERBB2;ERBB3;AKT2;SIRT1;GNAS;HIF1A;APC;PDX1;KRAS;SMAD4;MEN1;ATM;PARK2;PTEN;BRAF;STK11;TERT;WNT2B;TP63;ACVR2A"
"91","GO:0031400",0.000770902774804752,3.34006444683136,4.9490022172949,13,108,"negative regulation of protein modification process","CDKN2A;SIRT1;RNF149;APC;HSPB1;MEN1;MYO1D;ATM;PARK2;PTEN;RB1;BRCA1;LDLRAD4"
"92","GO:0023052",0.000779912215751113,2.51980377906977,33.6348854397635,46,734,"signaling","CDKN2A;IL17F;DAB2;DAPK1;DAXX;DPP6;EP300;ERBB2;ERBB3;AKT2;FAT1;SIRT1;NR5A2;GNAS;RNF149;GRID1;HIF1A;APC;HSPB1;PDX1;KRAS;SMAD4;MEN1;ATM;ROR1;PARK2;ATRX;RNF43;PTEN;RB1;BICD1;MAP2K4;BRCA1;BRAF;BRCA2;STK11;HNF1A;TERT;WNT2B;LDLRAD4;FAT4;PREX2;ZNRF3;TP63;ACVR2A;BCAR1"
"93","GO:0044700",0.000779912215751113,2.51980377906977,33.6348854397635,46,734,"single organism signaling","CDKN2A;IL17F;DAB2;DAPK1;DAXX;DPP6;EP300;ERBB2;ERBB3;AKT2;FAT1;SIRT1;NR5A2;GNAS;RNF149;GRID1;HIF1A;APC;HSPB1;PDX1;KRAS;SMAD4;MEN1;ATM;ROR1;PARK2;ATRX;RNF43;PTEN;RB1;BICD1;MAP2K4;BRCA1;BRAF;BRCA2;STK11;HNF1A;TERT;WNT2B;LDLRAD4;FAT4;PREX2;ZNRF3;TP63;ACVR2A;BCAR1"
"94","GO:0033044",0.00078881425103621,4.01564537157758,3.16186252771619,10,69,"regulation of chromosome organization","DAXX;SIRT1;APC;SMAD4;MTHFR;ATM;ATRX;PTEN;RB1;BRCA1"
"95","GO:0043412",0.000806170373296567,2.35767426815462,22.5912786400591,35,493,"macromolecule modification","CDKN2A;DAB2;DAPK1;DAXX;EP300;ERBB2;ERBB3;AKT2;SIRT1;GNAS;RNF149;GTF2H1;APC;HSPB1;KRAS;SMAD4;MEN1;MTHFR;MYO1D;ATM;ROR1;PARK2;ATRX;RNF43;BACH1;PTEN;RB1;MAP2K4;BRCA1;BRAF;BRCA2;STK11;LDLRAD4;ZNRF3;ACVR2A"
"96","GO:0043523",0.000809521607617817,4.88499025341131,2.10790835181079,8,46,"regulation of neuron apoptotic process","ERBB3;HIF1A;KRAS;ATM;PARK2;MAP2K4;BRAF;TP63"
"97","GO:0043524",0.000813895178138639,6.80892857142857,1.19142645971914,6,26,"negative regulation of neuron apoptotic process","ERBB3;HIF1A;KRAS;PARK2;MAP2K4;BRAF"
"98","GO:0006978",0.000859053259825583,32.771186440678,0.229120473022912,3,5,"DNA damage response, signal transduction by p53 class mediator resulting in transcription of p21 class mediator","BRCA1;BRCA2;TP63"
"99","GO:0008608",0.000859053259825583,32.771186440678,0.229120473022912,3,5,"attachment of spindle microtubules to kinetochore","APC;RB1;BRCA2"
"100","GO:0031049",0.000859053259825583,32.771186440678,0.229120473022912,3,5,"programmed DNA elimination","BRCA1;BRCA2;PALB2"
"101","GO:0031052",0.000859053259825583,32.771186440678,0.229120473022912,3,5,"chromosome breakage","BRCA1;BRCA2;PALB2"
"102","GO:0042304",0.000859053259825583,32.771186440678,0.229120473022912,3,5,"regulation of fatty acid biosynthetic process","SIRT1;BRCA1;STK11"
"103","GO:0042772",0.000859053259825583,32.771186440678,0.229120473022912,3,5,"DNA damage response, signal transduction resulting in transcription","BRCA1;BRCA2;TP63"
"104","GO:0031396",0.000880563315097814,5.53855799373041,1.64966740576497,7,36,"regulation of protein ubiquitination","CDKN2A;DAXX;APC;ATM;PARK2;PTEN;BRCA1"
"105","GO:0031647",0.000880563315097814,5.53855799373041,1.64966740576497,7,36,"regulation of protein stability","CDKN2A;EP300;SIRT1;RNF149;PARK2;PTEN;TERT"
"106","GO:0051603",0.000887296389787102,3.94551282051282,3.20768662232077,10,70,"proteolysis involved in cellular protein catabolic process","CDKN2A;DAB2;SIRT1;APC;ATM;PARK2;RNF43;PTEN;RB1;ZNRF3"
"107","GO:0009896",0.00089197041520309,4.30419715055834,2.65779748706578,9,58,"positive regulation of catabolic process","DAB2;AKT2;SIRT1;HIF1A;APC;PARK2;PTEN;RB1;STK11"
"108","GO:0010647",0.000904911606980864,2.5178440607012,12.2808573540281,23,268,"positive regulation of cell communication","CDKN2A;DAB2;DAXX;ERBB2;ERBB3;AKT2;SIRT1;GNAS;HIF1A;APC;PDX1;KRAS;SMAD4;MEN1;ATM;PARK2;PTEN;BRAF;STK11;TERT;WNT2B;TP63;ACVR2A"
"109","GO:0009967",0.000918871498356624,2.55065502183406,11.5018477457502,22,251,"positive regulation of signal transduction","CDKN2A;DAB2;DAXX;ERBB2;ERBB3;AKT2;SIRT1;GNAS;HIF1A;APC;KRAS;SMAD4;MEN1;ATM;PARK2;PTEN;BRAF;STK11;TERT;WNT2B;TP63;ACVR2A"
"110","GO:0014070",0.00092716783398226,2.75340228633642,8.47745750184774,18,185,"response to organic cyclic compound","DAB2;DAXX;EP300;AKT2;SIRT1;NR5A2;GNAS;HIF1A;PDX1;KRAS;MTHFR;PARK2;PTEN;RB1;BRCA1;BRAF;BRCA2;TERT"
"111","GO:0090092",0.000940591011519086,4.75593542260209,2.15373244641537,8,47,"regulation of transmembrane receptor protein serine/threonine kinase signaling pathway","IL17F;DAB2;SIRT1;SMAD4;MEN1;STK11;LDLRAD4;ACVR2A"
"112","GO:2001234",0.000940591011519086,4.75593542260209,2.15373244641537,8,47,"negative regulation of apoptotic signaling pathway","DAPK1;SIRT1;HIF1A;HSPB1;PDX1;PARK2;BRCA1;TERT"
"113","GO:0070482",0.000995728291147447,3.87767969735183,3.25351071692535,10,71,"response to oxygen levels","DAXX;EP300;SIRT1;HIF1A;SMAD4;MTHFR;ATM;BACH1;PTEN;TERT"
"114","GO:0071901",0.00100929306931797,6.47959183673469,1.23725055432373,6,27,"negative regulation of protein serine/threonine kinase activity","CDKN2A;SIRT1;APC;HSPB1;MEN1;PTEN"
"115","GO:0006974",0.00101291998205222,2.97702127659574,6.41537324464154,15,140,"cellular response to DNA damage stimulus","CDKN2A;EP300;FANCC;SIRT1;GTF2H1;APC;MEN1;ATM;ATRX;BACH1;BRCA1;BRCA2;STK11;PALB2;TP63"
"116","GO:0051640",0.0010147502105091,4.21471698113208,2.70362158167036,9,59,"organelle localization","HIF1A;ATM;PARK2;PTEN;RB1;BICD1;BRAF;BRCA2;STK11"
"117","GO:0010965",0.00103719497303664,12.6502463054187,0.504065040650406,4,11,"regulation of mitotic sister chromatid separation","APC;ATM;PTEN;RB1"
"118","GO:2000772",0.00103719497303664,12.6502463054187,0.504065040650406,4,11,"regulation of cellular senescence","CDKN2A;SIRT1;TERT;TP63"
"119","GO:0071453",0.00104720759601108,5.34969696969697,1.69549150036955,7,37,"cellular response to oxygen levels","DAXX;EP300;SIRT1;HIF1A;BACH1;PTEN;TERT"
"120","GO:0007154",0.00111436734244891,2.45014347202296,34.0473022912047,46,743,"cell communication","CDKN2A;IL17F;DAB2;DAPK1;DAXX;DPP6;EP300;ERBB2;ERBB3;AKT2;FAT1;SIRT1;NR5A2;GNAS;RNF149;GRID1;HIF1A;APC;HSPB1;PDX1;KRAS;SMAD4;MEN1;ATM;ROR1;PARK2;ATRX;RNF43;PTEN;RB1;BICD1;MAP2K4;BRCA1;BRAF;BRCA2;STK11;HNF1A;TERT;WNT2B;LDLRAD4;FAT4;PREX2;ZNRF3;TP63;ACVR2A;BCAR1"
"121","GO:0050678",0.00111486368878469,3.81203473945409,3.29933481152993,10,72,"regulation of epithelial cell proliferation","ERBB2;SIRT1;HIF1A;APC;MEN1;PTEN;RB1;BRCA2;STK11;TP63"
"122","GO:0001666",0.00115097189479115,4.12874583795782,2.74944567627494,9,60,"response to hypoxia","EP300;SIRT1;HIF1A;SMAD4;MTHFR;ATM;BACH1;PTEN;TERT"
"123","GO:0007166",0.00116879394082763,2.29447309055753,21.1249076127125,33,461,"cell surface receptor signaling pathway","IL17F;DAB2;DAPK1;DAXX;EP300;ERBB2;ERBB3;AKT2;SIRT1;GRID1;HIF1A;APC;HSPB1;PDX1;KRAS;SMAD4;MEN1;ROR1;PARK2;RNF43;PTEN;RB1;MAP2K4;BRCA1;BRAF;STK11;TERT;WNT2B;LDLRAD4;ZNRF3;TP63;ACVR2A;BCAR1"
"124","GO:1901699",0.00117976564165919,2.92511308426872,6.5070214338507,15,142,"cellular response to nitrogen compound","ERBB2;ERBB3;AKT2;SIRT1;GNAS;HIF1A;KRAS;MEN1;PARK2;ATRX;BRCA1;BRAF;STK11;TERT;BCAR1"
"125","GO:1903827",0.00119439085881464,3.32137931034483,4.53658536585366,12,99,"regulation of cellular protein localization","CDKN2A;DAB2;ERBB2;AKT2;SIRT1;APC;SMAD4;PARK2;RB1;BRCA1;STK11;TERT"
"126","GO:0090100",0.00121597385790264,8.00125313283208,0.870657797487066,5,19,"positive regulation of transmembrane receptor protein serine/threonine kinase signaling pathway","DAB2;SMAD4;MEN1;STK11;ACVR2A"
"127","GO:0009653",0.00122051590295402,2.28647214854111,21.1707317073171,33,462,"anatomical structure morphogenesis","IL17F;DAB2;EP300;ERBB2;ERBB3;FAT1;SIRT1;NR5A2;GNAS;HIF1A;APC;HSPB1;PDX1;KRAS;SMAD4;ATM;ROR1;PARK2;ATRX;PTEN;RB1;BICD1;BRCA1;BRAF;STK11;WNT2B;LDLRAD4;FAT4;PALB2;PREX2;ZNRF3;TP63;ACVR2A"
"128","GO:0050680",0.00123897199734961,6.18019480519481,1.28307464892831,6,28,"negative regulation of epithelial cell proliferation","APC;MEN1;PTEN;RB1;BRCA2;STK11"
"129","GO:0050673",0.00125054170644874,3.49699346405229,3.94087213599409,11,86,"epithelial cell proliferation","ERBB2;SIRT1;HIF1A;APC;MEN1;PTEN;RB1;BRCA2;STK11;TP63;ACVR2A"
"130","GO:0031331",0.00125392289327834,4.516711833785,2.24538063562454,8,49,"positive regulation of cellular catabolic process","DAB2;AKT2;SIRT1;HIF1A;PARK2;PTEN;RB1;STK11"
"131","GO:0044843",0.00125392289327834,4.516711833785,2.24538063562454,8,49,"cell cycle G1/S phase transition","CDKN2A;MEN1;ATM;BACH1;PTEN;RB1;RRM2;TP63"
"132","GO:0035556",0.00128684565788513,2.29862967914439,18.5129342202513,30,404,"intracellular signal transduction","CDKN2A;DAPK1;DAXX;EP300;ERBB2;ERBB3;AKT2;SIRT1;GNAS;RNF149;HIF1A;APC;HSPB1;PDX1;KRAS;SMAD4;MEN1;ATM;PARK2;ATRX;PTEN;RB1;MAP2K4;BRCA1;BRAF;BRCA2;STK11;FAT4;PREX2;TP63"
"133","GO:1903050",0.00145464730857721,5.00738636363636,1.78713968957871,7,39,"regulation of proteolysis involved in cellular protein catabolic process","CDKN2A;DAB2;APC;ATM;PARK2;PTEN;RB1"
"134","GO:1903320",0.00145464730857721,5.00738636363636,1.78713968957871,7,39,"regulation of protein modification by small protein conjugation or removal","CDKN2A;DAXX;APC;ATM;PARK2;PTEN;BRCA1"
"135","GO:0042592",0.00145527013434647,2.52264808362369,10.310421286031,20,225,"homeostatic process","FANCC;SIRT1;NR5A2;GNAS;HIF1A;APC;HSPB1;PDX1;KRAS;SMAD4;MEN1;ATM;PARK2;ATRX;RB1;STK11;HNF1A;TERT;TP63;ACVR2A"
"136","GO:0016310",0.00145720893620626,2.33479052823315,15.1677753141168,26,331,"phosphorylation","CDKN2A;DAB2;DAPK1;DAXX;ERBB2;ERBB3;AKT2;SIRT1;RNF149;GTF2H1;HIF1A;APC;HSPB1;KRAS;SMAD4;MEN1;ATM;ROR1;PARK2;PTEN;RB1;MAP2K4;BRAF;STK11;LDLRAD4;ACVR2A"
"137","GO:0051306",0.00150262344358257,11.0603448275862,0.549889135254989,4,12,"mitotic sister chromatid separation","APC;ATM;PTEN;RB1"
"138","GO:0060393",0.00150262344358257,11.0603448275862,0.549889135254989,4,12,"regulation of pathway-restricted SMAD protein phosphorylation","DAB2;SMAD4;LDLRAD4;ACVR2A"
"139","GO:1900408",0.00150262344358257,11.0603448275862,0.549889135254989,4,12,"negative regulation of cellular response to oxidative stress","SIRT1;HIF1A;HSPB1;PARK2"
"140","GO:1902883",0.00150262344358257,11.0603448275862,0.549889135254989,4,12,"negative regulation of response to oxidative stress","SIRT1;HIF1A;HSPB1;PARK2"
"141","GO:1903202",0.00150262344358257,11.0603448275862,0.549889135254989,4,12,"negative regulation of oxidative stress-induced cell death","SIRT1;HIF1A;HSPB1;PARK2"
"142","GO:2001022",0.00150262344358257,11.0603448275862,0.549889135254989,4,12,"positive regulation of response to DNA damage stimulus","CDKN2A;SIRT1;ATM;BRCA1"
"143","GO:0043933",0.00152939084835756,2.32480029048656,15.2135994087214,26,332,"macromolecular complex subunit organization","CDKN2A;DAXX;EP300;FANCC;FAT1;SIRT1;APC;SMAD4;MEN1;MTHFR;ATM;PARK2;ATRX;RB1;RRM1;RRM2;BICD1;BRCA1;BRAF;BRCA2;STK11;HNF1A;LDLRAD4;SBF2;TP63;BCAR1"
"144","GO:0033673",0.00164576602734105,4.29974160206718,2.3370288248337,8,51,"negative regulation of kinase activity","CDKN2A;SIRT1;APC;HSPB1;MEN1;PARK2;PTEN;RB1"
"145","GO:0000083",0.00166198050951233,21.8305084745763,0.274944567627494,3,6,"regulation of transcription involved in G1/S transition of mitotic cell cycle","BACH1;RB1;RRM2"
"146","GO:0032770",0.00166198050951233,21.8305084745763,0.274944567627494,3,6,"positive regulation of monooxygenase activity","HIF1A;KRAS;TERT"
"147","GO:0033028",0.00166198050951233,21.8305084745763,0.274944567627494,3,6,"myeloid cell apoptotic process","CDKN2A;SIRT1;PTEN"
"148","GO:0033032",0.00166198050951233,21.8305084745763,0.274944567627494,3,6,"regulation of myeloid cell apoptotic process","CDKN2A;SIRT1;PTEN"
"149","GO:0051000",0.00166198050951233,21.8305084745763,0.274944567627494,3,6,"positive regulation of nitric-oxide synthase activity","HIF1A;KRAS;TERT"
"150","GO:0007059",0.0017002024793964,4.85179063360882,1.8329637841833,7,40,"chromosome segregation","APC;ATM;ATRX;PTEN;RB1;BRCA1;BRCA2"
"151","GO:0009314",0.00170839954771972,3.16483516483516,4.71988174427199,12,103,"response to radiation","EP300;SIRT1;HIF1A;KRAS;MEN1;ATM;RRM1;BRCA1;BRAF;BRCA2;STK11;TP63"
"152","GO:0044257",0.00171474679650285,3.56934731934732,3.48263118994826,10,76,"cellular protein catabolic process","CDKN2A;DAB2;SIRT1;APC;ATM;PARK2;RNF43;PTEN;RB1;ZNRF3"
"153","GO:0010941",0.00172081415484239,2.37274269180884,12.8307464892831,23,280,"regulation of cell death","CDKN2A;DAB2;DAPK1;DAXX;ERBB3;AKT2;SIRT1;HIF1A;APC;HSPB1;PDX1;KRAS;SMAD4;ATM;PARK2;PTEN;MAP2K4;BRCA1;BRAF;TERT;PALB2;TP63;BCAR1"
"154","GO:0008630",0.00181665907507601,5.65625,1.37472283813747,6,30,"intrinsic apoptotic signaling pathway in response to DNA damage","EP300;SIRT1;ATM;BRCA1;BRCA2;TP63"
"155","GO:0071456",0.00181665907507601,5.65625,1.37472283813747,6,30,"cellular response to hypoxia","EP300;SIRT1;HIF1A;BACH1;PTEN;TERT"
"156","GO:0032446",0.0018622248833673,3.12782608695652,4.76570583887657,12,104,"protein modification by small protein conjugation","CDKN2A;DAXX;SIRT1;RNF149;APC;ATM;PARK2;RNF43;BACH1;PTEN;BRCA1;ZNRF3"
"157","GO:0042981",0.00187579164949616,2.38409090909091,12.0975609756098,22,264,"regulation of apoptotic process","CDKN2A;DAB2;DAPK1;DAXX;ERBB3;AKT2;SIRT1;HIF1A;APC;HSPB1;PDX1;KRAS;ATM;PARK2;PTEN;MAP2K4;BRCA1;BRAF;TERT;PALB2;TP63;BCAR1"
"158","GO:0010243",0.00188588315528193,2.68625146886016,7.51515151515152,16,164,"response to organonitrogen compound","ERBB2;ERBB3;AKT2;SIRT1;GNAS;HIF1A;PDX1;KRAS;MEN1;MTHFR;PARK2;PTEN;BRCA1;BRAF;STK11;BCAR1"
"159","GO:0045926",0.00197698972449343,4.70534759358289,1.87878787878788,7,41,"negative regulation of growth","CDKN2A;SIRT1;GNAS;HIF1A;SMAD4;PTEN;STK11"
"160","GO:1902807",0.00198164545259469,6.99013157894737,0.962305986696231,5,21,"negative regulation of cell cycle G1/S phase transition","MEN1;ATM;PTEN;RB1;TP63"
"161","GO:2001243",0.00198164545259469,6.99013157894737,0.962305986696231,5,21,"negative regulation of intrinsic apoptotic signaling pathway","SIRT1;HIF1A;HSPB1;PDX1;PARK2"
"162","GO:0030162",0.00201579549795119,3.26495098039216,4.169992609017,11,91,"regulation of proteolysis","CDKN2A;DAB2;DAPK1;AKT2;SIRT1;APC;ATM;PARK2;PTEN;RB1;TP63"
"163","GO:0015949",0.0020675072269819,Inf,0.0916481892091648,2,2,"nucleobase-containing small molecule interconversion","RRM1;RRM2"
"164","GO:0033034",0.0020675072269819,Inf,0.0916481892091648,2,2,"positive regulation of myeloid cell apoptotic process","CDKN2A;SIRT1"
"165","GO:0033129",0.0020675072269819,Inf,0.0916481892091648,2,2,"positive regulation of histone phosphorylation","DAXX;ATM"
"166","GO:0038018",0.0020675072269819,Inf,0.0916481892091648,2,2,"Wnt receptor catabolic process","RNF43;ZNRF3"
"167","GO:0038202",0.0020675072269819,Inf,0.0916481892091648,2,2,"TORC1 signaling","ATM;STK11"
"168","GO:0045717",0.0020675072269819,Inf,0.0916481892091648,2,2,"negative regulation of fatty acid biosynthetic process","SIRT1;BRCA1"
"169","GO:0045842",0.0020675072269819,Inf,0.0916481892091648,2,2,"positive regulation of mitotic metaphase/anaphase transition","PTEN;RB1"
"170","GO:0046716",0.0020675072269819,Inf,0.0916481892091648,2,2,"muscle cell cellular homeostasis","HIF1A;APC"
"171","GO:0051984",0.0020675072269819,Inf,0.0916481892091648,2,2,"positive regulation of chromosome segregation","PTEN;RB1"
"172","GO:0097484",0.0020675072269819,Inf,0.0916481892091648,2,2,"dendrite extension","PARK2;STK11"
"173","GO:1901970",0.0020675072269819,Inf,0.0916481892091648,2,2,"positive regulation of mitotic sister chromatid separation","PTEN;RB1"
"174","GO:1902101",0.0020675072269819,Inf,0.0916481892091648,2,2,"positive regulation of metaphase/anaphase transition of cell cycle","PTEN;RB1"
"175","GO:1903432",0.0020675072269819,Inf,0.0916481892091648,2,2,"regulation of TORC1 signaling","ATM;STK11"
"176","GO:1904262",0.0020675072269819,Inf,0.0916481892091648,2,2,"negative regulation of TORC1 signaling","ATM;STK11"
"177","GO:2000111",0.0020675072269819,Inf,0.0916481892091648,2,2,"positive regulation of macrophage apoptotic process","CDKN2A;SIRT1"
"178","GO:2000618",0.0020675072269819,Inf,0.0916481892091648,2,2,"regulation of histone H4-K16 acetylation","SIRT1;BRCA1"
"179","GO:0001736",0.00209635421933246,9.82375478927203,0.595713229859571,4,13,"establishment of planar polarity","DAB2;ROR1;ZNRF3;TP63"
"180","GO:0007164",0.00209635421933246,9.82375478927203,0.595713229859571,4,13,"establishment of tissue polarity","DAB2;ROR1;ZNRF3;TP63"
"181","GO:0008631",0.00209635421933246,9.82375478927203,0.595713229859571,4,13,"intrinsic apoptotic signaling pathway in response to oxidative stress","SIRT1;HIF1A;HSPB1;PARK2"
"182","GO:0019217",0.00209635421933246,9.82375478927203,0.595713229859571,4,13,"regulation of fatty acid metabolic process","AKT2;SIRT1;BRCA1;STK11"
"183","GO:0034502",0.00209635421933246,9.82375478927203,0.595713229859571,4,13,"protein localization to chromosome","ATRX;RB1;BRCA2;TERT"
"184","GO:0042771",0.00209635421933246,9.82375478927203,0.595713229859571,4,13,"intrinsic apoptotic signaling pathway in response to DNA damage by p53 class mediator","EP300;SIRT1;BRCA2;TP63"
"185","GO:0060389",0.00209635421933246,9.82375478927203,0.595713229859571,4,13,"pathway-restricted SMAD protein phosphorylation","DAB2;SMAD4;LDLRAD4;ACVR2A"
"186","GO:1901796",0.00209635421933246,9.82375478927203,0.595713229859571,4,13,"regulation of signal transduction by p53 class mediator","CDKN2A;SIRT1;ATM;PARK2"
"187","GO:0001933",0.0021010937441496,3.45871040723982,3.57427937915743,10,78,"negative regulation of protein phosphorylation","CDKN2A;SIRT1;RNF149;APC;HSPB1;MEN1;PARK2;PTEN;RB1;LDLRAD4"
"188","GO:0016568",0.00212345529186039,2.93572382223918,5.49889135254989,13,120,"chromatin modification","CDKN2A;DAXX;EP300;SIRT1;SMAD4;MEN1;MTHFR;ATM;ATRX;RB1;BRCA1;BRCA2;TP63"
"189","GO:0032434",0.00217279282533049,5.42571428571429,1.42054693274205,6,31,"regulation of proteasomal ubiquitin-dependent protein catabolic process","DAB2;APC;ATM;PARK2;PTEN;RB1"
"190","GO:0098813",0.00217279282533049,5.42571428571429,1.42054693274205,6,31,"nuclear chromosome segregation","APC;ATM;ATRX;PTEN;RB1;BRCA2"
"191","GO:1900182",0.00217279282533049,5.42571428571429,1.42054693274205,6,31,"positive regulation of protein localization to nucleus","CDKN2A;DAB2;SMAD4;BRCA1;STK11;TERT"
"192","GO:0006464",0.00219314527680294,2.17825173192185,21.8122690317812,33,476,"cellular protein modification process","CDKN2A;DAB2;DAPK1;DAXX;EP300;ERBB2;ERBB3;AKT2;SIRT1;RNF149;GTF2H1;APC;HSPB1;KRAS;SMAD4;MEN1;MTHFR;MYO1D;ATM;ROR1;PARK2;RNF43;BACH1;PTEN;RB1;MAP2K4;BRCA1;BRAF;BRCA2;STK11;LDLRAD4;ZNRF3;ACVR2A"
"193","GO:0036211",0.00219314527680294,2.17825173192185,21.8122690317812,33,476,"protein modification process","CDKN2A;DAB2;DAPK1;DAXX;EP300;ERBB2;ERBB3;AKT2;SIRT1;RNF149;GTF2H1;APC;HSPB1;KRAS;SMAD4;MEN1;MTHFR;MYO1D;ATM;ROR1;PARK2;RNF43;BACH1;PTEN;RB1;MAP2K4;BRCA1;BRAF;BRCA2;STK11;LDLRAD4;ZNRF3;ACVR2A"
"194","GO:0006281",0.00220746686719844,3.22198015008473,4.21581670362158,11,92,"DNA repair","EP300;FANCC;SIRT1;GTF2H1;MEN1;ATM;ATRX;BACH1;BRCA1;BRCA2;PALB2"
"195","GO:0051248",0.00229587266801064,2.62597178232076,7.65262379896526,16,167,"negative regulation of protein metabolic process","CDKN2A;DAPK1;AKT2;SIRT1;RNF149;APC;HSPB1;SMAD4;MEN1;MYO1D;ATM;PARK2;PTEN;RB1;BRCA1;LDLRAD4"
"196","GO:0010948",0.00241006431154788,4.00966183574879,2.47450110864745,8,54,"negative regulation of cell cycle process","APC;MEN1;ATM;ATRX;PTEN;RB1;BRCA1;TP63"
"197","GO:0010563",0.00241381545643854,3.18005738880918,4.26164079822616,11,93,"negative regulation of phosphorus metabolic process","CDKN2A;SIRT1;RNF149;APC;HSPB1;MEN1;MYO1D;PARK2;PTEN;RB1;LDLRAD4"
"198","GO:0045936",0.00241381545643854,3.18005738880918,4.26164079822616,11,93,"negative regulation of phosphate metabolic process","CDKN2A;SIRT1;RNF149;APC;HSPB1;MEN1;MYO1D;PARK2;PTEN;RB1;LDLRAD4"
"199","GO:0043067",0.00242713425694366,2.3246963562753,12.3266814486327,22,269,"regulation of programmed cell death","CDKN2A;DAB2;DAPK1;DAXX;ERBB3;AKT2;SIRT1;HIF1A;APC;HSPB1;PDX1;KRAS;ATM;PARK2;PTEN;MAP2K4;BRCA1;BRAF;TERT;PALB2;TP63;BCAR1"
"200","GO:0022603",0.00243327287761937,2.54264803725882,8.43163340724316,17,184,"regulation of anatomical structure morphogenesis","IL17F;DAB2;ERBB2;SIRT1;HIF1A;APC;HSPB1;SMAD4;ROR1;PARK2;PTEN;BRCA1;BRAF;STK11;WNT2B;LDLRAD4;ZNRF3"
"201","GO:0007165",0.00244550540642785,2.22491713153852,31.8019216555802,43,694,"signal transduction","CDKN2A;IL17F;DAB2;DAPK1;DAXX;EP300;ERBB2;ERBB3;AKT2;SIRT1;NR5A2;GNAS;RNF149;GRID1;HIF1A;APC;HSPB1;PDX1;KRAS;SMAD4;MEN1;ATM;ROR1;PARK2;ATRX;RNF43;PTEN;RB1;BICD1;MAP2K4;BRCA1;BRAF;BRCA2;STK11;TERT;WNT2B;LDLRAD4;FAT4;PREX2;ZNRF3;TP63;ACVR2A;BCAR1"
"202","GO:0006260",0.00257708191754642,3.6099544567339,3.07021433850702,9,67,"DNA replication","SIRT1;MEN1;ATM;ATRX;RRM1;RRM2;BRCA1;BRCA2;TERT"
"203","GO:0051348",0.00257708191754642,3.6099544567339,3.07021433850702,9,67,"negative regulation of transferase activity","CDKN2A;SIRT1;APC;HSPB1;MEN1;ATM;PARK2;PTEN;RB1"
"204","GO:1901988",0.00257942686357347,5.21291208791209,1.46637102734664,6,32,"negative regulation of cell cycle phase transition","APC;MEN1;ATM;PTEN;RB1;TP63"
"205","GO:0000278",0.00260909766534712,2.58709860755897,7.74427198817443,16,169,"mitotic cell cycle","CDKN2A;DAXX;EP300;SIRT1;APC;MEN1;ATM;ATRX;BACH1;PTEN;RB1;RRM1;RRM2;MAP2K4;BRCA2;TP63"
"206","GO:0043161",0.00263484785084812,4.43686868686869,1.97043606799704,7,43,"proteasome-mediated ubiquitin-dependent protein catabolic process","DAB2;SIRT1;APC;ATM;PARK2;PTEN;RB1"
"207","GO:0065003",0.00266689572476073,2.46121541501976,9.25646711012565,18,202,"macromolecular complex assembly","CDKN2A;DAXX;FANCC;APC;SMAD4;ATM;PARK2;ATRX;RB1;RRM1;RRM2;BICD1;BRAF;STK11;HNF1A;LDLRAD4;SBF2;TP63"
"208","GO:0031328",0.00267637607550164,2.1797939514789,17.5048041389505,28,382,"positive regulation of cellular biosynthetic process","CDKN2A;IL17F;DAB2;EP300;ERBB2;AKT2;SIRT1;NR5A2;GNAS;GTF2H1;HIF1A;HSPB1;PDX1;KRAS;SMAD4;MEN1;ATM;PARK2;ATRX;BACH1;PTEN;RB1;BRCA1;BRCA2;HNF1A;TERT;TP63;ACVR2A"
"209","GO:0009888",0.00279667581075802,2.20062695924765,15.8093126385809,26,345,"tissue development","IL17F;DAB2;EP300;ERBB3;AKT2;NR5A2;GNAS;HIF1A;APC;PDX1;KRAS;SMAD4;MEN1;ATM;ROR1;ATRX;PTEN;RB1;BRCA2;WNT2B;LDLRAD4;FAT4;PALB2;ZNRF3;TP63;ACVR2A"
"210","GO:0033144",0.00281361781195835,16.3601694915254,0.320768662232077,3,7,"negative regulation of intracellular steroid hormone receptor signaling pathway","DAB2;SIRT1;BRCA1"
"211","GO:0060765",0.00281361781195835,16.3601694915254,0.320768662232077,3,7,"regulation of androgen receptor signaling pathway","DAB2;EP300;SIRT1"
"212","GO:0070198",0.00281361781195835,16.3601694915254,0.320768662232077,3,7,"protein localization to chromosome, telomeric region","ATRX;BRCA2;TERT"
"213","GO:0090399",0.00281361781195835,16.3601694915254,0.320768662232077,3,7,"replicative senescence","CDKN2A;ATM;TERT"
"214","GO:2000773",0.00281361781195835,16.3601694915254,0.320768662232077,3,7,"negative regulation of cellular senescence","SIRT1;TERT;TP63"
"215","GO:0070887",0.0028172570723389,2.13581395348837,21.1707317073171,32,462,"cellular response to chemical stimulus","IL17F;DAB2;DAPK1;DAXX;EP300;ERBB2;ERBB3;AKT2;FANCC;SIRT1;NR5A2;GNAS;RNF149;HIF1A;APC;HSPB1;PDX1;KRAS;SMAD4;MEN1;PARK2;ATRX;BACH1;PTEN;RB1;BRCA1;BRAF;STK11;TERT;LDLRAD4;ACVR2A;BCAR1"
"216","GO:0051340",0.00283479579460466,8.83448275862069,0.641537324464154,4,14,"regulation of ligase activity","CDKN2A;APC;ATM;PTEN"
"217","GO:0051438",0.00283479579460466,8.83448275862069,0.641537324464154,4,14,"regulation of ubiquitin-protein transferase activity","CDKN2A;APC;ATM;PTEN"
"218","GO:1900407",0.00283479579460466,8.83448275862069,0.641537324464154,4,14,"regulation of cellular response to oxidative stress","SIRT1;HIF1A;HSPB1;PARK2"
"219","GO:1902882",0.00283479579460466,8.83448275862069,0.641537324464154,4,14,"regulation of response to oxidative stress","SIRT1;HIF1A;HSPB1;PARK2"
"220","GO:1903201",0.00283479579460466,8.83448275862069,0.641537324464154,4,14,"regulation of oxidative stress-induced cell death","SIRT1;HIF1A;HSPB1;PARK2"
"221","GO:1904030",0.00283479579460466,8.83448275862069,0.641537324464154,4,14,"negative regulation of cyclin-dependent protein kinase activity","CDKN2A;APC;MEN1;PTEN"
"222","GO:0044703",0.00287652143372717,2.82037139179996,5.68218773096822,13,124,"multi-organism reproductive process","FANCC;SIRT1;GNAS;HIF1A;MEN1;ATM;ATRX;PTEN;KIAA1524;BRCA2;STK11;TP63;ACVR2A"
"223","GO:0043401",0.00302142504284335,4.31351351351351,2.01626016260163,7,44,"steroid hormone mediated signaling pathway","DAB2;DAXX;EP300;SIRT1;NR5A2;RB1;BRCA1"
"224","GO:1903362",0.00302142504284335,4.31351351351351,2.01626016260163,7,44,"regulation of cellular protein catabolic process","CDKN2A;DAB2;APC;ATM;PARK2;PTEN;RB1"
"225","GO:0030518",0.00304093318224552,5.01587301587302,1.51219512195122,6,33,"intracellular steroid hormone receptor signaling pathway","DAB2;DAXX;EP300;SIRT1;RB1;BRCA1"
"226","GO:0048545",0.00304528082008973,2.92163265306122,5.04065040650407,12,110,"response to steroid hormone","DAB2;DAXX;EP300;SIRT1;NR5A2;HIF1A;PDX1;KRAS;PTEN;RB1;BRCA1;BRCA2"
"227","GO:0000819",0.00305179463955829,6.2037037037037,1.0539541759054,5,23,"sister chromatid segregation","APC;ATM;ATRX;PTEN;RB1"
"228","GO:1903533",0.00305853838946288,3.83641975308642,2.56614929785661,8,56,"regulation of protein targeting","CDKN2A;DAB2;ERBB2;AKT2;SIRT1;SMAD4;PARK2;BRCA1"
"229","GO:0030163",0.00312930902535051,3.06020761245675,4.39911308203991,11,96,"protein catabolic process","CDKN2A;DAB2;SIRT1;APC;SMAD4;ATM;PARK2;RNF43;PTEN;RB1;ZNRF3"
"230","GO:1902580",0.00314595832265214,2.53065774804905,7.88174427198817,16,172,"single-organism cellular localization","CDKN2A;DAB2;DPP6;ERBB2;AKT2;SIRT1;HIF1A;SMAD4;ATM;PARK2;PTEN;RB1;BICD1;BRCA1;BRAF;BRCA2"
"231","GO:0009891",0.0031736728246827,2.14623726585606,17.6881005173688,28,386,"positive regulation of biosynthetic process","CDKN2A;IL17F;DAB2;EP300;ERBB2;AKT2;SIRT1;NR5A2;GNAS;GTF2H1;HIF1A;HSPB1;PDX1;KRAS;SMAD4;MEN1;ATM;PARK2;ATRX;BACH1;PTEN;RB1;BRCA1;BRCA2;HNF1A;TERT;TP63;ACVR2A"
"232","GO:0051276",0.00327862912300491,2.4577519379845,8.66075388026607,17,189,"chromosome organization","CDKN2A;DAXX;EP300;SIRT1;APC;SMAD4;MEN1;MTHFR;ATM;ATRX;PTEN;RB1;BRCA1;BRCA2;TERT;PALB2;TP63"
"233","GO:0051338",0.00327862912300491,2.4577519379845,8.66075388026607,17,189,"regulation of transferase activity","CDKN2A;DAXX;ERBB2;ERBB3;SIRT1;GTF2H1;APC;HSPB1;KRAS;MEN1;ATM;PARK2;PTEN;RB1;MAP2K4;BRAF;STK11"
"234","GO:0060429",0.0033120773838288,2.31818181818182,10.9977827050998,20,240,"epithelium development","DAB2;EP300;AKT2;NR5A2;GNAS;HIF1A;APC;PDX1;KRAS;SMAD4;MEN1;ATM;ROR1;ATRX;BRCA2;WNT2B;FAT4;PALB2;ZNRF3;TP63"
"235","GO:0043549",0.00334431039788183,2.51232345610634,7.92756836659276,16,173,"regulation of kinase activity","CDKN2A;DAXX;ERBB2;ERBB3;SIRT1;GTF2H1;APC;HSPB1;KRAS;MEN1;PARK2;PTEN;RB1;MAP2K4;BRAF;STK11"
"236","GO:0032269",0.00334608302377366,2.58240934971531,7.19438285291944,15,157,"negative regulation of cellular protein metabolic process","CDKN2A;DAPK1;AKT2;SIRT1;RNF149;APC;HSPB1;MEN1;MYO1D;ATM;PARK2;PTEN;RB1;BRCA1;LDLRAD4"
"237","GO:0042326",0.00338248015885675,3.2086406743941,3.80339985218034,10,83,"negative regulation of phosphorylation","CDKN2A;SIRT1;RNF149;APC;HSPB1;MEN1;PARK2;PTEN;RB1;LDLRAD4"
"238","GO:0010498",0.0034502333566532,4.19665071770335,2.06208425720621,7,45,"proteasomal protein catabolic process","DAB2;SIRT1;APC;ATM;PARK2;PTEN;RB1"
"239","GO:0010557",0.00348483106949681,2.1406015037594,16.9090909090909,27,369,"positive regulation of macromolecule biosynthetic process","CDKN2A;IL17F;DAB2;EP300;ERBB2;AKT2;SIRT1;NR5A2;GTF2H1;HIF1A;HSPB1;PDX1;KRAS;SMAD4;MEN1;ATM;PARK2;ATRX;BACH1;PTEN;RB1;BRCA1;BRCA2;HNF1A;TERT;TP63;ACVR2A"
"240","GO:0009892",0.00352926869243628,2.11465579275606,18.6962305986696,29,408,"negative regulation of metabolic process","CDKN2A;DAB2;DAPK1;DAXX;EP300;AKT2;SIRT1;SND1;RNF149;GTF2H1;HIF1A;APC;HSPB1;PDX1;SMAD4;MEN1;MYO1D;ATM;PARK2;ATRX;BACH1;PTEN;RB1;BICD1;BRCA1;BRCA2;TERT;LDLRAD4;TP63"
"241","GO:0051223",0.00355510703669314,2.8584,5.13229859571323,12,112,"regulation of protein transport","CDKN2A;IL17F;DAB2;ERBB2;AKT2;SIRT1;GNAS;HIF1A;PDX1;SMAD4;PARK2;BRCA1"
"242","GO:0070647",0.00355510703669314,2.8584,5.13229859571323,12,112,"protein modification by small protein conjugation or removal","CDKN2A;DAXX;SIRT1;RNF149;APC;ATM;PARK2;RNF43;BACH1;PTEN;BRCA1;ZNRF3"
"243","GO:0061136",0.00356177602760397,4.83290816326531,1.5580192165558,6,34,"regulation of proteasomal protein catabolic process","DAB2;APC;ATM;PARK2;PTEN;RB1"
"244","GO:0010605",0.00359773592135629,2.12155776437999,17.8255728011826,28,389,"negative regulation of macromolecule metabolic process","CDKN2A;DAB2;DAPK1;DAXX;EP300;AKT2;SIRT1;SND1;RNF149;GTF2H1;HIF1A;APC;HSPB1;PDX1;SMAD4;MEN1;MYO1D;ATM;PARK2;ATRX;BACH1;PTEN;RB1;BRCA1;BRCA2;TERT;LDLRAD4;TP63"
"245","GO:0071375",0.00369550809405272,2.98489970700924,4.49076127124908,11,98,"cellular response to peptide hormone stimulus","ERBB2;ERBB3;AKT2;SIRT1;GNAS;HIF1A;KRAS;MEN1;BRAF;STK11;BCAR1"
"246","GO:0006289",0.00372029405215642,5.87257617728532,1.09977827050998,5,24,"nucleotide-excision repair","EP300;FANCC;SIRT1;GTF2H1;BRCA2"
"247","GO:0010565",0.00372029405215642,5.87257617728532,1.09977827050998,5,24,"regulation of cellular ketone metabolic process","AKT2;SIRT1;APC;BRCA1;STK11"
"248","GO:0033143",0.00373392073254556,8.02507836990596,0.687361419068736,4,15,"regulation of intracellular steroid hormone receptor signaling pathway","DAB2;EP300;SIRT1;BRCA1"
"249","GO:0043966",0.00373392073254556,8.02507836990596,0.687361419068736,4,15,"histone H3 acetylation","SIRT1;SMAD4;BRCA1;BRCA2"
"250","GO:0043967",0.00373392073254556,8.02507836990596,0.687361419068736,4,15,"histone H4 acetylation","EP300;SIRT1;BRCA1;BRCA2"
"251","GO:0051262",0.00373392073254556,8.02507836990596,0.687361419068736,4,15,"protein tetramerization","RRM1;RRM2;SBF2;TP63"
"252","GO:0070727",0.00373540929128418,2.37057416267943,9.53141167775314,18,208,"cellular macromolecule localization","CDKN2A;DAB2;DPP6;ERBB2;AKT2;SIRT1;APC;SMAD4;ATM;PARK2;ATRX;RB1;BICD1;BRCA1;BRAF;BRCA2;STK11;TERT"
"253","GO:0001558",0.00383641180263413,3.67703703703704,2.65779748706578,8,58,"regulation of cell growth","CDKN2A;ERBB2;SIRT1;SMAD4;PARK2;STK11;SLC44A4;BCAR1"
"254","GO:0006950",0.00388495339882227,2.07094418362024,24.3784183296378,35,532,"response to stress","CDKN2A;IL17F;DAPK1;DAXX;EP300;ERBB2;ERBB3;AKT2;FANCC;SIRT1;GNAS;GTF2H1;HIF1A;APC;HSPB1;PDX1;KRAS;SMAD4;MEN1;MTHFR;ATM;PARK2;ATRX;BACH1;PTEN;MAP2K4;BRCA1;BRAF;BRCA2;STK11;TERT;WNT2B;PALB2;TP63;BCAR1"
"255","GO:0000082",0.00392420726032622,4.08578088578089,2.10790835181079,7,46,"G1/S transition of mitotic cell cycle","CDKN2A;ATM;BACH1;PTEN;RB1;RRM2;TP63"
"256","GO:0044265",0.00400814774845748,2.94852941176471,4.53658536585366,11,99,"cellular macromolecule catabolic process","CDKN2A;DAB2;DCP1B;SIRT1;APC;ATM;PARK2;RNF43;PTEN;RB1;ZNRF3"
"257","GO:0051704",0.00404729840932827,2.16077865897621,14.480413895048,24,316,"multi-organism process","DAXX;EP300;FANCC;SIRT1;NR5A2;SND1;GNAS;GRID1;GTF2H1;HIF1A;HSPB1;KRAS;MEN1;ATM;PARK2;ATRX;PTEN;KIAA1524;RB1;BICD1;BRCA2;STK11;TP63;ACVR2A"
"258","GO:0050793",0.00407019581721584,2.0972850678733,17.9630450849963,28,392,"regulation of developmental process","CDKN2A;IL17F;DAB2;DAXX;ERBB2;SIRT1;GNAS;HIF1A;APC;HSPB1;KRAS;SMAD4;MEN1;ROR1;PARK2;PTEN;RB1;BRCA1;BRAF;BRCA2;STK11;TERT;WNT2B;LDLRAD4;FAT4;ZNRF3;TP63;ACVR2A"
"259","GO:0071417",0.00411542796587772,2.68736805066854,5.91130820399113,13,129,"cellular response to organonitrogen compound","ERBB2;ERBB3;AKT2;SIRT1;GNAS;HIF1A;KRAS;MEN1;PARK2;BRCA1;BRAF;STK11;BCAR1"
"260","GO:0051247",0.00413186659260981,2.23155551057585,12.0059127864006,21,262,"positive regulation of protein metabolic process","CDKN2A;DAB2;DAPK1;DAXX;ERBB2;ERBB3;AKT2;SIRT1;APC;HSPB1;KRAS;SMAD4;ATM;PARK2;PTEN;RB1;MAP2K4;BRCA1;BRAF;STK11;ACVR2A"
"261","GO:0043086",0.00413251900936125,2.79764705882353,5.22394678492239,12,114,"negative regulation of catalytic activity","CDKN2A;AKT2;SIRT1;APC;HSPB1;MEN1;MYO1D;ATM;PARK2;PTEN;RB1;BICD1"
"262","GO:0048609",0.00413251900936125,2.79764705882353,5.22394678492239,12,114,"multicellular organismal reproductive process","FANCC;SIRT1;HIF1A;MEN1;ATM;ATRX;PTEN;KIAA1524;BRCA2;STK11;TP63;ACVR2A"
"263","GO:0071478",0.00414649364192472,4.66256157635468,1.60384331116038,6,35,"cellular response to radiation","EP300;SIRT1;HIF1A;ATM;STK11;TP63"
"264","GO:0032879",0.00429613473922771,2.12913878508734,15.3968957871397,25,336,"regulation of localization","CDKN2A;IL17F;DAB2;DAPK1;DPP6;ERBB2;ERBB3;AKT2;SIRT1;GNAS;HIF1A;APC;HSPB1;PDX1;SMAD4;PARK2;PTEN;RB1;BICD1;BRCA1;BRAF;STK11;TERT;LDLRAD4;BCAR1"
"265","GO:0044093",0.00434828597529315,2.19150579150579,12.8765705838877,22,281,"positive regulation of molecular function","CDKN2A;DAPK1;DAXX;DCP1B;EP300;ERBB2;ERBB3;AKT2;SIRT1;GNAS;HIF1A;PDX1;KRAS;MEN1;PARK2;PTEN;MAP2K4;BRAF;STK11;TERT;PREX2;SBF2"
"266","GO:0010862",0.00435523749364279,13.0779661016949,0.366592756836659,3,8,"positive regulation of pathway-restricted SMAD protein phosphorylation","DAB2;SMAD4;ACVR2A"
"267","GO:0031648",0.00435523749364279,13.0779661016949,0.366592756836659,3,8,"protein destabilization","CDKN2A;SIRT1;PARK2"
"268","GO:0035176",0.00435523749364279,13.0779661016949,0.366592756836659,3,8,"social behavior","GRID1;KRAS;PTEN"
"269","GO:0051353",0.00435523749364279,13.0779661016949,0.366592756836659,3,8,"positive regulation of oxidoreductase activity","HIF1A;KRAS;TERT"
"270","GO:0051703",0.00435523749364279,13.0779661016949,0.366592756836659,3,8,"intraspecies interaction between organisms","GRID1;KRAS;PTEN"
"271","GO:1904666",0.00435523749364279,13.0779661016949,0.366592756836659,3,8,"regulation of ubiquitin protein ligase activity","APC;ATM;PTEN"
"272","GO:2000378",0.00435523749364279,13.0779661016949,0.366592756836659,3,8,"negative regulation of reactive oxygen species metabolic process","HIF1A;PARK2;BRCA1"
"273","GO:0051130",0.0043924575466014,2.32736693358455,9.66888396156689,18,211,"positive regulation of cellular component organization","DAB2;DAXX;ERBB2;AKT2;SIRT1;HIF1A;APC;SMAD4;ATM;PARK2;ATRX;PTEN;RB1;BICD1;BRCA1;BRAF;STK11;HNF1A"
"274","GO:0032504",0.00444855173977129,2.76815533980583,5.26977087952698,12,115,"multicellular organism reproduction","FANCC;SIRT1;HIF1A;MEN1;ATM;ATRX;PTEN;KIAA1524;BRCA2;STK11;TP63;ACVR2A"
"275","GO:0000079",0.00448808750843166,5.57456140350877,1.14560236511456,5,25,"regulation of cyclin-dependent protein serine/threonine kinase activity","CDKN2A;GTF2H1;APC;MEN1;PTEN"
"276","GO:0030073",0.00448808750843166,5.57456140350877,1.14560236511456,5,25,"insulin secretion","GNAS;HIF1A;PDX1;PARK2;HNF1A"
"277","GO:0006259",0.00449997316309095,2.42404723564144,8.15668883961567,16,178,"DNA metabolic process","CDKN2A;EP300;FANCC;SIRT1;GNAS;GTF2H1;MEN1;ATM;ATRX;BACH1;RRM1;RRM2;BRCA1;BRCA2;TERT;PALB2"
"278","GO:0009893",0.00451268301325055,2.0538256227758,27.4944567627494,38,600,"positive regulation of metabolic process","CDKN2A;IL17F;DAB2;DAPK1;DAXX;DCP1B;EP300;ERBB2;ERBB3;AKT2;SIRT1;NR5A2;GNAS;GTF2H1;HIF1A;APC;HSPB1;PDX1;KRAS;SMAD4;MEN1;ATM;PARK2;ATRX;BACH1;PTEN;RB1;MAP2K4;BRCA1;BRAF;BRCA2;STK11;HNF1A;TERT;PREX2;SBF2;TP63;ACVR2A"
"279","GO:0003006",0.00454699367141953,2.56092171717172,6.69031781226903,14,146,"developmental process involved in reproduction","FANCC;SIRT1;HIF1A;APC;MEN1;ATM;ATRX;PTEN;RRM1;BRCA2;STK11;WNT2B;TP63;ACVR2A"
"280","GO:0006508",0.00454699367141953,2.56092171717172,6.69031781226903,14,146,"proteolysis","CDKN2A;DAB2;DAPK1;DPP6;AKT2;SIRT1;APC;ATM;PARK2;RNF43;PTEN;RB1;ZNRF3;TP63"
"281","GO:0045859",0.00456963435978425,2.48371689101172,7.42350332594235,15,162,"regulation of protein kinase activity","CDKN2A;DAXX;ERBB2;ERBB3;SIRT1;GTF2H1;APC;HSPB1;KRAS;MEN1;PTEN;RB1;MAP2K4;BRAF;STK11"
"282","GO:0045935",0.00466458255295366,2.0821940237413,17.229859571323,27,376,"positive regulation of nucleobase-containing compound metabolic process","CDKN2A;IL17F;DAB2;EP300;ERBB2;AKT2;SIRT1;NR5A2;GNAS;GTF2H1;HIF1A;PDX1;KRAS;SMAD4;MEN1;ATM;PARK2;ATRX;BACH1;PTEN;RB1;BRCA1;BRCA2;HNF1A;TERT;TP63;ACVR2A"
"283","GO:1901653",0.00469737709359291,2.87821350762527,4.62823355506282,11,101,"cellular response to peptide","ERBB2;ERBB3;AKT2;SIRT1;GNAS;HIF1A;KRAS;MEN1;BRAF;STK11;BCAR1"
"284","GO:0051656",0.00479967970729009,4.50357142857143,1.64966740576497,6,36,"establishment of organelle localization","HIF1A;ATM;PARK2;RB1;BRAF;BRCA2"
"285","GO:0001738",0.00480910750437324,7.35057471264368,0.733185513673319,4,16,"morphogenesis of a polarized epithelium","DAB2;ROR1;ZNRF3;TP63"
"286","GO:0051304",0.00480910750437324,7.35057471264368,0.733185513673319,4,16,"chromosome separation","APC;ATM;PTEN;RB1"
"287","GO:0031325",0.0048167829395029,2.03135167110322,23.6910569105691,34,517,"positive regulation of cellular metabolic process","CDKN2A;IL17F;DAB2;DAPK1;DAXX;EP300;ERBB2;ERBB3;AKT2;SIRT1;NR5A2;GNAS;GTF2H1;HIF1A;HSPB1;PDX1;KRAS;SMAD4;MEN1;ATM;PARK2;ATRX;BACH1;PTEN;RB1;MAP2K4;BRCA1;BRAF;BRCA2;STK11;HNF1A;TERT;TP63;ACVR2A"
"288","GO:0044710",0.00481920539352662,2.03324018237976,25.6156688839616,36,559,"single-organism metabolic process","CDKN2A;DAXX;EP300;ERBB2;ERBB3;AKT2;FANCC;SIRT1;NR5A2;GNAS;RNF149;GTF2H1;HIF1A;APC;PDX1;KRAS;SMAD4;MEN1;MTHFR;ATM;PARK2;ATRX;BACH1;PTEN;RB1;RRM1;RRM2;MAP2K4;BRCA1;BRAF;BRCA2;STK11;TERT;PALB2;SLC44A4;ACVR2A"
"289","GO:0006469",0.00501967601694583,3.88026607538803,2.19955654101996,7,48,"negative regulation of protein kinase activity","CDKN2A;SIRT1;APC;HSPB1;MEN1;PTEN;RB1"
"290","GO:0007179",0.00501967601694583,3.88026607538803,2.19955654101996,7,48,"transforming growth factor beta receptor signaling pathway","IL17F;DAB2;SIRT1;SMAD4;MEN1;STK11;LDLRAD4"
"291","GO:0043414",0.00501967601694583,3.88026607538803,2.19955654101996,7,48,"macromolecule methylation","SIRT1;GNAS;SMAD4;MEN1;MTHFR;ATRX;BRCA1"
"292","GO:0045862",0.00501967601694583,3.88026607538803,2.19955654101996,7,48,"positive regulation of proteolysis","CDKN2A;DAB2;DAPK1;SIRT1;PARK2;PTEN;RB1"
"293","GO:0080134",0.00514379351459302,2.28548237476809,9.80635624538064,18,214,"regulation of response to stress","CDKN2A;IL17F;DAXX;EP300;SIRT1;HIF1A;HSPB1;PDX1;KRAS;MEN1;ATM;PARK2;PTEN;MAP2K4;BRCA1;BRAF;TERT;TP63"
"294","GO:0045893",0.00531318627048222,2.08475880944235,15.6260162601626,25,341,"positive regulation of transcription, DNA-templated","CDKN2A;IL17F;DAB2;EP300;ERBB2;AKT2;SIRT1;NR5A2;GTF2H1;HIF1A;PDX1;KRAS;SMAD4;MEN1;PARK2;ATRX;BACH1;PTEN;RB1;BRCA1;BRCA2;HNF1A;TERT;TP63;ACVR2A"
"295","GO:1903508",0.00531318627048222,2.08475880944235,15.6260162601626,25,341,"positive regulation of nucleic acid-templated transcription","CDKN2A;IL17F;DAB2;EP300;ERBB2;AKT2;SIRT1;NR5A2;GTF2H1;HIF1A;PDX1;KRAS;SMAD4;MEN1;PARK2;ATRX;BACH1;PTEN;RB1;BRCA1;BRCA2;HNF1A;TERT;TP63;ACVR2A"
"296","GO:0051641",0.00531343694207872,2.06936127744511,16.4966740576497,26,360,"cellular localization","CDKN2A;IL17F;DAB2;DPP6;ERBB2;AKT2;SIRT1;GNAS;HIF1A;APC;PDX1;SMAD4;MYO1D;ATM;PARK2;ATRX;PTEN;RB1;BICD1;BRCA1;BRAF;BRCA2;STK11;HNF1A;TERT;SLC44A4"
"297","GO:0031058",0.00536289520612046,5.30492898913952,1.19142645971914,5,26,"positive regulation of histone modification","DAXX;SIRT1;SMAD4;ATM;BRCA1"
"298","GO:0042303",0.00536289520612046,5.30492898913952,1.19142645971914,5,26,"molting cycle","GNAS;APC;SMAD4;TERT;TP63"
"299","GO:0042633",0.00536289520612046,5.30492898913952,1.19142645971914,5,26,"hair cycle","GNAS;APC;SMAD4;TERT;TP63"
"300","GO:0071482",0.00536289520612046,5.30492898913952,1.19142645971914,5,26,"cellular response to light stimulus","EP300;SIRT1;HIF1A;STK11;TP63"
"301","GO:0008104",0.00546706755614571,2.13958333333333,13.1056910569106,22,286,"protein localization","CDKN2A;IL17F;DAB2;DPP6;ERBB2;AKT2;SIRT1;GNAS;HIF1A;APC;PDX1;SMAD4;PARK2;ATRX;RB1;BICD1;BRCA1;BRAF;BRCA2;STK11;HNF1A;TERT"
"302","GO:0040008",0.00547862836261128,2.81095481670929,4.71988174427199,11,103,"regulation of growth","CDKN2A;ERBB2;SIRT1;GNAS;HIF1A;SMAD4;PARK2;PTEN;STK11;SLC44A4;BCAR1"
"303","GO:0045786",0.00547862836261128,2.81095481670929,4.71988174427199,11,103,"negative regulation of cell cycle","CDKN2A;AKT2;APC;MEN1;ATM;ATRX;PTEN;RB1;BRCA1;STK11;TP63"
"304","GO:0048608",0.00551591936603782,2.68301886792453,5.40724316334072,12,118,"reproductive structure development","SIRT1;HIF1A;APC;MEN1;ATRX;PTEN;RRM1;BRCA2;STK11;WNT2B;TP63;ACVR2A"
"305","GO:0061458",0.00551591936603782,2.68301886792453,5.40724316334072,12,118,"reproductive system development","SIRT1;HIF1A;APC;MEN1;ATRX;PTEN;RRM1;BRCA2;STK11;WNT2B;TP63;ACVR2A"
"306","GO:0010506",0.00552596463205376,4.35483870967742,1.69549150036955,6,37,"regulation of autophagy","DAPK1;SIRT1;HIF1A;ATM;PARK2;STK11"
"307","GO:0009755",0.00564730153755709,3.78484848484848,2.24538063562454,7,49,"hormone-mediated signaling pathway","DAB2;DAXX;EP300;SIRT1;NR5A2;RB1;BRCA1"
"308","GO:0009416",0.00564840251358057,3.15180102915952,3.43680709534368,9,75,"response to light stimulus","EP300;SIRT1;HIF1A;KRAS;MEN1;BRAF;BRCA2;STK11;TP63"
"309","GO:0071363",0.00572084998182858,2.3019536019536,9.1189948263119,17,199,"cellular response to growth factor stimulus","IL17F;DAB2;ERBB2;ERBB3;SIRT1;HIF1A;APC;HSPB1;KRAS;SMAD4;MEN1;PTEN;BRAF;STK11;LDLRAD4;ACVR2A;BCAR1"
"310","GO:1902680",0.00577409101007714,2.06739758626551,15.7176644493718,25,343,"positive regulation of RNA biosynthetic process","CDKN2A;IL17F;DAB2;EP300;ERBB2;AKT2;SIRT1;NR5A2;GTF2H1;HIF1A;PDX1;KRAS;SMAD4;MEN1;PARK2;ATRX;BACH1;PTEN;RB1;BRCA1;BRCA2;HNF1A;TERT;TP63;ACVR2A"
"311","GO:0042176",0.00584738184246439,3.39368998628258,2.84109386548411,8,62,"regulation of protein catabolic process","CDKN2A;DAB2;APC;SMAD4;ATM;PARK2;PTEN;RB1"
"312","GO:0010564",0.0059063750106939,2.77841028884672,4.76570583887657,11,104,"regulation of cell cycle process","CDKN2A;AKT2;APC;MEN1;ATM;ATRX;PTEN;RB1;BRCA1;BRCA2;TP63"
"313","GO:0071900",0.00591433640818632,2.65570093457944,5.45306725794531,12,119,"regulation of protein serine/threonine kinase activity","CDKN2A;DAXX;ERBB2;ERBB3;SIRT1;GTF2H1;APC;HSPB1;KRAS;MEN1;PTEN;BRAF"
"314","GO:0007064",0.00601887929216862,43,0.137472283813747,2,3,"mitotic sister chromatid cohesion","ATRX;RB1"
"315","GO:0009263",0.00601887929216862,43,0.137472283813747,2,3,"deoxyribonucleotide biosynthetic process","RRM1;RRM2"
"316","GO:0032906",0.00601887929216862,43,0.137472283813747,2,3,"transforming growth factor beta2 production","HIF1A;SMAD4"
"317","GO:0032909",0.00601887929216862,43,0.137472283813747,2,3,"regulation of transforming growth factor beta2 production","HIF1A;SMAD4"
"318","GO:0033087",0.00601887929216862,43,0.137472283813747,2,3,"negative regulation of immature T cell proliferation","CDKN2A;ERBB2"
"319","GO:0033088",0.00601887929216862,43,0.137472283813747,2,3,"negative regulation of immature T cell proliferation in thymus","CDKN2A;ERBB2"
"320","GO:0033127",0.00601887929216862,43,0.137472283813747,2,3,"regulation of histone phosphorylation","DAXX;ATM"
"321","GO:0034086",0.00601887929216862,43,0.137472283813747,2,3,"maintenance of sister chromatid cohesion","ATRX;RB1"
"322","GO:0034088",0.00601887929216862,43,0.137472283813747,2,3,"maintenance of mitotic sister chromatid cohesion","ATRX;RB1"
"323","GO:0034390",0.00601887929216862,43,0.137472283813747,2,3,"smooth muscle cell apoptotic process","CDKN2A;SIRT1"
"324","GO:0034391",0.00601887929216862,43,0.137472283813747,2,3,"regulation of smooth muscle cell apoptotic process","CDKN2A;SIRT1"
"325","GO:0043984",0.00601887929216862,43,0.137472283813747,2,3,"histone H4-K16 acetylation","SIRT1;BRCA1"
"326","GO:0046929",0.00601887929216862,43,0.137472283813747,2,3,"negative regulation of neurotransmitter secretion","PARK2;BRAF"
"327","GO:0051574",0.00601887929216862,43,0.137472283813747,2,3,"positive regulation of histone H3-K9 methylation","SIRT1;BRCA1"
"328","GO:0060770",0.00601887929216862,43,0.137472283813747,2,3,"negative regulation of epithelial cell proliferation involved in prostate gland development","APC;STK11"
"329","GO:0070199",0.00601887929216862,43,0.137472283813747,2,3,"establishment of protein localization to chromosome","BRCA2;TERT"
"330","GO:0070200",0.00601887929216862,43,0.137472283813747,2,3,"establishment of protein localization to telomere","BRCA2;TERT"
"331","GO:0071888",0.00601887929216862,43,0.137472283813747,2,3,"macrophage apoptotic process","CDKN2A;SIRT1"
"332","GO:0090313",0.00601887929216862,43,0.137472283813747,2,3,"regulation of protein targeting to membrane","ERBB2;AKT2"
"333","GO:0090314",0.00601887929216862,43,0.137472283813747,2,3,"positive regulation of protein targeting to membrane","ERBB2;AKT2"
"334","GO:1902803",0.00601887929216862,43,0.137472283813747,2,3,"regulation of synaptic vesicle transport","PARK2;BRAF"
"335","GO:1903377",0.00601887929216862,43,0.137472283813747,2,3,"negative regulation of oxidative stress-induced neuron intrinsic apoptotic signaling pathway","HIF1A;PARK2"
"336","GO:2000109",0.00601887929216862,43,0.137472283813747,2,3,"regulation of macrophage apoptotic process","CDKN2A;SIRT1"
"337","GO:0032006",0.00607500832128147,6.77984084880637,0.779009608277901,4,17,"regulation of TOR signaling","SIRT1;HIF1A;ATM;STK11"
"338","GO:0032436",0.00607500832128147,6.77984084880637,0.779009608277901,4,17,"positive regulation of proteasomal ubiquitin-dependent protein catabolic process","DAB2;PARK2;PTEN;RB1"
"339","GO:0036473",0.00607500832128147,6.77984084880637,0.779009608277901,4,17,"cell death in response to oxidative stress","SIRT1;HIF1A;HSPB1;PARK2"
"340","GO:0045003",0.00607500832128147,6.77984084880637,0.779009608277901,4,17,"double-strand break repair via synthesis-dependent strand annealing","ATM;BRCA1;BRCA2;PALB2"
"341","GO:2000026",0.00623423131984579,2.06831648658069,14.9386548410939,24,326,"regulation of multicellular organismal development","CDKN2A;IL17F;DAB2;ERBB2;SIRT1;GNAS;HIF1A;APC;HSPB1;SMAD4;ROR1;PARK2;PTEN;RB1;BRCA1;BRAF;BRCA2;STK11;WNT2B;LDLRAD4;FAT4;ZNRF3;TP63;ACVR2A"
"342","GO:0051254",0.00626862857666298,2.05025337837838,15.8093126385809,25,345,"positive regulation of RNA metabolic process","CDKN2A;IL17F;DAB2;EP300;ERBB2;AKT2;SIRT1;NR5A2;GTF2H1;HIF1A;PDX1;KRAS;SMAD4;MEN1;PARK2;ATRX;BACH1;PTEN;RB1;BRCA1;BRCA2;HNF1A;TERT;TP63;ACVR2A"
"343","GO:0043516",0.00632056379911607,10.8898305084746,0.412416851441242,3,9,"regulation of DNA damage response, signal transduction by p53 class mediator","CDKN2A;SIRT1;ATM"
"344","GO:0050000",0.00632056379911607,10.8898305084746,0.412416851441242,3,9,"chromosome localization","ATM;RB1;BRCA2"
"345","GO:0051303",0.00632056379911607,10.8898305084746,0.412416851441242,3,9,"establishment of chromosome localization","ATM;RB1;BRCA2"
"346","GO:0051439",0.00632056379911607,10.8898305084746,0.412416851441242,3,9,"regulation of ubiquitin-protein ligase activity involved in mitotic cell cycle","APC;ATM;PTEN"
"347","GO:0050890",0.00632999681272633,4.21540178571429,1.74131559497413,6,38,"cognition","GNAS;HIF1A;KRAS;PARK2;PTEN;BRAF"
"348","GO:0090068",0.00633233701849105,3.6938689217759,2.29120473022912,7,50,"positive regulation of cell cycle process","CDKN2A;ATM;ATRX;PTEN;RB1;BRCA1;TP63"
"349","GO:0071407",0.00633554542111141,2.62888888888889,5.49889135254989,12,120,"cellular response to organic cyclic compound","DAB2;DAXX;EP300;AKT2;SIRT1;NR5A2;GNAS;HIF1A;PARK2;RB1;BRCA1;TERT"
"350","GO:0022613",0.00635235023721194,5.05980861244019,1.23725055432373,5,27,"ribonucleoprotein complex biogenesis","CDKN2A;SIRT1;ATM;PTEN;BICD1"
"351","GO:0030072",0.00635235023721194,5.05980861244019,1.23725055432373,5,27,"peptide hormone secretion","GNAS;HIF1A;PDX1;PARK2;HNF1A"
"352","GO:0042180",0.00635235023721194,5.05980861244019,1.23725055432373,5,27,"cellular ketone metabolic process","AKT2;SIRT1;APC;BRCA1;STK11"
"353","GO:1903310",0.00635235023721194,5.05980861244019,1.23725055432373,5,27,"positive regulation of chromatin modification","DAXX;SIRT1;SMAD4;ATM;BRCA1"
"354","GO:0048519",0.00640875683615329,2.0047379330767,29.9689578713969,40,654,"negative regulation of biological process","CDKN2A;IL17F;DAB2;DAPK1;DAXX;EP300;ERBB2;ERBB3;AKT2;SIRT1;SND1;GNAS;RNF149;GTF2H1;HIF1A;APC;HSPB1;PDX1;KRAS;SMAD4;MEN1;MYO1D;ATM;PARK2;ATRX;RNF43;BACH1;PTEN;RB1;BICD1;MAP2K4;BRCA1;BRAF;BRCA2;STK11;TERT;LDLRAD4;PALB2;ZNRF3;TP63"
"355","GO:1903829",0.00645772719257736,3.32929292929293,2.88691796008869,8,63,"positive regulation of cellular protein localization","CDKN2A;DAB2;ERBB2;AKT2;SMAD4;BRCA1;STK11;TERT"
"356","GO:0006325",0.00655218414047031,2.51932968309275,6.23207686622321,13,136,"chromatin organization","CDKN2A;DAXX;EP300;SIRT1;SMAD4;MEN1;MTHFR;ATM;ATRX;RB1;BRCA1;BRCA2;TP63"
"357","GO:0043434",0.00684150927796593,2.71537667698658,4.85735402808574,11,106,"response to peptide hormone","ERBB2;ERBB3;AKT2;SIRT1;GNAS;HIF1A;KRAS;MEN1;BRAF;STK11;BCAR1"
"358","GO:0006914",0.00711562270368749,3.26719576719577,2.93274205469327,8,64,"autophagy","CDKN2A;DAPK1;FANCC;SIRT1;HIF1A;ATM;PARK2;STK11"
"359","GO:0044770",0.00721142015627082,2.83536585365854,4.21581670362158,10,92,"cell cycle phase transition","CDKN2A;EP300;APC;MEN1;ATM;BACH1;PTEN;RB1;RRM2;TP63"
"360","GO:0001756",0.00754544037582318,6.29064039408867,0.824833702882483,4,18,"somitogenesis","EP300;SMAD4;ATM;PALB2"
"361","GO:0010332",0.00754544037582318,6.29064039408867,0.824833702882483,4,18,"response to gamma radiation","MEN1;ATM;BRCA2;TP63"
"362","GO:0010604",0.00763068871995652,1.94628456221198,24.2867701404287,34,530,"positive regulation of macromolecule metabolic process","CDKN2A;IL17F;DAB2;DAPK1;DAXX;EP300;ERBB2;ERBB3;AKT2;SIRT1;NR5A2;GTF2H1;HIF1A;APC;HSPB1;PDX1;KRAS;SMAD4;MEN1;ATM;PARK2;ATRX;BACH1;PTEN;RB1;MAP2K4;BRCA1;BRAF;BRCA2;STK11;HNF1A;TERT;TP63;ACVR2A"
"363","GO:0051173",0.00778137294866993,1.97971586424625,17.8255728011826,27,389,"positive regulation of nitrogen compound metabolic process","CDKN2A;IL17F;DAB2;EP300;ERBB2;AKT2;SIRT1;NR5A2;GNAS;GTF2H1;HIF1A;PDX1;KRAS;SMAD4;MEN1;ATM;PARK2;ATRX;BACH1;PTEN;RB1;BRCA1;BRCA2;HNF1A;TERT;TP63;ACVR2A"
"364","GO:0070848",0.00780317732292752,2.21643026004728,9.39393939393939,17,205,"response to growth factor","IL17F;DAB2;ERBB2;ERBB3;SIRT1;HIF1A;APC;HSPB1;KRAS;SMAD4;MEN1;PTEN;BRAF;STK11;LDLRAD4;ACVR2A;BCAR1"
"365","GO:0045944",0.00790027205845587,2.10684273709484,11.8226164079823,20,258,"positive regulation of transcription from RNA polymerase II promoter","CDKN2A;IL17F;EP300;AKT2;SIRT1;NR5A2;GTF2H1;HIF1A;PDX1;SMAD4;MEN1;PARK2;ATRX;BACH1;RB1;BRCA1;HNF1A;TERT;TP63;ACVR2A"
"366","GO:0031056",0.00818987485104639,3.96113445378151,1.8329637841833,6,40,"regulation of histone modification","DAXX;SIRT1;SMAD4;MTHFR;ATM;BRCA1"
"367","GO:0071310",0.00819011844119381,1.95965506621497,18.7878787878788,28,410,"cellular response to organic substance","IL17F;DAB2;DAPK1;DAXX;EP300;ERBB2;ERBB3;AKT2;SIRT1;NR5A2;GNAS;HIF1A;APC;HSPB1;PDX1;KRAS;SMAD4;MEN1;PARK2;PTEN;RB1;BRCA1;BRAF;STK11;TERT;LDLRAD4;ACVR2A;BCAR1"
"368","GO:0034613",0.0082041726282326,2.20270429159318,9.43976348854398,17,206,"cellular protein localization","CDKN2A;DAB2;DPP6;ERBB2;AKT2;SIRT1;APC;SMAD4;PARK2;ATRX;RB1;BICD1;BRCA1;BRAF;BRCA2;STK11;TERT"
"369","GO:0031324",0.00821686422352862,1.98035426731079,17.0007390983001,26,371,"negative regulation of cellular metabolic process","CDKN2A;DAB2;DAPK1;DAXX;EP300;AKT2;SIRT1;RNF149;HIF1A;APC;HSPB1;PDX1;SMAD4;MEN1;MYO1D;ATM;PARK2;ATRX;BACH1;PTEN;RB1;BRCA1;BRCA2;TERT;LDLRAD4;TP63"
"370","GO:0016055",0.0084029898179427,2.76327838827839,4.30746489283075,10,94,"Wnt signaling pathway","DAB2;APC;ROR1;PARK2;RNF43;PTEN;STK11;TERT;WNT2B;ZNRF3"
"371","GO:0031667",0.0084029898179427,2.76327838827839,4.30746489283075,10,94,"response to nutrient levels","AKT2;SIRT1;HIF1A;PDX1;MTHFR;PARK2;PTEN;BRCA1;BRCA2;WNT2B"
"372","GO:0044248",0.00858442712596045,2.28858066253703,7.92756836659276,15,173,"cellular catabolic process","CDKN2A;DAB2;DAPK1;DCP1B;AKT2;SIRT1;HIF1A;APC;ATM;PARK2;RNF43;PTEN;RB1;STK11;ZNRF3"
"373","GO:0031401",0.00862187898462182,2.18912280701754,9.48558758314856,17,207,"positive regulation of protein modification process","CDKN2A;DAB2;DAXX;ERBB2;ERBB3;AKT2;SIRT1;KRAS;SMAD4;ATM;PARK2;PTEN;MAP2K4;BRCA1;BRAF;STK11;ACVR2A"
"374","GO:0002790",0.00870503556026155,4.63084795321637,1.32889874353289,5,29,"peptide secretion","GNAS;HIF1A;PDX1;PARK2;HNF1A"
"375","GO:0007088",0.00870503556026155,4.63084795321637,1.32889874353289,5,29,"regulation of mitotic nuclear division","APC;ATM;ATRX;PTEN;RB1"
"376","GO:0016571",0.00870503556026155,4.63084795321637,1.32889874353289,5,29,"histone methylation","SIRT1;SMAD4;MEN1;MTHFR;BRCA1"
"377","GO:1904029",0.00870503556026155,4.63084795321637,1.32889874353289,5,29,"regulation of cyclin-dependent protein kinase activity","CDKN2A;GTF2H1;APC;MEN1;PTEN"
"378","GO:0033046",0.00873648628240673,9.32687651331719,0.458240946045824,3,10,"negative regulation of sister chromatid segregation","APC;ATM;ATRX"
"379","GO:0033048",0.00873648628240673,9.32687651331719,0.458240946045824,3,10,"negative regulation of mitotic sister chromatid segregation","APC;ATM;ATRX"
"380","GO:0050805",0.00873648628240673,9.32687651331719,0.458240946045824,3,10,"negative regulation of synaptic transmission","PARK2;PTEN;BRAF"
"381","GO:0051985",0.00873648628240673,9.32687651331719,0.458240946045824,3,10,"negative regulation of chromosome segregation","APC;ATM;ATRX"
"382","GO:0060571",0.00873648628240673,9.32687651331719,0.458240946045824,3,10,"morphogenesis of an epithelial fold","HIF1A;WNT2B;TP63"
"383","GO:0061647",0.00873648628240673,9.32687651331719,0.458240946045824,3,10,"histone H3-K9 modification","SIRT1;SMAD4;BRCA1"
"384","GO:0097479",0.00873648628240673,9.32687651331719,0.458240946045824,3,10,"synaptic vesicle localization","PARK2;PTEN;BRAF"
"385","GO:1901522",0.00873648628240673,9.32687651331719,0.458240946045824,3,10,"positive regulation of transcription from RNA polymerase II promoter involved in cellular response to chemical stimulus","EP300;HIF1A;SMAD4"
"386","GO:1902235",0.00873648628240673,9.32687651331719,0.458240946045824,3,10,"regulation of endoplasmic reticulum stress-induced intrinsic apoptotic signaling pathway","SIRT1;PDX1;PARK2"
"387","GO:0010033",0.00874256892873018,1.92743764172336,21.6289726533629,31,472,"response to organic substance","IL17F;DAB2;DAPK1;DAXX;EP300;ERBB2;ERBB3;AKT2;SIRT1;NR5A2;GNAS;HIF1A;APC;HSPB1;PDX1;KRAS;SMAD4;MEN1;MTHFR;PARK2;ATRX;PTEN;RB1;BRCA1;BRAF;BRCA2;STK11;TERT;LDLRAD4;ACVR2A;BCAR1"
"388","GO:0009952",0.00876342895048589,3.44466403162055,2.42867701404287,7,53,"anterior/posterior pattern specification","EP300;APC;SMAD4;ATM;WNT2B;PALB2;ACVR2A"
"389","GO:0032259",0.00876342895048589,3.44466403162055,2.42867701404287,7,53,"methylation","SIRT1;GNAS;SMAD4;MEN1;MTHFR;ATRX;BRCA1"
"390","GO:1900180",0.00876342895048589,3.44466403162055,2.42867701404287,7,53,"regulation of protein localization to nucleus","CDKN2A;DAB2;SIRT1;SMAD4;BRCA1;STK11;TERT"
"391","GO:1902589",0.00898891856940683,1.99018446437638,15.3510716925351,24,335,"single-organism organelle organization","CDKN2A;DAXX;EP300;AKT2;FANCC;FAT1;SIRT1;HIF1A;APC;KRAS;SMAD4;MEN1;MTHFR;ATM;PARK2;ATRX;PTEN;RB1;BICD1;BRCA1;BRAF;BRCA2;TERT;BCAR1"
"392","GO:0031060",0.00923329811393532,5.86666666666667,0.870657797487066,4,19,"regulation of histone methylation","SIRT1;SMAD4;MTHFR;BRCA1"
"393","GO:0090398",0.00923329811393532,5.86666666666667,0.870657797487066,4,19,"cellular senescence","CDKN2A;SIRT1;TERT;TP63"
"394","GO:1903322",0.00923329811393532,5.86666666666667,0.870657797487066,4,19,"positive regulation of protein modification by small protein conjugation or removal","CDKN2A;PARK2;PTEN;BRCA1"
"395","GO:0032103",0.00925494087274118,3.84489795918367,1.87878787878788,6,41,"positive regulation of response to external stimulus","IL17F;AKT2;SIRT1;HIF1A;HSPB1;BRAF"
"396","GO:0007178",0.00939767296688973,3.09353421217828,3.07021433850702,8,67,"transmembrane receptor protein serine/threonine kinase signaling pathway","IL17F;DAB2;SIRT1;SMAD4;MEN1;STK11;LDLRAD4;ACVR2A"
"397","GO:0032270",0.00942401413328761,2.09343669250646,11.1810790835181,19,244,"positive regulation of cellular protein metabolic process","CDKN2A;DAB2;DAPK1;DAXX;ERBB2;ERBB3;AKT2;SIRT1;KRAS;SMAD4;ATM;PARK2;PTEN;RB1;MAP2K4;BRCA1;BRAF;STK11;ACVR2A"
"398","GO:0033043",0.00955470303027283,2.25598404255319,8.01921655580192,15,175,"regulation of organelle organization","CDKN2A;DAXX;AKT2;SIRT1;HIF1A;APC;SMAD4;MTHFR;ATM;PARK2;ATRX;PTEN;RB1;BRCA1;BRAF"
"399","GO:0048522",0.00969616677599463,1.93731628453851,31.5728011825573,41,689,"positive regulation of cellular process","CDKN2A;IL17F;DAB2;DAPK1;DAXX;DPP6;EP300;ERBB2;ERBB3;AKT2;SIRT1;NR5A2;GNAS;GTF2H1;HIF1A;APC;HSPB1;PDX1;KRAS;SMAD4;MEN1;ATM;PARK2;ATRX;BACH1;PTEN;KIAA1524;RB1;BICD1;MAP2K4;BRCA1;BRAF;BRCA2;STK11;HNF1A;TERT;WNT2B;SLC44A4;TP63;ACVR2A;BCAR1"
"400","GO:0019538",0.00970714482334132,1.9077304964539,27.540280857354,37,601,"protein metabolic process","CDKN2A;IL17F;DAB2;DAPK1;DAXX;DPP6;EP300;ERBB2;ERBB3;AKT2;SIRT1;RNF149;GTF2H1;HIF1A;APC;HSPB1;KRAS;SMAD4;MEN1;MTHFR;MYO1D;ATM;ROR1;PARK2;RNF43;BACH1;PTEN;RB1;MAP2K4;BRCA1;BRAF;BRCA2;STK11;LDLRAD4;ZNRF3;TP63;ACVR2A"
"401","GO:0051302",0.00970967474777449,3.36866537717602,2.47450110864745,7,54,"regulation of cell division","APC;ATM;ATRX;PTEN;RB1;BRCA2;TP63"
