"","GOBPID","Pvalue","OddsRatio","ExpCount","Count","Size","Term","Symbols"
"1","GO:0035330",0.00147819660014781,Inf,0.00147819660014782,1,1,"regulation of hippo signaling","NF2"
"2","GO:0042524",0.00295529985961496,1350,0.00295639320029564,1,2,"negative regulation of tyrosine phosphorylation of Stat5 protein","NF2"
"3","GO:0014010",0.00443130977840178,674.5,0.00443458980044346,1,3,"Schwann cell proliferation","NF2"
"4","GO:0007398",0.00590622635650773,449.333333333333,0.00591278640059128,1,4,"ectoderm development","NF2"
"5","GO:0042518",0.00590622635650773,449.333333333333,0.00591278640059128,1,4,"negative regulation of tyrosine phosphorylation of Stat3 protein","NF2"
"6","GO:0042532",0.00590622635650773,449.333333333333,0.00591278640059128,1,4,"negative regulation of tyrosine phosphorylation of STAT protein","NF2"
"7","GO:0035329",0.00738004959393357,336.75,0.0073909830007391,1,5,"hippo signaling","NF2"
"8","GO:0046426",0.00738004959393357,336.75,0.0073909830007391,1,5,"negative regulation of JAK-STAT cascade","NF2"
"9","GO:1904893",0.00738004959393357,336.75,0.0073909830007391,1,5,"negative regulation of STAT cascade","NF2"
