"","GOCCID","Pvalue","OddsRatio","ExpCount","Count","Size","Term","Symbols"
"1","GO:0030027",0.000453217059715254,Inf,0.0432900432900433,2,30,"lamellipodium","NF2;PTPN13"
"2","GO:0031527",0.00144300144300147,Inf,0.00144300144300144,1,1,"filopodium membrane","NF2"
"3","GO:0031252",0.00203478831637676,Inf,0.0909090909090909,2,63,"cell leading edge","NF2;PTPN13"
"4","GO:0044297",0.00230359291731133,Inf,0.0966810966810967,2,67,"cell body","NF2;PTPN13"
"5","GO:0030864",0.00720458843202509,345,0.00721500721500722,1,5,"cortical actin cytoskeleton","NF2"
"6","GO:0043005",0.00794536390204261,Inf,0.178932178932179,2,124,"neuron projection","NF2;PTPN13"
