"","GOBPID","Pvalue","OddsRatio","ExpCount","Count","Size","Term","Symbols"
"1","GO:0010266",0.000739098300073904,Inf,0.00073909830007391,1,1,"response to vitamin B1","MDM2"
"2","GO:0045472",0.000739098300073904,Inf,0.00073909830007391,1,1,"response to ether","MDM2"
"3","GO:0071301",0.000739098300073904,Inf,0.00073909830007391,1,1,"cellular response to vitamin B1","MDM2"
"4","GO:0007089",0.00147819660014803,Inf,0.00147819660014782,1,2,"traversing start control point of mitotic cell cycle","MDM2"
"5","GO:0071494",0.00147819660014803,Inf,0.00147819660014782,1,2,"cellular response to UV-C","MDM2"
"6","GO:0014072",0.00221729490022193,Inf,0.00221729490022173,1,3,"response to isoquinoline alkaloid","MDM2"
"7","GO:0032026",0.00221729490022193,Inf,0.00221729490022173,1,3,"response to magnesium ion","MDM2"
"8","GO:0043278",0.00221729490022193,Inf,0.00221729490022173,1,3,"response to morphine","MDM2"
"9","GO:0046827",0.00295639320029562,Inf,0.00295639320029564,1,4,"positive regulation of protein export from nucleus","MDM2"
"10","GO:0010955",0.00369549150036952,Inf,0.00369549150036955,1,5,"negative regulation of protein processing","MDM2"
"11","GO:0043518",0.00369549150036952,Inf,0.00369549150036955,1,5,"negative regulation of DNA damage response, signal transduction by p53 class mediator","MDM2"
"12","GO:0071236",0.00369549150036952,Inf,0.00369549150036955,1,5,"cellular response to antibiotic","MDM2"
"13","GO:0071312",0.00369549150036952,Inf,0.00369549150036955,1,5,"cellular response to alkaloid","MDM2"
"14","GO:1900087",0.00369549150036952,Inf,0.00369549150036955,1,5,"positive regulation of G1/S transition of mitotic cell cycle","MDM2"
"15","GO:1903318",0.00369549150036952,Inf,0.00369549150036955,1,5,"negative regulation of protein maturation","MDM2"
"16","GO:0003203",0.00517368810051744,Inf,0.00517368810051737,1,7,"endocardial cushion morphogenesis","MDM2"
"17","GO:0003283",0.00517368810051744,Inf,0.00517368810051737,1,7,"atrial septum development","MDM2"
"18","GO:0010039",0.00517368810051744,Inf,0.00517368810051737,1,7,"response to iron ion","MDM2"
"19","GO:0010225",0.00517368810051744,Inf,0.00517368810051737,1,7,"response to UV-C","MDM2"
"20","GO:0097237",0.00517368810051744,Inf,0.00517368810051737,1,7,"cellular response to toxic substance","MDM2"
"21","GO:1901797",0.00517368810051744,Inf,0.00517368810051737,1,7,"negative regulation of signal transduction by p53 class mediator","MDM2"
"22","GO:1902808",0.00517368810051744,Inf,0.00517368810051737,1,7,"positive regulation of cell cycle G1/S phase transition","MDM2"
"23","GO:0003171",0.00591278640059145,Inf,0.00591278640059128,1,8,"atrioventricular valve development","MDM2"
"24","GO:0003181",0.00591278640059145,Inf,0.00591278640059128,1,8,"atrioventricular valve morphogenesis","MDM2"
"25","GO:0003230",0.00591278640059145,Inf,0.00591278640059128,1,8,"cardiac atrium development","MDM2"
"26","GO:0006977",0.00591278640059145,Inf,0.00591278640059128,1,8,"DNA damage response, signal transduction by p53 class mediator resulting in cell cycle arrest","MDM2"
"27","GO:0031648",0.00591278640059145,Inf,0.00591278640059128,1,8,"protein destabilization","MDM2"
"28","GO:0046825",0.00591278640059145,Inf,0.00591278640059128,1,8,"regulation of protein export from nucleus","MDM2"
"29","GO:0071157",0.00591278640059145,Inf,0.00591278640059128,1,8,"negative regulation of cell cycle arrest","MDM2"
"30","GO:0071295",0.00591278640059145,Inf,0.00591278640059128,1,8,"cellular response to vitamin","MDM2"
"31","GO:0072431",0.00591278640059145,Inf,0.00591278640059128,1,8,"signal transduction involved in mitotic G1 DNA damage checkpoint","MDM2"
"32","GO:1902400",0.00591278640059145,Inf,0.00591278640059128,1,8,"intracellular signal transduction involved in G1 DNA damage checkpoint","MDM2"
"33","GO:0042220",0.00665188470066536,Inf,0.00665188470066519,1,9,"response to cocaine","MDM2"
"34","GO:0043516",0.00665188470066536,Inf,0.00665188470066519,1,9,"regulation of DNA damage response, signal transduction by p53 class mediator","MDM2"
"35","GO:0070613",0.00665188470066536,Inf,0.00665188470066519,1,9,"regulation of protein processing","MDM2"
"36","GO:0072395",0.00665188470066536,Inf,0.00665188470066519,1,9,"signal transduction involved in cell cycle checkpoint","MDM2"
"37","GO:0072401",0.00665188470066536,Inf,0.00665188470066519,1,9,"signal transduction involved in DNA integrity checkpoint","MDM2"
"38","GO:0072413",0.00665188470066536,Inf,0.00665188470066519,1,9,"signal transduction involved in mitotic cell cycle checkpoint","MDM2"
"39","GO:0072422",0.00665188470066536,Inf,0.00665188470066519,1,9,"signal transduction involved in DNA damage checkpoint","MDM2"
"40","GO:1902402",0.00665188470066536,Inf,0.00665188470066519,1,9,"signal transduction involved in mitotic DNA damage checkpoint","MDM2"
"41","GO:1902403",0.00665188470066536,Inf,0.00665188470066519,1,9,"signal transduction involved in mitotic DNA integrity checkpoint","MDM2"
"42","GO:1903317",0.00665188470066536,Inf,0.00665188470066519,1,9,"regulation of protein maturation","MDM2"
"43","GO:0071391",0.00739098300073926,Inf,0.0073909830007391,1,10,"cellular response to estrogen stimulus","MDM2"
"44","GO:0001974",0.00813008130081305,Inf,0.00813008130081301,1,11,"blood vessel remodeling","MDM2"
"45","GO:0003197",0.00813008130081305,Inf,0.00813008130081301,1,11,"endocardial cushion development","MDM2"
"46","GO:0031571",0.00813008130081305,Inf,0.00813008130081301,1,11,"mitotic G1 DNA damage checkpoint","MDM2"
"47","GO:0044783",0.00813008130081305,Inf,0.00813008130081301,1,11,"G1 DNA damage checkpoint","MDM2"
"48","GO:0044819",0.00813008130081305,Inf,0.00813008130081301,1,11,"mitotic G1/S transition checkpoint","MDM2"
"49","GO:0002027",0.00886917960088696,Inf,0.00886917960088692,1,12,"regulation of heart rate","MDM2"
"50","GO:0046677",0.00886917960088696,Inf,0.00886917960088692,1,12,"response to antibiotic","MDM2"
"51","GO:0003179",0.00960827790096086,Inf,0.00960827790096083,1,13,"heart valve morphogenesis","MDM2"
"52","GO:0031670",0.00960827790096086,Inf,0.00960827790096083,1,13,"cellular response to nutrient","MDM2"
"53","GO:0060359",0.00960827790096086,Inf,0.00960827790096083,1,13,"response to ammonium ion","MDM2"
"54","GO:1901796",0.00960827790096086,Inf,0.00960827790096083,1,13,"regulation of signal transduction by p53 class mediator","MDM2"
"55","GO:2001021",0.00960827790096086,Inf,0.00960827790096083,1,13,"negative regulation of response to DNA damage stimulus","MDM2"
