"","GOBPID","Pvalue","OddsRatio","ExpCount","Count","Size","Term","Symbols"
"1","GO:0060158",1.64001102087406e-05,Inf,0.00886917960088692,2,2,"phospholipase C-activating dopamine receptor signaling pathway","GNA11;GNAQ"
"2","GO:0007213",4.91032167241715e-05,673,0.0133037694013304,2,3,"G-protein coupled acetylcholine receptor signaling pathway","GNA11;GNAQ"
"3","GO:0043473",6.26627903230965e-05,73.8333333333333,0.0931263858093126,3,21,"pigmentation","GNA11;GNAQ;NF1"
"4","GO:0007212",9.80125293572494e-05,336.25,0.0177383592017738,2,4,"dopamine receptor signaling pathway","GNA11;GNAQ"
"5","GO:0045634",0.00016303158099203,224,0.0221729490022173,2,5,"regulation of melanocyte differentiation","GNA11;GNAQ"
"6","GO:0050932",0.00016303158099203,224,0.0221729490022173,2,5,"regulation of pigment cell differentiation","GNA11;GNAQ"
"7","GO:0009649",0.000244064226946356,167.875,0.0266075388026608,2,6,"entrainment of circadian clock","GNA11;GNAQ"
"8","GO:0007200",0.000341014644333136,134.2,0.0310421286031042,2,7,"phospholipase C-activating G-protein coupled receptor signaling pathway","GNA11;GNAQ"
"9","GO:0048070",0.000341014644333136,134.2,0.0310421286031042,2,7,"regulation of developmental pigmentation","GNA11;GNAQ"
"10","GO:0001953",0.000582287107002848,95.7142857142857,0.0399113082039911,2,9,"negative regulation of cell-matrix adhesion","NF1;NF2"
"11","GO:0006469",0.00077848195782603,28.9333333333333,0.212860310421286,3,48,"negative regulation of protein kinase activity","GNAQ;NF1;NF2"
"12","GO:0007602",0.000886088797571754,74.3333333333333,0.0487804878048781,2,11,"phototransduction","GNA11;GNAQ"
"13","GO:0007603",0.000886088797571754,74.3333333333333,0.0487804878048781,2,11,"phototransduction, visible light","GNA11;GNAQ"
"14","GO:0030318",0.000886088797571754,74.3333333333333,0.0487804878048781,2,11,"melanocyte differentiation","GNA11;GNAQ"
"15","GO:0050931",0.000886088797571754,74.3333333333333,0.0487804878048781,2,11,"pigment cell differentiation","GNA11;GNAQ"
"16","GO:0033673",0.000932536021856451,27.0625,0.226164079822616,3,51,"negative regulation of kinase activity","GNAQ;NF1;NF2"
"17","GO:1900180",0.00104543112594112,25.94,0.235033259423503,3,53,"regulation of protein localization to nucleus","GNAQ;NF1;NF2"
"18","GO:0010812",0.00106120194700606,66.85,0.0532150776053215,2,12,"negative regulation of cell-substrate adhesion","NF1;NF2"
"19","GO:0009583",0.00167826469606807,51.3076923076923,0.0665188470066519,2,15,"detection of light stimulus","GNA11;GNAQ"
"20","GO:0009584",0.00167826469606807,51.3076923076923,0.0665188470066519,2,15,"detection of visible light","GNA11;GNAQ"
"21","GO:0001508",0.00191421580721075,47.6071428571429,0.0709534368070953,2,16,"action potential","GNA11;GNAQ"
"22","GO:0048066",0.00191421580721075,47.6071428571429,0.0709534368070953,2,16,"developmental pigmentation","GNA11;GNAQ"
"23","GO:0051348",0.00208715275507116,20.046875,0.297117516629712,3,67,"negative regulation of transferase activity","GNAQ;NF1;NF2"
"24","GO:0042752",0.00216514401954937,44.4,0.0753880266075388,2,17,"regulation of circadian rhythm","GNA11;GNAQ"
"25","GO:2000177",0.00271156276148233,39.1176470588235,0.0842572062084257,2,19,"regulation of neural precursor cell proliferation","NF1;NF2"
"26","GO:0009416",0.0029016787855115,17.7083333333333,0.332594235033259,3,75,"response to light stimulus","GNA11;GNAQ;NF1"
"27","GO:0001933",0.00325222516103768,16.96,0.34589800443459,3,78,"negative regulation of protein phosphorylation","GNAQ;NF1;NF2"
"28","GO:0060563",0.00331678608718436,34.9473684210526,0.0931263858093126,2,21,"neuroepithelial cell differentiation","GNA11;GNAQ"
"29","GO:0034504",0.00350017951942285,16.4935064935065,0.354767184035477,3,80,"protein localization to nucleus","GNAQ;NF1;NF2"
"30","GO:0009581",0.00364122120266722,33.175,0.0975609756097561,2,22,"detection of external stimulus","GNA11;GNAQ"
"31","GO:0009582",0.00364122120266722,33.175,0.0975609756097561,2,22,"detection of abiotic stimulus","GNA11;GNAQ"
"32","GO:0021761",0.00364122120266722,33.175,0.0975609756097561,2,22,"limbic system development","NF1;NF2"
"33","GO:0042326",0.00389402075250796,15.8375,0.368070953436807,3,83,"negative regulation of phosphorylation","GNAQ;NF1;NF2"
"34","GO:0014013",0.00398008416862217,31.5714285714286,0.1019955654102,2,23,"regulation of gliogenesis","NF1;NF2"
"35","GO:0030900",0.00431476642426076,15.2289156626506,0.381374722838137,3,86,"forebrain development","GNAQ;NF1;NF2"
"36","GO:0035330",0.00443458980044353,Inf,0.00443458980044346,1,1,"regulation of hippo signaling","NF2"
"37","GO:0001952",0.00508233722548795,27.5625,0.11529933481153,2,26,"regulation of cell-matrix adhesion","NF1;NF2"
"38","GO:0010563",0.00540486568951211,13.9666666666667,0.412416851441242,3,93,"negative regulation of phosphorus metabolic process","GNAQ;NF1;NF2"
"39","GO:0045936",0.00540486568951211,13.9666666666667,0.412416851441242,3,93,"negative regulation of phosphate metabolic process","GNAQ;NF1;NF2"
"40","GO:0061351",0.00588766187308399,25.4038461538462,0.124168514412417,2,28,"neural precursor cell proliferation","NF1;NF2"
"41","GO:1903827",0.00646485417756931,13.03125,0.439024390243902,3,99,"regulation of cellular protein localization","GNAQ;NF1;NF2"
"42","GO:0043409",0.00719960159675087,22.7241379310345,0.137472283813747,2,31,"negative regulation of MAPK cascade","NF1;NF2"
"43","GO:0009314",0.00723845162493694,12.47,0.456762749445676,3,103,"response to radiation","GNA11;GNAQ;NF1"
"44","GO:0072091",0.00766428210487986,21.95,0.141906873614191,2,32,"regulation of stem cell proliferation","NF1;NF2"
"45","GO:0031400",0.00828310806246159,11.8285714285714,0.478935698447894,3,108,"negative regulation of protein modification process","GNAQ;NF1;NF2"
"46","GO:0021543",0.00863416749169486,20.546875,0.150776053215078,2,34,"pallium development","NF1;NF2"
"47","GO:0051606",0.00863416749169486,20.546875,0.150776053215078,2,34,"detection of stimulus","GNA11;GNAQ"
"48","GO:0021896",0.00885277949067831,269.2,0.00886917960088692,1,2,"forebrain astrocyte differentiation","NF1"
"49","GO:0021897",0.00885277949067831,269.2,0.00886917960088692,1,2,"forebrain astrocyte development","NF1"
"50","GO:0042524",0.00885277949067831,269.2,0.00886917960088692,1,2,"negative regulation of tyrosine phosphorylation of Stat5 protein","NF2"
"51","GO:0042711",0.00885277949067831,269.2,0.00886917960088692,1,2,"maternal behavior","GNAQ"
"52","GO:0060746",0.00885277949067831,269.2,0.00886917960088692,1,2,"parental behavior","GNAQ"
"53","GO:0061534",0.00885277949067831,269.2,0.00886917960088692,1,2,"gamma-aminobutyric acid secretion, neurotransmission","NF1"
"54","GO:0061535",0.00885277949067831,269.2,0.00886917960088692,1,2,"glutamate secretion, neurotransmission","NF1"
"55","GO:0071467",0.00885277949067831,269.2,0.00886917960088692,1,2,"cellular response to pH","GNA11"
"56","GO:0098597",0.00885277949067831,269.2,0.00886917960088692,1,2,"observational learning","NF1"
"57","GO:1902043",0.00885277949067831,269.2,0.00886917960088692,1,2,"positive regulation of extrinsic apoptotic signaling pathway via death domain receptors","NF1"
"58","GO:0043086",0.00965384757087787,11.1351351351351,0.505543237250554,3,114,"negative regulation of catalytic activity","GNAQ;NF1;NF2"
"59","GO:0030336",0.00965750440146764,19.3088235294118,0.159645232815965,2,36,"negative regulation of cell migration","NF1;NF2"
"60","GO:0031647",0.00965750440146764,19.3088235294118,0.159645232815965,2,36,"regulation of protein stability","GNAQ;NF2"
