"","GOMFID","Pvalue","OddsRatio","ExpCount","Count","Size","Term","Symbols"
"1","GO:0031821",2.33034789874749e-05,Inf,0.0104244229337305,2,2,"G-protein coupled serotonin receptor binding","GNA11;GNAQ"
"2","GO:0031826",2.33034789874749e-05,Inf,0.0104244229337305,2,2,"type 2A serotonin receptor binding","GNA11;GNAQ"
"3","GO:0031683",6.97366600870522e-05,534,0.0156366344005957,2,3,"G-protein beta/gamma-subunit complex binding","GNA11;GNAQ"
"4","GO:0003924",0.00305294242798015,35.2266666666667,0.0886075949367089,2,17,"GTPase activity","GNA11;GNAQ"
"5","GO:0008429",0.00521221146686524,Inf,0.00521221146686523,1,1,"phosphatidylethanolamine binding","NF1"
"6","GO:0031210",0.00521221146686524,Inf,0.00521221146686523,1,1,"phosphatidylcholine binding","NF1"
"7","GO:0001664",0.00559483368344635,25.047619047619,0.1198808637379,2,23,"G-protein coupled receptor binding","GNA11;GNAQ"
"8","GO:0005096",0.00884443856636992,19.3925925925926,0.151154132539092,2,29,"GTPase activator activity","GNAQ;NF1"
