"","GOBPID","Pvalue","OddsRatio","ExpCount","Count","Size","Term","Symbols"
"1","GO:0007009",0.00130948324613416,3.20661157024793,5.30376940133038,13,46,"plasma membrane organization","NDRG1;ACSL3;FGF13;GAS6;ANK2;ANXA13;AR;KRT18;PRKCI;BAIAP2L1;PTEN;KIF13A;VAMP8"
"2","GO:0098722",0.00150677074726108,Inf,0.34589800443459,3,3,"asymmetric stem cell division","ETV5;FGF13;ZBTB16"
"3","GO:0030850",0.00214173482417708,4.01020408163265,3.11308203991131,9,27,"prostate gland development","HOXB13;ESR2;FGF10;FGFR2;FOXA1;TNC;AR;PTEN;STK11"
"4","GO:0044802",0.00250002686703855,2.26262626262626,11.2993348115299,21,98,"single-organism membrane organization","NDRG1;FERMT2;DVL1;ETV5;ACSL3;FGF13;GAS6;ANK2;ANXA13;AR;ITGB7;KRT18;ATP8A2;PRKCI;BAIAP2L1;ATP10A;PTEN;EPG5;KIF13A;BRAF;VAMP8"
"5","GO:0030520",0.00297787793619278,7.89403973509934,1.1529933481153,5,10,"intracellular estrogen receptor signaling pathway","DDX5;DEFA1;ESR2;FOXA1;BRCA1"
"6","GO:0050808",0.00349003664621846,3.34760273972603,3.92017738359202,10,34,"synapse organization","PDLIM5;DAB2IP;DVL1;ETV5;FGFR2;ADNP;TNC;MYO6;PTEN;ROBO2"
"7","GO:0001832",0.00450665648837264,10.4736842105263,0.80709534368071,4,7,"blastocyst growth","SALL4;RAD51B;BRCA2;PALB2"
"8","GO:0043001",0.00450665648837264,10.4736842105263,0.80709534368071,4,7,"Golgi to plasma membrane protein transport","ACSL3;ANXA13;KRT18;KIF13A"
"9","GO:0044849",0.00551478093497555,23.4509803921569,0.46119733924612,3,4,"estrous cycle","ESR2;ADNP;MMP7"
"10","GO:0045103",0.00551478093497555,23.4509803921569,0.46119733924612,3,4,"intermediate filament-based process","KRT18;ATP8A2;RAF1"
"11","GO:0045104",0.00551478093497555,23.4509803921569,0.46119733924612,3,4,"intermediate filament cytoskeleton organization","KRT18;ATP8A2;RAF1"
"12","GO:0097061",0.00551478093497555,23.4509803921569,0.46119733924612,3,4,"dendritic spine organization","PDLIM5;PTEN;TANC1"
"13","GO:0048193",0.00681137872372454,2.96803652968037,4.26607538802661,10,37,"Golgi vesicle transport","ACSL3;GAS6;ANK2;ANXA13;KRT18;ATP8A2;GOLPH3L;PRKCI;KIF13A;VAMP8"
"14","GO:0072657",0.00799465165684458,2.29626655961461,7.84035476718404,15,68,"protein localization to membrane","FERMT2;DVL1;ETV5;ACSL3;FGF13;GAS6;ANK2;ANXA13;AR;ITGB7;KRT18;PRKCI;KIF13A;BRAF;VAMP8"
"15","GO:0051298",0.00820967558272,7.84868421052632,0.922394678492239,4,8,"centrosome duplication","CEP152;PKHD1;BRCA1;BRCA2"
"16","GO:0050807",0.00893670493628796,4.31272727272727,1.96008869179601,6,17,"regulation of synapse organization","PDLIM5;DAB2IP;ETV5;ADNP;PTEN;ROBO2"
"17","GO:0007010",0.00941588890335045,1.81114028507127,17.410199556541,27,151,"cytoskeleton organization","FRY;CHEK2;DNAH5;DVL1;FGF10;FGF13;CEP152;BRWD3;SHROOM2;KRT8;KRT18;ABLIM1;NEDD9;ATP8A2;PEX14;PKHD1;PRKCI;BAIAP2L1;PTEN;RAF1;RASA1;BRCA1;BRAF;BRCA2;AXIN1;CFLAR;FARP2"
