"","GOCCID","Pvalue","OddsRatio","ExpCount","Count","Size","Term","Symbols"
"1","GO:0030880",4.28637059440484e-05,11.4922680412371,1.12554112554113,7,15,"RNA polymerase complex","ERCC2;ERCC3;ERCC4;ERCC5;TERT;TP53;TRRAP"
"2","GO:0016591",9.88321408161313e-05,13.0204081632653,0.9004329004329,6,12,"DNA-directed RNA polymerase II, holoenzyme","ERCC2;ERCC3;ERCC4;ERCC5;TP53;TRRAP"
"3","GO:0061695",0.000148958758026942,4.38895417156287,3.67676767676768,12,49,"transferase complex, transferring phosphorus-containing groups","CDK4;ERCC2;ERCC3;ERCC4;ERCC5;MTOR;PIK3CA;POLE;CCND1;TERT;TP53;TRRAP"
"4","GO:1990234",0.000197993585454412,3.2361832782239,6.75324675324675,17,90,"transferase complex","CDK4;DDB2;ERCC2;ERCC3;ERCC4;ERCC5;EZH2;MTOR;GPR37;PIK3CA;POLE;FBXW7;KMT2C;CCND1;TERT;TP53;TRRAP"
"5","GO:0000428",0.000283477390907678,9.75,1.05050505050505,6,14,"DNA-directed RNA polymerase complex","ERCC2;ERCC3;ERCC4;ERCC5;TP53;TRRAP"
"6","GO:0055029",0.000283477390907678,9.75,1.05050505050505,6,14,"nuclear DNA-directed RNA polymerase complex","ERCC2;ERCC3;ERCC4;ERCC5;TP53;TRRAP"
"7","GO:0098805",0.000341245193669797,2.31107592758312,17.2582972582973,31,230,"whole membrane","CTNNB1;EGFR;ERBB2;ERBB3;ERBB4;MTOR;GNA11;GNAQ;GRIN2A;TBK1;HLA-DRA;FAS;JAK2;KRAS;MET;NOTCH1;OCA2;WDPCP;SLC45A2;PDGFB;PDGFRB;MAP2K2;B2M;PTCH1;PTEN;RAC1;RAF1;SMO;SOX10;TYR;CDH1"
"8","GO:0033162",0.000411264896563617,Inf,0.225108225108225,3,3,"melanosome membrane","OCA2;SLC45A2;TYR"
"9","GO:0045009",0.000411264896563617,Inf,0.225108225108225,3,3,"chitosome","OCA2;SLC45A2;TYR"
"10","GO:0009898",0.00044959040524708,4.96578947368421,2.47619047619048,9,33,"cytoplasmic side of plasma membrane","JAK1;JAK2;KIT;KRAS;NF1;MAP2K2;PTEN;TGM3;CDH1"
"11","GO:0098562",0.00044959040524708,4.96578947368421,2.47619047619048,9,33,"cytoplasmic side of membrane","JAK1;JAK2;KIT;KRAS;NF1;MAP2K2;PTEN;TGM3;CDH1"
"12","GO:0012505",0.000517312054852335,2.07084524295631,26.8629148629149,42,358,"endomembrane system","CDK4;COL1A1;PIGU;PARP1;CUX1;EGFR;ERBB2;MTOR;GNAQ;GPR37;GRIN2A;TBK1;CD274;HLA-DRA;UBAC2;FAS;JAK1;JAK2;KIT;MX2;NFKBIE;NOTCH1;NRAS;OCA2;STMN3;PDGFB;CDKAL1;FBXW7;PPP6C;MAP2K1;MAP2K2;B2M;PTCH1;RAC1;RAF1;SMO;BRCA2;TP53;TYR;XPA;TRRAP;CDH1"
"13","GO:0090575",0.000875535087195409,5.00396825396825,2.17604617604618,8,29,"RNA polymerase II transcription factor complex","CTNNB1;ERCC2;ERCC3;ERCC4;ERCC5;LEF1;TP53;TRRAP"
"14","GO:0098588",0.000948472191946099,2.27235772357724,14.2568542568543,26,190,"bounding membrane of organelle","PIGU;CUX1;EGFR;ERBB2;MTOR;GNA11;GNAQ;GPR37;TBK1;HLA-DRA;UBAC2;NOTCH1;NRAS;OCA2;SLC45A2;PDGFB;CDKAL1;PPP6C;MAP2K2;B2M;PTCH1;RAC1;RAF1;SMO;SOX10;TYR"
"15","GO:0005794",0.00108771629984494,2.35390946502058,12.0808080808081,23,161,"Golgi apparatus","COL1A1;CUX1;EGFR;MTOR;HLA-DRA;NFKBIE;NOTCH1;NRAS;STMN3;PDGFB;FBXW7;PPP6C;MAP2K1;MAP2K2;B2M;PTCH1;RAC1;RAF1;SMO;TYR;XPA;TRRAP;CDH1"
"16","GO:0019898",0.00151436454617896,3.68203309692671,3.45165945165945,10,46,"extrinsic component of membrane","CTNNB1;MTOR;JAK1;JAK2;KRAS;PIK3CA;RAC1;SOX10;TGM3;CDH1"
"17","GO:0005675",0.00155495599720257,38.049504950495,0.3001443001443,3,4,"holo TFIIH complex","ERCC2;ERCC3;ERCC5"
"18","GO:0030894",0.00155495599720257,38.049504950495,0.3001443001443,3,4,"replisome","ERCC5;POLE;XPA"
"19","GO:0043601",0.00155495599720257,38.049504950495,0.3001443001443,3,4,"nuclear replisome","ERCC5;POLE;XPA"
"20","GO:0043227",0.00167263151026409,2.48261627373635,81.3391053391053,93,1084,"membrane-bounded organelle","CDK4;CDKN2A;STAG3;STAG2;COL1A1;PIGU;PARP1;CTNNB1;CUX1;DDB2;EGFR;ERBB2;ERBB4;ERCC2;AKT1;ERCC3;ERCC4;ERCC5;EZH2;ALK;MTOR;RGS22;GNA11;GNAQ;GPR37;GRIN2A;TBK1;CD274;HLA-DRA;UBAC2;IDH1;EYS;PADI6;FAS;IRF4;JAK1;JAK2;KIT;KRAS;KRT5;MITF;MTAP;MX2;ATM;NF1;NFKBIE;NOTCH1;NRAS;OCA2;STMN3;SLC45A2;LEF1;PDGFB;PDGFRA;PDGFRB;POLE;CDKAL1;FBXW7;PPP6C;MAP2K1;MAP2K2;B2M;SALL4;PTCH1;PTEN;KMT2C;RAC1;RAF1;CCND1;SERPINB3;BLM;SFRP4;SMO;SOX10;BRAF;BRCA2;STAT5B;TBX3;TERT;TGM3;TP53;TRPS1;TYR;XPA;XPC;FTO;FAT4;TRRAP;BAP1;PLA2G6;ANXA9;RECQL4;CDH1"
"21","GO:0044422",0.00185252367477828,1.91927877947295,59.6536796536797,74,795,"organelle part","CDK4;CDKN2A;STAG3;STAG2;COL1A1;PIGU;ALS2CR12;PARP1;CTNNB1;RMDN2;CUX1;DDB2;EGFR;ERBB2;ERBB4;ERCC2;AKT1;ERCC3;ERCC4;ERCC5;EZH2;MTOR;GNA11;GNAQ;GPR37;TBK1;HLA-DRA;UBAC2;IDH1;IRF4;JAK2;KRT5;MITF;MX2;ATM;NF1;NOTCH1;NRAS;OCA2;WDPCP;SLC45A2;LEF1;PDGFB;PDGFRB;POLE;CDKAL1;FBXW7;PPP6C;MAP2K1;MAP2K2;B2M;SALL4;PTCH1;PTEN;KMT2C;RAC1;RAF1;CCND1;BLM;SMO;SOX10;BRCA2;STAT5B;TERT;TP53;TRPS1;TYR;XPA;XPC;FTO;TRRAP;BAP1;PLA2G6;CDH1"
"22","GO:0044454",0.00194265088502242,2.7123595505618,6.75324675324675,15,90,"nuclear chromosome part","STAG3;PARP1;CTNNB1;ERCC4;ERCC5;EZH2;IRF4;ATM;POLE;BLM;BRCA2;TERT;TP53;XPA;TRRAP"
"23","GO:0031410",0.00203870552434567,2.34866828087167,10.3549783549784,20,138,"cytoplasmic vesicle","COL1A1;EGFR;ERBB2;GRIN2A;HLA-DRA;FAS;KIT;ATM;NOTCH1;OCA2;SLC45A2;PDGFB;PDGFRB;B2M;PTCH1;RAC1;SERPINB3;SMO;BRCA2;TYR"
"24","GO:0044798",0.00219714218934547,4.19,2.47619047619048,8,33,"nuclear transcription factor complex","CTNNB1;ERCC2;ERCC3;ERCC4;ERCC5;LEF1;TP53;TRRAP"
"25","GO:0044444",0.00234830494194446,1.85212880916361,54.7763347763348,69,730,"cytoplasmic part","CDK4;CDKN2A;STAG2;COL1A1;PIGU;ALS2CR12;PARP1;CTNNB1;CUX1;EGFR;ERBB2;ERBB4;AKT1;MTOR;GNA11;GNAQ;GPR37;GRIN2A;TBK1;HLA-DRA;UBAC2;IDH1;FAS;IRF4;JAK1;JAK2;KIT;KRAS;KRT5;MTAP;MX2;ATM;NF1;NFKBIE;NOTCH1;NRAS;OCA2;STMN3;WDPCP;SLC45A2;PDGFB;PDGFRA;PDGFRB;PIK3CA;CDKAL1;FBXW7;PPP6C;MAP2K1;MAP2K2;B2M;PTCH1;PTEN;RAC1;RAF1;CCND1;SERPINB3;SMO;SOX10;BRAF;BRCA2;STAT5B;TERT;TP53;TYR;XPA;TRRAP;PLA2G6;ANXA9;CDH1"
"26","GO:0043231",0.00258565345518893,2.1079295154185,74.6608946608947,87,995,"intracellular membrane-bounded organelle","CDK4;CDKN2A;STAG3;STAG2;COL1A1;PIGU;PARP1;CTNNB1;CUX1;DDB2;EGFR;ERBB2;ERBB4;ERCC2;AKT1;ERCC3;ERCC4;ERCC5;EZH2;MTOR;RGS22;GNA11;GNAQ;GPR37;GRIN2A;TBK1;HLA-DRA;UBAC2;IDH1;PADI6;FAS;IRF4;JAK1;JAK2;KIT;KRAS;KRT5;MITF;MTAP;MX2;ATM;NF1;NFKBIE;NOTCH1;NRAS;OCA2;STMN3;SLC45A2;LEF1;PDGFB;PDGFRA;PDGFRB;POLE;CDKAL1;FBXW7;PPP6C;MAP2K1;MAP2K2;B2M;SALL4;PTCH1;PTEN;KMT2C;RAC1;RAF1;CCND1;SERPINB3;BLM;SFRP4;SMO;SOX10;BRAF;BRCA2;STAT5B;TBX3;TERT;TP53;TRPS1;TYR;XPA;XPC;FTO;TRRAP;BAP1;PLA2G6;RECQL4;CDH1"
"27","GO:0019897",0.00277488964156008,4.55360824742268,2.02597402597403,7,27,"extrinsic component of plasma membrane","CTNNB1;JAK1;JAK2;KRAS;RAC1;TGM3;CDH1"
"28","GO:0032993",0.00277488964156008,4.55360824742268,2.02597402597403,7,27,"protein-DNA complex","CTNNB1;ERCC5;IRF4;LEF1;POLE;TERT;XPA"
"29","GO:0005739",0.00277769098723588,2.44150030248034,8.4040404040404,17,112,"mitochondrion","CDKN2A;PARP1;ERBB4;AKT1;MTOR;IDH1;KRAS;KRT5;MAP2K1;MAP2K2;PTEN;RAF1;SOX10;BRAF;TERT;TP53;PLA2G6"
"30","GO:0044446",0.00286992102223678,1.84730113636364,58.2279942279942,72,776,"intracellular organelle part","CDK4;CDKN2A;STAG3;STAG2;COL1A1;PIGU;PARP1;CTNNB1;RMDN2;CUX1;DDB2;EGFR;ERBB2;ERBB4;ERCC2;AKT1;ERCC3;ERCC4;ERCC5;EZH2;MTOR;GNA11;GNAQ;GPR37;TBK1;HLA-DRA;UBAC2;IDH1;IRF4;JAK2;KRT5;MITF;MX2;ATM;NF1;NOTCH1;NRAS;OCA2;SLC45A2;LEF1;PDGFB;PDGFRB;POLE;CDKAL1;FBXW7;PPP6C;MAP2K1;MAP2K2;B2M;SALL4;PTCH1;PTEN;KMT2C;RAC1;RAF1;CCND1;BLM;SMO;SOX10;BRCA2;STAT5B;TERT;TP53;TRPS1;TYR;XPA;XPC;FTO;TRRAP;BAP1;PLA2G6;CDH1"
"31","GO:0043226",0.00310926653880305,2.63748810656518,86.0663780663781,96,1147,"organelle","CDK4;CDKN2A;STAG3;STAG2;COL1A1;PIGU;ALS2CR12;PARP1;CTNNB1;RMDN2;CUX1;DDB2;EGFR;ERBB2;ERBB4;ERCC2;AKT1;ERCC3;ERCC4;ERCC5;EZH2;ALK;MTOR;RGS22;GNA11;GNAQ;GPR37;GRIN2A;TBK1;CD274;HLA-DRA;UBAC2;IDH1;EYS;PADI6;FAS;IRF4;JAK1;JAK2;KIT;KRAS;KRT5;MITF;MTAP;MX2;ATM;NF1;NFKBIE;NOTCH1;NRAS;OCA2;STMN3;WDPCP;SLC45A2;LEF1;PDGFB;PDGFRA;PDGFRB;POLE;CDKAL1;FBXW7;PPP6C;MAP2K1;MAP2K2;B2M;SALL4;PTCH1;PTEN;KMT2C;RAC1;RAF1;CCND1;SERPINB3;BLM;SFRP4;SMO;SOX10;BRAF;BRCA2;STAT5B;TBX3;TERT;TGM3;TP53;TRPS1;TYR;XPA;XPC;FTO;FAT4;TRRAP;BAP1;PLA2G6;ANXA9;RECQL4;CDH1"
"32","GO:0098590",0.00345418037822491,2.32207108380869,9.30447330447331,18,124,"plasma membrane region","CTNNB1;EGFR;ERBB2;ERBB3;ERBB4;GRIN2A;FAS;JAK2;MET;NOTCH1;WDPCP;PDGFB;PDGFRB;PTCH1;PTEN;RAC1;SMO;CDH1"
"33","GO:0005901",0.00353783824107233,6.42424242424242,1.12554112554113,5,15,"caveola","CTNNB1;JAK2;PTCH1;SMO;CDH1"
"34","GO:0000109",0.00367517061358245,19.009900990099,0.375180375180375,3,5,"nucleotide-excision repair complex","ERCC4;POLE;XPC"
"35","GO:1902494",0.00378391212590296,2.29841338839383,9.37950937950938,18,125,"catalytic complex","CDK4;PIGU;DDB2;ERCC2;ERCC3;ERCC4;ERCC5;EZH2;MTOR;GPR37;PIK3CA;POLE;FBXW7;KMT2C;CCND1;TERT;TP53;TRRAP"
"36","GO:0005737",0.00404604542677028,1.93942414174972,70.7590187590188,83,943,"cytoplasm","CDK4;CDKN2A;STAG2;COL1A1;PIGU;ALS2CR12;PARP1;CTNNB1;RMDN2;CUX1;DOCK3;EGFR;ERBB2;ERBB4;ERCC2;AKT1;EZH2;MTOR;RGS22;GNA11;GNAQ;GPR37;GRIN2A;TBK1;HLA-DRA;UBAC2;IDH1;PADI6;FAS;IRF4;JAK1;JAK2;KIT;KRAS;KRT5;MTAP;MX2;ATM;NF1;NFKBIE;NOTCH1;NRAS;OCA2;STMN3;WDPCP;SLC45A2;LEF1;PDGFB;PDGFRA;PDGFRB;PIK3CA;CDKAL1;FBXW7;PPP6C;MAP2K1;MAP2K2;B2M;SALL4;PTCH1;PTEN;RAC1;RAF1;CCND1;SERPINB3;BLM;SFRP4;SMO;SOX10;BRAF;BRCA2;STAT5B;TERT;TGM3;TP53;TYR;XPA;XPC;TRRAP;BAP1;PLA2G6;ANXA9;RECQL4;CDH1"
"37","GO:0000228",0.00418167571395616,2.46642915867361,7.27849927849928,15,97,"nuclear chromosome","STAG3;PARP1;CTNNB1;ERCC4;ERCC5;EZH2;IRF4;ATM;POLE;BLM;BRCA2;TERT;TP53;XPA;TRRAP"
"38","GO:0098552",0.00445037968896897,2.63203463203463,5.92784992784993,13,79,"side of membrane","CD274;HLA-DRA;FAS;JAK1;JAK2;KIT;KRAS;NF1;MAP2K2;B2M;PTEN;TGM3;CDH1"
"39","GO:0044427",0.0045075916818437,2.2049850448654,10.2799422799423,19,137,"chromosomal part","CDK4;CDKN2A;STAG3;STAG2;PARP1;CTNNB1;ERCC4;ERCC5;EZH2;IRF4;ATM;POLE;SALL4;BLM;BRCA2;TERT;TP53;XPA;TRRAP"
"40","GO:0005783",0.00452252985291337,2.25240025602731,9.52958152958153,18,127,"endoplasmic reticulum","COL1A1;PIGU;EGFR;MTOR;GPR37;GRIN2A;HLA-DRA;UBAC2;NOTCH1;OCA2;PDGFB;CDKAL1;FBXW7;MAP2K1;MAP2K2;B2M;RAC1;TP53"
"41","GO:0016023",0.00493452748389861,2.23002114164905,9.60461760461761,18,128,"cytoplasmic, membrane-bounded vesicle","COL1A1;EGFR;GRIN2A;HLA-DRA;FAS;KIT;ATM;NOTCH1;OCA2;SLC45A2;PDGFB;PDGFRB;B2M;PTCH1;RAC1;SMO;BRCA2;TYR"
"42","GO:0005622",0.00535317970148248,3.02697841726619,90.8686868686869,99,1211,"intracellular","CDK4;CDKN2A;STAG3;STAG2;COL1A1;PIGU;ALS2CR12;PARP1;CTNNB1;RMDN2;CUX1;DDB2;DOCK3;EGFR;ERBB2;ERBB3;ERBB4;ERCC2;AKT1;ERCC3;ERCC4;ERCC5;EZH2;ALK;MTOR;RGS22;GNA11;GNAQ;GPR37;GRIN2A;TBK1;HLA-DRA;UBAC2;IDH1;PADI6;FAS;IRF4;JAK1;JAK2;KIT;KRAS;KRT5;MC1R;MITF;MTAP;MX2;ATM;NF1;NFKBIE;NOTCH1;NRAS;OCA2;STMN3;WDPCP;SLC45A2;LEF1;PDGFB;PDGFRA;PDGFRB;PIK3CA;POLE;CDKAL1;FBXW7;PPP6C;MAP2K1;MAP2K2;B2M;SALL4;PTCH1;PTEN;KMT2C;RAC1;RAF1;CCND1;SERPINB3;BLM;SFRP4;SMO;SOX10;BRAF;BRCA2;STAT5B;TBX3;TERT;TGM3;TP53;TRPS1;TYR;XPA;XPC;FTO;FAT4;PREX2;TRRAP;BAP1;PLA2G6;ANXA9;RECQL4;CDH1"
"43","GO:0005662",0.00558030016513771,Inf,0.15007215007215,2,2,"DNA replication factor A complex","ERCC5;XPA"
"44","GO:0045177",0.00560362759090013,3.1877667140825,3.45165945165945,9,46,"apical part of cell","CTNNB1;ERBB2;ERBB3;FAS;NOTCH1;WDPCP;PDGFRB;PTEN;FAT4"
"45","GO:0031982",0.00644278034969468,1.76897479814045,25.6623376623377,37,342,"vesicle","COL1A1;CTNNB1;EGFR;ERBB2;AKT1;ALK;GNA11;GNAQ;GRIN2A;CD274;HLA-DRA;IDH1;EYS;FAS;KIT;KRT5;MTAP;ATM;NOTCH1;NRAS;OCA2;SLC45A2;PDGFB;PDGFRB;MAP2K1;B2M;PTCH1;RAC1;SERPINB3;SMO;BRCA2;TGM3;TYR;XPC;FAT4;ANXA9;CDH1"
"46","GO:0032806",0.00695042370188351,12.6633663366337,0.45021645021645,3,6,"carboxy-terminal domain protein kinase complex","ERCC2;ERCC3;ERCC5"
"47","GO:0043596",0.00695042370188351,12.6633663366337,0.45021645021645,3,6,"nuclear replication fork","ERCC5;POLE;XPA"
"48","GO:0005886",0.00767649009656351,1.68650793650794,36.017316017316,48,480,"plasma membrane","STAG2;PTPRT;PIGU;CTNNB1;EGFR;ERBB2;ERBB3;ERBB4;AKT1;ALK;RGS22;GNA11;GNAQ;GPR37;GRIN2A;CD274;HLA-DRA;FAS;JAK1;JAK2;KIT;KRAS;KRT5;MC1R;MET;NF1;NOTCH1;NRAS;WDPCP;PDGFB;PDGFRA;PDGFRB;PIK3CA;POLE;MAP2K1;MAP2K2;B2M;PTCH1;PTEN;RAC1;RAF1;SMO;BRAF;TGM3;XPC;FAT4;PREX2;CDH1"
"49","GO:0016020",0.00832504556507911,1.68536307391729,54.8513708513709,67,731,"membrane","CDK4;STAG2;PTPRT;PIGU;PARP1;CTNNB1;RMDN2;CUX1;EGFR;ERBB2;ERBB3;ERBB4;AKT1;ALK;MTOR;RGS22;GNA11;GNAQ;GPR37;GRIN2A;TBK1;CD274;HLA-DRA;UBAC2;FAS;IRF4;JAK1;JAK2;KIT;KRAS;KRT5;MC1R;MET;NF1;NOTCH1;NRAS;OCA2;WDPCP;SLC45A2;PDGFB;PDGFRA;PDGFRB;PIK3CA;POLE;CDKAL1;PPP6C;MAP2K1;MAP2K2;B2M;PTCH1;PTEN;RAC1;RAF1;CCND1;SFRP4;SMO;SOX10;BRAF;TGM3;TYR;XPC;FAT4;PREX2;CLPTM1L;PLA2G6;RECQL4;CDH1"
"50","GO:0000781",0.00844535692856347,4.06981740064447,1.87590187590188,6,25,"chromosome, telomeric region","PARP1;ERCC4;ATM;BLM;BRCA2;TERT"
"51","GO:0044432",0.00935043926776357,2.36594911937378,6.45310245310245,13,86,"endoplasmic reticulum part","COL1A1;PIGU;EGFR;MTOR;GPR37;HLA-DRA;UBAC2;NOTCH1;OCA2;PDGFB;CDKAL1;B2M;RAC1"
