"","GOMFID","Pvalue","OddsRatio","ExpCount","Count","Size","Term","Symbols"
"1","GO:0004672",1.80396846808591e-06,3.79818031430935,8.88607594936709,24,117,"protein kinase activity","CDK4;EGFR;ERBB2;ERBB4;ERCC2;AKT1;ERCC3;ALK;MTOR;TBK1;JAK1;JAK2;KIT;MET;ATM;PDGFRA;PDGFRB;PIK3CA;MAP2K1;MAP2K2;RAF1;CCND1;BRAF;CDK10"
"2","GO:0016772",2.32110848570515e-06,3.45846153846154,10.9367088607595,27,144,"transferase activity, transferring phosphorus-containing groups","CDK4;EGFR;ERBB2;ERBB4;ERCC2;AKT1;ERCC3;ALK;MTOR;TBK1;JAK1;JAK2;KIT;MET;ATM;PDGFRA;PDGFRB;PIK3CA;POLE;MAP2K1;MAP2K2;RAF1;CCND1;BRAF;TERT;TRRAP;CDK10"
"3","GO:0016773",3.7582142534023e-06,3.51267779839208,9.87341772151899,25,130,"phosphotransferase activity, alcohol group as acceptor","CDK4;EGFR;ERBB2;ERBB4;ERCC2;AKT1;ERCC3;ALK;MTOR;TBK1;JAK1;JAK2;KIT;MET;ATM;PDGFRA;PDGFRB;PIK3CA;MAP2K1;MAP2K2;RAF1;CCND1;BRAF;TRRAP;CDK10"
"4","GO:0016301",7.81079170632491e-06,3.33825265643447,10.253164556962,25,135,"kinase activity","CDK4;EGFR;ERBB2;ERBB4;ERCC2;AKT1;ERCC3;ALK;MTOR;TBK1;JAK1;JAK2;KIT;MET;ATM;PDGFRA;PDGFRB;PIK3CA;MAP2K1;MAP2K2;RAF1;CCND1;BRAF;TRRAP;CDK10"
"5","GO:0016740",6.49179326157158e-05,2.4630303030303,19.8227848101266,36,261,"transferase activity","CDK4;PARP1;DDB2;EGFR;ERBB2;ERBB4;ERCC2;AKT1;ERCC3;EZH2;ALK;MTOR;TBK1;IRF4;JAK1;JAK2;KIT;MET;MTAP;ATM;PDGFRA;PDGFRB;PIK3CA;POLE;CDKAL1;MAP2K1;MAP2K2;KMT2C;RAF1;CCND1;BRAF;BRCA2;TERT;TGM3;TRRAP;CDK10"
"6","GO:0001883",7.28199699434738e-05,2.51932367149758,17.5443037974684,33,231,"purine nucleoside binding","CDK4;EGFR;ERBB2;ERBB3;ERBB4;ERCC2;AKT1;ERCC3;ALK;MTOR;GNA11;GNAQ;TBK1;JAK1;JAK2;KIT;KRAS;MET;MX2;ATM;NRAS;PDGFRA;PDGFRB;PIK3CA;MAP2K1;MAP2K2;RAC1;RAF1;BLM;BRAF;TP53;CDK10;RECQL4"
"7","GO:0032550",7.28199699434738e-05,2.51932367149758,17.5443037974684,33,231,"purine ribonucleoside binding","CDK4;EGFR;ERBB2;ERBB3;ERBB4;ERCC2;AKT1;ERCC3;ALK;MTOR;GNA11;GNAQ;TBK1;JAK1;JAK2;KIT;KRAS;MET;MX2;ATM;NRAS;PDGFRA;PDGFRB;PIK3CA;MAP2K1;MAP2K2;RAC1;RAF1;BLM;BRAF;TP53;CDK10;RECQL4"
"8","GO:0035639",7.28199699434738e-05,2.51932367149758,17.5443037974684,33,231,"purine ribonucleoside triphosphate binding","CDK4;EGFR;ERBB2;ERBB3;ERBB4;ERCC2;AKT1;ERCC3;ALK;MTOR;GNA11;GNAQ;TBK1;JAK1;JAK2;KIT;KRAS;MET;MX2;ATM;NRAS;PDGFRA;PDGFRB;PIK3CA;MAP2K1;MAP2K2;RAC1;RAF1;BLM;BRAF;TP53;CDK10;RECQL4"
"9","GO:0097367",7.48448377053994e-05,2.40154979674797,21.5696202531646,38,284,"carbohydrate derivative binding","CDK4;PIGU;EGFR;ERBB2;ERBB3;ERBB4;ERCC2;AKT1;ERCC3;ALK;MTOR;GNA11;GNAQ;TBK1;JAK1;JAK2;KIT;KRAS;MET;MX2;ATM;NRAS;PDGFRA;PDGFRB;PIK3CA;MAP2K1;MAP2K2;B2M;PTCH1;RAC1;RAF1;BLM;BRAF;TP53;ANXA9;CDK10;RECQL4;CDH1"
"10","GO:0001882",7.9904704915731e-05,2.50426043259777,17.620253164557,33,232,"nucleoside binding","CDK4;EGFR;ERBB2;ERBB3;ERBB4;ERCC2;AKT1;ERCC3;ALK;MTOR;GNA11;GNAQ;TBK1;JAK1;JAK2;KIT;KRAS;MET;MX2;ATM;NRAS;PDGFRA;PDGFRB;PIK3CA;MAP2K1;MAP2K2;RAC1;RAF1;BLM;BRAF;TP53;CDK10;RECQL4"
"11","GO:0032549",7.9904704915731e-05,2.50426043259777,17.620253164557,33,232,"ribonucleoside binding","CDK4;EGFR;ERBB2;ERBB3;ERBB4;ERCC2;AKT1;ERCC3;ALK;MTOR;GNA11;GNAQ;TBK1;JAK1;JAK2;KIT;KRAS;MET;MX2;ATM;NRAS;PDGFRA;PDGFRB;PIK3CA;MAP2K1;MAP2K2;RAC1;RAF1;BLM;BRAF;TP53;CDK10;RECQL4"
"12","GO:0004674",0.000125595125742601,3.71786833855799,5.31645569620253,15,70,"protein serine/threonine kinase activity","CDK4;EGFR;ERCC2;AKT1;ERCC3;ALK;MTOR;TBK1;ATM;PIK3CA;MAP2K1;MAP2K2;RAF1;BRAF;CDK10"
"13","GO:0000405",0.000148238620748224,50.6122448979592,0.379746835443038,4,5,"bubble DNA binding","ERCC5;BLM;XPC;RECQL4"
"14","GO:0048407",0.000148238620748224,50.6122448979592,0.379746835443038,4,5,"platelet-derived growth factor binding","COL1A1;PDGFB;PDGFRA;PDGFRB"
"15","GO:0017076",0.000149902087624504,2.40291262135922,18.1518987341772,33,239,"purine nucleotide binding","CDK4;EGFR;ERBB2;ERBB3;ERBB4;ERCC2;AKT1;ERCC3;ALK;MTOR;GNA11;GNAQ;TBK1;JAK1;JAK2;KIT;KRAS;MET;MX2;ATM;NRAS;PDGFRA;PDGFRB;PIK3CA;MAP2K1;MAP2K2;RAC1;RAF1;BLM;BRAF;TP53;CDK10;RECQL4"
"16","GO:0032555",0.000149902087624504,2.40291262135922,18.1518987341772,33,239,"purine ribonucleotide binding","CDK4;EGFR;ERBB2;ERBB3;ERBB4;ERCC2;AKT1;ERCC3;ALK;MTOR;GNA11;GNAQ;TBK1;JAK1;JAK2;KIT;KRAS;MET;MX2;ATM;NRAS;PDGFRA;PDGFRB;PIK3CA;MAP2K1;MAP2K2;RAC1;RAF1;BLM;BRAF;TP53;CDK10;RECQL4"
"17","GO:0032553",0.000163525706744568,2.38899390884268,18.2278481012658,33,240,"ribonucleotide binding","CDK4;EGFR;ERBB2;ERBB3;ERBB4;ERCC2;AKT1;ERCC3;ALK;MTOR;GNA11;GNAQ;TBK1;JAK1;JAK2;KIT;KRAS;MET;MX2;ATM;NRAS;PDGFRA;PDGFRB;PIK3CA;MAP2K1;MAP2K2;RAC1;RAF1;BLM;BRAF;TP53;CDK10;RECQL4"
"18","GO:0004871",0.000198306560553403,2.54103896103896,13.746835443038,27,181,"signal transducer activity","CTNNB1;EGFR;ERBB2;ERBB3;ERBB4;ALK;GNA11;GNAQ;GPR37;GRIN2A;HLA-DRA;FAS;KIT;MC1R;MET;LEF1;PDGFRA;PDGFRB;MAP2K1;MAP2K2;PTCH1;RAF1;SFRP4;SMO;BRAF;STAT5B;ANXA9"
"19","GO:0036094",0.000212285132078356,2.23685608072225,23.3924050632911,39,308,"small molecule binding","CDK4;PARP1;EGFR;ERBB2;ERBB3;ERBB4;ERCC2;AKT1;ERCC3;ALK;MTOR;GNA11;GNAQ;TBK1;IDH1;JAK1;JAK2;KIT;KRAS;MET;MX2;ATM;NF1;NRAS;PDGFRA;PDGFRB;PIK3CA;POLE;MAP2K1;MAP2K2;PTCH1;RAC1;RAF1;BLM;BRAF;TP53;ANXA9;CDK10;RECQL4"
"20","GO:0004713",0.000250829329236428,4.10940170940171,3.87341772151899,12,51,"protein tyrosine kinase activity","EGFR;ERBB2;ERBB4;ALK;JAK1;JAK2;KIT;MET;PDGFRA;PDGFRB;MAP2K1;MAP2K2"
"21","GO:0047485",0.000308154167908982,6.12765957446809,1.89873417721519,8,25,"protein N-terminus binding","PARP1;ERCC2;ERCC3;ERCC4;ERCC5;ATM;MAP2K1;TP53"
"22","GO:0000166",0.000362701801743543,2.20620842572062,21.4177215189873,36,282,"nucleotide binding","CDK4;PARP1;EGFR;ERBB2;ERBB3;ERBB4;ERCC2;AKT1;ERCC3;ALK;MTOR;GNA11;GNAQ;TBK1;IDH1;JAK1;JAK2;KIT;KRAS;MET;MX2;ATM;NRAS;PDGFRA;PDGFRB;PIK3CA;POLE;MAP2K1;MAP2K2;RAC1;RAF1;BLM;BRAF;TP53;CDK10;RECQL4"
"23","GO:1901265",0.000362701801743543,2.20620842572062,21.4177215189873,36,282,"nucleoside phosphate binding","CDK4;PARP1;EGFR;ERBB2;ERBB3;ERBB4;ERCC2;AKT1;ERCC3;ALK;MTOR;GNA11;GNAQ;TBK1;IDH1;JAK1;JAK2;KIT;KRAS;MET;MX2;ATM;NRAS;PDGFRA;PDGFRB;PIK3CA;POLE;MAP2K1;MAP2K2;RAC1;RAF1;BLM;BRAF;TP53;CDK10;RECQL4"
"24","GO:0005515",0.000396577899209079,3.14453524004086,81.4936708860759,94,1073,"protein binding","CDK4;CDKN2A;STAG2;PTPRT;COL1A1;ALS2CR12;PARP1;CTNNB1;RMDN2;CUX1;DDB2;DOCK3;EGFR;ERBB2;ERBB3;ERBB4;ERCC2;AKT1;ERCC3;ERCC4;ERCC5;EZH2;ALK;MTOR;GNA11;GNAQ;GPR37;GRIN2A;TBK1;CD274;HLA-DRA;UBAC2;IDH1;FAS;IRF4;JAK1;JAK2;KIT;KRAS;KRT5;MC1R;MET;MITF;MTAP;MX2;ATM;NF1;NFKBIE;NOTCH1;NRAS;OCA2;STMN3;LEF1;PDGFB;PDGFRA;PDGFRB;PIK3CA;TET2;CDKAL1;FBXW7;PPP6C;MAP2K1;MAP2K2;B2M;SALL4;PTCH1;PTEN;KMT2C;RAC1;RAF1;CCND1;SERPINB3;BLM;SFRP4;SMO;SOX10;BRAF;BRCA2;STAT5B;TBX3;TERT;TP53;TRPS1;TYR;XPA;XPC;FAT4;TRRAP;BAP1;PLA2G6;ANXA9;CDK10;RECQL4;CDH1"
"25","GO:0004716",0.000418728743908543,25.2857142857143,0.455696202531646,4,6,"receptor signaling protein tyrosine kinase activity","EGFR;ERBB2;ERBB4;KIT"
"26","GO:0005161",0.000418728743908543,25.2857142857143,0.455696202531646,4,6,"platelet-derived growth factor receptor binding","PDGFB;PDGFRA;PDGFRB;PTEN"
"27","GO:0004888",0.000461852524415054,2.87790697674419,7.89873417721519,18,104,"transmembrane signaling receptor activity","EGFR;ERBB2;ERBB3;ERBB4;ALK;GPR37;GRIN2A;HLA-DRA;FAS;KIT;MC1R;MET;PDGFRA;PDGFRB;PTCH1;SFRP4;SMO;ANXA9"
"28","GO:0003824",0.000486427112272269,2.02151040448913,38.7341772151899,55,510,"catalytic activity","CDK4;PTPRT;PIGU;PARP1;DDB2;EGFR;ERBB2;ERBB4;ERCC2;AKT1;ERCC3;ERCC4;ERCC5;EZH2;ALK;MTOR;GNA11;GNAQ;TBK1;IDH1;PADI6;IRF4;JAK1;JAK2;KIT;MET;MTAP;MX2;ATM;PDGFRA;PDGFRB;PIK3CA;POLE;TET2;CDKAL1;PPP6C;MAP2K1;MAP2K2;PTEN;KMT2C;RAC1;RAF1;CCND1;BLM;BRAF;BRCA2;TERT;TGM3;TYR;FTO;TRRAP;BAP1;PLA2G6;CDK10;RECQL4"
"29","GO:0005057",0.000624424050373531,4.70709677419355,2.58227848101266,9,34,"receptor signaling protein activity","EGFR;ERBB2;ERBB4;ALK;KIT;MAP2K1;MAP2K2;RAF1;BRAF"
"30","GO:0030234",0.000655982117736602,2.69978884610607,8.81012658227848,19,116,"enzyme regulator activity","CDK4;CDKN2A;EGFR;ERBB3;AKT1;RGS22;GNAQ;NF1;NOTCH1;LEF1;PDGFB;PIK3CA;FBXW7;MAP2K1;MAP2K2;CCND1;SERPINB3;TP53;PREX2"
"31","GO:0099600",0.000665019138592913,2.77367576243981,8.12658227848101,18,107,"transmembrane receptor activity","EGFR;ERBB2;ERBB3;ERBB4;ALK;GPR37;GRIN2A;HLA-DRA;FAS;KIT;MC1R;MET;PDGFRA;PDGFRB;PTCH1;SFRP4;SMO;ANXA9"
"32","GO:0042802",0.00114314435593992,2.27482195224131,13.6708860759494,25,180,"identical protein binding","COL1A1;PARP1;EGFR;ERBB2;ERBB3;ERBB4;AKT1;ERCC5;ALK;IDH1;FAS;KIT;PDGFB;PDGFRA;FBXW7;B2M;PTEN;RAF1;SOX10;BRAF;TERT;TP53;TYR;XPA;ANXA9"
"33","GO:0038023",0.00125885741473198,2.52918469996491,9.26582278481013,19,122,"signaling receptor activity","EGFR;ERBB2;ERBB3;ERBB4;ALK;GPR37;GRIN2A;HLA-DRA;FAS;KIT;MC1R;MET;LEF1;PDGFRA;PDGFRB;PTCH1;SFRP4;SMO;ANXA9"
"34","GO:0043168",0.00144987698748022,1.99024526198439,23.7721518987342,37,313,"anion binding","CDK4;PIGU;EGFR;ERBB2;ERBB3;ERBB4;ERCC2;AKT1;ERCC3;ALK;MTOR;GNA11;GNAQ;TBK1;JAK1;JAK2;KIT;KRAS;MET;MX2;ATM;NF1;NRAS;PDGFRA;PDGFRB;PIK3CA;MAP2K1;MAP2K2;PTCH1;RAC1;RAF1;BLM;BRAF;TP53;ANXA9;CDK10;RECQL4"
"35","GO:0004714",0.00152843165164909,4.50693802035153,2.35443037974684,8,31,"transmembrane receptor protein tyrosine kinase activity","EGFR;ERBB2;ERBB4;ALK;KIT;MET;PDGFRA;PDGFRB"
"36","GO:0043138",0.00161052461989371,37.5757575757576,0.30379746835443,3,4,"3'-5' DNA helicase activity","ERCC3;BLM;RECQL4"
"37","GO:0005524",0.00161992862454171,2.14988764044944,15.5696202531646,27,205,"ATP binding","CDK4;EGFR;ERBB2;ERBB3;ERBB4;ERCC2;AKT1;ERCC3;ALK;MTOR;TBK1;JAK1;JAK2;KIT;MET;ATM;PDGFRA;PDGFRB;PIK3CA;MAP2K1;MAP2K2;RAF1;BLM;BRAF;TP53;CDK10;RECQL4"
"38","GO:0019903",0.00191124383853805,4.31560283687943,2.43037974683544,8,32,"protein phosphatase binding","CTNNB1;EGFR;ERBB2;AKT1;JAK1;MET;STAT5B;TP53"
"39","GO:0004872",0.00215403132440505,2.29423868312757,11.1645569620253,21,147,"receptor activity","EGFR;ERBB2;ERBB3;ERBB4;ALK;GPR37;GRIN2A;HLA-DRA;FAS;KIT;MC1R;MET;NOTCH1;LEF1;PDGFRA;PDGFRB;PTCH1;SERPINB3;SFRP4;SMO;ANXA9"
"40","GO:0060089",0.00215403132440505,2.29423868312757,11.1645569620253,21,147,"molecular transducer activity","EGFR;ERBB2;ERBB3;ERBB4;ALK;GPR37;GRIN2A;HLA-DRA;FAS;KIT;MC1R;MET;NOTCH1;LEF1;PDGFRA;PDGFRB;PTCH1;SERPINB3;SFRP4;SMO;ANXA9"
"41","GO:0003684",0.00267430058688645,5.47767857142857,1.51898734177215,6,20,"damaged DNA binding","DDB2;ERCC3;ERCC4;TP53;XPA;XPC"
"42","GO:0043167",0.00282668958161271,1.81248367720031,46.1012658227848,60,607,"ion binding","CDK4;COL1A1;PIGU;PARP1;EGFR;ERBB2;ERBB3;ERBB4;ERCC2;AKT1;ERCC3;ERCC5;ALK;MTOR;GNA11;GNAQ;GRIN2A;TBK1;IDH1;EYS;PADI6;JAK1;JAK2;KIT;KRAS;MET;MX2;ATM;NF1;NOTCH1;NRAS;PDGFRA;PDGFRB;PIK3CA;POLE;TET2;CDKAL1;PPP6C;MAP2K1;MAP2K2;SALL4;PTCH1;PTEN;KMT2C;RAC1;RAF1;BLM;BRAF;TERT;TGM3;TP53;TRPS1;TYR;XPA;FTO;FAT4;ANXA9;CDK10;RECQL4;CDH1"
"43","GO:0030554",0.0029379254755898,2.04193548387097,16.1772151898734,27,213,"adenyl nucleotide binding","CDK4;EGFR;ERBB2;ERBB3;ERBB4;ERCC2;AKT1;ERCC3;ALK;MTOR;TBK1;JAK1;JAK2;KIT;MET;ATM;PDGFRA;PDGFRB;PIK3CA;MAP2K1;MAP2K2;RAF1;BLM;BRAF;TP53;CDK10;RECQL4"
"44","GO:0032559",0.0029379254755898,2.04193548387097,16.1772151898734,27,213,"adenyl ribonucleotide binding","CDK4;EGFR;ERBB2;ERBB3;ERBB4;ERCC2;AKT1;ERCC3;ALK;MTOR;TBK1;JAK1;JAK2;KIT;MET;ATM;PDGFRA;PDGFRB;PIK3CA;MAP2K1;MAP2K2;RAF1;BLM;BRAF;TP53;CDK10;RECQL4"
"45","GO:0019199",0.00425510069562868,3.68693009118541,2.73417721518987,8,36,"transmembrane receptor protein kinase activity","EGFR;ERBB2;ERBB4;ALK;KIT;MET;PDGFRA;PDGFRB"
"46","GO:0005017",0.00571601048878492,Inf,0.151898734177215,2,2,"platelet-derived growth factor-activated receptor activity","PDGFRA;PDGFRB"
"47","GO:0005113",0.00571601048878492,Inf,0.151898734177215,2,2,"patched binding","PTCH1;SMO"
"48","GO:0005131",0.00571601048878492,Inf,0.151898734177215,2,2,"growth hormone receptor binding","JAK1;JAK2"
"49","GO:0031821",0.00571601048878492,Inf,0.151898734177215,2,2,"G-protein coupled serotonin receptor binding","GNA11;GNAQ"
"50","GO:0031826",0.00571601048878492,Inf,0.151898734177215,2,2,"type 2A serotonin receptor binding","GNA11;GNAQ"
"51","GO:0045294",0.00571601048878492,Inf,0.151898734177215,2,2,"alpha-catenin binding","PTPRT;CTNNB1"
"52","GO:0055103",0.00571601048878492,Inf,0.151898734177215,2,2,"ligase regulator activity","CDKN2A;FBXW7"
"53","GO:0055106",0.00571601048878492,Inf,0.151898734177215,2,2,"ubiquitin-protein transferase regulator activity","CDKN2A;FBXW7"
"54","GO:0005525",0.00681526943268397,3.73640350877193,2.35443037974684,7,31,"GTP binding","ERCC3;GNA11;GNAQ;KRAS;MX2;NRAS;RAC1"
"55","GO:0030332",0.00718917849331534,12.5050505050505,0.455696202531646,3,6,"cyclin binding","CDK4;FBXW7;PTCH1"
"56","GO:0008022",0.00818839659904484,3.584,2.43037974683544,7,32,"protein C-terminus binding","CTNNB1;ERBB2;ERCC2;ERCC3;ERCC4;JAK2;MAP2K1"
"57","GO:0019001",0.00818839659904484,3.584,2.43037974683544,7,32,"guanyl nucleotide binding","ERCC3;GNA11;GNAQ;KRAS;MX2;NRAS;RAC1"
"58","GO:0032561",0.00818839659904484,3.584,2.43037974683544,7,32,"guanyl ribonucleotide binding","ERCC3;GNA11;GNAQ;KRAS;MX2;NRAS;RAC1"
"59","GO:0002020",0.00884212983989026,4.86915146708961,1.36708860759494,5,18,"protease binding","FAS;KIT;SERPINB3;BRCA2;TP53"
"60","GO:0019838",0.00893565438570346,4.01973684210526,1.89873417721519,6,25,"growth factor binding","COL1A1;ERBB2;ERBB3;PDGFB;PDGFRA;PDGFRB"
"61","GO:0004003",0.00965456756022828,6.29081632653061,0.911392405063291,4,12,"ATP-dependent DNA helicase activity","ERCC2;ERCC3;BLM;RECQL4"
"62","GO:0019887",0.00975593530400972,3.44331983805668,2.50632911392405,7,33,"protein kinase regulator activity","CDK4;CDKN2A;ERBB3;PIK3CA;MAP2K1;MAP2K2;CCND1"
"63","GO:0019902",0.00975980211966756,3.11540941328175,3.11392405063291,8,41,"phosphatase binding","CTNNB1;EGFR;ERBB2;AKT1;JAK1;MET;STAT5B;TP53"
