"","GOCCID","Pvalue","OddsRatio","ExpCount","Count","Size","Term","Symbols"
"1","GO:0005634",1.14992879684601e-05,2.74360613810742,50.3246753246753,70,750,"nucleus","CDK4;CDK6;NCOA2;CREB1;CTNNB1;DDIT3;EBF1;EDNRA;AKT1;ETV6;EWSR1;FGFR1;FGFR4;FOXO1;CIC;FLT4;CAMTA1;DICER1;MTOR;FUS;WWTR1;SS18L1;GLI1;GNAS;HIF1A;APC;HRAS;JUN;KDR;LPP;LRP1;MDM2;FOXO4;MYOD1;ATF1;NAB2;NBN;NF2;NFIB;PAX3;PAX7;PDGFRA;PLAG1;PLCG1;POU5F1;CCNB1IP1;RAD23B;RAD51B;RANBP2;RB1;CREB3L2;SMARCB1;BRAF;SSX1;SSX2;SSX4;SS18;STAT6;BUB1B;TFE3;TP53;TSC1;TSC2;VHL;WT1;ASPSCR1;HMGA2;NCOA1;CREB3L1;HDAC9"
"2","GO:0044428",0.000175472870860476,2.2158348575908,33.2142857142857,50,495,"nuclear part","CDK4;CDK6;NCOA2;CREB1;CTNNB1;DDIT3;EDNRA;AKT1;ETV6;EWSR1;FGFR4;FOXO1;DICER1;MTOR;FUS;WWTR1;SS18L1;GLI1;HIF1A;APC;JUN;LRP1;MDM2;FOXO4;MYOD1;ATF1;NBN;NF2;NFIB;PAX3;PLCG1;POU5F1;CCNB1IP1;RAD23B;RAD51B;RANBP2;RB1;CREB3L2;SMARCB1;SS18;STAT6;BUB1B;TFE3;TP53;VHL;WT1;ASPSCR1;HMGA2;NCOA1;HDAC9"
"3","GO:0043231",0.000243562214197194,2.79896061269147,66.7640692640693,81,995,"intracellular membrane-bounded organelle","CDK4;CDK6;NCOA2;FRS2;CREB1;CTNNB1;DAB2IP;DDIT3;EBF1;EDNRA;AKT1;ETV6;EWSR1;ALDH2;FGFR1;FGFR4;FOXO1;CIC;FLT4;CAMTA1;DICER1;MTOR;FUS;WWTR1;SS18L1;GLI1;GNAS;HIF1A;APC;HRAS;IGF1R;JUN;KDR;KIT;KRAS;LDLR;LPP;LRP1;MDM2;FOXO4;MYOD1;ATF1;NAB2;NBN;NF2;NFIB;PAX3;PAX7;BET1L;PDGFRA;PLAG1;PLCG1;POU5F1;ACKR3;CCNB1IP1;RAD23B;RAD51B;RANBP2;RB1;SDHA;CREB3L2;SMARCB1;BRAF;SSX1;SSX2;SSX4;SS18;STAT6;BUB1B;TFE3;TP53;TSC1;TSC2;VHL;WT1;ASPSCR1;HMGA2;NCOA1;STARD13;CREB3L1;HDAC9"
"4","GO:0005667",0.000548933805599057,3.46012931034483,4.76406926406926,13,71,"transcription factor complex","CDK4;CREB1;CTNNB1;DDIT3;WWTR1;HIF1A;JUN;MYOD1;ATF1;POU5F1;RB1;TP53;HDAC9"
"5","GO:0043234",0.000930151408177888,2.00832668528121,32.4090909090909,47,483,"protein complex","CDK4;CDK6;CREB1;CTNNB1;DAB2IP;DCTN1;DDIT3;FGFR1;FLT4;DICER1;ALK;MTOR;WWTR1;SS18L1;GNAS;HIF1A;APC;IGF1R;JUN;LDLR;LRP1;MDM2;MYOD1;ATF1;NBN;NF2;NTRK3;BET1L;PDGFRA;PLCG1;POU5F1;PTPRB;RAD23B;RAD51B;RANBP2;RB1;RP1;SDHA;SMARCB1;SS18;BUB1B;TP53;TSC1;TSC2;VHL;HMGA2;HDAC9"
"6","GO:0031981",0.00118855987831865,1.98343373493976,30.8658008658009,45,460,"nuclear lumen","CDK4;CDK6;NCOA2;CREB1;CTNNB1;DDIT3;AKT1;ETV6;EWSR1;FGFR4;FOXO1;MTOR;FUS;WWTR1;SS18L1;GLI1;HIF1A;APC;JUN;LRP1;MDM2;FOXO4;MYOD1;ATF1;NBN;NF2;NFIB;PAX3;POU5F1;CCNB1IP1;RAD23B;RAD51B;RB1;CREB3L2;SMARCB1;STAT6;BUB1B;TFE3;TP53;VHL;WT1;ASPSCR1;HMGA2;NCOA1;HDAC9"
"7","GO:0043227",0.0013384641765029,2.73466666666667,72.7359307359307,84,1084,"membrane-bounded organelle","CDK4;CDK6;NCOA2;FRS2;CREB1;CTNNB1;DAB2IP;DDIT3;EBF1;EDNRA;AKT1;ETV6;EWSR1;ALDH2;FBN1;FGFR1;FGFR4;FOXO1;CIC;FLT4;CAMTA1;DICER1;ALK;MTOR;FUS;WWTR1;SS18L1;GLI1;GNAS;HIF1A;APC;HRAS;IGF1R;JUN;KDR;KIT;KRAS;LDLR;LPP;LRP1;MDM2;FOXO4;MYOD1;ATF1;NAB2;NBN;NF2;NFIB;PAX3;PAX7;BET1L;PDGFRA;PLAG1;PLCG1;POU5F1;ACKR3;CCNB1IP1;PTPRD;RAD23B;RAD51B;RANBP2;RB1;SDHA;CREB3L2;SMARCB1;BRAF;SSX1;SSX2;SSX4;SS18;STAT6;BUB1B;TFE3;TP53;TSC1;TSC2;VHL;WT1;ASPSCR1;HMGA2;NCOA1;STARD13;CREB3L1;HDAC9"
"8","GO:0032991",0.00153009324498601,1.93718532725965,35.8982683982684,50,535,"macromolecular complex","CDK4;CDK6;CREB1;CTNNB1;DAB2IP;DCTN1;DDIT3;FGFR1;FLT4;DICER1;ALK;MTOR;FUS;WWTR1;SS18L1;GNAS;HIF1A;APC;IGF1R;JUN;LDLR;LRP1;MDM2;MYOD1;ATF1;NBN;NF2;NTRK3;BET1L;PDGFRA;PLCG1;POU5F1;PTPRB;RAD23B;RAD51B;RANBP2;RB1;RP1;SDHA;SMARCB1;SS18;STAT6;BUB1B;TP53;TSC1;TSC2;VHL;HMGA2;NCOA1;HDAC9"
"9","GO:0043229",0.00158346702747853,2.59532994923858,71.6623376623377,83,1068,"intracellular organelle","CDK4;CDK6;NCOA2;FRS2;CREB1;CTNNB1;DAB2IP;DCTN1;DDIT3;EBF1;EDNRA;AKT1;ETV6;EWSR1;ALDH2;FGFR1;FGFR4;FOXO1;CIC;FLT4;CAMTA1;DICER1;MTOR;FUS;WWTR1;SS18L1;GLI1;GNAS;HIF1A;APC;HRAS;IGF1R;JUN;KDR;KIT;KRAS;LDLR;LPP;LRP1;MDM2;FOXO4;MYOD1;ATF1;NAB2;NBN;NF2;NFIB;PAX3;PAX7;BET1L;PDGFRA;PLAG1;PLCG1;POU5F1;ACKR3;CCNB1IP1;RAD23B;RAD51B;RANBP2;RB1;RP1;SDHA;CREB3L2;SMARCB1;BRAF;SSX1;SSX2;SSX4;SS18;STAT6;BUB1B;TFE3;TP53;TSC1;TSC2;VHL;WT1;ASPSCR1;HMGA2;NCOA1;STARD13;CREB3L1;HDAC9"
"10","GO:0090575",0.00225148914570994,4.70243128964059,1.94588744588745,7,29,"RNA polymerase II transcription factor complex","CREB1;CTNNB1;DDIT3;HIF1A;ATF1;RB1;TP53"
"11","GO:0044427",0.00296017806621073,2.36773109243697,9.19264069264069,18,137,"chromosomal part","CDK4;CREB1;CTNNB1;DCTN1;SS18L1;APC;JUN;MYOD1;NBN;CCNB1IP1;RAD51B;RB1;SMARCB1;STAT6;BUB1B;TP53;HMGA2;NCOA1"
"12","GO:0070013",0.00406434986154334,1.814851345639,33.482683982684,46,499,"intracellular organelle lumen","CDK4;CDK6;NCOA2;CREB1;CTNNB1;DDIT3;AKT1;ETV6;EWSR1;ALDH2;FGFR4;FOXO1;MTOR;FUS;WWTR1;SS18L1;GLI1;HIF1A;APC;JUN;LRP1;MDM2;FOXO4;MYOD1;ATF1;NBN;NF2;NFIB;PAX3;POU5F1;CCNB1IP1;RAD23B;RAD51B;RB1;CREB3L2;SMARCB1;STAT6;BUB1B;TFE3;TP53;VHL;WT1;ASPSCR1;HMGA2;NCOA1;HDAC9"
"13","GO:0090544",0.00435460868793419,8.25682182985554,0.738095238095238,4,11,"BAF-type complex","SS18L1;RB1;SMARCB1;SS18"
"14","GO:0033596",0.00445715535968244,Inf,0.134199134199134,2,2,"TSC1-TSC2 complex","TSC1;TSC2"
"15","GO:0044300",0.00445715535968244,Inf,0.134199134199134,2,2,"cerebellar mossy fiber","DAB2IP;NFIB"
"16","GO:1990909",0.00445715535968244,Inf,0.134199134199134,2,2,"Wnt signalosome","CTNNB1;APC"
"17","GO:0043226",0.00454286632283462,2.68641443382254,76.9632034632035,86,1147,"organelle","CDK4;CDK6;NCOA2;FRS2;CREB1;CTNNB1;DAB2IP;DCTN1;DDIT3;EBF1;EDNRA;AKT1;ETV6;EWSR1;ALDH2;FBN1;FGFR1;FGFR4;FOXO1;CIC;FLT4;CAMTA1;DICER1;ALK;MTOR;FUS;WWTR1;SS18L1;GLI1;GNAS;HIF1A;APC;HRAS;IGF1R;JUN;KDR;KIT;KRAS;LDLR;LPP;LRP1;MDM2;FOXO4;MYOD1;ATF1;NAB2;NBN;NF2;NFIB;PAX3;PAX7;BET1L;PDGFRA;PLAG1;PLCG1;POU5F1;ACKR3;CCNB1IP1;PTPRD;RAD23B;RAD51B;RANBP2;RB1;RP1;SDHA;CREB3L2;SMARCB1;BRAF;SSX1;SSX2;SSX4;SS18;STAT6;BUB1B;TFE3;TP53;TSC1;TSC2;VHL;WT1;ASPSCR1;HMGA2;NCOA1;STARD13;CREB3L1;HDAC9"
"18","GO:0044798",0.0049348250675618,3.96645796064401,2.21428571428571,7,33,"nuclear transcription factor complex","CREB1;CTNNB1;DDIT3;HIF1A;ATF1;RB1;TP53"
"19","GO:0043233",0.00531796074702112,1.77833402864692,33.8852813852814,46,505,"organelle lumen","CDK4;CDK6;NCOA2;CREB1;CTNNB1;DDIT3;AKT1;ETV6;EWSR1;ALDH2;FGFR4;FOXO1;MTOR;FUS;WWTR1;SS18L1;GLI1;HIF1A;APC;JUN;LRP1;MDM2;FOXO4;MYOD1;ATF1;NBN;NF2;NFIB;PAX3;POU5F1;CCNB1IP1;RAD23B;RAD51B;RB1;CREB3L2;SMARCB1;STAT6;BUB1B;TFE3;TP53;VHL;WT1;ASPSCR1;HMGA2;NCOA1;HDAC9"
"20","GO:0031974",0.00580508349783753,1.76637282503346,34.0194805194805,46,507,"membrane-enclosed lumen","CDK4;CDK6;NCOA2;CREB1;CTNNB1;DDIT3;AKT1;ETV6;EWSR1;ALDH2;FGFR4;FOXO1;MTOR;FUS;WWTR1;SS18L1;GLI1;HIF1A;APC;JUN;LRP1;MDM2;FOXO4;MYOD1;ATF1;NBN;NF2;NFIB;PAX3;POU5F1;CCNB1IP1;RAD23B;RAD51B;RB1;CREB3L2;SMARCB1;STAT6;BUB1B;TFE3;TP53;VHL;WT1;ASPSCR1;HMGA2;NCOA1;HDAC9"
"21","GO:0043005",0.00623850524616303,2.27994227994228,8.32034632034632,16,124,"neuron projection","NCOA2;CREB1;CTNNB1;DAB2IP;DICER1;MTOR;FUS;GNAS;HIF1A;APC;LRP1;NF2;NFIB;BRAF;TSC1;NCOA1"
"22","GO:0005654",0.00719065695117604,1.77009767092412,26.9069264069264,38,401,"nucleoplasm","CDK4;CDK6;NCOA2;CREB1;CTNNB1;DDIT3;AKT1;FGFR4;FOXO1;MTOR;FUS;WWTR1;SS18L1;GLI1;HIF1A;APC;JUN;MDM2;FOXO4;MYOD1;ATF1;NBN;PAX3;POU5F1;RAD23B;RAD51B;RB1;CREB3L2;SMARCB1;STAT6;TFE3;TP53;VHL;WT1;ASPSCR1;HMGA2;NCOA1;HDAC9"
"23","GO:0005694",0.00750822722938299,2.12885496183206,9.9978354978355,18,149,"chromosome","CDK4;CREB1;CTNNB1;DCTN1;SS18L1;APC;JUN;MYOD1;NBN;CCNB1IP1;RAD51B;RB1;SMARCB1;STAT6;BUB1B;TP53;HMGA2;NCOA1"
"24","GO:0005719",0.00840410088308297,10.7416666666667,0.46969696969697,3,7,"nuclear euchromatin","CREB1;CTNNB1;JUN"
"25","GO:0048471",0.00923497697945276,2.36897590361446,6.44155844155844,13,96,"perinuclear region of cytoplasm","CDK4;CTNNB1;FUS;GNAS;HRAS;NF2;ACKR3;RANBP2;ROS1;BUB1B;TSC1;TSC2;ASPSCR1"
