"","GOMFID","Pvalue","OddsRatio","ExpCount","Count","Size","Term","Symbols"
"1","GO:0035497",7.3076262510127e-06,72.7325581395349,0.406552494415488,5,6,"cAMP response element binding","CREB1;JUN;CREB3L2;HMGA2;CREB3L1"
"2","GO:0000989",1.08780774171424e-05,3.65368421052632,7.86001489203276,21,116,"transcription factor activity, transcription factor binding","NCOA2;CREB1;CTNNB1;DDIT3;FOXO1;FUS;WWTR1;HIF1A;JUN;MYOD1;NAB2;NFIB;RB1;SMARCB1;SSX1;SSX2;SSX4;SS18;HMGA2;NCOA1;HDAC9"
"3","GO:0000988",1.44495992995382e-05,3.57216494845361,7.99553239017126,21,118,"transcription factor activity, protein binding","NCOA2;CREB1;CTNNB1;DDIT3;FOXO1;FUS;WWTR1;HIF1A;JUN;MYOD1;NAB2;NFIB;RB1;SMARCB1;SSX1;SSX2;SSX4;SS18;HMGA2;NCOA1;HDAC9"
"4","GO:0004714",1.69579539626762e-05,7.23691945914168,2.10052122114669,10,31,"transmembrane receptor protein tyrosine kinase activity","FGFR1;FGFR4;FLT4;ALK;IGF1R;KDR;KIT;NTRK3;PDGFRA;ROS1"
"5","GO:0001077",1.76583896780916e-05,4.55465587044534,4.53983618763961,15,67,"transcriptional activator activity, RNA polymerase II core promoter proximal region sequence-specific binding","CREB1;DDIT3;EBF1;ETV6;CAMTA1;HIF1A;JUN;NFIB;PLAG1;CREB3L2;TFE3;TP53;WT1;HMGA2;CREB3L1"
"6","GO:0000981",3.01362643781821e-05,3.1906862745098,9.68950111690246,23,143,"RNA polymerase II transcription factor activity, sequence-specific DNA binding","CREB1;DDIT3;EBF1;ETV6;FOXO1;CAMTA1;GLI1;HIF1A;JUN;FOXO4;MYOD1;ATF1;NFIB;PAX3;PAX7;PLAG1;POU5F1;CREB3L2;TFE3;TP53;WT1;HMGA2;CREB3L1"
"7","GO:0008134",3.68865479073021e-05,3.31153846153846,8.46984363365599,21,125,"transcription factor binding","NCOA2;CREB1;CTNNB1;DDIT3;FOXO1;MTOR;FUS;HIF1A;JUN;FOXO4;MYOD1;NAB2;NBN;POU5F1;RB1;SMARCB1;TP53;VHL;HMGA2;NCOA1;HDAC9"
"8","GO:0000982",4.1058121860489e-05,3.96,5.42069992553984,16,80,"transcription factor activity, RNA polymerase II core promoter proximal region sequence-specific binding","CREB1;DDIT3;EBF1;ETV6;FOXO1;CAMTA1;HIF1A;JUN;NFIB;PLAG1;CREB3L2;TFE3;TP53;WT1;HMGA2;CREB3L1"
"9","GO:1901363",4.28894956799999e-05,2.48445378151261,44.5852568875652,63,658,"heterocyclic compound binding","LHFP;CDK4;CDK6;NCOA2;CREB1;CTNNB1;DDIT3;EBF1;AKT1;ETV6;EWSR1;FGFR1;FGFR4;FOXO1;CIC;FLT4;CAMTA1;DICER1;ALK;MTOR;FUS;GLI1;GNAS;HIF1A;HRAS;IGF1R;JUN;KDR;KIT;KRAS;LRP1;FOXO4;MYOD1;ATF1;NBN;NFIB;NTRK3;PAX3;PAX7;PDGFRA;PLAG1;POU5F1;RAD23B;RAD51B;RANBP2;RB1;ROS1;SDHA;CREB3L2;SMARCB1;BOLL;BRAF;SSX1;SSX2;SSX4;STAT6;BUB1B;TFE3;TP53;WT1;HMGA2;NCOA1;CREB3L1"
"10","GO:0097159",5.79592545485715e-05,2.445,44.9240506329114,63,663,"organic cyclic compound binding","LHFP;CDK4;CDK6;NCOA2;CREB1;CTNNB1;DDIT3;EBF1;AKT1;ETV6;EWSR1;FGFR1;FGFR4;FOXO1;CIC;FLT4;CAMTA1;DICER1;ALK;MTOR;FUS;GLI1;GNAS;HIF1A;HRAS;IGF1R;JUN;KDR;KIT;KRAS;LRP1;FOXO4;MYOD1;ATF1;NBN;NFIB;NTRK3;PAX3;PAX7;PDGFRA;PLAG1;POU5F1;RAD23B;RAD51B;RANBP2;RB1;ROS1;SDHA;CREB3L2;SMARCB1;BOLL;BRAF;SSX1;SSX2;SSX4;STAT6;BUB1B;TFE3;TP53;WT1;HMGA2;NCOA1;CREB3L1"
"11","GO:0019199",7.30831533510652e-05,5.82146248812916,2.43931496649293,10,36,"transmembrane receptor protein kinase activity","FGFR1;FGFR4;FLT4;ALK;IGF1R;KDR;KIT;NTRK3;PDGFRA;ROS1"
"12","GO:0001228",7.80206984028087e-05,3.5547652916074,6.30156366344006,17,93,"transcriptional activator activity, RNA polymerase II transcription regulatory region sequence-specific binding","CREB1;DDIT3;EBF1;ETV6;CAMTA1;HIF1A;JUN;MYOD1;ATF1;NFIB;PLAG1;CREB3L2;TFE3;TP53;WT1;HMGA2;CREB3L1"
"13","GO:0003712",8.6952629607434e-05,3.3853344077357,6.97915115413254,18,103,"transcription cofactor activity","NCOA2;CREB1;CTNNB1;DDIT3;FUS;WWTR1;JUN;MYOD1;NAB2;NFIB;RB1;SMARCB1;SSX1;SSX2;SSX4;SS18;NCOA1;HDAC9"
"14","GO:0043565",0.000116424657769033,2.66694078947368,13.4162323157111,27,198,"sequence-specific DNA binding","NCOA2;CREB1;DDIT3;EBF1;ETV6;FOXO1;CAMTA1;MTOR;GLI1;HIF1A;JUN;FOXO4;MYOD1;ATF1;NFIB;PAX3;PAX7;PLAG1;POU5F1;CREB3L2;SMARCB1;STAT6;TFE3;TP53;WT1;HMGA2;CREB3L1"
"15","GO:0044212",0.000241193407065177,2.65170790343584,11.7222635889799,24,173,"transcription regulatory region DNA binding","NCOA2;CREB1;CTNNB1;DDIT3;EBF1;ETV6;MTOR;GLI1;JUN;MYOD1;ATF1;NFIB;PLAG1;POU5F1;RB1;CREB3L2;SMARCB1;STAT6;TFE3;TP53;WT1;HMGA2;NCOA1;CREB3L1"
"16","GO:0001071",0.000241620896303525,2.56331360946746,13.2129560685034,26,195,"nucleic acid binding transcription factor activity","CREB1;CTNNB1;DDIT3;EBF1;ETV6;FOXO1;CAMTA1;GLI1;HIF1A;JUN;FOXO4;MYOD1;ATF1;NFIB;PAX3;PAX7;PLAG1;POU5F1;RB1;CREB3L2;STAT6;TFE3;TP53;WT1;HMGA2;CREB3L1"
"17","GO:0003700",0.000241620896303525,2.56331360946746,13.2129560685034,26,195,"transcription factor activity, sequence-specific DNA binding","CREB1;CTNNB1;DDIT3;EBF1;ETV6;FOXO1;CAMTA1;GLI1;HIF1A;JUN;FOXO4;MYOD1;ATF1;NFIB;PAX3;PAX7;PLAG1;POU5F1;RB1;CREB3L2;STAT6;TFE3;TP53;WT1;HMGA2;CREB3L1"
"18","GO:0000975",0.000264810280001204,2.63164179104478,11.7900223380491,24,174,"regulatory region DNA binding","NCOA2;CREB1;CTNNB1;DDIT3;EBF1;ETV6;MTOR;GLI1;JUN;MYOD1;ATF1;NFIB;PLAG1;POU5F1;RB1;CREB3L2;SMARCB1;STAT6;TFE3;TP53;WT1;HMGA2;NCOA1;CREB3L1"
"19","GO:0001067",0.000264810280001204,2.63164179104478,11.7900223380491,24,174,"regulatory region nucleic acid binding","NCOA2;CREB1;CTNNB1;DDIT3;EBF1;ETV6;MTOR;GLI1;JUN;MYOD1;ATF1;NFIB;PLAG1;POU5F1;RB1;CREB3L2;SMARCB1;STAT6;TFE3;TP53;WT1;HMGA2;NCOA1;CREB3L1"
"20","GO:0035254",0.000267030789127385,28.735632183908,0.406552494415488,4,6,"glutamate receptor binding","CTNNB1;FUS;GNAS;PLCG1"
"21","GO:0032403",0.000276263545338289,2.72839915919903,10.3670886075949,22,153,"protein complex binding","CDK4;NCOA2;FRS2;CTNNB1;DAB2IP;FBN1;FGFR1;GLI1;GNAS;HIF1A;APC;IGF1R;KDR;KRAS;LRP1;ATF1;NF2;RANBP2;RP1;SMARCB1;HMGA2;NCOA1"
"22","GO:0044877",0.000755797272773129,2.21272855133615,18.1593447505584,31,268,"macromolecular complex binding","CDK4;NCOA2;FRS2;CTNNB1;DAB2IP;FBN1;FGFR1;FOXO1;CIC;MTOR;GLI1;GNAS;HIF1A;APC;IGF1R;JUN;KDR;KRAS;LDLR;LRP1;MYOD1;ATF1;NF2;PAX3;RANBP2;RP1;SMARCB1;TP53;HMGA2;NCOA1;CREB3L1"
"23","GO:0019903",0.000890511620283094,4.93172690763052,2.16827997021593,8,32,"protein phosphatase binding","CTNNB1;DAB2IP;AKT1;FOXO1;FLT4;ROS1;STAT6;TP53"
"24","GO:0019838",0.000915504339931606,5.71296296296296,1.6939687267312,7,25,"growth factor binding","FGFR1;FGFR4;FLT4;IGF1R;KDR;NTRK3;PDGFRA"
"25","GO:0051721",0.00112048473469536,14.3448275862069,0.542069992553984,4,8,"protein phosphatase 2A binding","DAB2IP;AKT1;FOXO1;TP53"
"26","GO:0035255",0.00114694138335703,42.6477272727273,0.271034996276992,3,4,"ionotropic glutamate receptor binding","CTNNB1;FUS;GNAS"
"27","GO:0019902",0.00116500193782528,4.1844512195122,2.77810871183917,9,41,"phosphatase binding","CTNNB1;DAB2IP;AKT1;FOXO1;FLT4;ROS1;STAT6;TP53;TSC2"
"28","GO:0004672",0.00139291514423854,2.64648648648649,7.92777364110201,17,117,"protein kinase activity","CDK4;CDK6;AKT1;FGFR1;FGFR4;FLT4;ALK;MTOR;IGF1R;KDR;KIT;NTRK3;PDGFRA;ROS1;BRAF;BUB1B;HMGA2"
"29","GO:0003690",0.00153090851396335,2.38285714285714,10.9091586001489,21,161,"double-stranded DNA binding","NCOA2;CREB1;CTNNB1;DDIT3;EBF1;ETV6;MTOR;GLI1;JUN;MYOD1;ATF1;NFIB;PLAG1;POU5F1;RAD51B;CREB3L2;SMARCB1;STAT6;TFE3;TP53;HMGA2"
"30","GO:0004713",0.00156183564344438,3.64649202047576,3.45569620253165,10,51,"protein tyrosine kinase activity","FGFR1;FGFR4;FLT4;ALK;IGF1R;KDR;KIT;NTRK3;PDGFRA;ROS1"
"31","GO:0003677",0.00184072577125765,1.98725049036576,24.2576321667908,37,358,"DNA binding","LHFP;NCOA2;CREB1;CTNNB1;DDIT3;EBF1;ETV6;FOXO1;CIC;CAMTA1;DICER1;MTOR;FUS;GLI1;HIF1A;JUN;FOXO4;MYOD1;ATF1;NBN;NFIB;PAX3;PAX7;PLAG1;POU5F1;RAD23B;RAD51B;RB1;CREB3L2;SMARCB1;STAT6;TFE3;TP53;WT1;HMGA2;NCOA1;CREB3L1"
"32","GO:0003705",0.00190533829374211,4.88492063492064,1.89724497393894,7,28,"transcription factor activity, RNA polymerase II distal enhancer sequence-specific binding","CREB1;GLI1;HIF1A;JUN;MYOD1;ATF1;PAX3"
"33","GO:1990837",0.00197051724054175,2.42219963866305,9.62174236783321,19,142,"sequence-specific double-stranded DNA binding","NCOA2;CREB1;DDIT3;EBF1;ETV6;MTOR;GLI1;JUN;MYOD1;ATF1;NFIB;PLAG1;POU5F1;CREB3L2;SMARCB1;STAT6;TFE3;TP53;HMGA2"
"34","GO:0003676",0.00209138365155351,1.92257394914375,30.7624720774386,44,454,"nucleic acid binding","LHFP;NCOA2;CREB1;CTNNB1;DDIT3;EBF1;ETV6;EWSR1;FOXO1;CIC;CAMTA1;DICER1;MTOR;FUS;GLI1;HIF1A;JUN;LRP1;FOXO4;MYOD1;ATF1;NBN;NFIB;PAX3;PAX7;PLAG1;POU5F1;RAD23B;RAD51B;RANBP2;RB1;CREB3L2;SMARCB1;BOLL;SSX1;SSX2;SSX4;STAT6;TFE3;TP53;WT1;HMGA2;NCOA1;CREB3L1"
"35","GO:0005515",0.00217862917998993,2.74570707070707,72.7051377513031,83,1073,"protein binding","CDK4;CDK6;NCOA2;FRS2;CREB1;CTNNB1;DAB2IP;DCTN1;DDIT3;EBF1;EDNRA;AKT1;ETV6;EWSR1;FBN1;FGFR1;FGFR4;FOXO1;CIC;FLT4;DICER1;ALK;MTOR;FUS;WWTR1;SS18L1;GLI1;GNAS;HIF1A;APC;HRAS;IGF1R;JUN;KDR;KIT;KRAS;LDLR;LPP;LRP1;MDM2;FOXO4;MYOD1;ATF1;NAB2;NBN;NF2;NTRK3;PAX3;BET1L;PDGFRA;PLCG1;POU5F1;ACKR3;CCNB1IP1;PTPRB;PTPRD;RAD23B;RAD51B;RANBP2;RB1;ROS1;RP1;SDHA;SMARCB1;BOLL;BRAF;SSX1;SSX2;SS18;STAT6;BUB1B;TFE3;TP53;TSC1;TSC2;VHL;WT1;ASPSCR1;HMGA2;NCOA1;STARD13;CREB3L1;HDAC9"
"36","GO:0005021",0.00272653043757788,21.3068181818182,0.33879374534624,3,5,"vascular endothelial growth factor-activated receptor activity","FLT4;KDR;PDGFRA"
"37","GO:0071889",0.00272653043757788,21.3068181818182,0.33879374534624,3,5,"14-3-3 protein binding","DAB2IP;AKT1;TSC2"
"38","GO:0001012",0.00295262828616092,2.43343343343343,8.46984363365599,17,125,"RNA polymerase II regulatory region DNA binding","NCOA2;CREB1;DDIT3;EBF1;ETV6;GLI1;JUN;MYOD1;ATF1;NFIB;PLAG1;CREB3L2;SMARCB1;STAT6;TFE3;TP53;NCOA1"
"39","GO:0000978",0.00335452172329082,2.8667872212176,5.0819061801936,12,75,"RNA polymerase II core promoter proximal region sequence-specific DNA binding","NCOA2;CREB1;DDIT3;EBF1;ETV6;JUN;MYOD1;NFIB;PLAG1;CREB3L2;SMARCB1;TFE3"
"40","GO:0016773",0.00452800927900877,2.31559435541736,8.80863737900223,17,130,"phosphotransferase activity, alcohol group as acceptor","CDK4;CDK6;AKT1;FGFR1;FGFR4;FLT4;ALK;MTOR;IGF1R;KDR;KIT;NTRK3;PDGFRA;ROS1;BRAF;BUB1B;HMGA2"
"41","GO:0033142",0.00454417840255761,Inf,0.135517498138496,2,2,"progesterone receptor binding","NCOA2;NCOA1"
"42","GO:0051879",0.00454417840255761,Inf,0.135517498138496,2,2,"Hsp90 protein binding","HIF1A;KDR"
"43","GO:0019899",0.00471019802983322,1.9228543876567,19.3112434847357,30,285,"enzyme binding","NCOA2;FRS2;CREB1;CTNNB1;DAB2IP;AKT1;FOXO1;FLT4;MTOR;HIF1A;APC;JUN;KIT;LDLR;LRP1;MDM2;FOXO4;MYOD1;PLCG1;POU5F1;RANBP2;RB1;ROS1;BRAF;STAT6;TP53;TSC2;VHL;NCOA1;HDAC9"
"44","GO:0003714",0.00486360723661792,3.56042351223074,2.77810871183917,8,41,"transcription corepressor activity","DDIT3;WWTR1;NAB2;NFIB;SSX1;SSX2;SSX4;HDAC9"
"45","GO:0070742",0.00518603008602837,14.1931818181818,0.406552494415488,3,6,"C2H2 zinc finger domain binding","EBF1;WT1;HMGA2"
"46","GO:0000987",0.0052312999184444,2.6865671641791,5.35294117647059,12,79,"core promoter proximal region sequence-specific DNA binding","NCOA2;CREB1;DDIT3;EBF1;ETV6;JUN;MYOD1;NFIB;PLAG1;CREB3L2;SMARCB1;TFE3"
"47","GO:0000977",0.00577427840731023,2.30641509433962,8.26656738644825,16,122,"RNA polymerase II regulatory region sequence-specific DNA binding","NCOA2;CREB1;DDIT3;EBF1;ETV6;GLI1;JUN;MYOD1;ATF1;NFIB;PLAG1;CREB3L2;SMARCB1;STAT6;TFE3;TP53"
"48","GO:0001159",0.00581238300283866,2.64482501861504,5.42069992553984,12,80,"core promoter proximal region DNA binding","NCOA2;CREB1;DDIT3;EBF1;ETV6;JUN;MYOD1;NFIB;PLAG1;CREB3L2;SMARCB1;TFE3"
"49","GO:0003713",0.00623435368133812,2.90728637133866,4.13328369322412,10,61,"transcription coactivator activity","NCOA2;CTNNB1;FUS;WWTR1;JUN;MYOD1;RB1;SMARCB1;SS18;NCOA1"
"50","GO:0050839",0.00625381009619953,4.34823529411765,1.76172747580045,6,26,"cell adhesion molecule binding","CTNNB1;FBN1;FGFR1;KDR;NF2;PTPRD"
"51","GO:0016301",0.00674433467591292,2.20774163994503,9.14743112434847,17,135,"kinase activity","CDK4;CDK6;AKT1;FGFR1;FGFR4;FLT4;ALK;MTOR;IGF1R;KDR;KIT;NTRK3;PDGFRA;ROS1;BRAF;BUB1B;HMGA2"
"52","GO:0000976",0.00727970465860258,2.18725868725869,9.21518987341772,17,136,"transcription regulatory region sequence-specific DNA binding","NCOA2;CREB1;DDIT3;EBF1;ETV6;GLI1;JUN;MYOD1;ATF1;NFIB;PLAG1;POU5F1;CREB3L2;SMARCB1;STAT6;TFE3;TP53"
"53","GO:0004888",0.00786159728075085,2.34747474747475,7.04690990320179,14,104,"transmembrane signaling receptor activity","EDNRA;FGFR1;FGFR4;FLT4;ALK;IGF1R;KDR;KIT;NTRK3;PDGFRA;ACKR3;PTPRB;PTPRD;ROS1"
