"","GOMFID","Pvalue","OddsRatio","ExpCount","Count","Size","Term","Symbols"
"1","GO:0000166",7.22638976565524e-06,2.92654713707345,17.6381236038719,35,282,"nucleotide binding","HSPH1;CHEK2;CSNK1A1;DNMT1;EGFR;ERBB2;ERBB3;ERBB4;FGFR1;FGFR2;MTOR;TMEM173;KRAS;RHOA;MET;MLH1;MTHFR;ATM;PDE4D;PIK3CA;POLE;ATR;PRKAA1;AXL;PBK;PTK6;BRAF;AURKA;TP53;TYMS;ACAD10;CHD6;RUNX1;DNAH11;ACVR2A"
"2","GO:1901265",7.22638976565524e-06,2.92654713707345,17.6381236038719,35,282,"nucleoside phosphate binding","HSPH1;CHEK2;CSNK1A1;DNMT1;EGFR;ERBB2;ERBB3;ERBB4;FGFR1;FGFR2;MTOR;TMEM173;KRAS;RHOA;MET;MLH1;MTHFR;ATM;PDE4D;PIK3CA;POLE;ATR;PRKAA1;AXL;PBK;PTK6;BRAF;AURKA;TP53;TYMS;ACAD10;CHD6;RUNX1;DNAH11;ACVR2A"
"3","GO:0003824",1.09334377704789e-05,2.69360269360269,31.8987341772152,51,510,"catalytic activity","PTPRT;CHEK2;ADH1B;PTPDC1;CSNK1A1;DNMT1;EGFR;ERBB2;ERBB4;ALDH2;UNC5CL;FGFR1;FGFR2;HECW1;SMG6;MTOR;HECTD4;RHOA;MDM2;MET;MLH1;MTHFR;ATM;ATP1B2;PLCE1;UBR5;PDE4D;PIK3CA;POLE;ATR;BCOR;PRKAA1;AXL;ASH1L;PBK;PSMB8;PTEN;PTK6;PTPN2;PTPN13;ST6GAL1;BRAF;AURKA;TYMS;KDM6A;ACAD10;CHD6;DNAH11;ALDH1A2;CCNE1;ACVR2A"
"4","GO:0036094",2.1596105790196e-05,2.72150735294118,19.2643335815339,36,308,"small molecule binding","HSPH1;CHEK2;CSNK1A1;DNMT1;EGFR;ERBB2;ERBB3;ERBB4;FGFR1;FGFR2;MTOR;TMEM173;KRAS;RHOA;MET;MLH1;MTHFR;ATM;PDE4D;PIK3CA;POLE;ATR;PRKAA1;AXL;PBK;PTK6;BRAF;AURKA;TP53;TYMS;ACAD10;CHD6;RUNX1;DNAH11;ALDH1A2;ACVR2A"
"5","GO:0030554",3.20897077000067e-05,2.9027027027027,13.3224125093075,28,213,"adenyl nucleotide binding","HSPH1;CHEK2;CSNK1A1;EGFR;ERBB2;ERBB3;ERBB4;FGFR1;FGFR2;MTOR;TMEM173;MET;MLH1;ATM;PDE4D;PIK3CA;ATR;PRKAA1;AXL;PBK;PTK6;BRAF;AURKA;TP53;CHD6;RUNX1;DNAH11;ACVR2A"
"6","GO:0032559",3.20897077000067e-05,2.9027027027027,13.3224125093075,28,213,"adenyl ribonucleotide binding","HSPH1;CHEK2;CSNK1A1;EGFR;ERBB2;ERBB3;ERBB4;FGFR1;FGFR2;MTOR;TMEM173;MET;MLH1;ATM;PDE4D;PIK3CA;ATR;PRKAA1;AXL;PBK;PTK6;BRAF;AURKA;TP53;CHD6;RUNX1;DNAH11;ACVR2A"
"7","GO:0017076",3.80213829224518e-05,2.79106858054226,14.9486224869695,30,239,"purine nucleotide binding","HSPH1;CHEK2;CSNK1A1;EGFR;ERBB2;ERBB3;ERBB4;FGFR1;FGFR2;MTOR;TMEM173;KRAS;RHOA;MET;MLH1;ATM;PDE4D;PIK3CA;ATR;PRKAA1;AXL;PBK;PTK6;BRAF;AURKA;TP53;CHD6;RUNX1;DNAH11;ACVR2A"
"8","GO:0032555",3.80213829224518e-05,2.79106858054226,14.9486224869695,30,239,"purine ribonucleotide binding","HSPH1;CHEK2;CSNK1A1;EGFR;ERBB2;ERBB3;ERBB4;FGFR1;FGFR2;MTOR;TMEM173;KRAS;RHOA;MET;MLH1;ATM;PDE4D;PIK3CA;ATR;PRKAA1;AXL;PBK;PTK6;BRAF;AURKA;TP53;CHD6;RUNX1;DNAH11;ACVR2A"
"9","GO:0032553",4.14445154587499e-05,2.77513227513228,15.0111690245719,30,240,"ribonucleotide binding","HSPH1;CHEK2;CSNK1A1;EGFR;ERBB2;ERBB3;ERBB4;FGFR1;FGFR2;MTOR;TMEM173;KRAS;RHOA;MET;MLH1;ATM;PDE4D;PIK3CA;ATR;PRKAA1;AXL;PBK;PTK6;BRAF;AURKA;TP53;CHD6;RUNX1;DNAH11;ACVR2A"
"10","GO:0004672",4.71244353418103e-05,3.46295133437991,7.31794489947878,19,117,"protein kinase activity","CHEK2;CSNK1A1;EGFR;ERBB2;ERBB4;FGFR1;FGFR2;MTOR;MET;ATM;PIK3CA;ATR;PRKAA1;AXL;PBK;PTK6;BRAF;AURKA;ACVR2A"
"11","GO:0016772",9.31221188031125e-05,3.07859078590786,9.00670141474311,21,144,"transferase activity, transferring phosphorus-containing groups","CHEK2;CSNK1A1;EGFR;ERBB2;ERBB4;FGFR1;FGFR2;MTOR;MET;ATM;PIK3CA;POLE;ATR;PRKAA1;AXL;PBK;PTK6;BRAF;AURKA;CCNE1;ACVR2A"
"12","GO:0016301",0.000113627425781404,3.10869565217391,8.44378257632167,20,135,"kinase activity","CHEK2;CSNK1A1;EGFR;ERBB2;ERBB4;FGFR1;FGFR2;MTOR;MET;ATM;PIK3CA;ATR;PRKAA1;AXL;PBK;PTK6;BRAF;AURKA;CCNE1;ACVR2A"
"13","GO:0005524",0.00013238378107252,2.70468117896359,12.8220402084885,26,205,"ATP binding","HSPH1;CHEK2;CSNK1A1;EGFR;ERBB2;ERBB3;ERBB4;FGFR1;FGFR2;MTOR;MET;MLH1;ATM;PIK3CA;ATR;PRKAA1;AXL;PBK;PTK6;BRAF;AURKA;TP53;CHD6;RUNX1;DNAH11;ACVR2A"
"14","GO:0001883",0.000151993045852399,2.60098522167488,14.4482501861504,28,231,"purine nucleoside binding","HSPH1;CHEK2;CSNK1A1;EGFR;ERBB2;ERBB3;ERBB4;FGFR1;FGFR2;MTOR;KRAS;RHOA;MET;MLH1;ATM;PIK3CA;ATR;PRKAA1;AXL;PBK;PTK6;BRAF;AURKA;TP53;CHD6;RUNX1;DNAH11;ACVR2A"
"15","GO:0032550",0.000151993045852399,2.60098522167488,14.4482501861504,28,231,"purine ribonucleoside binding","HSPH1;CHEK2;CSNK1A1;EGFR;ERBB2;ERBB3;ERBB4;FGFR1;FGFR2;MTOR;KRAS;RHOA;MET;MLH1;ATM;PIK3CA;ATR;PRKAA1;AXL;PBK;PTK6;BRAF;AURKA;TP53;CHD6;RUNX1;DNAH11;ACVR2A"
"16","GO:0035639",0.000151993045852399,2.60098522167488,14.4482501861504,28,231,"purine ribonucleoside triphosphate binding","HSPH1;CHEK2;CSNK1A1;EGFR;ERBB2;ERBB3;ERBB4;FGFR1;FGFR2;MTOR;KRAS;RHOA;MET;MLH1;ATM;PIK3CA;ATR;PRKAA1;AXL;PBK;PTK6;BRAF;AURKA;TP53;CHD6;RUNX1;DNAH11;ACVR2A"
"17","GO:0001882",0.000164672477422184,2.58578431372549,14.5107967237528,28,232,"nucleoside binding","HSPH1;CHEK2;CSNK1A1;EGFR;ERBB2;ERBB3;ERBB4;FGFR1;FGFR2;MTOR;KRAS;RHOA;MET;MLH1;ATM;PIK3CA;ATR;PRKAA1;AXL;PBK;PTK6;BRAF;AURKA;TP53;CHD6;RUNX1;DNAH11;ACVR2A"
"18","GO:0032549",0.000164672477422184,2.58578431372549,14.5107967237528,28,232,"ribonucleoside binding","HSPH1;CHEK2;CSNK1A1;EGFR;ERBB2;ERBB3;ERBB4;FGFR1;FGFR2;MTOR;KRAS;RHOA;MET;MLH1;ATM;PIK3CA;ATR;PRKAA1;AXL;PBK;PTK6;BRAF;AURKA;TP53;CHD6;RUNX1;DNAH11;ACVR2A"
"19","GO:0097367",0.000180041767668618,2.45909645909646,17.7632166790767,32,284,"carbohydrate derivative binding","HSPH1;CHEK2;CSNK1A1;EGFR;ERBB2;ERBB3;ERBB4;FGFR1;FGFR2;MTOR;TMEM173;KRAS;RHOA;MET;MLH1;ATM;PDE4D;PIK3CA;ATR;PRKAA1;AXL;PBK;PTK6;BRAF;AURKA;THBS3;TP53;CHD6;RUNX1;DNAH11;ACVR2A;CDH1"
"20","GO:0016773",0.000212332746905,3.02314622314622,8.13104988830975,19,130,"phosphotransferase activity, alcohol group as acceptor","CHEK2;CSNK1A1;EGFR;ERBB2;ERBB4;FGFR1;FGFR2;MTOR;MET;ATM;PIK3CA;ATR;PRKAA1;AXL;PBK;PTK6;BRAF;AURKA;ACVR2A"
"21","GO:0043168",0.00021631935497777,2.38853046594982,19.5770662695458,34,313,"anion binding","HSPH1;CHEK2;CSNK1A1;EGFR;ERBB2;ERBB3;ERBB4;FGFR1;FGFR2;MTOR;TMEM173;KRAS;RHOA;MET;MLH1;MTHFR;ATM;PDE4D;PIK3CA;ATR;PRKAA1;AXL;PBK;PTK6;BRAF;AURKA;THBS3;TP53;TYMS;ACAD10;CHD6;RUNX1;DNAH11;ACVR2A"
"22","GO:0016740",0.000220822227790114,2.47234247234247,16.3246463142219,30,261,"transferase activity","CHEK2;CSNK1A1;DNMT1;EGFR;ERBB2;ERBB4;FGFR1;FGFR2;HECW1;MTOR;HECTD4;MDM2;MET;ATM;UBR5;PIK3CA;POLE;ATR;BCOR;PRKAA1;AXL;ASH1L;PBK;PTK6;ST6GAL1;BRAF;AURKA;TYMS;CCNE1;ACVR2A"
"23","GO:0031625",0.000697314180951261,4.11824324324324,3.12732688011914,10,50,"ubiquitin protein ligase binding","CHEK2;EGFR;TMEM173;MDM2;PDE4D;AURKA;TP53;XBP1;CXCR4;AXIN2"
"24","GO:0044389",0.000697314180951261,4.11824324324324,3.12732688011914,10,50,"ubiquitin-like protein ligase binding","CHEK2;EGFR;TMEM173;MDM2;PDE4D;AURKA;TP53;XBP1;CXCR4;AXIN2"
"25","GO:0004674",0.000875138627631274,3.45114942528736,4.37825763216679,12,70,"protein serine/threonine kinase activity","CHEK2;CSNK1A1;EGFR;MTOR;ATM;PIK3CA;ATR;PRKAA1;PBK;BRAF;AURKA;ACVR2A"
"26","GO:0019199",0.00120058773027292,4.62781954887218,2.25167535368578,8,36,"transmembrane receptor protein kinase activity","EGFR;ERBB2;ERBB4;FGFR1;FGFR2;MET;AXL;ACVR2A"
"27","GO:0004714",0.00224346719420636,4.6780303030303,1.93894266567386,7,31,"transmembrane receptor protein tyrosine kinase activity","EGFR;ERBB2;ERBB4;FGFR1;FGFR2;MET;AXL"
"28","GO:0019899",0.00250260576275114,2.06583806818182,17.8257632166791,29,285,"enzyme binding","CDKN2A;CHEK2;DNMT1;EGFR;EIF4EBP1;ERBB2;SMG6;MTOR;TMEM173;MDM2;MET;ZFHX3;ATP1B2;PLCE1;PDE4D;BCOR;PRKAA1;PTEN;PTPN2;RPS6;BRAF;AURKA;TP53;TSC2;XBP1;CXCR4;AXIN2;CCND2;CCNE1"
"29","GO:0004725",0.00289440183034129,6.57700421940928,1.06329113924051,5,17,"protein tyrosine phosphatase activity","PTPRT;PTPDC1;PTEN;PTPN2;PTPN13"
"30","GO:0004029",0.00386837751192084,Inf,0.125093075204765,2,2,"aldehyde dehydrogenase (NAD) activity","ALDH2;ALDH1A2"
"31","GO:0016620",0.00386837751192084,Inf,0.125093075204765,2,2,"oxidoreductase activity, acting on the aldehyde or oxo group of donors, NAD or NADP as acceptor","ALDH2;ALDH1A2"
"32","GO:0004716",0.00411771364026074,15.5061728395062,0.375279225614296,3,6,"receptor signaling protein tyrosine kinase activity","EGFR;ERBB2;ERBB4"
"33","GO:0043167",0.00865302552179789,1.75878136200717,37.9657483246463,49,607,"ion binding","HSPH1;CHEK2;ADH1B;CSNK1A1;DNMT1;EGFR;ERBB2;ERBB3;ERBB4;FGFR1;FGFR2;SMG6;MTOR;ZBTB20;GRIN2A;TMEM173;KRAS;RHOA;MDM2;MET;MLH1;MTHFR;ZFHX3;ATM;UBR5;PDE4D;PIK3CA;LRP1B;POLE;ATR;PRKAA1;AXL;ASH1L;PBK;PTEN;PTK6;BRAF;AURKA;THBS3;TP53;TYMS;KDM6A;ACAD10;SPARCL1;CHD6;RUNX1;DNAH11;ACVR2A;CDH1"
"34","GO:0004888",0.00990746391662597,2.35010060362173,6.5048399106478,13,104,"transmembrane signaling receptor activity","EGFR;ERBB2;ERBB3;ERBB4;FGFR1;FGFR2;GRIN2A;MET;AXL;PTGER4;SFRP4;CXCR4;ACVR2A"
