"","GOCCID","Pvalue","OddsRatio","ExpCount","Count","Size","Term","Symbols"
"1","GO:0033596",0.00407999541573549,Inf,0.128427128427128,2,2,"TSC1-TSC2 complex","TSC1;TSC2"
"2","GO:0043073",0.00407999541573549,Inf,0.128427128427128,2,2,"germ cell nucleus","MLH1;AURKA"
"3","GO:0005759",0.00553300541712664,5.45493197278912,1.22005772005772,5,19,"mitochondrial matrix","ERBB4;ALDH2;TP53;TYMS;ACAD10"
"4","GO:0016324",0.00871763238456233,3.48623131392604,2.44011544011544,7,38,"apical plasma membrane","ERBB2;ERBB3;MUC1;ATP1B2;PDE4D;PRKAA1;PTEN"
"5","GO:0005739",0.00949424583317919,2.28380952380952,7.19191919191919,14,112,"mitochondrion","CDKN2A;ERBB4;ALDH2;MTOR;TMEM173;KRAS;MTX1;ZFHX3;BCOR;PTEN;BRAF;TP53;TYMS;ACAD10"
