"","GOBPID","Pvalue","OddsRatio","ExpCount","Count","Size","Term","Symbols"
"1","GO:0002360",0.00072641910974675,83.6875,0.0443458980044346,2,6,"T cell lineage commitment","ZFPM1;TP53"
"2","GO:0007219",0.00328537260206384,13.609756097561,0.32520325203252,3,44,"Notch signaling pathway","HNF1B;TFDP2;TP53"
"3","GO:0002263",0.00350617001886409,13.2755102040816,0.332594235033259,3,45,"cell activation involved in immune response","ZFPM1;TP53;GAB2"
"4","GO:0002366",0.00350617001886409,13.2755102040816,0.332594235033259,3,45,"leukocyte activation involved in immune response","ZFPM1;TP53;GAB2"
"5","GO:0060411",0.00426961640572342,27.7291666666667,0.103473762010347,2,14,"cardiac septum morphogenesis","ZFPM1;TP53"
"6","GO:0009199",0.00490701983062106,25.5769230769231,0.110864745011086,2,15,"ribonucleoside triphosphate metabolic process","TP53;UCK2"
"7","GO:0009141",0.00558586876969368,23.7321428571429,0.118255728011826,2,16,"nucleoside triphosphate metabolic process","TP53;UCK2"
"8","GO:0006367",0.00689452369137464,10.2301587301587,0.421286031042129,3,57,"transcription initiation from RNA polymerase II promoter","HNF1B;TFDP2;TP53"
"9","GO:0003206",0.00706582081137279,20.734375,0.133037694013304,2,18,"cardiac chamber morphogenesis","ZFPM1;TP53"
"10","GO:0003175",0.00739098300073915,Inf,0.0073909830007391,1,1,"tricuspid valve development","ZFPM1"
"11","GO:0003186",0.00739098300073915,Inf,0.0073909830007391,1,1,"tricuspid valve morphogenesis","ZFPM1"
"12","GO:0003195",0.00739098300073915,Inf,0.0073909830007391,1,1,"tricuspid valve formation","ZFPM1"
"13","GO:0006113",0.00739098300073915,Inf,0.0073909830007391,1,1,"fermentation","TP53"
"14","GO:0006222",0.00739098300073915,Inf,0.0073909830007391,1,1,"UMP biosynthetic process","UCK2"
"15","GO:0006238",0.00739098300073915,Inf,0.0073909830007391,1,1,"CMP salvage","UCK2"
"16","GO:0006241",0.00739098300073915,Inf,0.0073909830007391,1,1,"CTP biosynthetic process","UCK2"
"17","GO:0007079",0.00739098300073915,Inf,0.0073909830007391,1,1,"mitotic chromosome movement towards spindle pole","CENPE"
"18","GO:0007147",0.00739098300073915,Inf,0.0073909830007391,1,1,"female meiosis II","DAZL"
"19","GO:0008655",0.00739098300073915,Inf,0.0073909830007391,1,1,"pyrimidine-containing compound salvage","UCK2"
"20","GO:0009173",0.00739098300073915,Inf,0.0073909830007391,1,1,"pyrimidine ribonucleoside monophosphate metabolic process","UCK2"
"21","GO:0009174",0.00739098300073915,Inf,0.0073909830007391,1,1,"pyrimidine ribonucleoside monophosphate biosynthetic process","UCK2"
"22","GO:0009208",0.00739098300073915,Inf,0.0073909830007391,1,1,"pyrimidine ribonucleoside triphosphate metabolic process","UCK2"
"23","GO:0009209",0.00739098300073915,Inf,0.0073909830007391,1,1,"pyrimidine ribonucleoside triphosphate biosynthetic process","UCK2"
"24","GO:0009218",0.00739098300073915,Inf,0.0073909830007391,1,1,"pyrimidine ribonucleotide metabolic process","UCK2"
"25","GO:0009220",0.00739098300073915,Inf,0.0073909830007391,1,1,"pyrimidine ribonucleotide biosynthetic process","UCK2"
"26","GO:0009224",0.00739098300073915,Inf,0.0073909830007391,1,1,"CMP biosynthetic process","UCK2"
"27","GO:0010138",0.00739098300073915,Inf,0.0073909830007391,1,1,"pyrimidine ribonucleotide salvage","UCK2"
"28","GO:0019659",0.00739098300073915,Inf,0.0073909830007391,1,1,"glucose catabolic process to lactate","TP53"
"29","GO:0019660",0.00739098300073915,Inf,0.0073909830007391,1,1,"glycolytic fermentation","TP53"
"30","GO:0019661",0.00739098300073915,Inf,0.0073909830007391,1,1,"glucose catabolic process to lactate via pyruvate","TP53"
"31","GO:0032262",0.00739098300073915,Inf,0.0073909830007391,1,1,"pyrimidine nucleotide salvage","UCK2"
"32","GO:0033121",0.00739098300073915,Inf,0.0073909830007391,1,1,"regulation of purine nucleotide catabolic process","TP53"
"33","GO:0033122",0.00739098300073915,Inf,0.0073909830007391,1,1,"negative regulation of purine nucleotide catabolic process","TP53"
"34","GO:0035564",0.00739098300073915,Inf,0.0073909830007391,1,1,"regulation of kidney size","HNF1B"
"35","GO:0035565",0.00739098300073915,Inf,0.0073909830007391,1,1,"regulation of pronephros size","HNF1B"
"36","GO:0039019",0.00739098300073915,Inf,0.0073909830007391,1,1,"pronephric nephron development","HNF1B"
"37","GO:0039020",0.00739098300073915,Inf,0.0073909830007391,1,1,"pronephric nephron tubule development","HNF1B"
"38","GO:0043097",0.00739098300073915,Inf,0.0073909830007391,1,1,"pyrimidine nucleoside salvage","UCK2"
"39","GO:0043465",0.00739098300073915,Inf,0.0073909830007391,1,1,"regulation of fermentation","TP53"
"40","GO:0044206",0.00739098300073915,Inf,0.0073909830007391,1,1,"UMP salvage","UCK2"
"41","GO:0044211",0.00739098300073915,Inf,0.0073909830007391,1,1,"CTP salvage","UCK2"
"42","GO:0045078",0.00739098300073915,Inf,0.0073909830007391,1,1,"positive regulation of interferon-gamma biosynthetic process","ZFPM1"
"43","GO:0045403",0.00739098300073915,Inf,0.0073909830007391,1,1,"negative regulation of interleukin-4 biosynthetic process","ZFPM1"
"44","GO:0046035",0.00739098300073915,Inf,0.0073909830007391,1,1,"CMP metabolic process","UCK2"
"45","GO:0046036",0.00739098300073915,Inf,0.0073909830007391,1,1,"CTP metabolic process","UCK2"
"46","GO:0046049",0.00739098300073915,Inf,0.0073909830007391,1,1,"UMP metabolic process","UCK2"
"47","GO:0046132",0.00739098300073915,Inf,0.0073909830007391,1,1,"pyrimidine ribonucleoside biosynthetic process","UCK2"
"48","GO:0051305",0.00739098300073915,Inf,0.0073909830007391,1,1,"chromosome movement towards spindle pole","CENPE"
"49","GO:0051315",0.00739098300073915,Inf,0.0073909830007391,1,1,"attachment of mitotic spindle microtubules to kinetochore","CENPE"
"50","GO:0060377",0.00739098300073915,Inf,0.0073909830007391,1,1,"negative regulation of mast cell differentiation","ZFPM1"
"51","GO:0061017",0.00739098300073915,Inf,0.0073909830007391,1,1,"hepatoblast differentiation","HNF1B"
"52","GO:0061206",0.00739098300073915,Inf,0.0073909830007391,1,1,"mesonephros morphogenesis","HNF1B"
"53","GO:0061215",0.00739098300073915,Inf,0.0073909830007391,1,1,"mesonephric nephron development","HNF1B"
"54","GO:0061228",0.00739098300073915,Inf,0.0073909830007391,1,1,"mesonephric nephron morphogenesis","HNF1B"
"55","GO:0061235",0.00739098300073915,Inf,0.0073909830007391,1,1,"mesenchymal stem cell maintenance involved in mesonephric nephron morphogenesis","HNF1B"
"56","GO:0061295",0.00739098300073915,Inf,0.0073909830007391,1,1,"regulation of mesenchymal cell apoptotic process involved in mesonephric nephron morphogenesis","HNF1B"
"57","GO:0061296",0.00739098300073915,Inf,0.0073909830007391,1,1,"negative regulation of mesenchymal cell apoptotic process involved in mesonephric nephron morphogenesis","HNF1B"
"58","GO:0070230",0.00739098300073915,Inf,0.0073909830007391,1,1,"positive regulation of lymphocyte apoptotic process","TP53"
"59","GO:0070234",0.00739098300073915,Inf,0.0073909830007391,1,1,"positive regulation of T cell apoptotic process","TP53"
"60","GO:0070245",0.00739098300073915,Inf,0.0073909830007391,1,1,"positive regulation of thymocyte apoptotic process","TP53"
"61","GO:0072114",0.00739098300073915,Inf,0.0073909830007391,1,1,"pronephros morphogenesis","HNF1B"
"62","GO:0072181",0.00739098300073915,Inf,0.0073909830007391,1,1,"mesonephric duct formation","HNF1B"
"63","GO:0072363",0.00739098300073915,Inf,0.0073909830007391,1,1,"regulation of glycolytic process by positive regulation of transcription from RNA polymerase II promoter","TP53"
"64","GO:0090403",0.00739098300073915,Inf,0.0073909830007391,1,1,"oxidative stress-induced premature senescence","TP53"
"65","GO:1900119",0.00739098300073915,Inf,0.0073909830007391,1,1,"positive regulation of execution phase of apoptosis","TP53"
"66","GO:1901003",0.00739098300073915,Inf,0.0073909830007391,1,1,"negative regulation of fermentation","TP53"
"67","GO:1901146",0.00739098300073915,Inf,0.0073909830007391,1,1,"mesenchymal cell apoptotic process involved in mesonephric nephron morphogenesis","HNF1B"
"68","GO:1901524",0.00739098300073915,Inf,0.0073909830007391,1,1,"regulation of macromitophagy","TP53"
"69","GO:1901525",0.00739098300073915,Inf,0.0073909830007391,1,1,"negative regulation of macromitophagy","TP53"
"70","GO:1902688",0.00739098300073915,Inf,0.0073909830007391,1,1,"regulation of NAD metabolic process","TP53"
"71","GO:1902689",0.00739098300073915,Inf,0.0073909830007391,1,1,"negative regulation of NAD metabolic process","TP53"
"72","GO:1904023",0.00739098300073915,Inf,0.0073909830007391,1,1,"regulation of glucose catabolic process to lactate via pyruvate","TP53"
"73","GO:1904024",0.00739098300073915,Inf,0.0073909830007391,1,1,"negative regulation of glucose catabolic process to lactate via pyruvate","TP53"
"74","GO:1990144",0.00739098300073915,Inf,0.0073909830007391,1,1,"intrinsic apoptotic signaling pathway in response to hypoxia","TP53"
"75","GO:0006352",0.00954831311155766,9.00702576112412,0.473022912047302,3,64,"DNA-templated transcription, initiation","HNF1B;TFDP2;TP53"
"76","GO:0009161",0.00958368421475256,17.4210526315789,0.155210643015521,2,21,"ribonucleoside monophosphate metabolic process","TP53;UCK2"
