"","GOMFID","Pvalue","OddsRatio","ExpCount","Count","Size","Term","Symbols"
"1","GO:0030971",0.00316698932959005,33.075,0.0893521965748325,2,12,"receptor tyrosine kinase binding","TP53;GAB2"
"2","GO:1990782",0.00316698932959005,33.075,0.0893521965748325,2,12,"protein tyrosine kinase binding","TP53;GAB2"
"3","GO:0004849",0.00744601638123554,Inf,0.00744601638123604,1,1,"uridine kinase activity","UCK2"
"4","GO:0019206",0.00744601638123554,Inf,0.00744601638123604,1,1,"nucleoside kinase activity","UCK2"
"5","GO:0043515",0.00744601638123554,Inf,0.00744601638123604,1,1,"kinetochore binding","CENPE"
"6","GO:0000979",0.00797949887259031,19.3529411764706,0.141474311243485,2,19,"RNA polymerase II core promoter sequence-specific DNA binding","ZFPM1;TP53"
