"","GOMFID","Pvalue","OddsRatio","ExpCount","Count","Size","Term","Symbols"
"1","GO:0002020",0.000169782489765889,Inf,0.0268056589724497,2,18,"protease binding","KIT;TP53"
"2","GO:0005020",0.00148920327624724,Inf,0.00148920327624721,1,1,"stem cell factor receptor activity","KIT"
"3","GO:0035033",0.00297729686301862,1340,0.00297840655249442,1,2,"histone deacetylase regulator activity","TP53"
"4","GO:0005507",0.0044642807603148,669.5,0.00446760982874162,1,3,"copper ion binding","TP53"
"5","GO:0004716",0.00891857431534904,267.2,0.00893521965748325,1,6,"receptor signaling protein tyrosine kinase activity","KIT"
