"","GOBPID","Pvalue","OddsRatio","ExpCount","Count","Size","Term","Symbols"
"1","GO:0030183",0.000542296977569022,Inf,0.0473022912047302,2,32,"B cell differentiation","KIT;TP53"
"2","GO:0007219",0.00103430028383124,Inf,0.0650406504065041,2,44,"Notch signaling pathway","KIT;TP53"
"3","GO:0050731",0.00103430028383124,Inf,0.0650406504065041,2,44,"positive regulation of peptidyl-tyrosine phosphorylation","KIT;TP53"
"4","GO:0002263",0.00108240727377688,Inf,0.0665188470066519,2,45,"cell activation involved in immune response","KIT;TP53"
"5","GO:0002366",0.00108240727377688,Inf,0.0665188470066519,2,45,"leukocyte activation involved in immune response","KIT;TP53"
"6","GO:0006113",0.00147819660014781,Inf,0.00147819660014782,1,1,"fermentation","TP53"
"7","GO:0019659",0.00147819660014781,Inf,0.00147819660014782,1,1,"glucose catabolic process to lactate","TP53"
"8","GO:0019660",0.00147819660014781,Inf,0.00147819660014782,1,1,"glycolytic fermentation","TP53"
"9","GO:0019661",0.00147819660014781,Inf,0.00147819660014782,1,1,"glucose catabolic process to lactate via pyruvate","TP53"
"10","GO:0033121",0.00147819660014781,Inf,0.00147819660014782,1,1,"regulation of purine nucleotide catabolic process","TP53"
"11","GO:0033122",0.00147819660014781,Inf,0.00147819660014782,1,1,"negative regulation of purine nucleotide catabolic process","TP53"
"12","GO:0036017",0.00147819660014781,Inf,0.00147819660014782,1,1,"response to erythropoietin","KIT"
"13","GO:0036018",0.00147819660014781,Inf,0.00147819660014782,1,1,"cellular response to erythropoietin","KIT"
"14","GO:0036215",0.00147819660014781,Inf,0.00147819660014782,1,1,"response to stem cell factor","KIT"
"15","GO:0036216",0.00147819660014781,Inf,0.00147819660014782,1,1,"cellular response to stem cell factor stimulus","KIT"
"16","GO:0038109",0.00147819660014781,Inf,0.00147819660014782,1,1,"Kit signaling pathway","KIT"
"17","GO:0038162",0.00147819660014781,Inf,0.00147819660014782,1,1,"erythropoietin-mediated signaling pathway","KIT"
"18","GO:0043465",0.00147819660014781,Inf,0.00147819660014782,1,1,"regulation of fermentation","TP53"
"19","GO:0048170",0.00147819660014781,Inf,0.00147819660014782,1,1,"positive regulation of long-term neuronal synaptic plasticity","KIT"
"20","GO:0070230",0.00147819660014781,Inf,0.00147819660014782,1,1,"positive regulation of lymphocyte apoptotic process","TP53"
"21","GO:0070234",0.00147819660014781,Inf,0.00147819660014782,1,1,"positive regulation of T cell apoptotic process","TP53"
"22","GO:0070245",0.00147819660014781,Inf,0.00147819660014782,1,1,"positive regulation of thymocyte apoptotic process","TP53"
"23","GO:0072363",0.00147819660014781,Inf,0.00147819660014782,1,1,"regulation of glycolytic process by positive regulation of transcription from RNA polymerase II promoter","TP53"
"24","GO:0090136",0.00147819660014781,Inf,0.00147819660014782,1,1,"epithelial cell-cell adhesion","KIT"
"25","GO:0090403",0.00147819660014781,Inf,0.00147819660014782,1,1,"oxidative stress-induced premature senescence","TP53"
"26","GO:0097326",0.00147819660014781,Inf,0.00147819660014782,1,1,"melanocyte adhesion","KIT"
"27","GO:1900119",0.00147819660014781,Inf,0.00147819660014782,1,1,"positive regulation of execution phase of apoptosis","TP53"
"28","GO:1901003",0.00147819660014781,Inf,0.00147819660014782,1,1,"negative regulation of fermentation","TP53"
"29","GO:1901524",0.00147819660014781,Inf,0.00147819660014782,1,1,"regulation of macromitophagy","TP53"
"30","GO:1901525",0.00147819660014781,Inf,0.00147819660014782,1,1,"negative regulation of macromitophagy","TP53"
"31","GO:1902688",0.00147819660014781,Inf,0.00147819660014782,1,1,"regulation of NAD metabolic process","TP53"
"32","GO:1902689",0.00147819660014781,Inf,0.00147819660014782,1,1,"negative regulation of NAD metabolic process","TP53"
"33","GO:1904023",0.00147819660014781,Inf,0.00147819660014782,1,1,"regulation of glucose catabolic process to lactate via pyruvate","TP53"
"34","GO:1904024",0.00147819660014781,Inf,0.00147819660014782,1,1,"negative regulation of glucose catabolic process to lactate via pyruvate","TP53"
"35","GO:1990144",0.00147819660014781,Inf,0.00147819660014782,1,1,"intrinsic apoptotic signaling pathway in response to hypoxia","TP53"
"36","GO:0050730",0.00162361091066532,Inf,0.0813008130081301,2,55,"regulation of peptidyl-tyrosine phosphorylation","KIT;TP53"
"37","GO:0042113",0.00174497172621,Inf,0.0842572062084257,2,57,"B cell activation","KIT;TP53"
"38","GO:0070661",0.00180729214500321,Inf,0.0857354028085735,2,58,"leukocyte proliferation","KIT;TP53"
"39","GO:0030217",0.00220417481205474,Inf,0.0946045824094605,2,64,"T cell differentiation","KIT;TP53"
"40","GO:0044089",0.00234521575984991,Inf,0.0975609756097561,2,66,"positive regulation of cellular component biogenesis","KIT;TP53"
"41","GO:0048511",0.00249063007036741,Inf,0.100517368810052,2,68,"rhythmic process","KIT;TP53"
"42","GO:0002309",0.00295529985961496,1350,0.00295639320029564,1,2,"T cell proliferation involved in immune response","TP53"
"43","GO:0002371",0.00295529985961496,1350,0.00295639320029564,1,2,"dendritic cell cytokine production","KIT"
"44","GO:0006007",0.00295529985961496,1350,0.00295639320029564,1,2,"glucose catabolic process","TP53"
"45","GO:0006089",0.00295529985961496,1350,0.00295639320029564,1,2,"lactate metabolic process","TP53"
"46","GO:0010663",0.00295529985961496,1350,0.00295639320029564,1,2,"positive regulation of striated muscle cell apoptotic process","TP53"
"47","GO:0010666",0.00295529985961496,1350,0.00295639320029564,1,2,"positive regulation of cardiac muscle cell apoptotic process","TP53"
"48","GO:0019320",0.00295529985961496,1350,0.00295639320029564,1,2,"hexose catabolic process","TP53"
"49","GO:0031268",0.00295529985961496,1350,0.00295639320029564,1,2,"pseudopodium organization","KIT"
"50","GO:0031269",0.00295529985961496,1350,0.00295639320029564,1,2,"pseudopodium assembly","KIT"
"51","GO:0031272",0.00295529985961496,1350,0.00295639320029564,1,2,"regulation of pseudopodium assembly","KIT"
"52","GO:0031274",0.00295529985961496,1350,0.00295639320029564,1,2,"positive regulation of pseudopodium assembly","KIT"
"53","GO:0032042",0.00295529985961496,1350,0.00295639320029564,1,2,"mitochondrial DNA metabolic process","TP53"
"54","GO:0035234",0.00295529985961496,1350,0.00295639320029564,1,2,"ectopic germ cell programmed cell death","KIT"
"55","GO:0043504",0.00295529985961496,1350,0.00295639320029564,1,2,"mitochondrial DNA repair","TP53"
"56","GO:0051097",0.00295529985961496,1350,0.00295639320029564,1,2,"negative regulation of helicase activity","TP53"
"57","GO:0070662",0.00295529985961496,1350,0.00295639320029564,1,2,"mast cell proliferation","KIT"
"58","GO:0071494",0.00295529985961496,1350,0.00295639320029564,1,2,"cellular response to UV-C","TP53"
"59","GO:0072361",0.00295529985961496,1350,0.00295639320029564,1,2,"regulation of glycolytic process by regulation of transcription from RNA polymerase II promoter","TP53"
"60","GO:0097252",0.00295529985961496,1350,0.00295639320029564,1,2,"oligodendrocyte apoptotic process","TP53"
"61","GO:0097324",0.00295529985961496,1350,0.00295639320029564,1,2,"melanocyte migration","KIT"
"62","GO:1900117",0.00295529985961496,1350,0.00295639320029564,1,2,"regulation of execution phase of apoptosis","TP53"
"63","GO:1903147",0.00295529985961496,1350,0.00295639320029564,1,2,"negative regulation of mitophagy","TP53"
"64","GO:0009416",0.00303402038861701,Inf,0.110864745011086,2,75,"response to light stimulus","KIT;TP53"
"65","GO:0030098",0.00363098440021517,Inf,0.121212121212121,2,82,"lymphocyte differentiation","KIT;TP53"
"66","GO:0007265",0.00390322622968026,Inf,0.125646711012565,2,85,"Ras protein signal transduction","KIT;TP53"
"67","GO:0000002",0.00443130977840178,674.5,0.00443458980044346,1,3,"mitochondrial genome maintenance","TP53"
"68","GO:0002326",0.00443130977840178,674.5,0.00443458980044346,1,3,"B cell lineage commitment","TP53"
"69","GO:0002327",0.00443130977840178,674.5,0.00443458980044346,1,3,"immature B cell differentiation","KIT"
"70","GO:0002931",0.00443130977840178,674.5,0.00443458980044346,1,3,"response to ischemia","TP53"
"71","GO:0006734",0.00443130977840178,674.5,0.00443458980044346,1,3,"NADH metabolic process","TP53"
"72","GO:0006983",0.00443130977840178,674.5,0.00443458980044346,1,3,"ER overload response","TP53"
"73","GO:0007406",0.00443130977840178,674.5,0.00443458980044346,1,3,"negative regulation of neuroblast proliferation","TP53"
"74","GO:0016242",0.00443130977840178,674.5,0.00443458980044346,1,3,"negative regulation of macroautophagy","TP53"
"75","GO:0030812",0.00443130977840178,674.5,0.00443458980044346,1,3,"negative regulation of nucleotide catabolic process","TP53"
"76","GO:0032105",0.00443130977840178,674.5,0.00443458980044346,1,3,"negative regulation of response to extracellular stimulus","TP53"
"77","GO:0032108",0.00443130977840178,674.5,0.00443458980044346,1,3,"negative regulation of response to nutrient levels","TP53"
"78","GO:0035701",0.00443130977840178,674.5,0.00443458980044346,1,3,"hematopoietic stem cell migration","KIT"
"79","GO:0046365",0.00443130977840178,674.5,0.00443458980044346,1,3,"monosaccharide catabolic process","TP53"
"80","GO:0050910",0.00443130977840178,674.5,0.00443458980044346,1,3,"detection of mechanical stimulus involved in sensory perception of sound","KIT"
"81","GO:0051195",0.00443130977840178,674.5,0.00443458980044346,1,3,"negative regulation of cofactor metabolic process","TP53"
"82","GO:0051198",0.00443130977840178,674.5,0.00443458980044346,1,3,"negative regulation of coenzyme metabolic process","TP53"
"83","GO:0090400",0.00443130977840178,674.5,0.00443458980044346,1,3,"stress-induced premature senescence","TP53"
"84","GO:0018108",0.00457672408891921,Inf,0.135994087213599,2,92,"peptidyl-tyrosine phosphorylation","KIT;TP53"
"85","GO:0018212",0.00457672408891921,Inf,0.135994087213599,2,92,"peptidyl-tyrosine modification","KIT;TP53"
"86","GO:0009314",0.00574331859510096,Inf,0.152254249815225,2,103,"response to radiation","KIT;TP53"
"87","GO:0019637",0.00585593268520098,Inf,0.153732446415373,2,104,"organophosphate metabolic process","KIT;TP53"
"88","GO:0002551",0.00590622635650773,449.333333333333,0.00591278640059128,1,4,"mast cell chemotaxis","KIT"
"89","GO:0008354",0.00590622635650773,449.333333333333,0.00591278640059128,1,4,"germ cell migration","KIT"
"90","GO:0009303",0.00590622635650773,449.333333333333,0.00591278640059128,1,4,"rRNA transcription","TP53"
"91","GO:0009648",0.00590622635650773,449.333333333333,0.00591278640059128,1,4,"photoperiodism","TP53"
"92","GO:0009651",0.00590622635650773,449.333333333333,0.00591278640059128,1,4,"response to salt stress","TP53"
"93","GO:0010661",0.00590622635650773,449.333333333333,0.00591278640059128,1,4,"positive regulation of muscle cell apoptotic process","TP53"
"94","GO:0042511",0.00590622635650773,449.333333333333,0.00591278640059128,1,4,"positive regulation of tyrosine phosphorylation of Stat1 protein","KIT"
"95","GO:0043153",0.00590622635650773,449.333333333333,0.00591278640059128,1,4,"entrainment of circadian clock by photoperiod","TP53"
"96","GO:0045978",0.00590622635650773,449.333333333333,0.00591278640059128,1,4,"negative regulation of nucleoside metabolic process","TP53"
"97","GO:0048169",0.00590622635650773,449.333333333333,0.00591278640059128,1,4,"regulation of long-term neuronal synaptic plasticity","KIT"
"98","GO:0061419",0.00590622635650773,449.333333333333,0.00591278640059128,1,4,"positive regulation of transcription from RNA polymerase II promoter in response to hypoxia","TP53"
"99","GO:0097067",0.00590622635650773,449.333333333333,0.00591278640059128,1,4,"cellular response to thyroid hormone stimulus","KIT"
"100","GO:1903579",0.00590622635650773,449.333333333333,0.00591278640059128,1,4,"negative regulation of ATP metabolic process","TP53"
"101","GO:2000108",0.00590622635650773,449.333333333333,0.00591278640059128,1,4,"positive regulation of leukocyte apoptotic process","TP53"
"102","GO:2000178",0.00590622635650773,449.333333333333,0.00591278640059128,1,4,"negative regulation of neural precursor cell proliferation","TP53"
"103","GO:0048568",0.00631732245240688,Inf,0.159645232815965,2,108,"embryonic organ development","KIT;TP53"
"104","GO:0002252",0.00643540324590981,Inf,0.161123429416112,2,109,"immune effector process","KIT;TP53"
"105","GO:0042110",0.00643540324590981,Inf,0.161123429416112,2,109,"T cell activation","KIT;TP53"
"106","GO:0070489",0.00643540324590981,Inf,0.161123429416112,2,109,"T cell aggregation","KIT;TP53"
"107","GO:0071593",0.00643540324590981,Inf,0.161123429416112,2,109,"lymphocyte aggregation","KIT;TP53"
"108","GO:0007610",0.00655457738009333,Inf,0.16260162601626,2,110,"behavior","KIT;TP53"
"109","GO:0070486",0.00667484485495742,Inf,0.164079822616408,2,111,"leukocyte aggregation","KIT;TP53"
"110","GO:0044087",0.00704220732363321,Inf,0.168514412416851,2,114,"regulation of cellular component biogenesis","KIT;TP53"
"111","GO:0007159",0.00716684816121964,Inf,0.169992609016999,2,115,"leukocyte cell-cell adhesion","KIT;TP53"
"112","GO:0000733",0.00738004959393357,336.75,0.0073909830007391,1,5,"DNA strand renaturation","TP53"
"113","GO:0006978",0.00738004959393357,336.75,0.0073909830007391,1,5,"DNA damage response, signal transduction by p53 class mediator resulting in transcription of p21 class mediator","TP53"
"114","GO:0008340",0.00738004959393357,336.75,0.0073909830007391,1,5,"determination of adult lifespan","TP53"
"115","GO:0010659",0.00738004959393357,336.75,0.0073909830007391,1,5,"cardiac muscle cell apoptotic process","TP53"
"116","GO:0010665",0.00738004959393357,336.75,0.0073909830007391,1,5,"regulation of cardiac muscle cell apoptotic process","TP53"
"117","GO:0019674",0.00738004959393357,336.75,0.0073909830007391,1,5,"NAD metabolic process","TP53"
"118","GO:0031049",0.00738004959393357,336.75,0.0073909830007391,1,5,"programmed DNA elimination","TP53"
"119","GO:0031052",0.00738004959393357,336.75,0.0073909830007391,1,5,"chromosome breakage","TP53"
"120","GO:0032461",0.00738004959393357,336.75,0.0073909830007391,1,5,"positive regulation of protein oligomerization","TP53"
"121","GO:0032762",0.00738004959393357,336.75,0.0073909830007391,1,5,"mast cell cytokine production","KIT"
"122","GO:0034349",0.00738004959393357,336.75,0.0073909830007391,1,5,"glial cell apoptotic process","TP53"
"123","GO:0042523",0.00738004959393357,336.75,0.0073909830007391,1,5,"positive regulation of tyrosine phosphorylation of Stat5 protein","KIT"
"124","GO:0042772",0.00738004959393357,336.75,0.0073909830007391,1,5,"DNA damage response, signal transduction resulting in transcription","TP53"
"125","GO:0048512",0.00738004959393357,336.75,0.0073909830007391,1,5,"circadian behavior","TP53"
"126","GO:0050974",0.00738004959393357,336.75,0.0073909830007391,1,5,"detection of mechanical stimulus involved in sensory perception","KIT"
"127","GO:0060374",0.00738004959393357,336.75,0.0073909830007391,1,5,"mast cell differentiation","KIT"
"128","GO:0070243",0.00738004959393357,336.75,0.0073909830007391,1,5,"regulation of thymocyte apoptotic process","TP53"
"129","GO:0071850",0.00738004959393357,336.75,0.0073909830007391,1,5,"mitotic cell cycle arrest","TP53"
"130","GO:0097066",0.00738004959393357,336.75,0.0073909830007391,1,5,"response to thyroid hormone","KIT"
"131","GO:1990440",0.00738004959393357,336.75,0.0073909830007391,1,5,"positive regulation of transcription from RNA polymerase II promoter in response to endoplasmic reticulum stress","TP53"
"132","GO:2000647",0.00738004959393357,336.75,0.0073909830007391,1,5,"negative regulation of stem cell proliferation","TP53"
"133","GO:1901135",0.00741940985843425,Inf,0.172949002217295,2,117,"carbohydrate derivative metabolic process","KIT;TP53"
"134","GO:0002521",0.00780645245936053,Inf,0.177383592017738,2,120,"leukocyte differentiation","KIT;TP53"
"135","GO:0034109",0.00780645245936053,Inf,0.177383592017738,2,120,"homotypic cell-cell adhesion","KIT;TP53"
"136","GO:0002318",0.00885277949067809,269.2,0.00886917960088692,1,6,"myeloid progenitor cell differentiation","KIT"
"137","GO:0002360",0.00885277949067809,269.2,0.00886917960088692,1,6,"T cell lineage commitment","TP53"
"138","GO:0006687",0.00885277949067809,269.2,0.00886917960088692,1,6,"glycosphingolipid metabolic process","KIT"
"139","GO:0007622",0.00885277949067809,269.2,0.00886917960088692,1,6,"rhythmic behavior","TP53"
"140","GO:0009649",0.00885277949067809,269.2,0.00886917960088692,1,6,"entrainment of circadian clock","TP53"
"141","GO:0010658",0.00885277949067809,269.2,0.00886917960088692,1,6,"striated muscle cell apoptotic process","TP53"
"142","GO:0010662",0.00885277949067809,269.2,0.00886917960088692,1,6,"regulation of striated muscle cell apoptotic process","TP53"
"143","GO:0042510",0.00885277949067809,269.2,0.00886917960088692,1,6,"regulation of tyrosine phosphorylation of Stat1 protein","KIT"
"144","GO:0045980",0.00885277949067809,269.2,0.00886917960088692,1,6,"negative regulation of nucleotide metabolic process","TP53"
"145","GO:0048168",0.00885277949067809,269.2,0.00886917960088692,1,6,"regulation of neuronal synaptic plasticity","KIT"
"146","GO:0050982",0.00885277949067809,269.2,0.00886917960088692,1,6,"detection of mechanical stimulus","KIT"
"147","GO:0051095",0.00885277949067809,269.2,0.00886917960088692,1,6,"regulation of helicase activity","TP53"
"148","GO:0051974",0.00885277949067809,269.2,0.00886917960088692,1,6,"negative regulation of telomerase activity","TP53"
"149","GO:0070232",0.00885277949067809,269.2,0.00886917960088692,1,6,"regulation of T cell apoptotic process","TP53"
"150","GO:0097531",0.00885277949067809,269.2,0.00886917960088692,1,6,"mast cell migration","KIT"
"151","GO:0098781",0.00885277949067809,269.2,0.00886917960088692,1,6,"ncRNA transcription","TP53"
"152","GO:1900543",0.00885277949067809,269.2,0.00886917960088692,1,6,"negative regulation of purine nucleotide metabolic process","TP53"
"153","GO:1902253",0.00885277949067809,269.2,0.00886917960088692,1,6,"regulation of intrinsic apoptotic signaling pathway by p53 class mediator","TP53"
"154","GO:1903146",0.00885277949067809,269.2,0.00886917960088692,1,6,"regulation of mitophagy","TP53"
"155","GO:2000279",0.00885277949067809,269.2,0.00886917960088692,1,6,"negative regulation of DNA biosynthetic process","TP53"
"156","GO:0050767",0.00902662065889083,Inf,0.190687361419069,2,129,"regulation of neurogenesis","KIT;TP53"
