"","GOCCID","Pvalue","OddsRatio","ExpCount","Count","Size","Term","Symbols"
"1","GO:0042995",0.000249617256443012,3.74347826086957,5.89466089466089,15,215,"cell projection","AKAP9;FLCN;DICER1;MTOR;NRG1;NF2;NTRK1;PCM1;PIK3CA;PRKAR1A;PTEN;RET;BRAF;STRN;TPM3"
"2","GO:0000242",0.000617665995376829,28.8,0.191919191919192,3,7,"pericentriolar material","AKAP9;PCM1;HOOK3"
"3","GO:0032153",0.000617665995376829,28.8,0.191919191919192,3,7,"cell division site","MEN1;NF2;TPM3"
"4","GO:0032154",0.000617665995376829,28.8,0.191919191919192,3,7,"cleavage furrow","MEN1;NF2;TPM3"
"5","GO:0032155",0.000617665995376829,28.8,0.191919191919192,3,7,"cell division site part","MEN1;NF2;TPM3"
"6","GO:0097610",0.000617665995376829,28.8,0.191919191919192,3,7,"cell surface furrow","MEN1;NF2;TPM3"
"7","GO:0030425",0.000712034713479,5.74256799493991,1.59018759018759,7,58,"dendrite","DICER1;MTOR;NRG1;NTRK1;PTEN;RET;STRN"
"8","GO:0043234",0.000932583989237391,2.96,13.2424242424242,23,483,"protein complex","AKAP9;ERC1;DICER1;ALK;MTOR;HMGA1;MEN1;NF2;NTRK1;PCM1;PIK3CA;PPARG;PRKAR1A;RET;TRIM27;STRN;TERT;TPM3;TPR;TSC2;TSHR;CDC73;HOOK3"
"9","GO:0005801",0.000969562431878848,23.0228571428571,0.219336219336219,3,8,"cis-Golgi network","AKAP9;HOOK3;GOLGA5"
"10","GO:0043005",0.00123818010404566,3.86591478696742,3.3997113997114,10,124,"neuron projection","DICER1;MTOR;NRG1;NF2;NTRK1;PTEN;RET;BRAF;STRN;TPM3"
"11","GO:1902494",0.00131955963188928,3.82919254658385,3.42712842712843,10,125,"catalytic complex","ERC1;DICER1;MTOR;MEN1;PIK3CA;PRKAR1A;STRN;TERT;TPR;CDC73"
"12","GO:0061695",0.00166641256407876,5.69040697674419,1.34343434343434,6,49,"transferase complex, transferring phosphorus-containing groups","ERC1;MTOR;PIK3CA;PRKAR1A;TERT;CDC73"
"13","GO:0044297",0.0017174701715525,4.84731182795699,1.83694083694084,7,67,"cell body","MTOR;NRG1;NF2;NTRK1;RET;BRAF;STRN"
"14","GO:0044463",0.00220829387067005,3.79107505070994,3.04329004329004,9,111,"cell projection part","AKAP9;DICER1;NRG1;NF2;PCM1;PRKAR1A;PTEN;STRN;TPM3"
"15","GO:0097458",0.00345407878962527,3.13572281959379,4.55122655122655,11,166,"neuron part","ERC1;DICER1;MTOR;NRG1;NF2;NTRK1;PTEN;RET;BRAF;STRN;TPM3"
"16","GO:0034451",0.0042436737674213,37.3888888888889,0.10966810966811,2,4,"centriolar satellite","PCM1;HOOK3"
"17","GO:0032991",0.00455611481314725,2.50364583333333,14.6681096681097,23,535,"macromolecular complex","AKAP9;ERC1;DICER1;ALK;MTOR;HMGA1;MEN1;NF2;NTRK1;PCM1;PIK3CA;PPARG;PRKAR1A;RET;TRIM27;STRN;TERT;TPM3;TPR;TSC2;TSHR;CDC73;HOOK3"
"18","GO:0016605",0.00466073106986713,7.09090909090909,0.712842712842713,4,26,"PML body","MTOR;PTEN;TRIM27;TERT"
"19","GO:0044459",0.0053370497127472,2.60386473429952,7.81385281385281,15,285,"plasma membrane part","AKAP9;ERC1;ALK;CD274;NRG1;KRAS;KTN1;NF2;NTRK1;PRKAR1A;PTEN;RET;TRIM27;STRN;TSHR"
"20","GO:0036477",0.00593239628423284,3.77928692699491,2.27561327561328,7,83,"somatodendritic compartment","DICER1;MTOR;NRG1;NTRK1;PTEN;RET;STRN"
"21","GO:0031594",0.0069505508978191,24.9074074074074,0.137085137085137,2,5,"neuromuscular junction","NRG1;PRKAR1A"
"22","GO:0019898",0.00712916798321722,4.830007390983,1.26118326118326,5,46,"extrinsic component of membrane","MTOR;KRAS;NF2;PIK3CA;TPR"
"23","GO:0012505",0.00810029568168802,2.39058790671694,9.81529581529582,17,358,"endomembrane system","AKAP9;TFG;ERC1;MTOR;CD274;KTN1;NF2;NRAS;NTRK1;PCM1;PPARG;RET;TRIM27;TPR;TSC2;HOOK3;GOLGA5"
"24","GO:1990234",0.00926306553727349,3.44150796735328,2.46753246753247,7,90,"transferase complex","ERC1;MTOR;MEN1;PIK3CA;PRKAR1A;TERT;CDC73"
