"","GOBPID","Pvalue","OddsRatio","ExpCount","Count","Size","Term","Symbols"
"1","GO:0008283",4.26881520797536e-06,4.58352941176471,10.4922394678492,24,364,"cell proliferation","FLCN;DICER1;ALK;MTOR;CD274;NRG1;HMGA1;KRAS;MEN1;NF2;NRAS;NTRK1;PCM1;PPARG;PRKAR1A;PTEN;TRIM27;BRAF;STRN;TERT;TSC2;TSHR;CDC73;HOOK3"
"2","GO:0051338",4.52407704020898e-06,5.13054968287526,5.44789356984479,17,189,"regulation of transferase activity","AKAP9;ALK;MTOR;NRG1;KRAS;MEN1;NF2;NRAS;NTRK1;PIK3CA;PPARG;PRKAR1A;PTEN;TRIM27;BRAF;TPR;TSC2"
"3","GO:0045859",1.51880752386881e-05,4.96173469387755,4.66962305986696,15,162,"regulation of protein kinase activity","AKAP9;ALK;MTOR;NRG1;KRAS;MEN1;NF2;NRAS;NTRK1;PIK3CA;PRKAR1A;PTEN;TRIM27;BRAF;TSC2"
"4","GO:1901699",1.57309962609608e-05,5.18875,4.09312638580931,14,142,"cellular response to nitrogen compound","AKAP9;DICER1;MTOR;NRG1;KRAS;MEN1;NRAS;NTRK1;PIK3CA;PPARG;PRKAR1A;BRAF;TERT;TSC2"
"5","GO:0043549",3.45948810765846e-05,4.57278481012658,4.98669623059867,15,173,"regulation of kinase activity","AKAP9;ALK;MTOR;NRG1;KRAS;MEN1;NF2;NRAS;NTRK1;PIK3CA;PRKAR1A;PTEN;TRIM27;BRAF;TSC2"
"6","GO:0050790",4.2138321536666e-05,3.89273927392739,9.33924611973393,21,324,"regulation of catalytic activity","AKAP9;FLCN;ALK;MTOR;NRG1;KRAS;MEN1;NF2;NRAS;NTRK1;PIK3CA;PPARG;PRKAR1A;PTEN;RET;TRIM27;BRAF;TERT;TPR;TSC2;TSHR"
"7","GO:0042127",4.67151474133243e-05,3.90492359932088,8.61862527716186,20,299,"regulation of cell proliferation","FLCN;DICER1;MTOR;CD274;NRG1;HMGA1;KRAS;MEN1;NF2;NRAS;NTRK1;PPARG;PRKAR1A;PTEN;BRAF;STRN;TERT;TSC2;TSHR;CDC73"
"8","GO:0048011",5.02554398280339e-05,5.54064039408867,2.82483370288248,11,98,"neurotrophin TRK receptor signaling pathway","AKAP9;MTOR;NRG1;KRAS;NRAS;NTRK1;PIK3CA;PRKAR1A;PTEN;BRAF;TSC2"
"9","GO:0071375",5.02554398280339e-05,5.54064039408867,2.82483370288248,11,98,"cellular response to peptide hormone stimulus","AKAP9;MTOR;NRG1;KRAS;MEN1;NRAS;PIK3CA;PPARG;PRKAR1A;BRAF;TSC2"
"10","GO:0008285",5.41503385331918e-05,4.79838709677419,3.9490022172949,13,137,"negative regulation of cell proliferation","FLCN;DICER1;CD274;HMGA1;MEN1;NF2;NTRK1;PPARG;PRKAR1A;PTEN;STRN;TSC2;CDC73"
"11","GO:1901698",5.63624374785177e-05,4.35227272727273,5.18847006651885,15,180,"response to nitrogen compound","AKAP9;DICER1;MTOR;NRG1;KRAS;MEN1;NRAS;NTRK1;PIK3CA;PPARG;PRKAR1A;PTEN;BRAF;TERT;TSC2"
"12","GO:0038179",6.10041087730969e-05,5.40730337078652,2.88248337028825,11,100,"neurotrophin signaling pathway","AKAP9;MTOR;NRG1;KRAS;NRAS;NTRK1;PIK3CA;PRKAR1A;PTEN;BRAF;TSC2"
"13","GO:1901653",6.70869183229603e-05,5.34285714285714,2.91130820399113,11,101,"cellular response to peptide","AKAP9;MTOR;NRG1;KRAS;MEN1;NRAS;PIK3CA;PPARG;PRKAR1A;BRAF;TSC2"
"14","GO:0044093",7.23546859316969e-05,3.81450381679389,8.09977827050998,19,281,"positive regulation of molecular function","AKAP9;FLCN;ERC1;ALK;NRG1;KRAS;MEN1;NRAS;NTRK1;PIK3CA;PPARG;PRKAR1A;PTEN;RET;TRIM27;BRAF;TERT;TSC2;TSHR"
"15","GO:0032870",7.91759163828084e-05,4.37852348993289,4.69844789356984,14,163,"cellular response to hormone stimulus","AKAP9;MTOR;NRG1;KRAS;MEN1;NRAS;PIK3CA;PPARG;PRKAR1A;BRAF;TSC2;TSHR;PAX8;NCOA4"
"16","GO:0008543",7.97896924802496e-05,5.69655172413793,2.45011086474501,10,85,"fibroblast growth factor receptor signaling pathway","AKAP9;MTOR;NRG1;KRAS;NRAS;PIK3CA;PRKAR1A;PTEN;BRAF;TSC2"
"17","GO:0043434",0.00010601593927253,5.04097744360902,3.05543237250554,11,106,"response to peptide hormone","AKAP9;MTOR;NRG1;KRAS;MEN1;NRAS;PIK3CA;PPARG;PRKAR1A;BRAF;TSC2"
"18","GO:0044344",0.000108198302139314,5.46419098143236,2.53658536585366,10,88,"cellular response to fibroblast growth factor stimulus","AKAP9;MTOR;NRG1;KRAS;NRAS;PIK3CA;PRKAR1A;PTEN;BRAF;TSC2"
"19","GO:0071495",0.000109447333164982,3.7399416909621,7.58093126385809,18,263,"cellular response to endogenous stimulus","AKAP9;FLCN;MTOR;NRG1;KRAS;MEN1;NRAS;NTRK1;TRIM33;PIK3CA;PPARG;PRKAR1A;PTEN;BRAF;TSC2;TSHR;PAX8;NCOA4"
"20","GO:0031644",0.000109569954729113,24.9142857142857,0.288248337028825,4,10,"regulation of neurological system process","DICER1;MTOR;NRG1;PTEN"
"21","GO:0071774",0.000119407705321452,5.39065910082933,2.56541019955654,10,89,"response to fibroblast growth factor","AKAP9;MTOR;NRG1;KRAS;NRAS;PIK3CA;PRKAR1A;PTEN;BRAF;TSC2"
"22","GO:0051241",0.000136356429124006,4.12687898089172,4.9290465631929,14,171,"negative regulation of multicellular organismal process","FLCN;DICER1;MTOR;CD274;NRG1;MEN1;NRAS;PCM1;PPARG;PTEN;TRIM27;PAX8;CDC73;HOOK3"
"23","GO:0071417",0.000141234957568601,4.54700854700855,3.71840354767184,12,129,"cellular response to organonitrogen compound","AKAP9;MTOR;NRG1;KRAS;MEN1;NRAS;NTRK1;PIK3CA;PPARG;PRKAR1A;BRAF;TSC2"
"24","GO:0071310",0.00015460117665457,3.44331395348837,11.8181818181818,23,410,"cellular response to organic substance","AKAP9;FLCN;DICER1;MTOR;NRG1;KRAS;MEN1;NRAS;NTRK1;TRIM33;PIK3CA;PPARG;PRKAR1A;PTEN;RET;BRAF;TERT;TPR;TSC2;TSHR;PAX8;CDC73;NCOA4"
"25","GO:0001932",0.000170724520586532,3.66117506947201,7.09090909090909,17,246,"regulation of protein phosphorylation","AKAP9;FLCN;ALK;MTOR;NRG1;KRAS;MEN1;NF2;NRAS;NTRK1;PIK3CA;PRKAR1A;PTEN;RET;TRIM27;BRAF;TSC2"
"26","GO:0000165",0.000176971104900559,4.19285714285714,4.41019955654102,13,153,"MAPK cascade","AKAP9;FLCN;ALK;NRG1;KRAS;MEN1;NF2;NRAS;NTRK1;PTEN;RET;BRAF;TPR"
"27","GO:0006468",0.00017854615841829,3.50821428571429,8.61862527716186,19,299,"protein phosphorylation","AKAP9;FLCN;ERC1;ALK;MTOR;NRG1;KRAS;MEN1;NF2;NRAS;NTRK1;PIK3CA;PRKAR1A;PTEN;RET;TRIM27;BRAF;TPR;TSC2"
"28","GO:1901652",0.000192266732949062,4.66806722689076,3.25720620842572,11,113,"response to peptide","AKAP9;MTOR;NRG1;KRAS;MEN1;NRAS;PIK3CA;PPARG;PRKAR1A;BRAF;TSC2"
"29","GO:0043491",0.000201822809065669,9.00699300699301,0.922394678492239,6,32,"protein kinase B signaling","FLCN;MTOR;NRG1;PIK3CA;PTEN;TSC2"
"30","GO:0051091",0.000222598846997607,7.15144230769231,1.32594235033259,7,46,"positive regulation of sequence-specific DNA binding transcription factor activity","ERC1;ALK;KRAS;NTRK1;PPARG;PTEN;TRIM27"
"31","GO:0051093",0.000231834431276444,4.0625,4.52549889135255,13,157,"negative regulation of developmental process","FLCN;DICER1;NRG1;KRAS;MEN1;NRAS;PCM1;PPARG;PTEN;TERT;PAX8;CDC73;HOOK3"
"32","GO:0023014",0.000247659856763691,4.03103448275862,4.55432372505543,13,158,"signal transduction by protein phosphorylation","AKAP9;FLCN;ALK;NRG1;KRAS;MEN1;NF2;NRAS;NTRK1;PTEN;RET;BRAF;TPR"
"33","GO:0031641",0.000247681315307586,18.6571428571429,0.34589800443459,4,12,"regulation of myelination","DICER1;MTOR;NRG1;PTEN"
"34","GO:0070848",0.000265504545981246,3.69736842105263,5.90909090909091,15,205,"response to growth factor","AKAP9;FLCN;MTOR;NRG1;KRAS;MEN1;NRAS;NTRK1;TRIM33;PIK3CA;PRKAR1A;PTEN;BRAF;TPR;TSC2"
"35","GO:0043085",0.000275138125821399,3.57578220235677,6.62971175166297,16,230,"positive regulation of catalytic activity","AKAP9;FLCN;ALK;NRG1;KRAS;NRAS;NTRK1;PIK3CA;PPARG;PRKAR1A;PTEN;RET;BRAF;TERT;TSC2;TSHR"
"36","GO:0009725",0.000297093834892097,3.65234375,5.96674057649667,15,207,"response to hormone","AKAP9;MTOR;NRG1;KRAS;MEN1;NRAS;PIK3CA;PPARG;PRKAR1A;PTEN;BRAF;TSC2;TSHR;PAX8;NCOA4"
"37","GO:0009719",0.000298257986422537,3.33969072164948,8.93569844789357,19,310,"response to endogenous stimulus","AKAP9;FLCN;MTOR;NRG1;KRAS;MEN1;NRAS;NTRK1;TRIM33;PIK3CA;PPARG;PRKAR1A;PTEN;BRAF;TPR;TSC2;TSHR;PAX8;NCOA4"
"38","GO:0007173",0.000323823431737881,4.68965517241379,2.88248337028825,10,100,"epidermal growth factor receptor signaling pathway","AKAP9;MTOR;NRG1;KRAS;NRAS;PIK3CA;PRKAR1A;PTEN;BRAF;TSC2"
"39","GO:0038127",0.000323823431737881,4.68965517241379,2.88248337028825,10,100,"ERBB signaling pathway","AKAP9;MTOR;NRG1;KRAS;NRAS;PIK3CA;PRKAR1A;PTEN;BRAF;TSC2"
"40","GO:0019220",0.000327645629850925,3.36115569823435,8.21507760532151,18,285,"regulation of phosphate metabolic process","AKAP9;FLCN;ALK;MTOR;NRG1;KRAS;MEN1;NF2;NRAS;NTRK1;PIK3CA;PRKAR1A;PTEN;RET;TRIM27;BRAF;TSC2;TSHR"
"41","GO:0051174",0.000327645629850925,3.36115569823435,8.21507760532151,18,285,"regulation of phosphorus metabolic process","AKAP9;FLCN;ALK;MTOR;NRG1;KRAS;MEN1;NF2;NRAS;NTRK1;PIK3CA;PRKAR1A;PTEN;RET;TRIM27;BRAF;TSC2;TSHR"
"42","GO:0032869",0.000337892760694782,5.1,2.36363636363636,9,82,"cellular response to insulin stimulus","AKAP9;MTOR;NRG1;KRAS;NRAS;PIK3CA;PPARG;BRAF;TSC2"
"43","GO:0010243",0.000363734296873138,3.85099337748344,4.72727272727273,13,164,"response to organonitrogen compound","AKAP9;MTOR;NRG1;KRAS;MEN1;NRAS;NTRK1;PIK3CA;PPARG;PRKAR1A;PTEN;BRAF;TSC2"
"44","GO:0032868",0.000407039371903217,4.956,2.42128603104213,9,84,"response to insulin","AKAP9;MTOR;NRG1;KRAS;NRAS;PIK3CA;PPARG;BRAF;TSC2"
"45","GO:0031646",0.000417685031398894,36.4166666666667,0.172949002217295,3,6,"positive regulation of neurological system process","DICER1;MTOR;NRG1"
"46","GO:0060998",0.000417685031398894,36.4166666666667,0.172949002217295,3,6,"regulation of dendritic spine development","MTOR;NRG1;PTEN"
"47","GO:0051348",0.000427748509043582,5.48933843630399,1.93126385809313,8,67,"negative regulation of transferase activity","MEN1;NF2;PPARG;PRKAR1A;PTEN;TRIM27;TPR;TSC2"
"48","GO:0042325",0.000443553743249458,3.32148093841642,7.63858093126386,17,265,"regulation of phosphorylation","AKAP9;FLCN;ALK;MTOR;NRG1;KRAS;MEN1;NF2;NRAS;NTRK1;PIK3CA;PRKAR1A;PTEN;RET;TRIM27;BRAF;TSC2"
"49","GO:0031399",0.000495028400288681,3.22360248447205,8.47450110864745,18,294,"regulation of protein modification process","AKAP9;FLCN;ALK;MTOR;NRG1;KRAS;MEN1;NF2;NRAS;NTRK1;PIK3CA;PRKAR1A;PTEN;RET;TRIM27;BRAF;TPR;TSC2"
"50","GO:0010033",0.00051526560822958,3.09285714285714,13.6053215077605,24,472,"response to organic substance","AKAP9;FLCN;DICER1;MTOR;CD274;NRG1;KRAS;MEN1;NRAS;NTRK1;TRIM33;PIK3CA;PPARG;PRKAR1A;PTEN;RET;BRAF;TERT;TPR;TSC2;TSHR;PAX8;CDC73;NCOA4"
"51","GO:0065009",0.000520310196762338,3.08853850818678,11.8181818181818,22,410,"regulation of molecular function","AKAP9;FLCN;ERC1;ALK;MTOR;NRG1;KRAS;MEN1;NF2;NRAS;NTRK1;PIK3CA;PPARG;PRKAR1A;PTEN;RET;TRIM27;BRAF;TERT;TPR;TSC2;TSHR"
"52","GO:0032268",0.000565341334657835,3.10099573257468,10.1751662971175,20,353,"regulation of cellular protein metabolic process","AKAP9;FLCN;DICER1;ALK;MTOR;NRG1;KRAS;MEN1;NF2;NRAS;NTRK1;PIK3CA;PPARG;PRKAR1A;PTEN;RET;TRIM27;BRAF;TPR;TSC2"
"53","GO:0008286",0.000581023281067369,5.21123829344433,2.01773835920177,8,70,"insulin receptor signaling pathway","AKAP9;MTOR;NRG1;KRAS;NRAS;PIK3CA;BRAF;TSC2"
"54","GO:0038095",0.000632775018140146,4.6275,2.56541019955654,9,89,"Fc-epsilon receptor signaling pathway","AKAP9;MTOR;NRG1;KRAS;NRAS;PIK3CA;PTEN;BRAF;TSC2"
"55","GO:0050767",0.000634001994625193,3.9818401937046,3.71840354767184,11,129,"regulation of neurogenesis","DICER1;MTOR;NRG1;NF2;NTRK1;PCM1;PPARG;PTEN;RET;BRAF;HOOK3"
"56","GO:0007010",0.000648750752679664,3.75699440447642,4.35254988913525,12,151,"cytoskeleton organization","AKAP9;DICER1;MTOR;KRAS;NF2;PCM1;PRKAR1A;PTEN;TRIM27;BRAF;TPR;HOOK3"
"57","GO:0010562",0.000675783046240854,3.43913043478261,5.70731707317073,14,198,"positive regulation of phosphorus metabolic process","AKAP9;FLCN;ALK;MTOR;NRG1;KRAS;NRAS;NTRK1;PIK3CA;PRKAR1A;PTEN;RET;BRAF;TSHR"
"58","GO:0045937",0.000675783046240854,3.43913043478261,5.70731707317073,14,198,"positive regulation of phosphate metabolic process","AKAP9;FLCN;ALK;MTOR;NRG1;KRAS;NRAS;NTRK1;PIK3CA;PRKAR1A;PTEN;RET;BRAF;TSHR"
"59","GO:0060341",0.000700773347800729,3.55555555555556,5.04434589800443,13,175,"regulation of cellular localization","FLCN;MTOR;CD274;NRG1;NF2;PCM1;PRKAR1A;PTEN;TRIM27;BRAF;TERT;TPR;PAX8"
"60","GO:0071363",0.000712720268847421,3.41751351351351,5.73614190687361,14,199,"cellular response to growth factor stimulus","AKAP9;FLCN;MTOR;NRG1;KRAS;MEN1;NRAS;NTRK1;TRIM33;PIK3CA;PRKAR1A;PTEN;BRAF;TSC2"
"61","GO:0060996",0.000716364081525599,27.2916666666667,0.201773835920177,3,7,"dendritic spine development","MTOR;NRG1;PTEN"
"62","GO:0016310",0.000737879276498799,3.05096153846154,9.5410199556541,19,331,"phosphorylation","AKAP9;FLCN;ERC1;ALK;MTOR;NRG1;KRAS;MEN1;NF2;NRAS;NTRK1;PIK3CA;PRKAR1A;PTEN;RET;TRIM27;BRAF;TPR;TSC2"
"63","GO:0030155",0.000775460790152693,3.87337662337662,3.80487804878049,11,132,"regulation of cell adhesion","FLCN;MTOR;CD274;NRG1;MEN1;NF2;PIK3CA;PRKAR1A;PTEN;RET;BRAF"
"64","GO:0031325",0.000798444004105131,2.98344947735192,14.9024390243902,25,517,"positive regulation of cellular metabolic process","AKAP9;FLCN;ERC1;DICER1;ALK;MTOR;NRG1;HMGA1;KRAS;MEN1;NRAS;NTRK1;PIK3CA;PPARG;PRKAR1A;PTEN;RET;TRIM27;BRAF;TERT;TSC2;TSHR;PAX8;CDC73;NCOA4"
"65","GO:0038194",0.000810165444311786,Inf,0.057649667405765,2,2,"thyroid-stimulating hormone signaling pathway","TSHR;PAX8"
"66","GO:0007167",0.000819394501202634,3.17759764185704,7.26385809312639,16,252,"enzyme linked receptor protein signaling pathway","AKAP9;FLCN;ALK;MTOR;NRG1;KRAS;MEN1;NRAS;NTRK1;TRIM33;PIK3CA;PRKAR1A;PTEN;RET;BRAF;TSC2"
"67","GO:1902589",0.000867924328134473,3.0003164556962,9.65631929046563,19,335,"single-organism organelle organization","AKAP9;TFG;FLCN;DICER1;MTOR;HMGA1;KRAS;MEN1;NF2;PCM1;PIK3CA;PRKAR1A;PTEN;TRIM27;BRAF;TERT;TPR;CDC73;HOOK3"
"68","GO:0032147",0.000880276543188944,4.39285714285714,2.68070953436807,9,93,"activation of protein kinase activity","AKAP9;ALK;NRG1;KRAS;NRAS;NTRK1;PIK3CA;PRKAR1A;BRAF"
"69","GO:0051896",0.000925633719772985,8.25447570332481,0.80709534368071,5,28,"regulation of protein kinase B signaling","FLCN;MTOR;NRG1;PTEN;TSC2"
"70","GO:0001934",0.000978025341667411,3.41071428571429,5.21729490022173,13,181,"positive regulation of protein phosphorylation","AKAP9;FLCN;ALK;MTOR;NRG1;KRAS;NRAS;NTRK1;PIK3CA;PRKAR1A;PTEN;RET;BRAF"
"71","GO:0048709",0.00109497852802112,7.90441176470588,0.835920177383592,5,29,"oligodendrocyte differentiation","DICER1;MTOR;NRG1;PPARG;PTEN"
"72","GO:0070887",0.0011149104482068,2.86517653758542,13.3170731707317,23,462,"cellular response to chemical stimulus","AKAP9;FLCN;DICER1;MTOR;NRG1;KRAS;MEN1;NRAS;NTRK1;TRIM33;PIK3CA;PPARG;PRKAR1A;PTEN;RET;BRAF;TERT;TPR;TSC2;TSHR;PAX8;CDC73;NCOA4"
"73","GO:0035176",0.00112333092991518,21.8166666666667,0.23059866962306,3,8,"social behavior","MTOR;KRAS;PTEN"
"74","GO:0051703",0.00112333092991518,21.8166666666667,0.23059866962306,3,8,"intraspecies interaction between organisms","MTOR;KRAS;PTEN"
"75","GO:0010721",0.00121712140347614,6.10526315789474,1.26829268292683,6,44,"negative regulation of cell development","DICER1;NRG1;PCM1;PTEN;PAX8;HOOK3"
"76","GO:0001933",0.00121792125516706,4.58617511520737,2.24833702882483,8,78,"negative regulation of protein phosphorylation","FLCN;MTOR;MEN1;NF2;PRKAR1A;PTEN;TRIM27;TSC2"
"77","GO:0019219",0.00127901041508264,2.87569573283859,16.2860310421286,26,565,"regulation of nucleobase-containing compound metabolic process","FLCN;ERC1;DICER1;ALK;MTOR;NRG1;HMGA1;KRAS;MEN1;NF2;NTRK1;TRIM33;PIK3CA;PPARG;ZNF331;PRKAR1A;PTEN;RET;TRIM27;TERT;TPR;TSC2;TSHR;PAX8;CDC73;NCOA4"
"78","GO:0051254",0.0012850402690862,2.87914110429448,9.94456762749446,19,345,"positive regulation of RNA metabolic process","FLCN;ERC1;DICER1;ALK;MTOR;NRG1;HMGA1;KRAS;MEN1;NTRK1;PPARG;PTEN;RET;TRIM27;TERT;TSC2;PAX8;CDC73;NCOA4"
"79","GO:0051960",0.00128790724855303,3.60880398671096,4.03547671840355,11,140,"regulation of nervous system development","DICER1;MTOR;NRG1;NF2;NTRK1;PCM1;PPARG;PTEN;RET;BRAF;HOOK3"
"80","GO:0051246",0.00132512285073533,2.84358784284655,10.8093126385809,20,375,"regulation of protein metabolic process","AKAP9;FLCN;DICER1;ALK;MTOR;NRG1;KRAS;MEN1;NF2;NRAS;NTRK1;PIK3CA;PPARG;PRKAR1A;PTEN;RET;TRIM27;BRAF;TPR;TSC2"
"81","GO:0071900",0.00134034369729908,3.81208478329643,3.43015521064302,10,119,"regulation of protein serine/threonine kinase activity","AKAP9;ALK;NRG1;KRAS;MEN1;NRAS;NTRK1;PRKAR1A;PTEN;BRAF"
"82","GO:0043408",0.00136829916864666,3.57802197802198,4.06430155210643,11,141,"regulation of MAPK cascade","AKAP9;FLCN;ALK;NRG1;KRAS;MEN1;NF2;NRAS;NTRK1;PTEN;BRAF"
"83","GO:0045935",0.00137474064502546,2.83264340626848,10.8381374722838,20,376,"positive regulation of nucleobase-containing compound metabolic process","FLCN;ERC1;DICER1;ALK;MTOR;NRG1;HMGA1;KRAS;MEN1;NTRK1;PPARG;PTEN;RET;TRIM27;TERT;TSC2;TSHR;PAX8;CDC73;NCOA4"
"84","GO:0007264",0.0014528288634802,3.54770992366412,4.09312638580931,11,142,"small GTPase mediated signal transduction","AKAP9;FLCN;NRG1;KRAS;KTN1;MEN1;NF2;NRAS;NTRK1;BRAF;TSC2"
"85","GO:1901701",0.00148878280949472,3.23295454545455,5.44789356984479,13,189,"cellular response to oxygen-containing compound","AKAP9;MTOR;NRG1;KRAS;MEN1;NRAS;PIK3CA;PPARG;PRKAR1A;RET;BRAF;TSC2;CDC73"
"86","GO:0045596",0.00152864985417783,3.73718546132339,3.48780487804878,10,121,"negative regulation of cell differentiation","DICER1;NRG1;KRAS;MEN1;PCM1;PPARG;PTEN;PAX8;CDC73;HOOK3"
"87","GO:0042327",0.00156617144254323,3.21186440677966,5.47671840354767,13,190,"positive regulation of phosphorylation","AKAP9;FLCN;ALK;MTOR;NRG1;KRAS;NRAS;NTRK1;PIK3CA;PRKAR1A;PTEN;RET;BRAF"
"88","GO:0038093",0.00161469208612459,3.98478260869565,2.91130820399113,9,101,"Fc receptor signaling pathway","AKAP9;MTOR;NRG1;KRAS;NRAS;PIK3CA;PTEN;BRAF;TSC2"
"89","GO:0033555",0.00165142967047722,18.1666666666667,0.259423503325942,3,9,"multicellular organismal response to stress","NTRK1;PTEN;RET"
"90","GO:0045687",0.00165142967047722,18.1666666666667,0.259423503325942,3,9,"positive regulation of glial cell differentiation","DICER1;MTOR;PPARG"
"91","GO:0046579",0.00165142967047722,18.1666666666667,0.259423503325942,3,9,"positive regulation of Ras protein signal transduction","NRG1;KRAS;NTRK1"
"92","GO:0033138",0.00167540840782267,9.89714285714286,0.547671840354767,4,19,"positive regulation of peptidyl-serine phosphorylation","AKAP9;PIK3CA;RET;BRAF"
"93","GO:0051090",0.00170053495387103,4.32432432432432,2.36363636363636,8,82,"regulation of sequence-specific DNA binding transcription factor activity","ERC1;ALK;KRAS;MEN1;NTRK1;PPARG;PTEN;TRIM27"
"94","GO:0060284",0.00182302002299651,3.27530077848549,4.87139689578714,12,169,"regulation of cell development","DICER1;MTOR;NRG1;NF2;NTRK1;PCM1;PPARG;PTEN;RET;BRAF;PAX8;HOOK3"
"95","GO:0042326",0.00184233836909588,4.26322580645161,2.39246119733925,8,83,"negative regulation of phosphorylation","FLCN;MTOR;MEN1;NF2;PRKAR1A;PTEN;TRIM27;TSC2"
"96","GO:0007169",0.00191059804682067,3.12983425414365,5.5920177383592,13,194,"transmembrane receptor protein tyrosine kinase signaling pathway","AKAP9;ALK;MTOR;NRG1;KRAS;NRAS;NTRK1;PIK3CA;PRKAR1A;PTEN;RET;BRAF;TSC2"
"97","GO:0045087",0.00192167622901521,3.25175808720113,4.90022172949002,12,170,"innate immune response","AKAP9;MTOR;NRG1;KRAS;NRAS;PIK3CA;PPARG;PRKAR1A;PTEN;TRIM27;BRAF;TSC2"
"98","GO:0042063",0.00193149124835449,4.73706896551724,1.87361419068736,7,65,"gliogenesis","DICER1;MTOR;NRG1;KRAS;NF2;PPARG;PTEN"
"99","GO:0006469",0.00194267859165492,5.50649350649351,1.38359201773836,6,48,"negative regulation of protein kinase activity","MEN1;NF2;PRKAR1A;PTEN;TRIM27;TSC2"
"100","GO:0097285",0.00199392918117395,3.84947368421053,2.99778270509978,9,104,"cell-type specific apoptotic process","DICER1;MTOR;NRG1;KRAS;NTRK1;PIK3CA;PTEN;BRAF;PAX8"
"101","GO:0048522",0.00213540888125911,2.87363636363636,19.860310421286,29,689,"positive regulation of cellular process","AKAP9;TFG;FLCN;ERC1;DICER1;ALK;MTOR;CD274;NRG1;HMGA1;KRAS;MEN1;NF2;NRAS;NTRK1;PIK3CA;PPARG;PRKAR1A;PTEN;RET;TRIM27;BRAF;TERT;TPR;TSC2;TSHR;PAX8;CDC73;NCOA4"
"102","GO:0051173",0.00218481372608776,2.69576379974326,11.2128603104213,20,389,"positive regulation of nitrogen compound metabolic process","FLCN;ERC1;DICER1;ALK;MTOR;NRG1;HMGA1;KRAS;MEN1;NTRK1;PPARG;PTEN;RET;TRIM27;TERT;TSC2;TSHR;PAX8;CDC73;NCOA4"
"103","GO:0051641",0.00223775528484368,2.71070381231672,10.3769401330377,19,360,"cellular localization","TFG;FLCN;ERC1;MTOR;CD274;NRG1;NF2;NRAS;PCM1;PRKAR1A;PTEN;TRIM27;BRAF;TERT;TPR;TSC2;PAX8;HOOK3;GOLGA5"
"104","GO:0032233",0.00231222669151213,15.5595238095238,0.288248337028825,3,10,"positive regulation of actin filament bundle assembly","MTOR;NF2;BRAF"
"105","GO:0051057",0.00231222669151213,15.5595238095238,0.288248337028825,3,10,"positive regulation of small GTPase mediated signal transduction","NRG1;KRAS;NTRK1"
"106","GO:0051496",0.00231222669151213,15.5595238095238,0.288248337028825,3,10,"positive regulation of stress fiber assembly","MTOR;NF2;BRAF"
"107","GO:0014010",0.00238612013539348,70.972972972973,0.0864745011086474,2,3,"Schwann cell proliferation","DICER1;NF2"
"108","GO:0014042",0.00238612013539348,70.972972972973,0.0864745011086474,2,3,"positive regulation of neuron maturation","MTOR;RET"
"109","GO:0022027",0.00238612013539348,70.972972972973,0.0864745011086474,2,3,"interkinetic nuclear migration","PCM1;HOOK3"
"110","GO:0030422",0.00238612013539348,70.972972972973,0.0864745011086474,2,3,"production of siRNA involved in RNA interference","DICER1;TERT"
"111","GO:0034454",0.00238612013539348,70.972972972973,0.0864745011086474,2,3,"microtubule anchoring at centrosome","PCM1;HOOK3"
"112","GO:0060999",0.00238612013539348,70.972972972973,0.0864745011086474,2,3,"positive regulation of dendritic spine development","MTOR;NRG1"
"113","GO:0000186",0.00241045481941119,5.24793388429752,1.44124168514412,6,50,"activation of MAPKK activity","AKAP9;NRG1;KRAS;NRAS;NTRK1;BRAF"
"114","GO:0050793",0.00242222475265107,2.66553480475382,11.2993348115299,20,392,"regulation of developmental process","FLCN;DICER1;MTOR;NRG1;HMGA1;KRAS;MEN1;NF2;NRAS;NTRK1;PCM1;PIK3CA;PPARG;PTEN;RET;BRAF;TERT;PAX8;CDC73;HOOK3"
"115","GO:0007165",0.00246756147294503,2.83022556390977,20.0044345898004,29,694,"signal transduction","AKAP9;TFG;FLCN;ERC1;ALK;MTOR;CD274;NRG1;KRAS;KTN1;MEN1;NF2;NRAS;NTRK1;TRIM33;PIK3CA;PPARG;PRKAR1A;PTEN;RET;BRAF;STRN;TERT;TPR;TSC2;TSHR;PAX8;CDC73;NCOA4"
"116","GO:0009967",0.00249038652968382,2.85487288135593,7.2350332594235,15,251,"positive regulation of signal transduction","AKAP9;TFG;FLCN;ALK;MTOR;NRG1;KRAS;MEN1;NRAS;NTRK1;PTEN;RET;BRAF;TERT;CDC73"
"117","GO:0048699",0.0024997695131523,2.79322933952871,8.01330376940133,16,278,"generation of neurons","AKAP9;DICER1;ALK;MTOR;NRG1;KRAS;NF2;NRAS;NTRK1;PCM1;PPARG;PTEN;RET;BRAF;STRN;HOOK3"
"118","GO:0031400",0.00260839000279128,3.68181818181818,3.11308203991131,9,108,"negative regulation of protein modification process","FLCN;MTOR;MEN1;NF2;PRKAR1A;PTEN;TRIM27;TPR;TSC2"
"119","GO:0050768",0.00263535823020243,6.29411764705882,1.00886917960089,5,35,"negative regulation of neurogenesis","DICER1;NRG1;PCM1;PTEN;HOOK3"
"120","GO:0033673",0.00267412785711202,5.12727272727273,1.47006651884701,6,51,"negative regulation of kinase activity","MEN1;NF2;PRKAR1A;PTEN;TRIM27;TSC2"
"121","GO:0010628",0.00268176923111502,2.63578947368421,11.3858093126386,20,395,"positive regulation of gene expression","FLCN;ERC1;DICER1;ALK;MTOR;NRG1;HMGA1;KRAS;MEN1;NTRK1;PPARG;PTEN;RET;TRIM27;BRAF;TERT;TSC2;PAX8;CDC73;NCOA4"
"122","GO:0051347",0.00282568888619806,3.39982901111428,3.77605321507761,10,131,"positive regulation of transferase activity","AKAP9;ALK;NRG1;KRAS;NRAS;NTRK1;PIK3CA;PRKAR1A;PTEN;BRAF"
"123","GO:0030258",0.00297004534894759,8.22857142857143,0.634146341463415,4,22,"lipid modification","MTOR;PIK3CA;PPARG;PTEN"
"124","GO:0007611",0.00299616737190765,6.08633776091082,1.03769401330377,5,36,"learning or memory","MTOR;KRAS;NTRK1;PTEN;BRAF"
"125","GO:0030336",0.00299616737190765,6.08633776091082,1.03769401330377,5,36,"negative regulation of cell migration","FLCN;NRG1;NF2;PTEN;BRAF"
"126","GO:0043412",0.00305232624086611,2.5813829787234,14.2106430155211,23,493,"macromolecule modification","AKAP9;TFG;FLCN;ERC1;ALK;MTOR;NRG1;KRAS;MEN1;NF2;NRAS;NTRK1;TRMO;TRIM33;PIK3CA;PRKAR1A;PTEN;RET;TRIM27;BRAF;TPR;TSC2;CDC73"
"127","GO:0007166",0.00305951662816308,2.57939166555005,13.2882483370288,22,461,"cell surface receptor signaling pathway","AKAP9;FLCN;ALK;MTOR;CD274;NRG1;KRAS;MEN1;NRAS;NTRK1;TRIM33;PIK3CA;PPARG;PRKAR1A;PTEN;RET;BRAF;STRN;TERT;TPR;TSC2;CDC73"
"128","GO:0045184",0.00311066012332713,2.84666666666667,6.62971175166297,14,230,"establishment of protein localization","ERC1;MTOR;CD274;NRG1;NRAS;PCM1;PPARG;PRKAR1A;TRIM27;BRAF;TERT;TPR;TSC2;HOOK3"
"129","GO:0014009",0.00311608159331092,13.6041666666667,0.317073170731707,3,11,"glial cell proliferation","DICER1;MTOR;NF2"
"130","GO:0021675",0.00311608159331092,13.6041666666667,0.317073170731707,3,11,"nerve development","DICER1;NTRK1;RET"
"131","GO:0051705",0.00311608159331092,13.6041666666667,0.317073170731707,3,11,"multi-organism behavior","MTOR;KRAS;PTEN"
"132","GO:0055017",0.00311608159331092,13.6041666666667,0.317073170731707,3,11,"cardiac muscle tissue growth","MTOR;NRG1;PRKAR1A"
"133","GO:0006796",0.003168135523305,2.58725761772853,11.529933481153,20,400,"phosphate-containing compound metabolic process","AKAP9;FLCN;ERC1;ALK;MTOR;NRG1;KRAS;MEN1;NF2;NRAS;NTRK1;PIK3CA;PRKAR1A;PTEN;RET;TRIM27;BRAF;TPR;TSC2;TSHR"
"134","GO:0033365",0.0031698048547124,3.33894028595458,3.83370288248337,10,133,"protein localization to organelle","FLCN;MTOR;NRG1;NF2;NRAS;PCM1;TERT;TPR;TSC2;HOOK3"
"135","GO:0051171",0.00317744701445401,2.61862917398946,17.1507760532151,26,595,"regulation of nitrogen compound metabolic process","FLCN;ERC1;DICER1;ALK;MTOR;NRG1;HMGA1;KRAS;MEN1;NF2;NTRK1;TRIM33;PIK3CA;PPARG;ZNF331;PRKAR1A;PTEN;RET;TRIM27;TERT;TPR;TSC2;TSHR;PAX8;CDC73;NCOA4"
"136","GO:0045893",0.00320838483261714,2.62980981866431,9.82926829268293,18,341,"positive regulation of transcription, DNA-templated","FLCN;ERC1;ALK;MTOR;NRG1;HMGA1;KRAS;MEN1;NTRK1;PPARG;PTEN;RET;TRIM27;TERT;TSC2;PAX8;CDC73;NCOA4"
"137","GO:1903508",0.00320838483261714,2.62980981866431,9.82926829268293,18,341,"positive regulation of nucleic acid-templated transcription","FLCN;ERC1;ALK;MTOR;NRG1;HMGA1;KRAS;MEN1;NTRK1;PPARG;PTEN;RET;TRIM27;TERT;TSC2;PAX8;CDC73;NCOA4"
"138","GO:0003008",0.00333359362608435,3.0111768573307,5.21729490022173,12,181,"system process","AKAP9;DICER1;MTOR;NRG1;KRAS;NTRK1;PIK3CA;PPARG;PRKAR1A;PTEN;BRAF;TPM3"
"139","GO:0018193",0.00338497471863509,2.8154128440367,6.68736141906874,14,232,"peptidyl-amino acid modification","AKAP9;TFG;FLCN;ALK;MTOR;NRG1;MEN1;NF2;NTRK1;PIK3CA;RET;TRIM27;BRAF;TPR"
"140","GO:0008104",0.00340894370113978,2.68985507246377,8.24390243902439,16,286,"protein localization","FLCN;ERC1;MTOR;CD274;NRG1;NF2;NRAS;PCM1;PPARG;PRKAR1A;TRIM27;BRAF;TERT;TPR;TSC2;HOOK3"
"141","GO:1902680",0.00344118965038454,2.60835164835165,9.88691796008869,18,343,"positive regulation of RNA biosynthetic process","FLCN;ERC1;ALK;MTOR;NRG1;HMGA1;KRAS;MEN1;NTRK1;PPARG;PTEN;RET;TRIM27;TERT;TSC2;PAX8;CDC73;NCOA4"
"142","GO:1901700",0.00344840294415401,2.74077868852459,7.46563192904656,15,259,"response to oxygen-containing compound","AKAP9;MTOR;NRG1;KRAS;MEN1;NRAS;NTRK1;PIK3CA;PPARG;PRKAR1A;PTEN;RET;BRAF;TSC2;CDC73"
"143","GO:0010604",0.00345994356242721,2.55494071146245,15.2771618625277,24,530,"positive regulation of macromolecule metabolic process","AKAP9;FLCN;ERC1;DICER1;ALK;MTOR;NRG1;HMGA1;KRAS;MEN1;NRAS;NTRK1;PIK3CA;PPARG;PRKAR1A;PTEN;RET;TRIM27;BRAF;TERT;TSC2;PAX8;CDC73;NCOA4"
"144","GO:0031401",0.00349987389143255,2.88659793814433,5.96674057649667,13,207,"positive regulation of protein modification process","AKAP9;FLCN;ALK;MTOR;NRG1;KRAS;NRAS;NTRK1;PIK3CA;PRKAR1A;PTEN;RET;BRAF"
"145","GO:0048010",0.00351924485905014,4.20336538461538,2.07538802660754,7,72,"vascular endothelial growth factor receptor signaling pathway","AKAP9;MTOR;NRG1;KRAS;NRAS;PIK3CA;BRAF"
"146","GO:0014013",0.00352112496770403,7.78947368421053,0.662971175166297,4,23,"regulation of gliogenesis","DICER1;MTOR;NF2;PPARG"
"147","GO:0051495",0.00352112496770403,7.78947368421053,0.662971175166297,4,23,"positive regulation of cytoskeleton organization","MTOR;NF2;TRIM27;BRAF"
"148","GO:0010001",0.00359692186297508,4.79545454545455,1.55654101995565,6,54,"glial cell differentiation","DICER1;MTOR;NRG1;KRAS;PPARG;PTEN"
"149","GO:0035556",0.00361047415914669,2.54934210526316,11.6452328159645,20,404,"intracellular signal transduction","AKAP9;TFG;FLCN;ERC1;ALK;MTOR;NRG1;KRAS;KTN1;MEN1;NF2;NRAS;NTRK1;PIK3CA;PRKAR1A;PTEN;RET;BRAF;TPR;TSC2"
"150","GO:0006793",0.00372904518301051,2.53998632946001,11.6740576496674,20,405,"phosphorus metabolic process","AKAP9;FLCN;ERC1;ALK;MTOR;NRG1;KRAS;MEN1;NF2;NRAS;NTRK1;PIK3CA;PRKAR1A;PTEN;RET;TRIM27;BRAF;TPR;TSC2;TSHR"
"151","GO:0048738",0.00382350618570215,5.70855614973262,1.09534368070953,5,38,"cardiac muscle tissue development","DICER1;MTOR;NRG1;PRKAR1A;PTEN"
"152","GO:0050890",0.00382350618570215,5.70855614973262,1.09534368070953,5,38,"cognition","MTOR;KRAS;NTRK1;PTEN;BRAF"
"153","GO:2000146",0.00382350618570215,5.70855614973262,1.09534368070953,5,38,"negative regulation of cell motility","FLCN;NRG1;NF2;PTEN;BRAF"
"154","GO:0010563",0.00384453299043251,3.73130929791271,2.68070953436807,8,93,"negative regulation of phosphorus metabolic process","FLCN;MTOR;MEN1;NF2;PRKAR1A;PTEN;TRIM27;TSC2"
"155","GO:0045936",0.00384453299043251,3.73130929791271,2.68070953436807,8,93,"negative regulation of phosphate metabolic process","FLCN;MTOR;MEN1;NF2;PRKAR1A;PTEN;TRIM27;TSC2"
"156","GO:0006996",0.00386476440371944,2.51842948717949,12.5964523281596,21,437,"organelle organization","AKAP9;TFG;FLCN;DICER1;MTOR;NRG1;HMGA1;KRAS;MEN1;NF2;PCM1;PIK3CA;PRKAR1A;PTEN;TRIM27;BRAF;TERT;TPR;CDC73;HOOK3;GOLGA5"
"157","GO:0051239",0.00398696393786451,2.50959232613909,12.6252771618625,21,438,"regulation of multicellular organismal process","AKAP9;FLCN;DICER1;MTOR;CD274;NRG1;MEN1;NF2;NRAS;NTRK1;PCM1;PIK3CA;PPARG;PTEN;RET;TRIM27;BRAF;TERT;PAX8;CDC73;HOOK3"
"158","GO:0007632",0.00407221501931203,12.0833333333333,0.34589800443459,3,12,"visual behavior","MTOR;KRAS;BRAF"
"159","GO:0008542",0.00407221501931203,12.0833333333333,0.34589800443459,3,12,"visual learning","MTOR;KRAS;BRAF"
"160","GO:0010812",0.00407221501931203,12.0833333333333,0.34589800443459,3,12,"negative regulation of cell-substrate adhesion","MEN1;NF2;PTEN"
"161","GO:0048713",0.00407221501931203,12.0833333333333,0.34589800443459,3,12,"regulation of oligodendrocyte differentiation","DICER1;MTOR;PPARG"
"162","GO:0051898",0.00407221501931203,12.0833333333333,0.34589800443459,3,12,"negative regulation of protein kinase B signaling","FLCN;PTEN;TSC2"
"163","GO:0031032",0.00413818911975894,7.39428571428571,0.69179600886918,4,24,"actomyosin structure organization","MTOR;NF2;PRKAR1A;BRAF"
"164","GO:0022008",0.00426219935000303,2.61625708884688,8.41685144124168,16,292,"neurogenesis","AKAP9;DICER1;ALK;MTOR;NRG1;KRAS;NF2;NRAS;NTRK1;PCM1;PPARG;PTEN;RET;BRAF;STRN;HOOK3"
"165","GO:0051961",0.00429374547574104,5.5363321799308,1.12416851441242,5,39,"negative regulation of nervous system development","DICER1;NRG1;PCM1;PTEN;HOOK3"
"166","GO:0051051",0.00433272753773714,4.59636363636364,1.61419068736142,6,56,"negative regulation of transport","MTOR;NRG1;PTEN;TRIM27;BRAF;TPR"
"167","GO:0002682",0.00435575707134023,2.66,7.63858093126386,15,265,"regulation of immune system process","AKAP9;FLCN;MTOR;CD274;NRG1;KRAS;NRAS;PIK3CA;PPARG;PRKAR1A;PTEN;TRIM27;BRAF;TSC2;CDC73"
"168","GO:0023056",0.00435575707134023,2.66,7.63858093126386,15,265,"positive regulation of signaling","AKAP9;TFG;FLCN;ALK;MTOR;NRG1;KRAS;MEN1;NRAS;NTRK1;PTEN;RET;BRAF;TERT;CDC73"
"169","GO:0007399",0.00442113629990427,2.50789473684211,10.9534368070953,19,380,"nervous system development","AKAP9;DICER1;ALK;MTOR;NRG1;KRAS;MEN1;NF2;NRAS;NTRK1;PCM1;PPARG;PTEN;RET;BRAF;STRN;TSC2;PAX8;HOOK3"
"170","GO:1902531",0.00452485520100521,2.64691235059761,7.66740576496674,15,266,"regulation of intracellular signal transduction","AKAP9;TFG;FLCN;ALK;MTOR;NRG1;KRAS;MEN1;NF2;NRAS;NTRK1;PTEN;RET;BRAF;TSC2"
"171","GO:0014041",0.00468526292360489,35.4594594594595,0.11529933481153,2,4,"regulation of neuron maturation","MTOR;RET"
"172","GO:0016246",0.00468526292360489,35.4594594594595,0.11529933481153,2,4,"RNA interference","DICER1;TERT"
"173","GO:0031507",0.00468526292360489,35.4594594594595,0.11529933481153,2,4,"heterochromatin assembly","HMGA1;TPR"
"174","GO:0045792",0.00468526292360489,35.4594594594595,0.11529933481153,2,4,"negative regulation of cell size","MTOR;PTEN"
"175","GO:0046007",0.00468526292360489,35.4594594594595,0.11529933481153,2,4,"negative regulation of activated T cell proliferation","CD274;PRKAR1A"
"176","GO:0051647",0.00468526292360489,35.4594594594595,0.11529933481153,2,4,"nucleus localization","PCM1;HOOK3"
"177","GO:0060384",0.00468526292360489,35.4594594594595,0.11529933481153,2,4,"innervation","NTRK1;RET"
"178","GO:0071539",0.00468526292360489,35.4594594594595,0.11529933481153,2,4,"protein localization to centrosome","PCM1;HOOK3"
"179","GO:0072393",0.00468526292360489,35.4594594594595,0.11529933481153,2,4,"microtubule anchoring at microtubule organizing center","PCM1;HOOK3"
"180","GO:0031328",0.0047163020556929,2.48884297520661,11.0110864745011,19,382,"positive regulation of cellular biosynthetic process","FLCN;ERC1;ALK;MTOR;NRG1;HMGA1;KRAS;MEN1;NTRK1;PPARG;PTEN;RET;TRIM27;TERT;TSC2;TSHR;PAX8;CDC73;NCOA4"
"181","GO:0051092",0.00482483300904975,7.03673469387755,0.720620842572062,4,25,"positive regulation of NF-kappaB transcription factor activity","ERC1;ALK;KRAS;NTRK1"
"182","GO:0006464",0.0048294480240037,2.45141228297486,13.7206208425721,22,476,"cellular protein modification process","AKAP9;TFG;FLCN;ERC1;ALK;MTOR;NRG1;KRAS;MEN1;NF2;NRAS;NTRK1;TRIM33;PIK3CA;PRKAR1A;PTEN;RET;TRIM27;BRAF;TPR;TSC2;CDC73"
"183","GO:0036211",0.0048294480240037,2.45141228297486,13.7206208425721,22,476,"protein modification process","AKAP9;TFG;FLCN;ERC1;ALK;MTOR;NRG1;KRAS;MEN1;NF2;NRAS;NTRK1;TRIM33;PIK3CA;PRKAR1A;PTEN;RET;TRIM27;BRAF;TPR;TSC2;CDC73"
"184","GO:0048468",0.00487008649329827,2.4793956043956,11.039911308204,19,383,"cell development","AKAP9;DICER1;ALK;MTOR;NRG1;KRAS;MEN1;NF2;NRAS;NTRK1;PCM1;PPARG;PRKAR1A;PTEN;RET;BRAF;STRN;PAX8;HOOK3"
"185","GO:0010647",0.00487954625618522,2.62104743083004,7.72505543237251,15,268,"positive regulation of cell communication","AKAP9;TFG;FLCN;ALK;MTOR;NRG1;KRAS;MEN1;NRAS;NTRK1;PTEN;RET;BRAF;TERT;CDC73"
"186","GO:0022607",0.00492570267619201,2.56894409937888,8.53215077605321,16,296,"cellular component assembly","AKAP9;TFG;FLCN;DICER1;MTOR;NRG1;HMGA1;NF2;NTRK1;PCM1;PRKAR1A;PTEN;TRIM27;BRAF;STRN;TPR"
"187","GO:0031326",0.00506069831246082,2.46506211180124,16.6319290465632,25,577,"regulation of cellular biosynthetic process","FLCN;ERC1;DICER1;ALK;MTOR;NRG1;HMGA1;KRAS;MEN1;NF2;NTRK1;TRIM33;PPARG;ZNF331;PRKAR1A;PTEN;RET;TRIM27;TERT;TPR;TSC2;TSHR;PAX8;CDC73;NCOA4"
"188","GO:0019827",0.00517528825350553,4.41258741258741,1.67184035476718,6,58,"stem cell population maintenance","DICER1;PCM1;BRAF;PAX8;CDC73;HOOK3"
"189","GO:0051492",0.00518877351678984,10.8666666666667,0.374722838137472,3,13,"regulation of stress fiber assembly","MTOR;NF2;BRAF"
"190","GO:0060419",0.00518877351678984,10.8666666666667,0.374722838137472,3,13,"heart growth","MTOR;NRG1;PRKAR1A"
"191","GO:0090342",0.00518877351678984,10.8666666666667,0.374722838137472,3,13,"regulation of cell aging","HMGA1;PTEN;TERT"
"192","GO:2001239",0.00518877351678984,10.8666666666667,0.374722838137472,3,13,"regulation of extrinsic apoptotic signaling pathway in absence of ligand","NRG1;RET;TERT"
"193","GO:0010646",0.00524561023443741,2.43192488262911,12.8847006651885,21,447,"regulation of cell communication","AKAP9;TFG;FLCN;ALK;MTOR;NRG1;KRAS;MEN1;NF2;NRAS;NTRK1;TRIM33;PPARG;PRKAR1A;PTEN;RET;BRAF;TERT;TSC2;PAX8;CDC73"
"194","GO:0051271",0.00535661881589055,5.22058823529412,1.18181818181818,5,41,"negative regulation of cellular component movement","FLCN;NRG1;NF2;PTEN;BRAF"
"195","GO:0009891",0.00535735517162424,2.45136239782016,11.1263858093126,19,386,"positive regulation of biosynthetic process","FLCN;ERC1;ALK;MTOR;NRG1;HMGA1;KRAS;MEN1;NTRK1;PPARG;PTEN;RET;TRIM27;TERT;TSC2;TSHR;PAX8;CDC73;NCOA4"
"196","GO:0023051",0.00540454756022162,2.42349726775956,12.9135254988914,21,448,"regulation of signaling","AKAP9;TFG;FLCN;ALK;MTOR;NRG1;KRAS;MEN1;NF2;NRAS;NTRK1;TRIM33;PPARG;PRKAR1A;PTEN;RET;BRAF;TERT;TSC2;PAX8;CDC73"
"197","GO:0051248",0.00546168297552575,2.91620879120879,4.81374722838137,11,167,"negative regulation of protein metabolic process","FLCN;DICER1;MTOR;NRG1;MEN1;NF2;PRKAR1A;PTEN;TRIM27;TPR;TSC2"
"198","GO:0032270",0.00548991308715508,2.63930434782609,7.03325942350333,14,244,"positive regulation of cellular protein metabolic process","AKAP9;FLCN;ALK;MTOR;NRG1;KRAS;NRAS;NTRK1;PIK3CA;PPARG;PRKAR1A;PTEN;RET;BRAF"
"199","GO:0065008",0.00556760296056971,2.41510903426791,12.9423503325942,21,449,"regulation of biological quality","AKAP9;FLCN;DICER1;MTOR;NRG1;KRAS;MEN1;NF2;NRAS;NTRK1;PIK3CA;PPARG;PRKAR1A;PTEN;RET;TRIM27;BRAF;TERT;TPR;PAX8;CDC73"
"200","GO:0033135",0.00558454562273149,6.71168831168831,0.749445676274945,4,26,"regulation of peptidyl-serine phosphorylation","AKAP9;PIK3CA;RET;BRAF"
"201","GO:0043524",0.00558454562273149,6.71168831168831,0.749445676274945,4,26,"negative regulation of neuron apoptotic process","KRAS;NTRK1;PIK3CA;BRAF"
"202","GO:0006355",0.00566552115322729,2.40949592668024,14.8159645232816,23,514,"regulation of transcription, DNA-templated","FLCN;ERC1;DICER1;ALK;MTOR;NRG1;HMGA1;KRAS;MEN1;NTRK1;TRIM33;PPARG;ZNF331;PRKAR1A;PTEN;RET;TRIM27;TERT;TPR;TSC2;PAX8;CDC73;NCOA4"
"203","GO:0045860",0.00571801156529521,3.21964285714286,3.48780487804878,9,121,"positive regulation of protein kinase activity","AKAP9;ALK;NRG1;KRAS;NRAS;NTRK1;PIK3CA;PRKAR1A;BRAF"
"204","GO:0045595",0.00608208087108339,2.50045606567346,8.70509977827051,16,302,"regulation of cell differentiation","FLCN;DICER1;MTOR;NRG1;KRAS;MEN1;NF2;NTRK1;PCM1;PPARG;PTEN;RET;BRAF;PAX8;CDC73;HOOK3"
"205","GO:0080090",0.00609477608920323,2.55931232091691,20.9556541019956,29,727,"regulation of primary metabolic process","AKAP9;FLCN;ERC1;DICER1;ALK;MTOR;NRG1;HMGA1;KRAS;MEN1;NF2;NRAS;NTRK1;TRIM33;PIK3CA;PPARG;ZNF331;PRKAR1A;PTEN;RET;TRIM27;BRAF;TERT;TPR;TSC2;TSHR;PAX8;CDC73;NCOA4"
"206","GO:0009889",0.00613077170023066,2.41183235369282,16.8337028824834,25,584,"regulation of biosynthetic process","FLCN;ERC1;DICER1;ALK;MTOR;NRG1;HMGA1;KRAS;MEN1;NF2;NTRK1;TRIM33;PPARG;ZNF331;PRKAR1A;PTEN;RET;TRIM27;TERT;TPR;TSC2;TSHR;PAX8;CDC73;NCOA4"
"207","GO:0098727",0.00613352839988259,4.24242424242424,1.72949002217295,6,60,"maintenance of cell number","DICER1;PCM1;BRAF;PAX8;CDC73;HOOK3"
"208","GO:2000112",0.00629092102464008,2.38937381404175,15.8824833702882,24,551,"regulation of cellular macromolecule biosynthetic process","FLCN;ERC1;DICER1;ALK;MTOR;NRG1;HMGA1;KRAS;MEN1;NF2;NTRK1;TRIM33;PPARG;ZNF331;PRKAR1A;PTEN;RET;TRIM27;TERT;TPR;TSC2;PAX8;CDC73;NCOA4"
"209","GO:0044085",0.00629523903949899,2.4893198000303,8.73392461197339,16,303,"cellular component biogenesis","AKAP9;TFG;FLCN;DICER1;MTOR;NRG1;HMGA1;NF2;NTRK1;PCM1;PRKAR1A;PTEN;TRIM27;BRAF;STRN;TPR"
"210","GO:0032880",0.0063204373664333,2.9868154158215,4.20842572062084,10,146,"regulation of protein localization","FLCN;MTOR;CD274;NRG1;NF2;PCM1;PRKAR1A;TRIM27;TERT;TPR"
"211","GO:0014074",0.00642069994660019,6.41490683229814,0.778270509977827,4,27,"response to purine-containing compound","AKAP9;PPARG;PTEN;BRAF"
"212","GO:0050770",0.00642069994660019,6.41490683229814,0.778270509977827,4,27,"regulation of axonogenesis","NRG1;PTEN;RET;BRAF"
"213","GO:0008306",0.0064728915391266,9.87121212121212,0.403547671840355,3,14,"associative learning","MTOR;KRAS;BRAF"
"214","GO:0014015",0.0064728915391266,9.87121212121212,0.403547671840355,3,14,"positive regulation of gliogenesis","DICER1;MTOR;PPARG"
"215","GO:0030038",0.0064728915391266,9.87121212121212,0.403547671840355,3,14,"contractile actin filament bundle assembly","MTOR;NF2;BRAF"
"216","GO:0030808",0.0064728915391266,9.87121212121212,0.403547671840355,3,14,"regulation of nucleotide biosynthetic process","FLCN;NTRK1;TSHR"
"217","GO:0032231",0.0064728915391266,9.87121212121212,0.403547671840355,3,14,"regulation of actin filament bundle assembly","MTOR;NF2;BRAF"
"218","GO:0043149",0.0064728915391266,9.87121212121212,0.403547671840355,3,14,"stress fiber assembly","MTOR;NF2;BRAF"
"219","GO:0048678",0.0064728915391266,9.87121212121212,0.403547671840355,3,14,"response to axon injury","NTRK1;PTEN;BRAF"
"220","GO:1900371",0.0064728915391266,9.87121212121212,0.403547671840355,3,14,"regulation of purine nucleotide biosynthetic process","FLCN;NTRK1;TSHR"
"221","GO:0040013",0.00659491673568252,4.93808049535604,1.23946784922395,5,43,"negative regulation of locomotion","FLCN;NRG1;NF2;PTEN;BRAF"
"222","GO:0048518",0.00660134909742533,2.60162601626016,22.1374722838137,30,768,"positive regulation of biological process","AKAP9;TFG;FLCN;ERC1;DICER1;ALK;MTOR;CD274;NRG1;HMGA1;KRAS;MEN1;NF2;NRAS;NTRK1;PCM1;PIK3CA;PPARG;PRKAR1A;PTEN;RET;TRIM27;BRAF;TERT;TPR;TSC2;TSHR;PAX8;CDC73;NCOA4"
"223","GO:1903506",0.00670093498911964,2.36305331991952,14.9889135254989,23,520,"regulation of nucleic acid-templated transcription","FLCN;ERC1;DICER1;ALK;MTOR;NRG1;HMGA1;KRAS;MEN1;NTRK1;TRIM33;PPARG;ZNF331;PRKAR1A;PTEN;RET;TRIM27;TERT;TPR;TSC2;PAX8;CDC73;NCOA4"
"224","GO:2001141",0.00670093498911964,2.36305331991952,14.9889135254989,23,520,"regulation of RNA biosynthetic process","FLCN;ERC1;DICER1;ALK;MTOR;NRG1;HMGA1;KRAS;MEN1;NTRK1;TRIM33;PPARG;ZNF331;PRKAR1A;PTEN;RET;TRIM27;TERT;TPR;TSC2;PAX8;CDC73;NCOA4"
"225","GO:0050769",0.00685198714758612,3.66554054054054,2.33481152993348,7,81,"positive regulation of neurogenesis","DICER1;MTOR;NRG1;NTRK1;PPARG;RET;BRAF"
"226","GO:0009611",0.00687197890053487,2.81344276841171,4.95787139689579,11,172,"response to wounding","DICER1;MTOR;NRG1;KRAS;NRAS;NTRK1;PIK3CA;PPARG;PRKAR1A;PTEN;BRAF"
"227","GO:0033674",0.00710800124488477,3.09827586206897,3.60310421286031,9,125,"positive regulation of kinase activity","AKAP9;ALK;NRG1;KRAS;NRAS;NTRK1;PIK3CA;PRKAR1A;BRAF"
"228","GO:1902533",0.00718617251946009,2.79365079365079,4.98669623059867,11,173,"positive regulation of intracellular signal transduction","AKAP9;TFG;FLCN;ALK;MTOR;NRG1;KRAS;NRAS;NTRK1;PTEN;BRAF"
"229","GO:0032879",0.00723468221713269,2.41023083499573,9.68514412416851,17,336,"regulation of localization","AKAP9;FLCN;MTOR;CD274;NRG1;NF2;PCM1;PPARG;PRKAR1A;PTEN;RET;TRIM27;BRAF;TERT;TPR;TSC2;PAX8"
"230","GO:0023052",0.00730340421994729,2.50510638297872,21.1574279379157,29,734,"signaling","AKAP9;TFG;FLCN;ERC1;ALK;MTOR;CD274;NRG1;KRAS;KTN1;MEN1;NF2;NRAS;NTRK1;TRIM33;PIK3CA;PPARG;PRKAR1A;PTEN;RET;BRAF;STRN;TERT;TPR;TSC2;TSHR;PAX8;CDC73;NCOA4"
"231","GO:0031323",0.00730340421994729,2.50510638297872,21.1574279379157,29,734,"regulation of cellular metabolic process","AKAP9;FLCN;ERC1;DICER1;ALK;MTOR;NRG1;HMGA1;KRAS;MEN1;NF2;NRAS;NTRK1;TRIM33;PIK3CA;PPARG;ZNF331;PRKAR1A;PTEN;RET;TRIM27;BRAF;TERT;TPR;TSC2;TSHR;PAX8;CDC73;NCOA4"
"232","GO:0044700",0.00730340421994729,2.50510638297872,21.1574279379157,29,734,"single organism signaling","AKAP9;TFG;FLCN;ERC1;ALK;MTOR;CD274;NRG1;KRAS;KTN1;MEN1;NF2;NRAS;NTRK1;TRIM33;PIK3CA;PPARG;PRKAR1A;PTEN;RET;BRAF;STRN;TERT;TPR;TSC2;TSHR;PAX8;CDC73;NCOA4"
"233","GO:0008645",0.00733654431773805,6.14285714285714,0.80709534368071,4,28,"hexose transport","NRG1;BRAF;TPR;TSC2"
"234","GO:0015749",0.00733654431773805,6.14285714285714,0.80709534368071,4,28,"monosaccharide transport","NRG1;BRAF;TPR;TSC2"
"235","GO:0015758",0.00733654431773805,6.14285714285714,0.80709534368071,4,28,"glucose transport","NRG1;BRAF;TPR;TSC2"
"236","GO:0048583",0.00747846675359477,2.33270958083832,15.1042128603104,23,524,"regulation of response to stimulus","AKAP9;TFG;FLCN;ALK;MTOR;NRG1;HMGA1;KRAS;MEN1;NF2;NRAS;NTRK1;TRIM33;PIK3CA;PPARG;PTEN;RET;TRIM27;BRAF;TERT;TPR;TSC2;CDC73"
"237","GO:0016043",0.00750210461420504,2.44667571234735,20.119733924612,28,698,"cellular component organization","AKAP9;TFG;FLCN;DICER1;MTOR;NRG1;HMGA1;KRAS;MEN1;NF2;NRAS;NTRK1;PCM1;PIK3CA;PPARG;PRKAR1A;PTEN;RET;TRIM27;BRAF;STRN;TERT;TPR;TSC2;PAX8;CDC73;HOOK3;GOLGA5"
"238","GO:0031643",0.00766670630204163,23.6216216216216,0.144124168514412,2,5,"positive regulation of myelination","DICER1;NRG1"
"239","GO:0032228",0.00766670630204163,23.6216216216216,0.144124168514412,2,5,"regulation of synaptic transmission, GABAergic","KRAS;PTEN"
"240","GO:0043489",0.00766670630204163,23.6216216216216,0.144124168514412,2,5,"RNA stabilization","DICER1;MTOR"
"241","GO:0044380",0.00766670630204163,23.6216216216216,0.144124168514412,2,5,"protein localization to cytoskeleton","PCM1;HOOK3"
"242","GO:0048255",0.00766670630204163,23.6216216216216,0.144124168514412,2,5,"mRNA stabilization","DICER1;MTOR"
"243","GO:0048265",0.00766670630204163,23.6216216216216,0.144124168514412,2,5,"response to pain","NTRK1;RET"
"244","GO:0060969",0.00766670630204163,23.6216216216216,0.144124168514412,2,5,"negative regulation of gene silencing","HMGA1;TERT"
"245","GO:0070828",0.00766670630204163,23.6216216216216,0.144124168514412,2,5,"heterochromatin organization","HMGA1;TPR"
"246","GO:0072698",0.00766670630204163,23.6216216216216,0.144124168514412,2,5,"protein localization to microtubule cytoskeleton","PCM1;HOOK3"
"247","GO:1903431",0.00766670630204163,23.6216216216216,0.144124168514412,2,5,"positive regulation of cell maturation","MTOR;RET"
"248","GO:2000727",0.00766670630204163,23.6216216216216,0.144124168514412,2,5,"positive regulation of cardiac muscle cell differentiation","MTOR;NRG1"
"249","GO:0044710",0.00780792925970381,2.32971962616822,16.1130820399113,24,559,"single-organism metabolic process","AKAP9;TFG;FLCN;DICER1;ALK;MTOR;NRG1;HMGA1;KRAS;MEN1;NF2;NRAS;NTRK1;PIK3CA;PPARG;PRKAR1A;PTEN;RET;BRAF;TERT;TPR;TSHR;PAX8;CDC73"
"250","GO:0051252",0.00789548067711328,2.31771868787276,15.1618625277162,23,526,"regulation of RNA metabolic process","FLCN;ERC1;DICER1;ALK;MTOR;NRG1;HMGA1;KRAS;MEN1;NTRK1;TRIM33;PPARG;ZNF331;PRKAR1A;PTEN;RET;TRIM27;TERT;TPR;TSC2;PAX8;CDC73;NCOA4"
"251","GO:0008156",0.00793075069791844,9.04166666666667,0.432372505543237,3,15,"negative regulation of DNA replication","MEN1;NF2;PPARG"
"252","GO:0045685",0.00793075069791844,9.04166666666667,0.432372505543237,3,15,"regulation of glial cell differentiation","DICER1;MTOR;PPARG"
"253","GO:0046620",0.00793075069791844,9.04166666666667,0.432372505543237,3,15,"regulation of organ growth","MTOR;NRG1;PTEN"
"254","GO:0010468",0.00799932196747281,2.33806176249059,17.1219512195122,25,594,"regulation of gene expression","FLCN;ERC1;DICER1;ALK;MTOR;NRG1;HMGA1;KRAS;MEN1;NRAS;NTRK1;TRIM33;PPARG;ZNF331;PRKAR1A;PTEN;RET;TRIM27;BRAF;TERT;TPR;TSC2;PAX8;CDC73;NCOA4"
"255","GO:0010557",0.00804718550253091,2.35164835164835,10.6363636363636,18,369,"positive regulation of macromolecule biosynthetic process","FLCN;ERC1;ALK;MTOR;NRG1;HMGA1;KRAS;MEN1;NTRK1;PPARG;PTEN;RET;TRIM27;TERT;TSC2;PAX8;CDC73;NCOA4"
"256","GO:0071840",0.00809833917779109,2.42442253140619,20.2062084257206,28,701,"cellular component organization or biogenesis","AKAP9;TFG;FLCN;DICER1;MTOR;NRG1;HMGA1;KRAS;MEN1;NF2;NRAS;NTRK1;PCM1;PIK3CA;PPARG;PRKAR1A;PTEN;RET;TRIM27;BRAF;STRN;TERT;TPR;TSC2;PAX8;CDC73;HOOK3;GOLGA5"
"257","GO:0006351",0.00833228927667286,2.30284653465347,15.219512195122,23,528,"transcription, DNA-templated","FLCN;ERC1;DICER1;ALK;MTOR;NRG1;HMGA1;KRAS;MEN1;NTRK1;TRIM33;PPARG;ZNF331;PRKAR1A;PTEN;RET;TRIM27;TERT;TPR;TSC2;PAX8;CDC73;NCOA4"
"258","GO:0007272",0.00833519484409276,5.89257142857143,0.835920177383592,4,29,"ensheathment of neurons","DICER1;MTOR;NRG1;PTEN"
"259","GO:0008366",0.00833519484409276,5.89257142857143,0.835920177383592,4,29,"axon ensheathment","DICER1;MTOR;NRG1;PTEN"
"260","GO:0042552",0.00833519484409276,5.89257142857143,0.835920177383592,4,29,"myelination","DICER1;MTOR;NRG1;PTEN"
"261","GO:0045785",0.00836985844962998,3.51420454545455,2.42128603104213,7,84,"positive regulation of cell adhesion","FLCN;MTOR;CD274;NRG1;PIK3CA;RET;BRAF"
"262","GO:0048584",0.00875248105619072,2.35146853146853,9.85809312638581,17,342,"positive regulation of response to stimulus","AKAP9;TFG;FLCN;ALK;MTOR;NRG1;HMGA1;KRAS;MEN1;NRAS;NTRK1;PIK3CA;PTEN;RET;BRAF;TERT;CDC73"
"263","GO:0007162",0.00881278781427177,4.56599713055954,1.32594235033259,5,46,"negative regulation of cell adhesion","CD274;MEN1;NF2;PRKAR1A;PTEN"
"264","GO:0032535",0.00881278781427177,4.56599713055954,1.32594235033259,5,46,"regulation of cellular component size","MTOR;NRG1;PTEN;RET;TRIM27"
"265","GO:0010556",0.00890826136898314,2.29333333333333,16.2572062084257,24,564,"regulation of macromolecule biosynthetic process","FLCN;ERC1;DICER1;ALK;MTOR;NRG1;HMGA1;KRAS;MEN1;NF2;NTRK1;TRIM33;PPARG;ZNF331;PRKAR1A;PTEN;RET;TRIM27;TERT;TPR;TSC2;PAX8;CDC73;NCOA4"
"266","GO:0007265",0.00892767258868991,3.46634615384615,2.45011086474501,7,85,"Ras protein signal transduction","AKAP9;FLCN;NRG1;KRAS;NRAS;NTRK1;BRAF"
"267","GO:0034654",0.00914362625634135,2.28613678373383,16.2860310421286,24,565,"nucleobase-containing compound biosynthetic process","FLCN;ERC1;DICER1;ALK;MTOR;NRG1;HMGA1;KRAS;MEN1;NTRK1;TRIM33;PPARG;ZNF331;PRKAR1A;PTEN;RET;TRIM27;TERT;TPR;TSC2;TSHR;PAX8;CDC73;NCOA4"
"268","GO:0007154",0.00916573513708746,2.43697478991597,21.4168514412417,29,743,"cell communication","AKAP9;TFG;FLCN;ERC1;ALK;MTOR;CD274;NRG1;KRAS;KTN1;MEN1;NF2;NRAS;NTRK1;TRIM33;PIK3CA;PPARG;PRKAR1A;PTEN;RET;BRAF;STRN;TERT;TPR;TSC2;TSHR;PAX8;CDC73;NCOA4"
"269","GO:0060322",0.00925001460601184,2.80172413793103,4.4390243902439,10,154,"head development","DICER1;MTOR;NRG1;KRAS;MEN1;NF2;PCM1;PTEN;BRAF;HOOK3"
"270","GO:0097659",0.00926828698018636,2.27345284872299,15.3348115299335,23,532,"nucleic acid-templated transcription","FLCN;ERC1;DICER1;ALK;MTOR;NRG1;HMGA1;KRAS;MEN1;NTRK1;TRIM33;PPARG;ZNF331;PRKAR1A;PTEN;RET;TRIM27;TERT;TPR;TSC2;PAX8;CDC73;NCOA4"
"271","GO:0009893",0.00934230932272855,2.29503105590062,17.2949002217295,25,600,"positive regulation of metabolic process","AKAP9;FLCN;ERC1;DICER1;ALK;MTOR;NRG1;HMGA1;KRAS;MEN1;NRAS;NTRK1;PIK3CA;PPARG;PRKAR1A;PTEN;RET;TRIM27;BRAF;TERT;TSC2;TSHR;PAX8;CDC73;NCOA4"
"272","GO:0008643",0.00941962882403889,5.66153846153846,0.864745011086475,4,30,"carbohydrate transport","NRG1;BRAF;TPR;TSC2"
"273","GO:0030900",0.0095127058659494,3.41969936708861,2.47893569844789,7,86,"forebrain development","DICER1;NRG1;KRAS;NF2;PCM1;PTEN;HOOK3"
"274","GO:0007270",0.0095676363694836,8.33974358974359,0.46119733924612,3,16,"neuron-neuron synaptic transmission","KRAS;NTRK1;PTEN"
"275","GO:0009888",0.00960520058507524,2.32289356984479,9.94456762749446,17,345,"tissue development","AKAP9;DICER1;MTOR;NRG1;KRAS;MEN1;NF2;NRAS;NTRK1;PIK3CA;PPARG;PRKAR1A;PTEN;RET;TSC2;PAX8;CDC73"
"276","GO:0007417",0.00971984228983504,2.6616652578191,5.18847006651885,11,180,"central nervous system development","DICER1;MTOR;NRG1;KRAS;MEN1;NF2;PCM1;PPARG;PTEN;PAX8;HOOK3"
"277","GO:0044089",0.00979202576875327,3.8,1.90243902439024,6,66,"positive regulation of cellular component biogenesis","MTOR;NF2;NTRK1;TRIM27;BRAF;TPR"
"278","GO:0018130",0.00988200881411609,2.26470588235294,16.3725055432372,24,568,"heterocycle biosynthetic process","FLCN;ERC1;DICER1;ALK;MTOR;NRG1;HMGA1;KRAS;MEN1;NTRK1;TRIM33;PPARG;ZNF331;PRKAR1A;PTEN;RET;TRIM27;TERT;TPR;TSC2;TSHR;PAX8;CDC73;NCOA4"
"279","GO:0006952",0.00997804207107978,2.48636363636364,6.71618625277162,13,233,"defense response","AKAP9;DICER1;MTOR;NRG1;KRAS;NRAS;PIK3CA;PPARG;PRKAR1A;PTEN;TRIM27;BRAF;TSC2"
