"","GOMFID","Pvalue","OddsRatio","ExpCount","Count","Size","Term","Symbols"
"1","GO:0004996",0.000822279901415187,Inf,0.0580789277736411,2,2,"thyroid-stimulating hormone receptor activity","TSHR;PAX8"
"2","GO:0016500",0.000822279901415187,Inf,0.0580789277736411,2,2,"protein-hormone receptor activity","TSHR;PAX8"
"3","GO:0030275",0.00777812188793663,23.4414414414414,0.145197319434103,2,5,"LRR domain binding","ERC1;KRAS"
"4","GO:0005515",0.00840863662645234,4.78571428571429,31.1593447505584,37,1073,"protein binding","AKAP9;TFG;FLCN;ERC1;DICER1;ALK;MTOR;CD274;NRG1;HMGA1;KRAS;KTN1;MEN1;NF2;NRAS;NTRK1;PCM1;TRIM33;PIK3CA;PPARG;PRKAR1A;PTEN;RET;TRIM27;BRAF;STRN;TERT;TPM3;TPR;TSC2;TSHR;PAX8;CDC73;CCDC6;NCOA4;HOOK3;GOLGA5"
