"","GOMFID","Pvalue","OddsRatio","ExpCount","Count","Size","Term","Symbols"
"1","GO:0032404",5.59596490683606e-07,128.7,0.245718540580789,5,6,"mismatch repair complex binding","MSH6;MLH1;MSH2;PMS2;ATR"
"2","GO:0030983",1.89761248591722e-06,64.3,0.286671630677587,5,7,"mismatched DNA binding","MSH6;MLH1;MSH2;PMS1;PMS2"
"3","GO:0032405",6.51290903628853e-05,Inf,0.122859270290395,3,3,"MutLalpha complex binding","MSH6;MSH2;ATR"
"4","GO:0003697",0.000211117577739296,9.15486194477791,0.941921072226359,6,23,"single-stranded DNA binding","MLH1;MSH2;TDP2;PMS1;PMS2;RAD51B"
"5","GO:0032138",0.000252934168842131,74.25,0.163812360387193,3,4,"single base insertion or deletion binding","MSH6;MSH2;PMS2"
"6","GO:0032407",0.000252934168842131,74.25,0.163812360387193,3,4,"MutSalpha complex binding","MLH1;PMS2;ATR"
"7","GO:0000166",0.000286402413987763,2.85557432432432,11.5487714072971,23,282,"nucleotide binding","CHD4;EGFR;ERBB2;AKT1;FGFR2;SCAF8;TNRC6B;MTOR;MSH6;KIT;KRAS;MLH1;EIF2AK4;MSH2;PIK3CA;PMS1;PMS2;POLE;ATR;RAD51B;RIT1;SRC;RNGTT"
"8","GO:1901265",0.000286402413987763,2.85557432432432,11.5487714072971,23,282,"nucleoside phosphate binding","CHD4;EGFR;ERBB2;AKT1;FGFR2;SCAF8;TNRC6B;MTOR;MSH6;KIT;KRAS;MLH1;EIF2AK4;MSH2;PIK3CA;PMS1;PMS2;POLE;ATR;RAD51B;RIT1;SRC;RNGTT"
"9","GO:0001883",0.000392575138929553,2.9167230873392,9.46016381236039,20,231,"purine nucleoside binding","CHD4;EGFR;ERBB2;AKT1;FGFR2;MTOR;MSH6;KIT;KRAS;MLH1;EIF2AK4;MSH2;PIK3CA;PMS1;PMS2;ATR;RAD51B;RIT1;SRC;RNGTT"
"10","GO:0032550",0.000392575138929553,2.9167230873392,9.46016381236039,20,231,"purine ribonucleoside binding","CHD4;EGFR;ERBB2;AKT1;FGFR2;MTOR;MSH6;KIT;KRAS;MLH1;EIF2AK4;MSH2;PIK3CA;PMS1;PMS2;ATR;RAD51B;RIT1;SRC;RNGTT"
"11","GO:0035639",0.000392575138929553,2.9167230873392,9.46016381236039,20,231,"purine ribonucleoside triphosphate binding","CHD4;EGFR;ERBB2;AKT1;FGFR2;MTOR;MSH6;KIT;KRAS;MLH1;EIF2AK4;MSH2;PIK3CA;PMS1;PMS2;ATR;RAD51B;RIT1;SRC;RNGTT"
"12","GO:0036094",0.000407148433437853,2.73693775556565,12.6135517498138,24,308,"small molecule binding","CHD4;EGFR;ERBB2;AKT1;FGFR2;SCAF8;TNRC6B;MTOR;MSH6;KIT;KRAS;MLH1;EIF2AK4;MSH2;PIK3CA;PMS1;PMS2;POLE;ATR;RAD51B;RIT1;SRC;YWHAE;RNGTT"
"13","GO:0001882",0.000417131826357537,2.90026954177898,9.50111690245719,20,232,"nucleoside binding","CHD4;EGFR;ERBB2;AKT1;FGFR2;MTOR;MSH6;KIT;KRAS;MLH1;EIF2AK4;MSH2;PIK3CA;PMS1;PMS2;ATR;RAD51B;RIT1;SRC;RNGTT"
"14","GO:0032549",0.000417131826357537,2.90026954177898,9.50111690245719,20,232,"ribonucleoside binding","CHD4;EGFR;ERBB2;AKT1;FGFR2;MTOR;MSH6;KIT;KRAS;MLH1;EIF2AK4;MSH2;PIK3CA;PMS1;PMS2;ATR;RAD51B;RIT1;SRC;RNGTT"
"15","GO:0032135",0.000613957523588642,37.0961538461538,0.204765450483991,3,5,"DNA insertion or deletion binding","MSH6;MSH2;PMS2"
"16","GO:0017076",0.000630447457839234,2.78930202217873,9.78778853313477,20,239,"purine nucleotide binding","CHD4;EGFR;ERBB2;AKT1;FGFR2;MTOR;MSH6;KIT;KRAS;MLH1;EIF2AK4;MSH2;PIK3CA;PMS1;PMS2;ATR;RAD51B;RIT1;SRC;RNGTT"
"17","GO:0032555",0.000630447457839234,2.78930202217873,9.78778853313477,20,239,"purine ribonucleotide binding","CHD4;EGFR;ERBB2;AKT1;FGFR2;MTOR;MSH6;KIT;KRAS;MLH1;EIF2AK4;MSH2;PIK3CA;PMS1;PMS2;ATR;RAD51B;RIT1;SRC;RNGTT"
"18","GO:0032553",0.000667677372299756,2.77402597402597,9.82874162323157,20,240,"ribonucleotide binding","CHD4;EGFR;ERBB2;AKT1;FGFR2;MTOR;MSH6;KIT;KRAS;MLH1;EIF2AK4;MSH2;PIK3CA;PMS1;PMS2;ATR;RAD51B;RIT1;SRC;RNGTT"
"19","GO:0032403",0.000729732909414067,3.125,6.26582278481013,15,153,"protein complex binding","CHD4;CTNNB1;EGFR;MSH6;KRAS;MLH1;MSH2;LIMA1;PIK3R1;PMS2;ATR;PTEN;SRC;HNF1B;YWHAE"
"20","GO:0019902",0.000998635926538112,5.37867647058824,1.67907669396873,7,41,"phosphatase binding","CTNNB1;EGFR;ERBB2;AKT1;PIK3R1;PIK3R2;TSC2"
"21","GO:0044877",0.00108874552622376,2.60311979042629,10.9754281459419,21,268,"macromolecular complex binding","CTCF;CHD4;CTNNB1;CUX1;EGFR;SUZ12;MTOR;MSH6;KRAS;MLH1;MSH2;LIMA1;PIK3R1;PMS2;POLE;ATR;PTEN;SRC;HNF1B;YWHAE;MED12"
"22","GO:0004716",0.00119227844312528,24.7115384615385,0.245718540580789,3,6,"receptor signaling protein tyrosine kinase activity","EGFR;ERBB2;KIT"
"23","GO:0003690",0.00126772814720532,2.93321917808219,6.59344750558451,15,161,"double-stranded DNA binding","CTCF;CHD4;CTNNB1;CUX1;EGFR;SUZ12;MTOR;MSH6;MLH1;MSH2;ZFHX3;PMS1;PMS2;RAD51B;MED12"
"24","GO:0051219",0.00136893487459775,11.1459694989107,0.532390171258377,4,13,"phosphoprotein binding","MTOR;FBXW7;SRC;YWHAE"
"25","GO:0008022",0.00142272824475185,5.94348508634223,1.31049888309754,6,32,"protein C-terminus binding","CTNNB1;ERBB2;MSH2;SRC;AXIN1;MED12"
"26","GO:0019903",0.00142272824475185,5.94348508634223,1.31049888309754,6,32,"protein phosphatase binding","CTNNB1;EGFR;ERBB2;AKT1;PIK3R1;PIK3R2"
"27","GO:0032137",0.00164788887125716,Inf,0.0819061801935964,2,2,"guanine/thymine mispair binding","MSH6;MSH2"
"28","GO:0032143",0.00164788887125716,Inf,0.0819061801935964,2,2,"single thymine insertion binding","MSH6;MSH2"
"29","GO:0032356",0.00164788887125716,Inf,0.0819061801935964,2,2,"oxidized DNA binding","MSH6;MSH2"
"30","GO:0032357",0.00164788887125716,Inf,0.0819061801935964,2,2,"oxidized purine DNA binding","MSH6;MSH2"
"31","GO:0046935",0.00164788887125716,Inf,0.0819061801935964,2,2,"1-phosphatidylinositol-3-kinase regulator activity","PIK3R1;PIK3R2"
"32","GO:0060090",0.00183578940690147,7.05555555555556,0.941921072226359,5,23,"binding, bridging","SH2B3;CUX1;PIK3R1;FBXW7;SRC"
"33","GO:0043566",0.00202574777218116,4.67040598290598,1.88384214445272,7,46,"structure-specific DNA binding","CTCF;CHD4;SUZ12;MSH6;MLH1;MSH2;RAD51B"
"34","GO:0000400",0.00202602083086415,18.5192307692308,0.286671630677587,3,7,"four-way junction DNA binding","MSH6;MSH2;RAD51B"
"35","GO:0005524",0.00212323362885555,2.61758118701008,8.39538346984363,17,205,"ATP binding","CHD4;EGFR;ERBB2;AKT1;FGFR2;MTOR;MSH6;KIT;MLH1;EIF2AK4;MSH2;PIK3CA;PMS1;PMS2;ATR;RAD51B;SRC"
"36","GO:0030554",0.00326381314795589,2.49248120300752,8.72300819061802,17,213,"adenyl nucleotide binding","CHD4;EGFR;ERBB2;AKT1;FGFR2;MTOR;MSH6;KIT;MLH1;EIF2AK4;MSH2;PIK3CA;PMS1;PMS2;ATR;RAD51B;SRC"
"37","GO:0032559",0.00326381314795589,2.49248120300752,8.72300819061802,17,213,"adenyl ribonucleotide binding","CHD4;EGFR;ERBB2;AKT1;FGFR2;MTOR;MSH6;KIT;MLH1;EIF2AK4;MSH2;PIK3CA;PMS1;PMS2;ATR;RAD51B;SRC"
"38","GO:0016772",0.0038583779848717,2.73373318793166,5.89724497393894,13,144,"transferase activity, transferring phosphorus-containing groups","EGFR;ERBB2;AKT1;FGFR2;MTOR;KIT;EIF2AK4;PIK3CA;PIK3R2;POLE;ATR;SRC;RNGTT"
"39","GO:0032142",0.0048134084330457,48.5660377358491,0.122859270290395,2,3,"single guanine insertion binding","MSH6;MSH2"
"40","GO:0032794",0.0048134084330457,48.5660377358491,0.122859270290395,2,3,"GTPase activating protein binding","AKT1;TSC1"
"41","GO:0035014",0.0048134084330457,48.5660377358491,0.122859270290395,2,3,"phosphatidylinositol 3-kinase regulator activity","PIK3R1;PIK3R2"
"42","GO:0043125",0.0048134084330457,48.5660377358491,0.122859270290395,2,3,"ErbB-3 class receptor binding","ERBB2;PIK3R1"
"43","GO:0043175",0.0048134084330457,48.5660377358491,0.122859270290395,2,3,"RNA polymerase core enzyme binding","ERBB2;SCAF8"
"44","GO:0070063",0.0048134084330457,48.5660377358491,0.122859270290395,2,3,"RNA polymerase binding","ERBB2;SCAF8"
"45","GO:0097367",0.00586047567814004,2.21645021645022,11.6306775874907,20,284,"carbohydrate derivative binding","CHD4;EGFR;ERBB2;AKT1;FGFR2;MTOR;MSH6;KIT;KRAS;MLH1;EIF2AK4;MSH2;PIK3CA;PMS1;PMS2;ATR;RAD51B;RIT1;SRC;RNGTT"
"46","GO:0030674",0.00748465653264205,6.23529411764706,0.819061801935964,4,20,"protein binding, bridging","CUX1;PIK3R1;FBXW7;SRC"
"47","GO:0043168",0.00827277013603306,2.10676873489122,12.8183172002978,21,313,"anion binding","CHD4;EGFR;ERBB2;AKT1;FGFR2;MTOR;MSH6;KIT;KRAS;MLH1;EIF2AK4;MSH2;PIK3CA;PMS1;PMS2;ATR;RAD51B;RIT1;SRC;YWHAE;RNGTT"
"48","GO:0043167",0.00848715425315565,2.02027757001579,24.8585256887565,34,607,"ion binding","CTCF;CHD4;MGAT5B;CYP19A1;EGFR;ERBB2;AKT1;JAZF1;FGFR2;SUZ12;MTOR;MSH6;KIT;KRAS;MLH1;EIF2AK4;MSH2;ZFHX3;LIMA1;TDP2;PIK3CA;PMS1;PMS2;POLE;ATR;TET2;CACNA2D3;PTEN;RAD51B;RIT1;SRC;YWHAE;ADAM12;RNGTT"
"49","GO:0035591",0.00849503659863026,9.23076923076923,0.45048399106478,3,11,"signaling adaptor activity","SH2B3;PIK3R1;SRC"
"50","GO:0000287",0.0089675736744164,5.8638985005767,0.860014892032762,4,21,"magnesium ion binding","MSH6;MSH2;TDP2;PTEN"
