"","GOCCID","Pvalue","OddsRatio","ExpCount","Count","Size","Term","Symbols"
"1","GO:0032300",1.78080784658196e-06,65.0980392156863,0.282828282828283,5,7,"mismatch repair complex","MSH6;MLH1;MSH2;PMS1;PMS2"
"2","GO:1990391",4.58714620375388e-06,22.68,0.525252525252525,6,13,"DNA repair complex","MSH6;MLH1;MSH2;PMS1;PMS2;POLE"
"3","GO:0005942",7.66168834892128e-05,34.025641025641,0.282828282828283,4,7,"phosphatidylinositol 3-kinase complex","MTOR;PIK3CA;PIK3R1;PIK3R2"
"4","GO:0032389",0.000243214824688193,75.2264150943396,0.161616161616162,3,4,"MutLalpha complex","MLH1;PMS1;PMS2"
"5","GO:0044446",0.00081832647452119,2.69398677720642,31.3535353535354,43,776,"intracellular organelle part","CTCF;CHD4;COX6C;MGAT5B;CTNNB1;CUX1;CYP19A1;EGFR;ERBB2;AKT1;JAZF1;FGFR2;SCAF8;SUZ12;MTOR;BCL9L;MSH6;STMN1;MLH1;MSH2;ZFHX3;BET1L;LIMA1;TDP2;PIK3R1;PMS1;PMS2;POLE;ATR;FBXW7;PTEN;RAD21;RAD51B;GMCL1;SRC;HNF1B;TSC1;YWHAE;ADAM12;AXIN1;SPOP;RNGTT;MED12"
"6","GO:0031981",0.00105772340768911,2.41502683363148,18.5858585858586,30,460,"nuclear lumen","CTCF;CHD4;CTNNB1;CUX1;AKT1;JAZF1;FGFR2;SCAF8;SUZ12;MTOR;BCL9L;MSH6;MLH1;MSH2;ZFHX3;TDP2;PMS1;PMS2;POLE;ATR;FBXW7;PTEN;RAD21;RAD51B;GMCL1;HNF1B;ADAM12;SPOP;RNGTT;MED12"
"7","GO:0005654",0.00143569858162884,2.37986354416375,16.2020202020202,27,401,"nucleoplasm","CTCF;CHD4;CTNNB1;CUX1;AKT1;FGFR2;SCAF8;SUZ12;MTOR;BCL9L;MSH6;MLH1;MSH2;ZFHX3;TDP2;PMS2;POLE;ATR;FBXW7;PTEN;RAD21;RAD51B;HNF1B;ADAM12;SPOP;RNGTT;MED12"
"8","GO:0005712",0.00160449257922182,Inf,0.0808080808080808,2,2,"chiasma","MLH1;PMS1"
"9","GO:0005943",0.00160449257922182,Inf,0.0808080808080808,2,2,"phosphatidylinositol 3-kinase complex, class IA","PIK3CA;PIK3R1"
"10","GO:0032301",0.00160449257922182,Inf,0.0808080808080808,2,2,"MutSalpha complex","MSH6;MSH2"
"11","GO:0033596",0.00160449257922182,Inf,0.0808080808080808,2,2,"TSC1-TSC2 complex","TSC1;TSC2"
"12","GO:0097651",0.00160449257922182,Inf,0.0808080808080808,2,2,"phosphatidylinositol 3-kinase complex, class I","PIK3CA;PIK3R1"
"13","GO:0044422",0.00162019035055229,2.54234860883797,32.1212121212121,43,795,"organelle part","CTCF;CHD4;COX6C;MGAT5B;CTNNB1;CUX1;CYP19A1;EGFR;ERBB2;AKT1;JAZF1;FGFR2;SCAF8;SUZ12;MTOR;BCL9L;MSH6;STMN1;MLH1;MSH2;ZFHX3;BET1L;LIMA1;TDP2;PIK3R1;PMS1;PMS2;POLE;ATR;FBXW7;PTEN;RAD21;RAD51B;GMCL1;SRC;HNF1B;TSC1;YWHAE;ADAM12;AXIN1;SPOP;RNGTT;MED12"
"14","GO:0043228",0.0016979026918688,2.33333333333333,17.2525252525253,28,427,"non-membrane-bounded organelle","CTCF;CHD4;CTNNB1;AKT1;JAZF1;TNRC6B;SUZ12;BCL9L;MSH6;STMN1;MLH1;EIF2AK4;MSH2;ZFHX3;LIMA1;TDP2;PMS1;PMS2;POLE;ATR;FBXW7;RAD21;RAD51B;SRC;TSC1;YWHAE;AXIN1;MED12"
"15","GO:0043232",0.0016979026918688,2.33333333333333,17.2525252525253,28,427,"intracellular non-membrane-bounded organelle","CTCF;CHD4;CTNNB1;AKT1;JAZF1;TNRC6B;SUZ12;BCL9L;MSH6;STMN1;MLH1;EIF2AK4;MSH2;ZFHX3;LIMA1;TDP2;PMS1;PMS2;POLE;ATR;FBXW7;RAD21;RAD51B;SRC;TSC1;YWHAE;AXIN1;MED12"
"16","GO:0044428",0.00171334210396723,2.31431034482759,20,31,495,"nuclear part","CTCF;CHD4;CTNNB1;CUX1;EGFR;AKT1;JAZF1;FGFR2;SCAF8;SUZ12;MTOR;BCL9L;MSH6;MLH1;MSH2;ZFHX3;TDP2;PMS1;PMS2;POLE;ATR;FBXW7;PTEN;RAD21;RAD51B;GMCL1;HNF1B;ADAM12;SPOP;RNGTT;MED12"
"17","GO:0019898",0.00188256933208261,4.72893772893773,1.85858585858586,7,46,"extrinsic component of membrane","CTNNB1;MTOR;KRAS;PIK3CA;PIK3R1;PIK3R2;SRC"
"18","GO:0044454",0.00238437790661754,3.39673913043478,3.63636363636364,10,90,"nuclear chromosome part","CHD4;CTNNB1;SUZ12;MSH6;MLH1;MSH2;PMS1;POLE;ATR;RAD21"
"19","GO:0043233",0.00249140550734814,2.23932489451477,20.4040404040404,31,505,"organelle lumen","CTCF;CHD4;CTNNB1;CUX1;EGFR;AKT1;JAZF1;FGFR2;SCAF8;SUZ12;MTOR;BCL9L;MSH6;MLH1;MSH2;ZFHX3;TDP2;PMS1;PMS2;POLE;ATR;FBXW7;PTEN;RAD21;RAD51B;GMCL1;HNF1B;ADAM12;SPOP;RNGTT;MED12"
"20","GO:0031974",0.00268011964403769,2.22470588235294,20.4848484848485,31,507,"membrane-enclosed lumen","CTCF;CHD4;CTNNB1;CUX1;EGFR;AKT1;JAZF1;FGFR2;SCAF8;SUZ12;MTOR;BCL9L;MSH6;MLH1;MSH2;ZFHX3;TDP2;PMS1;PMS2;POLE;ATR;FBXW7;PTEN;RAD21;RAD51B;GMCL1;HNF1B;ADAM12;SPOP;RNGTT;MED12"
"21","GO:0032991",0.00315674035065034,2.1921802518224,21.6161616161616,32,535,"macromolecular complex","CHD4;CTNNB1;EGFR;ERBB2;JAZF1;SCAF8;TNRC6B;SUZ12;MTOR;MSH6;MLH1;EIF2AK4;MSH2;ZFHX3;BET1L;PIK3CA;PIK3R1;PIK3R2;PMS1;PMS2;POLE;FBXW7;CACNA2D3;RAD21;RAD51B;HNF1B;TSC1;TSC2;YWHAE;AXIN1;SPOP;MED12"
"22","GO:0000228",0.00419794990314551,3.10594702648676,3.91919191919192,10,97,"nuclear chromosome","CHD4;CTNNB1;SUZ12;MSH6;MLH1;MSH2;PMS1;POLE;ATR;RAD21"
"23","GO:0070013",0.00459432029101561,2.11825487944891,20.1616161616162,30,499,"intracellular organelle lumen","CTCF;CHD4;CTNNB1;CUX1;AKT1;JAZF1;FGFR2;SCAF8;SUZ12;MTOR;BCL9L;MSH6;MLH1;MSH2;ZFHX3;TDP2;PMS1;PMS2;POLE;ATR;FBXW7;PTEN;RAD21;RAD51B;GMCL1;HNF1B;ADAM12;SPOP;RNGTT;MED12"
"24","GO:0043234",0.00585592295558472,2.0724424865394,19.5151515151515,29,483,"protein complex","CHD4;CTNNB1;EGFR;ERBB2;JAZF1;SUZ12;MTOR;MSH6;MLH1;MSH2;ZFHX3;BET1L;PIK3CA;PIK3R1;PIK3R2;PMS1;PMS2;POLE;FBXW7;CACNA2D3;RAD21;RAD51B;HNF1B;TSC1;TSC2;YWHAE;AXIN1;SPOP;MED12"
"25","GO:0044427",0.0065418096865547,2.62909090909091,5.53535353535354,12,137,"chromosomal part","CTCF;CHD4;CTNNB1;SUZ12;MSH6;MLH1;MSH2;PMS1;POLE;ATR;RAD21;RAD51B"
"26","GO:1990234",0.00819628762407491,2.95271867612293,3.63636363636364,9,90,"transferase complex","SUZ12;MTOR;PIK3CA;PIK3R1;PIK3R2;POLE;FBXW7;SPOP;MED12"
