"","GOBPID","Pvalue","OddsRatio","ExpCount","Count","Size","Term","Symbols"
"1","GO:0008543",7.1228475467046e-07,6.25510204081633,3.58093126385809,15,85,"fibroblast growth factor receptor signaling pathway","CTNNB1;EGFR;ERBB2;AKT1;FGFR2;TNRC6B;MTOR;KIT;KRAS;PIK3CA;PIK3R1;PIK3R2;PTEN;SRC;TSC2"
"2","GO:0090304",7.93469066962509e-07,4.35,27.1729490022173,45,645,"nucleic acid metabolic process","CTCF;CHD4;COX6C;CTNNB1;CUX1;EGFR;ERBB2;AKT1;JAZF1;FGFR2;SCAF8;TNRC6B;SUZ12;MTOR;BCL9L;MSH6;KIT;KRAS;MLH1;EIF2AK4;MSH2;ZFHX3;TDP2;PIK3CA;PIK3R1;PIK3R2;PMS1;PMS2;POLE;ATR;TET2;FBXW7;PTEN;RAD21;RAD51B;GMCL1;SRC;HNF1B;TSC1;TSC2;YWHAE;AXIN1;SPOP;RNGTT;MED12"
"3","GO:0048011",8.49027268993728e-07,5.77751338488995,4.12860310421286,16,98,"neurotrophin TRK receptor signaling pathway","EGFR;ERBB2;AKT1;FGFR2;TNRC6B;MTOR;KIT;KRAS;PIK3CA;PIK3R1;PIK3R2;PTEN;RIT1;SRC;TSC2;YWHAE"
"4","GO:0007173",1.13360874106862e-06,5.63066202090592,4.21286031042129,16,100,"epidermal growth factor receptor signaling pathway","EGFR;ERBB2;AKT1;FGFR2;TNRC6B;MTOR;KIT;KRAS;PIK3CA;PIK3R1;PIK3R2;FBXW7;PTEN;SRC;TSC2;ADAM12"
"5","GO:0038127",1.13360874106862e-06,5.63066202090592,4.21286031042129,16,100,"ERBB signaling pathway","EGFR;ERBB2;AKT1;FGFR2;TNRC6B;MTOR;KIT;KRAS;PIK3CA;PIK3R1;PIK3R2;FBXW7;PTEN;SRC;TSC2;ADAM12"
"6","GO:0038179",1.13360874106862e-06,5.63066202090592,4.21286031042129,16,100,"neurotrophin signaling pathway","EGFR;ERBB2;AKT1;FGFR2;TNRC6B;MTOR;KIT;KRAS;PIK3CA;PIK3R1;PIK3R2;PTEN;RIT1;SRC;TSC2;YWHAE"
"7","GO:0044344",1.14467972551841e-06,5.98336594911937,3.70731707317073,15,88,"cellular response to fibroblast growth factor stimulus","CTNNB1;EGFR;ERBB2;AKT1;FGFR2;TNRC6B;MTOR;KIT;KRAS;PIK3CA;PIK3R1;PIK3R2;PTEN;SRC;TSC2"
"8","GO:0071774",1.33446820209649e-06,5.8976833976834,3.74944567627494,15,89,"response to fibroblast growth factor","CTNNB1;EGFR;ERBB2;AKT1;FGFR2;TNRC6B;MTOR;KIT;KRAS;PIK3CA;PIK3R1;PIK3R2;PTEN;SRC;TSC2"
"9","GO:0008286",2.51039832369558e-06,6.42224880382775,2.9490022172949,13,70,"insulin receptor signaling pathway","EGFR;ERBB2;AKT1;FGFR2;MTOR;KIT;KRAS;PIK3CA;PIK3R1;PIK3R2;SRC;TSC1;TSC2"
"10","GO:0045792",2.84155277399112e-06,Inf,0.168514412416851,4,4,"negative regulation of cell size","AKT1;MTOR;PTEN;TSC1"
"11","GO:0006139",4.22323728839325e-06,3.95206022187005,28.4789356984479,45,676,"nucleobase-containing compound metabolic process","CTCF;CHD4;COX6C;CTNNB1;CUX1;EGFR;ERBB2;AKT1;JAZF1;FGFR2;SCAF8;TNRC6B;SUZ12;MTOR;BCL9L;MSH6;KIT;KRAS;MLH1;EIF2AK4;MSH2;ZFHX3;TDP2;PIK3CA;PIK3R1;PIK3R2;PMS1;PMS2;POLE;ATR;TET2;FBXW7;PTEN;RAD21;RAD51B;GMCL1;SRC;HNF1B;TSC1;TSC2;YWHAE;AXIN1;SPOP;RNGTT;MED12"
"12","GO:1901360",5.76863967807022e-06,3.99259563965446,29.8691796008869,46,709,"organic cyclic compound metabolic process","CTCF;CHD4;COX6C;CTNNB1;CUX1;CYP19A1;EGFR;ERBB2;AKT1;JAZF1;FGFR2;SCAF8;TNRC6B;SUZ12;MTOR;BCL9L;MSH6;KIT;KRAS;MLH1;EIF2AK4;MSH2;ZFHX3;TDP2;PIK3CA;PIK3R1;PIK3R2;PMS1;PMS2;POLE;ATR;TET2;FBXW7;PTEN;RAD21;RAD51B;GMCL1;SRC;HNF1B;TSC1;TSC2;YWHAE;AXIN1;SPOP;RNGTT;MED12"
"13","GO:0046483",7.80047209224647e-06,3.80832037325039,28.9844789356984,45,688,"heterocycle metabolic process","CTCF;CHD4;COX6C;CTNNB1;CUX1;EGFR;ERBB2;AKT1;JAZF1;FGFR2;SCAF8;TNRC6B;SUZ12;MTOR;BCL9L;MSH6;KIT;KRAS;MLH1;EIF2AK4;MSH2;ZFHX3;TDP2;PIK3CA;PIK3R1;PIK3R2;PMS1;PMS2;POLE;ATR;TET2;FBXW7;PTEN;RAD21;RAD51B;GMCL1;SRC;HNF1B;TSC1;TSC2;YWHAE;AXIN1;SPOP;RNGTT;MED12"
"14","GO:0006725",1.10643875119562e-05,3.72692307692308,29.2793791574279,45,695,"cellular aromatic compound metabolic process","CTCF;CHD4;COX6C;CTNNB1;CUX1;EGFR;ERBB2;AKT1;JAZF1;FGFR2;SCAF8;TNRC6B;SUZ12;MTOR;BCL9L;MSH6;KIT;KRAS;MLH1;EIF2AK4;MSH2;ZFHX3;TDP2;PIK3CA;PIK3R1;PIK3R2;PMS1;PMS2;POLE;ATR;TET2;FBXW7;PTEN;RAD21;RAD51B;GMCL1;SRC;HNF1B;TSC1;TSC2;YWHAE;AXIN1;SPOP;RNGTT;MED12"
"15","GO:0002566",1.37612040566968e-05,97.7358490566038,0.210643015521064,4,5,"somatic diversification of immune receptors via somatic mutation","MSH6;MLH1;MSH2;PMS2"
"16","GO:0016446",1.37612040566968e-05,97.7358490566038,0.210643015521064,4,5,"somatic hypermutation of immunoglobulin genes","MSH6;MLH1;MSH2;PMS2"
"17","GO:0032869",1.60728034541326e-05,5.25395256916996,3.45454545454545,13,82,"cellular response to insulin stimulus","EGFR;ERBB2;AKT1;FGFR2;MTOR;KIT;KRAS;PIK3CA;PIK3R1;PIK3R2;SRC;TSC1;TSC2"
"18","GO:0048015",1.84104353798992e-05,5.5909604519774,2.99113082039911,12,71,"phosphatidylinositol-mediated signaling","EGFR;ERBB2;AKT1;FGFR2;TNRC6B;MTOR;KIT;PIK3CA;PIK3R1;PIK3R2;PTEN;TSC2"
"19","GO:0048017",1.84104353798992e-05,5.5909604519774,2.99113082039911,12,71,"inositol lipid-mediated signaling","EGFR;ERBB2;AKT1;FGFR2;TNRC6B;MTOR;KIT;PIK3CA;PIK3R1;PIK3R2;PTEN;TSC2"
"20","GO:0032868",2.11452340972777e-05,5.09763124199744,3.53880266075388,13,84,"response to insulin","EGFR;ERBB2;AKT1;FGFR2;MTOR;KIT;KRAS;PIK3CA;PIK3R1;PIK3R2;SRC;TSC1;TSC2"
"21","GO:0071375",2.48388940482106e-05,4.69767441860465,4.12860310421286,14,98,"cellular response to peptide hormone stimulus","CTNNB1;EGFR;ERBB2;AKT1;FGFR2;MTOR;KIT;KRAS;PIK3CA;PIK3R1;PIK3R2;SRC;TSC1;TSC2"
"22","GO:0038093",3.54908994055521e-05,4.52445870088212,4.2549889135255,14,101,"Fc receptor signaling pathway","EGFR;ERBB2;AKT1;FGFR2;TNRC6B;MTOR;KIT;KRAS;PIK3CA;PIK3R1;PIK3R2;PTEN;SRC;TSC2"
"23","GO:1901653",3.54908994055521e-05,4.52445870088212,4.2549889135255,14,101,"cellular response to peptide","CTNNB1;EGFR;ERBB2;AKT1;FGFR2;MTOR;KIT;KRAS;PIK3CA;PIK3R1;PIK3R2;SRC;TSC1;TSC2"
"24","GO:0022402",4.02267756958599e-05,3.38437719915552,9.47893569844789,22,225,"cell cycle process","CTCF;CHD4;CTNNB1;EGFR;AKT1;FGFR2;MTOR;MSH6;STMN1;MLH1;EIF2AK4;MSH2;ZFHX3;POLE;ATR;FBXW7;PTEN;RAD21;RAD51B;TSC1;TSC2;YWHAE"
"25","GO:0038095",4.04521815049244e-05,4.74282296650718,3.74944567627494,13,89,"Fc-epsilon receptor signaling pathway","EGFR;ERBB2;AKT1;FGFR2;TNRC6B;MTOR;KIT;KRAS;PIK3CA;PIK3R1;PIK3R2;PTEN;TSC2"
"26","GO:0034641",4.41692613436097e-05,3.40758468335788,30.5011086474501,45,724,"cellular nitrogen compound metabolic process","CTCF;CHD4;COX6C;CTNNB1;CUX1;EGFR;ERBB2;AKT1;JAZF1;FGFR2;SCAF8;TNRC6B;SUZ12;MTOR;BCL9L;MSH6;KIT;KRAS;MLH1;EIF2AK4;MSH2;ZFHX3;TDP2;PIK3CA;PIK3R1;PIK3R2;PMS1;PMS2;POLE;ATR;TET2;FBXW7;PTEN;RAD21;RAD51B;GMCL1;SRC;HNF1B;TSC1;TSC2;YWHAE;AXIN1;SPOP;RNGTT;MED12"
"27","GO:0007169",4.86650701466685e-05,3.48555452003728,8.1729490022173,20,194,"transmembrane receptor protein tyrosine kinase signaling pathway","CTNNB1;EGFR;ERBB2;AKT1;FGFR2;TNRC6B;MTOR;KIT;KRAS;PIK3CA;PIK3R1;PIK3R2;FBXW7;PTEN;RIT1;SRC;TSC1;TSC2;YWHAE;ADAM12"
"28","GO:0006259",4.9426047028866e-05,3.57547169811321,7.49889135254989,19,178,"DNA metabolic process","CTCF;CTNNB1;EGFR;AKT1;MTOR;MSH6;MLH1;MSH2;TDP2;PIK3CA;PMS1;PMS2;POLE;ATR;TET2;FBXW7;RAD21;RAD51B;SRC"
"29","GO:0043434",6.23406210178999e-05,4.26086956521739,4.46563192904656,14,106,"response to peptide hormone","CTNNB1;EGFR;ERBB2;AKT1;FGFR2;MTOR;KIT;KRAS;PIK3CA;PIK3R1;PIK3R2;SRC;TSC1;TSC2"
"30","GO:0006298",7.03579124110582e-05,17.706043956044,0.505543237250554,5,12,"mismatch repair","MSH6;MLH1;MSH2;PMS1;PMS2"
"31","GO:1900076",0.00011066509035709,15.4807692307692,0.547671840354767,5,13,"regulation of cellular response to insulin stimulus","PIK3R1;PIK3R2;SRC;TSC1;TSC2"
"32","GO:0070848",0.00011126165494039,3.24616508400292,8.63636363636364,20,205,"response to growth factor","CTNNB1;EGFR;ERBB2;AKT1;FGFR2;TNRC6B;MTOR;BCL9L;KIT;KRAS;ZFHX3;PIK3CA;PIK3R1;PIK3R2;PTEN;RIT1;SRC;TSC2;YWHAE;AXIN1"
"33","GO:0048010",0.000115849141793673,4.84141126158232,3.03325942350333,11,72,"vascular endothelial growth factor receptor signaling pathway","EGFR;ERBB2;AKT1;FGFR2;MTOR;KIT;KRAS;PIK3CA;PIK3R1;PIK3R2;SRC"
"34","GO:0006807",0.000123370189427741,3.17307692307692,31.470066518847,45,747,"nitrogen compound metabolic process","CTCF;CHD4;COX6C;CTNNB1;CUX1;EGFR;ERBB2;AKT1;JAZF1;FGFR2;SCAF8;TNRC6B;SUZ12;MTOR;BCL9L;MSH6;KIT;KRAS;MLH1;EIF2AK4;MSH2;ZFHX3;TDP2;PIK3CA;PIK3R1;PIK3R2;PMS1;PMS2;POLE;ATR;TET2;FBXW7;PTEN;RAD21;RAD51B;GMCL1;SRC;HNF1B;TSC1;TSC2;YWHAE;AXIN1;SPOP;RNGTT;MED12"
"35","GO:1902589",0.000127628805709154,2.88701298701299,14.1130820399113,27,335,"single-organism organelle organization","CTCF;CHD4;CTNNB1;AKT1;FGFR2;SUZ12;MTOR;MSH6;KIT;KRAS;STMN1;MLH1;MSH2;LIMA1;PIK3CA;PIK3R1;POLE;ATR;TET2;FBXW7;PTEN;RAD21;RAD51B;SRC;TSC1;YWHAE;AXIN1"
"36","GO:1901652",0.000129231509649439,3.93657505285412,4.76053215077605,14,113,"response to peptide","CTNNB1;EGFR;ERBB2;AKT1;FGFR2;MTOR;KIT;KRAS;PIK3CA;PIK3R1;PIK3R2;SRC;TSC1;TSC2"
"37","GO:0009416",0.000170174214182393,4.60326086956522,3.15964523281596,11,75,"response to light stimulus","EGFR;AKT1;MTOR;MSH6;KIT;KRAS;EIF2AK4;MSH2;PIK3R1;ATR;FBXW7"
"38","GO:0030258",0.000189601480469204,9.41176470588235,0.926829268292683,6,22,"lipid modification","AKT1;MTOR;PIK3CA;PIK3R1;PIK3R2;PTEN"
"39","GO:0007049",0.000195110449663774,2.88401253918495,12.0066518847007,24,285,"cell cycle","CTCF;CHD4;CTNNB1;EGFR;AKT1;FGFR2;MTOR;MSH6;STMN1;MLH1;EIF2AK4;MSH2;ZFHX3;POLE;ATR;TET2;FBXW7;PTEN;RAD21;RAD51B;SRC;TSC1;TSC2;YWHAE"
"40","GO:0009411",0.000232495467830743,6.06002400960384,1.76940133037694,8,42,"response to UV","EGFR;AKT1;MSH6;EIF2AK4;MSH2;PIK3R1;ATR;FBXW7"
"41","GO:0043491",0.000240030137400382,7.1176,1.34811529933481,7,32,"protein kinase B signaling","EGFR;AKT1;MTOR;PIK3CA;PTEN;SRC;TSC2"
"42","GO:0071363",0.000240903608209645,3.1,8.38359201773836,19,199,"cellular response to growth factor stimulus","CTNNB1;EGFR;ERBB2;AKT1;FGFR2;TNRC6B;MTOR;BCL9L;KIT;KRAS;PIK3CA;PIK3R1;PIK3R2;PTEN;RIT1;SRC;TSC2;YWHAE;AXIN1"
"43","GO:0046323",0.000241931620511214,12.3653846153846,0.631929046563193,5,15,"glucose import","AKT1;PIK3R1;PIK3R2;TSC1;TSC2"
"44","GO:0007167",0.000245766274210432,2.91329192546584,10.6164079822616,22,252,"enzyme linked receptor protein signaling pathway","CTNNB1;EGFR;ERBB2;AKT1;FGFR2;TNRC6B;MTOR;BCL9L;KIT;KRAS;PIK3CA;PIK3R1;PIK3R2;FBXW7;PTEN;RIT1;SRC;TSC1;TSC2;YWHAE;ADAM12;AXIN1"
"45","GO:0006281",0.000263613036230787,4.05333333333333,3.87583148558758,12,92,"DNA repair","EGFR;MTOR;MSH6;MLH1;MSH2;TDP2;PMS1;PMS2;POLE;ATR;RAD21;RAD51B"
"46","GO:0044708",0.000308914984501484,5.09510869565217,2.31707317073171,9,55,"single-organism behavior","EGFR;MTOR;KIT;KRAS;LSAMP;EIF2AK4;ZFHX3;PTEN;TSC1"
"47","GO:0050808",0.000359061114810889,6.58,1.43237250554324,7,34,"synapse organization","CHD4;CTNNB1;LINGO2;ERBB2;FGFR2;PTEN;TSC1"
"48","GO:0006974",0.000381310143906939,3.34571428571429,5.8980044345898,15,140,"cellular response to DNA damage stimulus","EGFR;AKT1;MTOR;MSH6;MLH1;MSH2;TDP2;PIK3R1;PMS1;PMS2;POLE;ATR;FBXW7;RAD21;RAD51B"
"49","GO:0033554",0.000452811743882194,2.68774703557312,12.6385809312639,24,300,"cellular response to stress","EGFR;AKT1;MTOR;MSH6;MLH1;EIF2AK4;MSH2;TDP2;PIK3CA;PIK3R1;PIK3R2;PMS1;PMS2;POLE;ATR;FBXW7;PTEN;RAD21;RAD51B;SRC;TSC1;YWHAE;AXIN1;SPOP"
"50","GO:0016070",0.000469883930525885,2.58179297597043,24.350332594235,37,578,"RNA metabolic process","CTCF;CHD4;COX6C;CTNNB1;CUX1;EGFR;ERBB2;AKT1;JAZF1;FGFR2;SCAF8;TNRC6B;SUZ12;MTOR;BCL9L;KIT;KRAS;MLH1;EIF2AK4;ZFHX3;TDP2;PIK3R1;PIK3R2;TET2;FBXW7;PTEN;RAD21;GMCL1;SRC;HNF1B;TSC1;TSC2;YWHAE;AXIN1;SPOP;RNGTT;MED12"
"51","GO:0014065",0.00052147035155351,6.11655172413793,1.51662971175166,7,36,"phosphatidylinositol 3-kinase signaling","ERBB2;KIT;PIK3CA;PIK3R1;PIK3R2;PTEN;TSC2"
"52","GO:0071417",0.000548932814411675,3.34357937310415,5.43458980044346,14,129,"cellular response to organonitrogen compound","CTNNB1;EGFR;ERBB2;AKT1;FGFR2;MTOR;KIT;KRAS;PIK3CA;PIK3R1;PIK3R2;SRC;TSC1;TSC2"
"53","GO:0009059",0.000628914452796105,2.56060606060606,26.6674057649667,39,633,"macromolecule biosynthetic process","CTCF;CHD4;COX6C;MGAT5B;CTNNB1;CUX1;EGFR;ERBB2;AKT1;JAZF1;FGFR2;TNRC6B;SUZ12;MTOR;BCL9L;KIT;KRAS;EIF2AK4;ZFHX3;BET1L;TDP2;PIK3R1;PIK3R2;POLE;ATR;TET2;FBXW7;PTEN;RAD21;GMCL1;SRC;HNF1B;TSC1;TSC2;YWHAE;AXIN1;SPOP;RNGTT;MED12"
"54","GO:0031657",0.0006684347416078,35.9444444444444,0.210643015521064,3,5,"regulation of cyclin-dependent protein serine/threonine kinase activity involved in G1/S transition of mitotic cell cycle","EGFR;AKT1;PTEN"
"55","GO:0048009",0.0006684347416078,35.9444444444444,0.210643015521064,3,5,"insulin-like growth factor receptor signaling pathway","AKT1;PIK3R1;TSC2"
"56","GO:0051351",0.0006684347416078,35.9444444444444,0.210643015521064,3,5,"positive regulation of ligase activity","FBXW7;PTEN;AXIN1"
"57","GO:0051443",0.0006684347416078,35.9444444444444,0.210643015521064,3,5,"positive regulation of ubiquitin-protein transferase activity","FBXW7;PTEN;AXIN1"
"58","GO:0019219",0.000720588213096874,2.48555225492844,23.8026607538803,36,565,"regulation of nucleobase-containing compound metabolic process","CTCF;CHD4;CTNNB1;CUX1;EGFR;ERBB2;AKT1;JAZF1;FGFR2;TNRC6B;SUZ12;MTOR;BCL9L;MSH6;KIT;KRAS;MLH1;EIF2AK4;MSH2;ZFHX3;TDP2;PIK3CA;PIK3R1;PIK3R2;ATR;TET2;FBXW7;PTEN;RAD21;GMCL1;SRC;HNF1B;TSC2;AXIN1;SPOP;MED12"
"59","GO:0034645",0.00074213708049117,2.50782608695652,25.8248337028825,38,613,"cellular macromolecule biosynthetic process","CTCF;CHD4;COX6C;MGAT5B;CTNNB1;CUX1;EGFR;ERBB2;AKT1;JAZF1;FGFR2;TNRC6B;SUZ12;MTOR;BCL9L;KIT;KRAS;EIF2AK4;ZFHX3;BET1L;PIK3R1;PIK3R2;POLE;ATR;TET2;FBXW7;PTEN;RAD21;GMCL1;SRC;HNF1B;TSC1;TSC2;YWHAE;AXIN1;SPOP;RNGTT;MED12"
"60","GO:0009314",0.000775127817551908,3.53113553113553,4.33924611973392,12,103,"response to radiation","EGFR;AKT1;MTOR;MSH6;KIT;KRAS;EIF2AK4;MSH2;PIK3R1;ATR;FBXW7;RAD51B"
"61","GO:0044249",0.000811836220256375,2.5625,29.0266075388027,41,689,"cellular biosynthetic process","CTCF;CHD4;COX6C;MGAT5B;CTNNB1;CUX1;CYP19A1;EGFR;ERBB2;AKT1;JAZF1;FGFR2;TNRC6B;SUZ12;MTOR;BCL9L;KIT;KRAS;EIF2AK4;ZFHX3;BET1L;TDP2;PIK3CA;PIK3R1;PIK3R2;POLE;ATR;TET2;FBXW7;PTEN;RAD21;GMCL1;SRC;HNF1B;TSC1;TSC2;YWHAE;AXIN1;SPOP;RNGTT;MED12"
"62","GO:0097193",0.000882139619150075,4.3125,2.65410199556541,9,63,"intrinsic apoptotic signaling pathway","AKT1;MSH6;MLH1;MSH2;PIK3R1;FBXW7;SRC;YWHAE;SPOP"
"63","GO:0002768",0.000883362424066489,3.16163751681722,5.68736141906874,14,135,"immune response-regulating cell surface receptor signaling pathway","EGFR;ERBB2;AKT1;FGFR2;TNRC6B;MTOR;KIT;KRAS;PIK3CA;PIK3R1;PIK3R2;PTEN;SRC;TSC2"
"64","GO:0051171",0.000934454843279348,2.44677419354839,25.0665188470067,37,595,"regulation of nitrogen compound metabolic process","CTCF;CHD4;CTNNB1;CUX1;EGFR;ERBB2;AKT1;JAZF1;FGFR2;TNRC6B;SUZ12;MTOR;BCL9L;MSH6;KIT;KRAS;MLH1;EIF2AK4;MSH2;ZFHX3;TDP2;PIK3CA;PIK3R1;PIK3R2;ATR;TET2;FBXW7;PTEN;RAD21;GMCL1;SRC;HNF1B;TSC1;TSC2;AXIN1;SPOP;MED12"
"65","GO:0007272",0.000958640394782529,6.51150895140665,1.22172949002217,6,29,"ensheathment of neurons","CTNNB1;ERBB2;AKT1;MTOR;PTEN;TSC1"
"66","GO:0008366",0.000958640394782529,6.51150895140665,1.22172949002217,6,29,"axon ensheathment","CTNNB1;ERBB2;AKT1;MTOR;PTEN;TSC1"
"67","GO:0042552",0.000958640394782529,6.51150895140665,1.22172949002217,6,29,"myelination","CTNNB1;ERBB2;AKT1;MTOR;PTEN;TSC1"
"68","GO:0006352",0.000993008053176,4.23068181818182,2.69623059866962,9,64,"DNA-templated transcription, initiation","COX6C;CTNNB1;AKT1;MTOR;HNF1B;TSC1;TSC2;YWHAE;MED12"
"69","GO:0007127",0.0010615656502049,8.21153846153846,0.842572062084257,5,20,"meiosis I","MSH6;MLH1;MSH2;RAD21;RAD51B"
"70","GO:0007131",0.00109020556572481,12.1509433962264,0.505543237250554,4,12,"reciprocal meiotic recombination","MLH1;MSH2;RAD21;RAD51B"
"71","GO:0031641",0.00109020556572481,12.1509433962264,0.505543237250554,4,12,"regulation of myelination","CTNNB1;AKT1;MTOR;PTEN"
"72","GO:0035825",0.00109020556572481,12.1509433962264,0.505543237250554,4,12,"reciprocal DNA recombination","MLH1;MSH2;RAD21;RAD51B"
"73","GO:1901576",0.00114320163347252,2.49229452054795,29.4057649667406,41,698,"organic substance biosynthetic process","CTCF;CHD4;COX6C;MGAT5B;CTNNB1;CUX1;CYP19A1;EGFR;ERBB2;AKT1;JAZF1;FGFR2;TNRC6B;SUZ12;MTOR;BCL9L;KIT;KRAS;EIF2AK4;ZFHX3;BET1L;TDP2;PIK3CA;PIK3R1;PIK3R2;POLE;ATR;TET2;FBXW7;PTEN;RAD21;GMCL1;SRC;HNF1B;TSC1;TSC2;YWHAE;AXIN1;SPOP;RNGTT;MED12"
"74","GO:0051338",0.00118682079629669,2.77732558139535,7.96230598669623,17,189,"regulation of transferase activity","CTNNB1;EGFR;ERBB2;AKT1;FGFR2;MTOR;KIT;KRAS;PIK3CA;PIK3R1;PIK3R2;FBXW7;PTEN;SRC;TSC1;TSC2;AXIN1"
"75","GO:0007281",0.00119019482350508,5.19647058823529,1.72727272727273,7,41,"germ cell development","CTNNB1;AKT1;MTOR;KIT;MLH1;MSH2;SRC"
"76","GO:1901362",0.00120627490812244,2.38481813389562,24.350332594235,36,578,"organic cyclic compound biosynthetic process","CTCF;CHD4;COX6C;CTNNB1;CUX1;CYP19A1;EGFR;ERBB2;AKT1;JAZF1;FGFR2;SUZ12;MTOR;BCL9L;KIT;KRAS;EIF2AK4;ZFHX3;TDP2;PIK3R1;PIK3R2;POLE;TET2;FBXW7;PTEN;RAD21;GMCL1;SRC;HNF1B;TSC1;TSC2;YWHAE;AXIN1;SPOP;RNGTT;MED12"
"77","GO:0006310",0.00121226042750092,4.53877551020408,2.23281596452328,8,53,"DNA recombination","MSH6;MLH1;MSH2;PMS2;POLE;ATR;RAD21;RAD51B"
"78","GO:0097659",0.00121537384857162,2.36877946568884,22.4124168514412,34,532,"nucleic acid-templated transcription","CTCF;CHD4;COX6C;CTNNB1;CUX1;EGFR;ERBB2;AKT1;JAZF1;FGFR2;SUZ12;MTOR;BCL9L;KIT;KRAS;EIF2AK4;ZFHX3;TDP2;PIK3R1;PIK3R2;TET2;FBXW7;PTEN;RAD21;GMCL1;SRC;HNF1B;TSC1;TSC2;YWHAE;AXIN1;SPOP;RNGTT;MED12"
"79","GO:0043549",0.00127553868620256,2.83113251514681,7.28824833702882,16,173,"regulation of kinase activity","EGFR;ERBB2;AKT1;FGFR2;MTOR;KIT;KRAS;PIK3CA;PIK3R1;PIK3R2;FBXW7;PTEN;SRC;TSC1;TSC2;AXIN1"
"80","GO:0060736",0.00129688248462793,23.9444444444444,0.252771618625277,3,6,"prostate gland growth","CYP19A1;FGFR2;PTEN"
"81","GO:2000060",0.00129688248462793,23.9444444444444,0.252771618625277,3,6,"positive regulation of protein ubiquitination involved in ubiquitin-dependent protein catabolic process","FBXW7;PTEN;AXIN1"
"82","GO:0009628",0.00137448436439118,2.67015706806283,8.80487804878049,18,209,"response to abiotic stimulus","CTNNB1;EGFR;AKT1;MTOR;MSH6;KIT;KRAS;EIF2AK4;MSH2;PIK3R1;ATR;FBXW7;PTEN;RAD51B;SRC;TSC1;TSC2;YWHAE"
"83","GO:0035556",0.00139389648881107,2.36243580337491,17.019955654102,28,404,"intracellular signal transduction","SH2B3;CTNNB1;EGFR;ERBB2;AKT1;FGFR2;TNRC6B;MTOR;MSH6;ECT2L;KIT;KRAS;STMN1;MLH1;MSH2;PIK3CA;PIK3R1;PIK3R2;ATR;FBXW7;PTEN;RIT1;SRC;TSC1;TSC2;YWHAE;AXIN1;SPOP"
"84","GO:1901699",0.00147964089349574,2.97093023255814,5.98226164079823,14,142,"cellular response to nitrogen compound","CTNNB1;EGFR;ERBB2;AKT1;FGFR2;MTOR;KIT;KRAS;PIK3CA;PIK3R1;PIK3R2;SRC;TSC1;TSC2"
"85","GO:0009058",0.00148189492388248,2.43900602409639,29.7006651884701,41,705,"biosynthetic process","CTCF;CHD4;COX6C;MGAT5B;CTNNB1;CUX1;CYP19A1;EGFR;ERBB2;AKT1;JAZF1;FGFR2;TNRC6B;SUZ12;MTOR;BCL9L;KIT;KRAS;EIF2AK4;ZFHX3;BET1L;TDP2;PIK3CA;PIK3R1;PIK3R2;POLE;ATR;TET2;FBXW7;PTEN;RAD21;GMCL1;SRC;HNF1B;TSC1;TSC2;YWHAE;AXIN1;SPOP;RNGTT;MED12"
"86","GO:0016447",0.00152555688811045,10.7924528301887,0.547671840354767,4,13,"somatic recombination of immunoglobulin gene segments","MSH6;MLH1;MSH2;PMS2"
"87","GO:0046777",0.00155602486611997,3.93114406779661,2.86474501108647,9,68,"protein autophosphorylation","EGFR;ERBB2;AKT1;FGFR2;MTOR;KIT;EIF2AK4;ATR;SRC"
"88","GO:0032774",0.00165954993672049,2.30795669358996,22.7494456762749,34,540,"RNA biosynthetic process","CTCF;CHD4;COX6C;CTNNB1;CUX1;EGFR;ERBB2;AKT1;JAZF1;FGFR2;SUZ12;MTOR;BCL9L;KIT;KRAS;EIF2AK4;ZFHX3;TDP2;PIK3R1;PIK3R2;TET2;FBXW7;PTEN;RAD21;GMCL1;SRC;HNF1B;TSC1;TSC2;YWHAE;AXIN1;SPOP;RNGTT;MED12"
"89","GO:0051017",0.0016897025202519,7.2341628959276,0.926829268292683,5,22,"actin filament bundle assembly","MTOR;LIMA1;PIK3R1;SRC;TSC1"
"90","GO:0002764",0.00170230439495883,2.92021466905188,6.06651884700665,14,144,"immune response-regulating signaling pathway","EGFR;ERBB2;AKT1;FGFR2;TNRC6B;MTOR;KIT;KRAS;PIK3CA;PIK3R1;PIK3R2;PTEN;SRC;TSC2"
"91","GO:0051531",0.00174497172621,Inf,0.0842572062084257,2,2,"NFAT protein import into nucleus","MTOR;PIK3R1"
"92","GO:0034654",0.00178761607766839,2.29931389365352,23.8026607538803,35,565,"nucleobase-containing compound biosynthetic process","CTCF;CHD4;COX6C;CTNNB1;CUX1;EGFR;ERBB2;AKT1;JAZF1;FGFR2;SUZ12;MTOR;BCL9L;KIT;KRAS;EIF2AK4;ZFHX3;TDP2;PIK3R1;PIK3R2;POLE;TET2;FBXW7;PTEN;RAD21;GMCL1;SRC;HNF1B;TSC1;TSC2;YWHAE;AXIN1;SPOP;RNGTT;MED12"
"93","GO:0010605",0.00179702056399721,2.32209944751381,16.3880266075388,27,389,"negative regulation of macromolecule metabolic process","CTCF;CHD4;CTNNB1;CUX1;EGFR;AKT1;JAZF1;FGFR2;TNRC6B;SUZ12;MTOR;MSH6;MLH1;EIF2AK4;MSH2;ZFHX3;TDP2;ATR;FBXW7;PTEN;SRC;HNF1B;TSC1;TSC2;YWHAE;AXIN1;SPOP"
"94","GO:0051173",0.00179702056399721,2.32209944751381,16.3880266075388,27,389,"positive regulation of nitrogen compound metabolic process","CTCF;CTNNB1;CUX1;EGFR;ERBB2;AKT1;FGFR2;TNRC6B;MTOR;BCL9L;MSH6;KIT;KRAS;EIF2AK4;ZFHX3;PIK3R1;PIK3R2;ATR;TET2;FBXW7;PTEN;RAD21;SRC;HNF1B;TSC2;AXIN1;MED12"
"95","GO:0051052",0.00192521762549282,3.51351351351351,3.53880266075388,10,84,"regulation of DNA metabolic process","CTNNB1;EGFR;AKT1;MSH6;MLH1;MSH2;PIK3CA;ATR;FBXW7;SRC"
"96","GO:0007417",0.00197700889800663,2.69363474122546,7.58314855875831,16,180,"central nervous system development","CTNNB1;EGFR;ERBB2;AKT1;FGFR2;MTOR;KRAS;STMN1;ZFHX3;PTEN;SRC;HNF1B;TSC1;YWHAE;AXIN1;MED12"
"97","GO:0006367",0.00197912545104176,4.15493544356518,2.40133037694013,8,57,"transcription initiation from RNA polymerase II promoter","COX6C;AKT1;MTOR;HNF1B;TSC1;TSC2;YWHAE;MED12"
"98","GO:0032870",0.00199207468041482,2.77027027027027,6.8669623059867,15,163,"cellular response to hormone stimulus","CTNNB1;EGFR;ERBB2;AKT1;FGFR2;MTOR;KIT;KRAS;PIK3CA;PIK3R1;PIK3R2;SRC;TSC1;TSC2;MED12"
"99","GO:0018130",0.00199979666689769,2.27741770424697,23.9290465631929,35,568,"heterocycle biosynthetic process","CTCF;CHD4;COX6C;CTNNB1;CUX1;EGFR;ERBB2;AKT1;JAZF1;FGFR2;SUZ12;MTOR;BCL9L;KIT;KRAS;EIF2AK4;ZFHX3;TDP2;PIK3R1;PIK3R2;POLE;TET2;FBXW7;PTEN;RAD21;GMCL1;SRC;HNF1B;TSC1;TSC2;YWHAE;AXIN1;SPOP;RNGTT;MED12"
"100","GO:0016445",0.00206912875190406,9.70566037735849,0.58980044345898,4,14,"somatic diversification of immunoglobulins","MSH6;MLH1;MSH2;PMS2"
"101","GO:0030038",0.00206912875190406,9.70566037735849,0.58980044345898,4,14,"contractile actin filament bundle assembly","MTOR;PIK3R1;SRC;TSC1"
"102","GO:0043149",0.00206912875190406,9.70566037735849,0.58980044345898,4,14,"stress fiber assembly","MTOR;PIK3R1;SRC;TSC1"
"103","GO:0061572",0.00209011766965546,6.82692307692308,0.968957871396896,5,23,"actin filament bundle organization","MTOR;LIMA1;PIK3R1;SRC;TSC1"
"104","GO:0010243",0.00212265199193927,2.74928092042186,6.90909090909091,15,164,"response to organonitrogen compound","CTNNB1;EGFR;ERBB2;AKT1;FGFR2;MTOR;KIT;KRAS;PIK3CA;PIK3R1;PIK3R2;PTEN;SRC;TSC1;TSC2"
"105","GO:0046854",0.00220176325492305,17.9444444444444,0.29490022172949,3,7,"phosphatidylinositol phosphorylation","PIK3CA;PIK3R1;PIK3R2"
"106","GO:1900078",0.00220176325492305,17.9444444444444,0.29490022172949,3,7,"positive regulation of cellular response to insulin stimulus","PIK3R1;PIK3R2;SRC"
"107","GO:0006955",0.00227170923687168,2.44048303622772,10.7427937915743,20,255,"immune response","CTNNB1;EGFR;ERBB2;AKT1;FGFR2;TNRC6B;MTOR;MSH6;KIT;KRAS;MLH1;EIF2AK4;MSH2;PIK3CA;PIK3R1;PIK3R2;PTEN;SRC;TSC1;TSC2"
"108","GO:0051053",0.002302666931671,5.32773109243697,1.43237250554324,6,34,"negative regulation of DNA metabolic process","MSH6;MLH1;MSH2;ATR;FBXW7;SRC"
"109","GO:0050673",0.0023105769055996,3.41545352743561,3.62305986696231,10,86,"epithelial cell proliferation","CTNNB1;EGFR;ERBB2;AKT1;FGFR2;MTOR;KIT;FBXW7;PTEN;HNF1B"
"110","GO:0019438",0.00231771767345614,2.24860335195531,24.0975609756098,35,572,"aromatic compound biosynthetic process","CTCF;CHD4;COX6C;CTNNB1;CUX1;EGFR;ERBB2;AKT1;JAZF1;FGFR2;SUZ12;MTOR;BCL9L;KIT;KRAS;EIF2AK4;ZFHX3;TDP2;PIK3R1;PIK3R2;POLE;TET2;FBXW7;PTEN;RAD21;GMCL1;SRC;HNF1B;TSC1;TSC2;YWHAE;AXIN1;SPOP;RNGTT;MED12"
"111","GO:0006351",0.00249366316146282,2.225,22.2439024390244,33,528,"transcription, DNA-templated","CTCF;CHD4;COX6C;CTNNB1;CUX1;EGFR;ERBB2;AKT1;JAZF1;FGFR2;SUZ12;MTOR;BCL9L;KIT;KRAS;EIF2AK4;ZFHX3;PIK3R1;PIK3R2;TET2;FBXW7;PTEN;RAD21;GMCL1;SRC;HNF1B;TSC1;TSC2;YWHAE;AXIN1;SPOP;RNGTT;MED12"
"112","GO:0045935",0.00249704868167451,2.26691244239631,15.840354767184,26,376,"positive regulation of nucleobase-containing compound metabolic process","CTCF;CTNNB1;CUX1;EGFR;ERBB2;AKT1;FGFR2;TNRC6B;MTOR;BCL9L;MSH6;KIT;KRAS;ZFHX3;PIK3R1;PIK3R2;ATR;TET2;FBXW7;PTEN;RAD21;SRC;HNF1B;TSC2;AXIN1;MED12"
"113","GO:0050776",0.00281631345487265,2.58479196556671,7.83592017738359,16,186,"regulation of immune response","EGFR;ERBB2;AKT1;FGFR2;TNRC6B;MTOR;MSH6;KIT;KRAS;EIF2AK4;PIK3CA;PIK3R1;PIK3R2;PTEN;SRC;TSC2"
"114","GO:0006950",0.00288946191260058,2.19614228456914,22.4124168514412,33,532,"response to stress","SH2B3;CTNNB1;CYP19A1;EGFR;ERBB2;AKT1;FGFR2;TNRC6B;MTOR;MSH6;KIT;KRAS;MLH1;EIF2AK4;MSH2;TDP2;PIK3CA;PIK3R1;PIK3R2;PMS1;PMS2;POLE;ATR;FBXW7;PTEN;RAD21;RAD51B;SRC;TSC1;TSC2;YWHAE;AXIN1;SPOP"
"115","GO:0044271",0.0030374929209986,2.20408163265306,25.4035476718404,36,603,"cellular nitrogen compound biosynthetic process","CTCF;CHD4;COX6C;CTNNB1;CUX1;EGFR;ERBB2;AKT1;JAZF1;FGFR2;TNRC6B;SUZ12;MTOR;BCL9L;KIT;KRAS;EIF2AK4;ZFHX3;TDP2;PIK3R1;PIK3R2;POLE;TET2;FBXW7;PTEN;RAD21;GMCL1;SRC;HNF1B;TSC1;TSC2;YWHAE;AXIN1;SPOP;RNGTT;MED12"
"116","GO:0045087",0.00306708988455034,2.62903225806452,7.16186252771619,15,170,"innate immune response","CTNNB1;EGFR;ERBB2;AKT1;FGFR2;TNRC6B;MTOR;KIT;KRAS;PIK3CA;PIK3R1;PIK3R2;PTEN;SRC;TSC2"
"117","GO:1901214",0.00308851770935232,3.82903350019253,2.56984478935698,8,61,"regulation of neuron death","CTNNB1;AKT1;MTOR;KRAS;MSH2;PIK3CA;FBXW7;TSC1"
"118","GO:0031294",0.00309292509282746,6.13461538461539,1.05321507760532,5,25,"lymphocyte costimulation","AKT1;MTOR;PIK3CA;PIK3R1;SRC"
"119","GO:0031295",0.00309292509282746,6.13461538461539,1.05321507760532,5,25,"T cell costimulation","AKT1;MTOR;PIK3CA;PIK3R1;SRC"
"120","GO:0007611",0.00312279852935004,4.96470588235294,1.51662971175166,6,36,"learning or memory","EGFR;MTOR;KIT;KRAS;EIF2AK4;PTEN"
"121","GO:0006366",0.00319692862117965,2.21457049655672,16.0931263858093,26,382,"transcription from RNA polymerase II promoter","CTCF;CHD4;COX6C;CTNNB1;CUX1;EGFR;AKT1;JAZF1;FGFR2;SUZ12;MTOR;BCL9L;ZFHX3;PIK3R1;PIK3R2;TET2;FBXW7;RAD21;HNF1B;TSC1;TSC2;YWHAE;AXIN1;SPOP;RNGTT;MED12"
"122","GO:0044710",0.00334601459724122,2.17093167701863,23.549889135255,34,559,"single-organism metabolic process","CTCF;COX6C;MGAT5B;CTNNB1;CYP19A1;EGFR;ERBB2;AKT1;JAZF1;FGFR2;SUZ12;MTOR;MSH6;KIT;KRAS;MLH1;EIF2AK4;MSH2;BET1L;TDP2;PIK3CA;PIK3R1;PIK3R2;PMS1;PMS2;POLE;ATR;TET2;FBXW7;PTEN;RAD21;RAD51B;SRC;AXIN1"
"123","GO:0010507",0.00341777242082931,14.3444444444444,0.337028824833703,3,8,"negative regulation of autophagy","AKT1;MTOR;TSC1"
"124","GO:0035176",0.00341777242082931,14.3444444444444,0.337028824833703,3,8,"social behavior","MTOR;KRAS;PTEN"
"125","GO:0045910",0.00341777242082931,14.3444444444444,0.337028824833703,3,8,"negative regulation of DNA recombination","MSH6;MLH1;MSH2"
"126","GO:0046626",0.00341777242082931,14.3444444444444,0.337028824833703,3,8,"regulation of insulin receptor signaling pathway","SRC;TSC1;TSC2"
"127","GO:0046834",0.00341777242082931,14.3444444444444,0.337028824833703,3,8,"lipid phosphorylation","PIK3CA;PIK3R1;PIK3R2"
"128","GO:0051703",0.00341777242082931,14.3444444444444,0.337028824833703,3,8,"intraspecies interaction between organisms","MTOR;KRAS;PTEN"
"129","GO:0007420",0.00344493099815967,2.76781818181818,5.81374722838137,13,138,"brain development","CTNNB1;EGFR;FGFR2;MTOR;KRAS;STMN1;ZFHX3;PTEN;SRC;HNF1B;TSC1;YWHAE;AXIN1"
"130","GO:1902580",0.00345108639277555,2.59099181073703,7.24611973392461,15,172,"single-organism cellular localization","CTNNB1;EGFR;ERBB2;AKT1;FGFR2;MTOR;KIT;MLH1;PIK3R1;PIK3R2;FBXW7;PTEN;TSC2;YWHAE;AXIN1"
"131","GO:0032386",0.00347557188680775,3.02311212814645,4.46563192904656,11,106,"regulation of intracellular transport","EGFR;ERBB2;AKT1;MTOR;BET1L;PIK3R1;PIK3R2;FBXW7;SRC;YWHAE;AXIN1"
"132","GO:0022412",0.00348983874115338,4.18,2.06430155210643,7,49,"cellular process involved in reproduction in multicellular organism","CTNNB1;AKT1;MTOR;KIT;MLH1;MSH2;SRC"
"133","GO:0002562",0.00353120923949841,8.07547169811321,0.674057649667406,4,16,"somatic diversification of immune receptors via germline recombination within a single locus","MSH6;MLH1;MSH2;PMS2"
"134","GO:0010833",0.00353120923949841,8.07547169811321,0.674057649667406,4,16,"telomere maintenance via telomere lengthening","CTNNB1;POLE;ATR;SRC"
"135","GO:0016444",0.00353120923949841,8.07547169811321,0.674057649667406,4,16,"somatic cell DNA recombination","MSH6;MLH1;MSH2;PMS2"
"136","GO:0010506",0.00360678434360389,4.80075901328273,1.55875831485588,6,37,"regulation of autophagy","AKT1;MTOR;EIF2AK4;PIK3R2;FBXW7;TSC1"
"137","GO:0048523",0.00374323738039534,2.16305160807779,25.6563192904656,36,609,"negative regulation of cellular process","CTCF;CHD4;CTNNB1;CUX1;CYP19A1;EGFR;ERBB2;AKT1;JAZF1;FGFR2;SUZ12;MTOR;BCL9L;MSH6;KIT;KRAS;STMN1;MLH1;EIF2AK4;MSH2;ZFHX3;LIMA1;TDP2;PIK3CA;PIK3R1;ATR;FBXW7;PTEN;SRC;HNF1B;TSC1;TSC2;YWHAE;AXIN1;SPOP;MED12"
"138","GO:0051254",0.00380805809320963,2.2090059473237,14.5343680709534,24,345,"positive regulation of RNA metabolic process","CTCF;CTNNB1;CUX1;EGFR;ERBB2;AKT1;FGFR2;TNRC6B;MTOR;BCL9L;KIT;KRAS;ZFHX3;PIK3R1;PIK3R2;TET2;FBXW7;PTEN;RAD21;SRC;HNF1B;TSC2;AXIN1;MED12"
"139","GO:0009892",0.0038886550611414,2.16141732283465,17.1884700665188,27,408,"negative regulation of metabolic process","CTCF;CHD4;CTNNB1;CUX1;EGFR;AKT1;JAZF1;FGFR2;TNRC6B;SUZ12;MTOR;MSH6;MLH1;EIF2AK4;MSH2;ZFHX3;TDP2;ATR;FBXW7;PTEN;SRC;HNF1B;TSC1;TSC2;YWHAE;AXIN1;SPOP"
"140","GO:0046649",0.00392256006658751,2.71957766642806,5.8980044345898,13,140,"lymphocyte activation","CTNNB1;ERBB2;AKT1;MTOR;MSH6;KIT;MLH1;EIF2AK4;MSH2;PIK3CA;PIK3R1;SRC;TSC1"
"141","GO:0044260",0.00392603465199234,2.50852071005917,37.5787139689579,47,892,"cellular macromolecule metabolic process","CTCF;CHD4;COX6C;MGAT5B;CTNNB1;CUX1;EGFR;ERBB2;AKT1;JAZF1;FGFR2;SCAF8;TNRC6B;SUZ12;MTOR;BCL9L;MSH6;KIT;KRAS;MLH1;EIF2AK4;MSH2;ZFHX3;BET1L;TDP2;PIK3CA;PIK3R1;PIK3R2;PMS1;PMS2;POLE;ATR;TET2;FBXW7;PTEN;RAD21;RAD51B;GMCL1;SRC;HNF1B;TSC1;TSC2;YWHAE;AXIN1;SPOP;RNGTT;MED12"
"142","GO:0033043",0.00410164621624853,2.53571428571429,7.37250554323725,15,175,"regulation of organelle organization","CTCF;CTNNB1;AKT1;FGFR2;MTOR;STMN1;MSH2;LIMA1;PIK3R1;ATR;FBXW7;PTEN;SRC;TSC1;YWHAE"
"143","GO:1902582",0.00412762382572675,2.41417525773196,8.88913525498891,17,211,"single-organism intracellular transport","CTNNB1;CUX1;EGFR;ERBB2;AKT1;FGFR2;MTOR;KIT;BET1L;PIK3R1;PIK3R2;FBXW7;SRC;TSC1;TSC2;YWHAE;AXIN1"
"144","GO:0042692",0.00413076217107834,3.33423913043478,3.2860310421286,9,78,"muscle cell differentiation","CTNNB1;AKT1;FGFR2;MTOR;KRAS;ZFHX3;TSC1;ADAM12;AXIN1"
"145","GO:0050890",0.00414470598200036,4.64705882352941,1.60088691796009,6,38,"cognition","EGFR;MTOR;KIT;KRAS;EIF2AK4;PTEN"
"146","GO:0070997",0.0042020512397923,3.61516034985423,2.69623059866962,8,64,"neuron death","CTNNB1;AKT1;MTOR;KRAS;MSH2;PIK3CA;FBXW7;TSC1"
"147","GO:0010557",0.0043739799867558,2.16206395348837,15.5454545454545,25,369,"positive regulation of macromolecule biosynthetic process","CTCF;CTNNB1;CUX1;EGFR;ERBB2;AKT1;FGFR2;MTOR;BCL9L;KIT;KRAS;EIF2AK4;ZFHX3;PIK3R1;PIK3R2;ATR;TET2;FBXW7;PTEN;RAD21;SRC;HNF1B;TSC2;AXIN1;MED12"
"148","GO:0002200",0.00447401013200476,7.44847605224964,0.716186252771619,4,17,"somatic diversification of immune receptors","MSH6;MLH1;MSH2;PMS2"
"149","GO:0006661",0.00447401013200476,7.44847605224964,0.716186252771619,4,17,"phosphatidylinositol biosynthetic process","PIK3CA;PIK3R1;PIK3R2;PTEN"
"150","GO:0043551",0.00447401013200476,7.44847605224964,0.716186252771619,4,17,"regulation of phosphatidylinositol 3-kinase activity","KIT;PIK3R1;PIK3R2;SRC"
"151","GO:0031324",0.00473356980351332,2.14505057803468,15.629711751663,25,371,"negative regulation of cellular metabolic process","CTCF;CHD4;CTNNB1;CUX1;AKT1;JAZF1;FGFR2;SUZ12;MTOR;MSH6;MLH1;EIF2AK4;MSH2;ZFHX3;TDP2;ATR;FBXW7;PTEN;SRC;HNF1B;TSC1;TSC2;YWHAE;AXIN1;SPOP"
"152","GO:0016331",0.00474010757516683,4.50267379679144,1.6430155210643,6,39,"morphogenesis of embryonic epithelium","CTNNB1;FGFR2;HNF1B;TSC1;TSC2;MED12"
"153","GO:0006605",0.00489065285986183,3.03128911138924,4.00221729490022,10,95,"protein targeting","EGFR;ERBB2;AKT1;MTOR;PIK3R1;PIK3R2;FBXW7;TSC2;YWHAE;AXIN1"
"154","GO:0080135",0.00494336534970853,2.73855072463768,5.35033259423503,12,127,"regulation of cellular response to stress","EGFR;AKT1;MTOR;EIF2AK4;PIK3R1;ATR;FBXW7;PTEN;TSC1;YWHAE;AXIN1;SPOP"
"155","GO:0001953",0.00497402306091355,11.9444444444444,0.379157427937916,3,9,"negative regulation of cell-matrix adhesion","PIK3R1;PTEN;SRC"
"156","GO:0006312",0.00497402306091355,11.9444444444444,0.379157427937916,3,9,"mitotic recombination","MLH1;POLE;RAD51B"
"157","GO:0046326",0.00497402306091355,11.9444444444444,0.379157427937916,3,9,"positive regulation of glucose import","AKT1;PIK3R1;PIK3R2"
"158","GO:0051205",0.00497402306091355,11.9444444444444,0.379157427937916,3,9,"protein insertion into membrane","EGFR;AKT1;YWHAE"
"159","GO:0071514",0.00497402306091355,11.9444444444444,0.379157427937916,3,9,"genetic imprinting","CTCF;PIK3CA;AXIN1"
"160","GO:2000058",0.00497402306091355,11.9444444444444,0.379157427937916,3,9,"regulation of protein ubiquitination involved in ubiquitin-dependent protein catabolic process","FBXW7;PTEN;AXIN1"
"161","GO:0016242",0.00509283753993045,47.0909090909091,0.126385809312639,2,3,"negative regulation of macroautophagy","MTOR;TSC1"
"162","GO:0032105",0.00509283753993045,47.0909090909091,0.126385809312639,2,3,"negative regulation of response to extracellular stimulus","MTOR;TSC1"
"163","GO:0032108",0.00509283753993045,47.0909090909091,0.126385809312639,2,3,"negative regulation of response to nutrient levels","MTOR;TSC1"
"164","GO:0045475",0.00509283753993045,47.0909090909091,0.126385809312639,2,3,"locomotor rhythm","ZFHX3;PTEN"
"165","GO:0051895",0.00509283753993045,47.0909090909091,0.126385809312639,2,3,"negative regulation of focal adhesion assembly","PTEN;SRC"
"166","GO:0060484",0.00509283753993045,47.0909090909091,0.126385809312639,2,3,"lung-associated mesenchyme development","CTNNB1;FGFR2"
"167","GO:0060916",0.00509283753993045,47.0909090909091,0.126385809312639,2,3,"mesenchymal cell proliferation involved in lung development","CTNNB1;FGFR2"
"168","GO:0070141",0.00509283753993045,47.0909090909091,0.126385809312639,2,3,"response to UV-A","EGFR;AKT1"
"169","GO:0070602",0.00509283753993045,47.0909090909091,0.126385809312639,2,3,"regulation of centromeric sister chromatid cohesion","CTCF;CTNNB1"
"170","GO:1903392",0.00509283753993045,47.0909090909091,0.126385809312639,2,3,"negative regulation of adherens junction organization","PTEN;SRC"
"171","GO:1903960",0.00509283753993045,47.0909090909091,0.126385809312639,2,3,"negative regulation of anion transmembrane transport","AKT1;MTOR"
"172","GO:0044089",0.00510241175458097,3.48486980999296,2.78048780487805,8,66,"positive regulation of cellular component biogenesis","CTNNB1;LINGO2;MTOR;KIT;ATR;SRC;HNF1B;TSC1"
"173","GO:0008645",0.0051915280048398,5.32190635451505,1.17960088691796,5,28,"hexose transport","AKT1;PIK3R1;PIK3R2;TSC1;TSC2"
"174","GO:0015749",0.0051915280048398,5.32190635451505,1.17960088691796,5,28,"monosaccharide transport","AKT1;PIK3R1;PIK3R2;TSC1;TSC2"
"175","GO:0015758",0.0051915280048398,5.32190635451505,1.17960088691796,5,28,"glucose transport","AKT1;PIK3R1;PIK3R2;TSC1;TSC2"
"176","GO:0051896",0.0051915280048398,5.32190635451505,1.17960088691796,5,28,"regulation of protein kinase B signaling","EGFR;MTOR;PTEN;SRC;TSC2"
"177","GO:0045859",0.00529535091188852,2.52545568824639,6.82483370288248,14,162,"regulation of protein kinase activity","EGFR;ERBB2;AKT1;FGFR2;MTOR;KIT;KRAS;PIK3CA;FBXW7;PTEN;SRC;TSC1;TSC2;AXIN1"
"178","GO:0007059",0.0053965606209767,4.36678200692042,1.68514412416851,6,40,"chromosome segregation","CTCF;CTNNB1;MLH1;FBXW7;PTEN;RAD21"
"179","GO:1901698",0.00541052005255599,2.44805194805195,7.58314855875831,15,180,"response to nitrogen compound","CTNNB1;EGFR;ERBB2;AKT1;FGFR2;MTOR;KIT;KRAS;PIK3CA;PIK3R1;PIK3R2;PTEN;SRC;TSC1;TSC2"
"180","GO:0019216",0.00548620999559828,3.80434782608696,2.23281596452328,7,53,"regulation of lipid metabolic process","AKT1;MTOR;KIT;PIK3R1;PIK3R2;FBXW7;SRC"
"181","GO:0008610",0.00560502541617107,3.42303701141474,2.82261640798226,8,67,"lipid biosynthetic process","CYP19A1;AKT1;MTOR;PIK3CA;PIK3R1;PIK3R2;FBXW7;PTEN"
"182","GO:0048709",0.00607337959026838,5.09615384615385,1.22172949002217,5,29,"oligodendrocyte differentiation","CTNNB1;ERBB2;MTOR;PTEN;MED12"
"183","GO:0010001",0.00609827314978569,3.72042553191489,2.27494456762749,7,54,"glial cell differentiation","CTNNB1;ERBB2;AKT1;MTOR;KRAS;PTEN;MED12"
"184","GO:0044087",0.00616984418480582,2.76973406500633,4.80266075388027,11,114,"regulation of cellular component biogenesis","CTNNB1;LINGO2;MTOR;KIT;STMN1;PIK3R1;ATR;PTEN;SRC;HNF1B;TSC1"
"185","GO:0051347",0.00638932691661133,2.6375350140056,5.51884700665188,12,131,"positive regulation of transferase activity","CTNNB1;EGFR;ERBB2;AKT1;FGFR2;KIT;KRAS;PIK3CA;FBXW7;PTEN;SRC;AXIN1"
"186","GO:1903827",0.00660119872020084,2.88548888357638,4.17073170731707,10,99,"regulation of cellular protein localization","CTNNB1;EGFR;ERBB2;AKT1;MTOR;PIK3R1;PIK3R2;FBXW7;YWHAE;AXIN1"
"187","GO:0043170",0.00665846490691045,2.45045045045045,39.4323725055432,48,936,"macromolecule metabolic process","CTCF;CHD4;COX6C;MGAT5B;CTNNB1;CUX1;EGFR;ERBB2;AKT1;JAZF1;FGFR2;SCAF8;TNRC6B;SUZ12;MTOR;BCL9L;MSH6;KIT;KRAS;MLH1;EIF2AK4;MSH2;ZFHX3;BET1L;TDP2;PIK3CA;PIK3R1;PIK3R2;PMS1;PMS2;POLE;ATR;TET2;FBXW7;PTEN;RAD21;RAD51B;GMCL1;SRC;HNF1B;TSC1;TSC2;YWHAE;ADAM12;AXIN1;SPOP;RNGTT;MED12"
"188","GO:0010639",0.0067603403087754,3.64,2.31707317073171,7,55,"negative regulation of organelle organization","AKT1;FGFR2;MTOR;STMN1;MSH2;LIMA1;SRC"
"189","GO:0050900",0.0067603403087754,3.64,2.31707317073171,7,55,"leukocyte migration","CYP19A1;KIT;KRAS;PIK3CA;PIK3R1;PIK3R2;SRC"
"190","GO:0021782",0.00684034329744093,6.44528301886792,0.800443458980044,4,19,"glial cell development","AKT1;KRAS;PTEN;MED12"
"191","GO:0043550",0.00684034329744093,6.44528301886792,0.800443458980044,4,19,"regulation of lipid kinase activity","KIT;PIK3R1;PIK3R2;SRC"
"192","GO:0051172",0.00688367350517683,2.16424919127622,11.7538802660754,20,279,"negative regulation of nitrogen compound metabolic process","CTCF;CHD4;CTNNB1;CUX1;JAZF1;FGFR2;SUZ12;MSH6;MLH1;EIF2AK4;MSH2;ZFHX3;TDP2;ATR;FBXW7;SRC;HNF1B;TSC1;AXIN1;SPOP"
"193","GO:0002204",0.00689452369137465,10.2301587301587,0.421286031042129,3,10,"somatic recombination of immunoglobulin genes involved in immune response","MSH6;MLH1;MSH2"
"194","GO:0002208",0.00689452369137465,10.2301587301587,0.421286031042129,3,10,"somatic diversification of immunoglobulins involved in immune response","MSH6;MLH1;MSH2"
"195","GO:0007062",0.00689452369137465,10.2301587301587,0.421286031042129,3,10,"sister chromatid cohesion","CTCF;CTNNB1;FBXW7"
"196","GO:0032210",0.00689452369137465,10.2301587301587,0.421286031042129,3,10,"regulation of telomere maintenance via telomerase","CTNNB1;ATR;SRC"
"197","GO:0032768",0.00689452369137465,10.2301587301587,0.421286031042129,3,10,"regulation of monooxygenase activity","EGFR;AKT1;KRAS"
"198","GO:0045190",0.00689452369137465,10.2301587301587,0.421286031042129,3,10,"isotype switching","MSH6;MLH1;MSH2"
"199","GO:0050999",0.00689452369137465,10.2301587301587,0.421286031042129,3,10,"regulation of nitric-oxide synthase activity","EGFR;AKT1;KRAS"
"200","GO:0060571",0.00689452369137465,10.2301587301587,0.421286031042129,3,10,"morphogenesis of an epithelial fold","CTNNB1;EGFR;FGFR2"
"201","GO:0090559",0.00689452369137465,10.2301587301587,0.421286031042129,3,10,"regulation of membrane permeability","AKT1;MTOR;YWHAE"
"202","GO:0097479",0.00689452369137465,10.2301587301587,0.421286031042129,3,10,"synaptic vesicle localization","CTNNB1;FGFR2;PTEN"
"203","GO:0050679",0.00690697143486046,4.11764705882353,1.76940133037694,6,42,"positive regulation of epithelial cell proliferation","CTNNB1;EGFR;ERBB2;AKT1;FGFR2;MTOR"
"204","GO:0008643",0.00705615123024694,4.88846153846154,1.26385809312639,5,30,"carbohydrate transport","AKT1;PIK3R1;PIK3R2;TSC1;TSC2"
"205","GO:0031328",0.00719861647923798,2.05488445378151,16.0931263858093,25,382,"positive regulation of cellular biosynthetic process","CTCF;CTNNB1;CUX1;EGFR;ERBB2;AKT1;FGFR2;MTOR;BCL9L;KIT;KRAS;EIF2AK4;ZFHX3;PIK3R1;PIK3R2;ATR;TET2;FBXW7;PTEN;RAD21;SRC;HNF1B;TSC2;AXIN1;MED12"
"206","GO:0045893",0.00736153986858199,2.08046614872364,14.3658536585366,23,341,"positive regulation of transcription, DNA-templated","CTCF;CTNNB1;CUX1;EGFR;ERBB2;AKT1;FGFR2;MTOR;BCL9L;KIT;KRAS;ZFHX3;PIK3R1;PIK3R2;TET2;FBXW7;PTEN;RAD21;SRC;HNF1B;TSC2;AXIN1;MED12"
"207","GO:1903508",0.00736153986858199,2.08046614872364,14.3658536585366,23,341,"positive regulation of nucleic acid-templated transcription","CTCF;CTNNB1;CUX1;EGFR;ERBB2;AKT1;FGFR2;MTOR;BCL9L;KIT;KRAS;ZFHX3;PIK3R1;PIK3R2;TET2;FBXW7;PTEN;RAD21;SRC;HNF1B;TSC2;AXIN1;MED12"
"208","GO:1903533",0.00747485069827657,3.56285714285714,2.35920177383592,7,56,"regulation of protein targeting","EGFR;ERBB2;MTOR;PIK3R1;PIK3R2;FBXW7;AXIN1"
"209","GO:0048519",0.00749495893227307,2.03589951377634,27.5521064301552,37,654,"negative regulation of biological process","CTCF;CHD4;CTNNB1;CUX1;CYP19A1;EGFR;ERBB2;AKT1;JAZF1;FGFR2;TNRC6B;SUZ12;MTOR;BCL9L;MSH6;KIT;KRAS;STMN1;MLH1;EIF2AK4;MSH2;ZFHX3;LIMA1;TDP2;PIK3CA;PIK3R1;ATR;FBXW7;PTEN;SRC;HNF1B;TSC1;TSC2;YWHAE;AXIN1;SPOP;MED12"
"210","GO:0007010",0.00761612026425358,2.47924901185771,6.36141906873614,13,151,"cytoskeleton organization","CHD4;CTNNB1;MTOR;KIT;KRAS;STMN1;MLH1;LIMA1;PIK3R1;PTEN;SRC;TSC1;AXIN1"
"211","GO:0006302",0.00776810054521705,4.00317965023847,1.81152993348115,6,43,"double-strand break repair","MLH1;MSH2;TDP2;ATR;RAD21;RAD51B"
"212","GO:1902680",0.00794817443786336,2.06323529411765,14.450110864745,23,343,"positive regulation of RNA biosynthetic process","CTCF;CTNNB1;CUX1;EGFR;ERBB2;AKT1;FGFR2;MTOR;BCL9L;KIT;KRAS;ZFHX3;PIK3R1;PIK3R2;TET2;FBXW7;PTEN;RAD21;SRC;HNF1B;TSC2;AXIN1;MED12"
"213","GO:0030900",0.00798294789350746,2.96834415584416,3.62305986696231,9,86,"forebrain development","CTNNB1;EGFR;FGFR2;KRAS;PTEN;SRC;TSC1;YWHAE;AXIN1"
"214","GO:0071495",0.00801765106302419,2.15573770491803,11.079822616408,19,263,"cellular response to endogenous stimulus","CTNNB1;EGFR;ERBB2;AKT1;FGFR2;TNRC6B;MTOR;BCL9L;KIT;KRAS;PIK3CA;PIK3R1;PIK3R2;PTEN;SRC;TSC1;TSC2;AXIN1;MED12"
"215","GO:0044702",0.0080530553338655,2.27163029525032,8.67849223946785,16,206,"single organism reproductive process","CTNNB1;CYP19A1;EGFR;AKT1;FGFR2;MTOR;MSH6;KIT;MLH1;MSH2;PTEN;RAD21;RAD51B;GMCL1;SRC;HNF1B"
"216","GO:0045321",0.00805759025296856,2.45928711576194,6.40354767184035,13,152,"leukocyte activation","CTNNB1;ERBB2;AKT1;MTOR;MSH6;KIT;MLH1;EIF2AK4;MSH2;PIK3CA;PIK3R1;SRC;TSC1"
"217","GO:0001838",0.00814554836474261,4.69674556213018,1.3059866962306,5,31,"embryonic epithelial tube formation","CTNNB1;HNF1B;TSC1;TSC2;MED12"
"218","GO:0003015",0.00814554836474261,4.69674556213018,1.3059866962306,5,31,"heart process","MTOR;PIK3CA;CACNA2D3;SRC;YWHAE"
"219","GO:0072175",0.00814554836474261,4.69674556213018,1.3059866962306,5,31,"epithelial tube formation","CTNNB1;HNF1B;TSC1;TSC2;MED12"
"220","GO:0098813",0.00814554836474261,4.69674556213018,1.3059866962306,5,31,"nuclear chromosome segregation","CTCF;CTNNB1;MLH1;FBXW7;PTEN"
"221","GO:1901800",0.00828503770924993,6.0377358490566,0.842572062084257,4,20,"positive regulation of proteasomal protein catabolic process","AKT1;FBXW7;PTEN;AXIN1"
"222","GO:0009891",0.00833174447264802,2.02345914127424,16.2616407982262,25,386,"positive regulation of biosynthetic process","CTCF;CTNNB1;CUX1;EGFR;ERBB2;AKT1;FGFR2;MTOR;BCL9L;KIT;KRAS;EIF2AK4;ZFHX3;PIK3R1;PIK3R2;ATR;TET2;FBXW7;PTEN;RAD21;SRC;HNF1B;TSC2;AXIN1;MED12"
"223","GO:0009725",0.0084473033186896,2.25769378112629,8.72062084257206,16,207,"response to hormone","CTNNB1;EGFR;ERBB2;AKT1;FGFR2;MTOR;KIT;KRAS;PIK3CA;PIK3R1;PIK3R2;PTEN;SRC;TSC1;TSC2;MED12"
"224","GO:0031329",0.0086126564935554,2.92788461538462,3.66518847006652,9,87,"regulation of cellular catabolic process","AKT1;TNRC6B;MTOR;EIF2AK4;PIK3R2;FBXW7;PTEN;TSC1;AXIN1"
"225","GO:0010556",0.00862290030763161,1.98093220338983,23.7605321507761,33,564,"regulation of macromolecule biosynthetic process","CTCF;CHD4;CTNNB1;CUX1;EGFR;ERBB2;AKT1;JAZF1;FGFR2;TNRC6B;SUZ12;MTOR;BCL9L;KIT;KRAS;EIF2AK4;ZFHX3;TDP2;PIK3R1;PIK3R2;ATR;TET2;FBXW7;PTEN;RAD21;GMCL1;SRC;HNF1B;TSC1;TSC2;AXIN1;SPOP;MED12"
"226","GO:0044723",0.00871214386908051,3.14285714285714,3.03325942350333,8,72,"single-organism carbohydrate metabolic process","MGAT5B;AKT1;MTOR;BET1L;PIK3CA;TET2;PTEN;SRC"
"227","GO:0050678",0.00871214386908051,3.14285714285714,3.03325942350333,8,72,"regulation of epithelial cell proliferation","CTNNB1;EGFR;ERBB2;AKT1;FGFR2;MTOR;FBXW7;PTEN"
"228","GO:0045934",0.00872786150349824,2.13414634146341,11.1640798226164,19,265,"negative regulation of nucleobase-containing compound metabolic process","CTCF;CHD4;CTNNB1;CUX1;JAZF1;FGFR2;SUZ12;MSH6;MLH1;EIF2AK4;MSH2;ZFHX3;TDP2;ATR;FBXW7;SRC;HNF1B;AXIN1;SPOP"
"229","GO:0045786",0.00875032398805186,2.7522306108442,4.33924611973392,10,103,"negative regulation of cell cycle","CTNNB1;FGFR2;MTOR;EIF2AK4;MSH2;ZFHX3;FBXW7;PTEN;TSC1;TSC2"
"230","GO:0060322",0.00900201677257449,2.42021276595745,6.48780487804878,13,154,"head development","CTNNB1;EGFR;FGFR2;MTOR;KRAS;STMN1;ZFHX3;PTEN;SRC;HNF1B;TSC1;YWHAE;AXIN1"
"231","GO:0010828",0.00919862394515757,8.94444444444444,0.463414634146341,3,11,"positive regulation of glucose transport","AKT1;PIK3R1;PIK3R2"
"232","GO:0051705",0.00919862394515757,8.94444444444444,0.463414634146341,3,11,"multi-organism behavior","MTOR;KRAS;PTEN"
"233","GO:0045017",0.00934713869323184,4.51923076923077,1.34811529933481,5,32,"glycerolipid biosynthetic process","PIK3CA;PIK3R1;PIK3R2;FBXW7;PTEN"
"234","GO:0046907",0.00934769116905066,2.18542654028436,9.60532150776053,17,228,"intracellular transport","CTNNB1;CUX1;EGFR;ERBB2;AKT1;FGFR2;MTOR;KIT;BET1L;PIK3R1;PIK3R2;FBXW7;SRC;TSC1;TSC2;YWHAE;AXIN1"
"235","GO:0009894",0.00936423533388391,2.72068809416025,4.38137472283814,10,104,"regulation of catabolic process","EGFR;AKT1;TNRC6B;MTOR;EIF2AK4;PIK3R2;FBXW7;PTEN;TSC1;AXIN1"
"236","GO:0032446",0.00936423533388391,2.72068809416025,4.38137472283814,10,104,"protein modification by small protein conjugation","CTNNB1;AKT1;SUZ12;MTOR;FBXW7;PTEN;RAD21;AXIN1;SPOP;MED12"
"237","GO:0097285",0.00936423533388391,2.72068809416025,4.38137472283814,10,104,"cell-type specific apoptotic process","CTNNB1;AKT1;MTOR;KRAS;MSH2;PIK3CA;FBXW7;PTEN;HNF1B;SPOP"
"238","GO:0002263",0.00971999883486043,3.79185520361991,1.89578713968958,6,45,"cell activation involved in immune response","MSH6;KIT;MLH1;EIF2AK4;MSH2;TSC1"
"239","GO:0002366",0.00971999883486043,3.79185520361991,1.89578713968958,6,45,"leukocyte activation involved in immune response","MSH6;KIT;MLH1;EIF2AK4;MSH2;TSC1"
"240","GO:0000289",0.00991004446078375,23.5272727272727,0.168514412416851,2,4,"nuclear-transcribed mRNA poly(A) tail shortening","TNRC6B;MLH1"
"241","GO:0005978",0.00991004446078375,23.5272727272727,0.168514412416851,2,4,"glycogen biosynthetic process","AKT1;MTOR"
"242","GO:0005979",0.00991004446078375,23.5272727272727,0.168514412416851,2,4,"regulation of glycogen biosynthetic process","AKT1;MTOR"
"243","GO:0006356",0.00991004446078375,23.5272727272727,0.168514412416851,2,4,"regulation of transcription from RNA polymerase I promoter","ERBB2;MTOR"
"244","GO:0009250",0.00991004446078375,23.5272727272727,0.168514412416851,2,4,"glucan biosynthetic process","AKT1;MTOR"
"245","GO:0010962",0.00991004446078375,23.5272727272727,0.168514412416851,2,4,"regulation of glucan biosynthetic process","AKT1;MTOR"
"246","GO:0031659",0.00991004446078375,23.5272727272727,0.168514412416851,2,4,"positive regulation of cyclin-dependent protein serine/threonine kinase activity involved in G1/S transition of mitotic cell cycle","EGFR;AKT1"
"247","GO:0031998",0.00991004446078375,23.5272727272727,0.168514412416851,2,4,"regulation of fatty acid beta-oxidation","AKT1;MTOR"
"248","GO:0032094",0.00991004446078375,23.5272727272727,0.168514412416851,2,4,"response to food","AKT1;MTOR"
"249","GO:0045943",0.00991004446078375,23.5272727272727,0.168514412416851,2,4,"positive regulation of transcription from RNA polymerase I promoter","ERBB2;MTOR"
"250","GO:0046627",0.00991004446078375,23.5272727272727,0.168514412416851,2,4,"negative regulation of insulin receptor signaling pathway","TSC1;TSC2"
"251","GO:0048169",0.00991004446078375,23.5272727272727,0.168514412416851,2,4,"regulation of long-term neuronal synaptic plasticity","KIT;KRAS"
"252","GO:0051096",0.00991004446078375,23.5272727272727,0.168514412416851,2,4,"positive regulation of helicase activity","MSH6;MSH2"
"253","GO:0070601",0.00991004446078375,23.5272727272727,0.168514412416851,2,4,"centromeric sister chromatid cohesion","CTCF;CTNNB1"
"254","GO:0070873",0.00991004446078375,23.5272727272727,0.168514412416851,2,4,"regulation of glycogen metabolic process","AKT1;MTOR"
"255","GO:1901889",0.00991004446078375,23.5272727272727,0.168514412416851,2,4,"negative regulation of cell junction assembly","PTEN;SRC"
"256","GO:1902745",0.00991004446078375,23.5272727272727,0.168514412416851,2,4,"positive regulation of lamellipodium organization","MTOR;SRC"
"257","GO:1903959",0.00991004446078375,23.5272727272727,0.168514412416851,2,4,"regulation of anion transmembrane transport","AKT1;MTOR"
"258","GO:2001275",0.00991004446078375,23.5272727272727,0.168514412416851,2,4,"positive regulation of glucose import in response to insulin stimulus","PIK3R1;PIK3R2"
"259","GO:0002377",0.00991710059007208,5.67813540510544,0.88470066518847,4,21,"immunoglobulin production","MSH6;MLH1;MSH2;PMS2"
"260","GO:0007626",0.00991710059007208,5.67813540510544,0.88470066518847,4,21,"locomotory behavior","LSAMP;ZFHX3;PTEN;TSC1"
"261","GO:0046488",0.00991710059007208,5.67813540510544,0.88470066518847,4,21,"phosphatidylinositol metabolic process","PIK3CA;PIK3R1;PIK3R2;PTEN"
"262","GO:0048546",0.00991710059007208,5.67813540510544,0.88470066518847,4,21,"digestive tract morphogenesis","CTNNB1;EGFR;FGFR2;HNF1B"
