"","GOBPID","Pvalue","OddsRatio","ExpCount","Count","Size","Term","Symbols"
"1","GO:0022412",4.36157129442644e-05,12.8571428571429,0.724316334072432,6,49,"cellular process involved in reproduction in multicellular organism","DAZL;DMRT1;HPGDS;KIT;KITLG;PRDM14"
"2","GO:0038034",0.000177336468762066,19.3529411764706,0.310421286031042,4,21,"signal transduction in absence of ligand","FAS;KITLG;BAK1;TERT"
"3","GO:0097192",0.000177336468762066,19.3529411764706,0.310421286031042,4,21,"extrinsic apoptotic signaling pathway in absence of ligand","FAS;KITLG;BAK1;TERT"
"4","GO:0035234",0.000207734729310714,Inf,0.0295639320029564,2,2,"ectopic germ cell programmed cell death","KIT;KITLG"
"5","GO:0070662",0.000207734729310714,Inf,0.0295639320029564,2,2,"mast cell proliferation","KIT;KITLG"
"6","GO:0071887",0.000360744053144979,15.6190476190476,0.369549150036955,4,25,"leukocyte apoptotic process","FAS;KITLG;BAK1;TP53"
"7","GO:0070231",0.000423298427730127,29.2279411764706,0.16260162601626,3,11,"T cell apoptotic process","FAS;BAK1;TP53"
"8","GO:0002176",0.000617668695515278,148,0.0443458980044346,2,3,"male germ cell proliferation","DMRT1;HPGDS"
"9","GO:0030422",0.000617668695515278,148,0.0443458980044346,2,3,"production of siRNA involved in RNA interference","DICER1;TERT"
"10","GO:0036093",0.000617668695515278,148,0.0443458980044346,2,3,"germ cell proliferation","DMRT1;HPGDS"
"11","GO:0003006",0.000620170432886375,5.77294685990338,2.15816703621582,8,146,"developmental process involved in reproduction","DAZL;DMRT1;DICER1;FAS;KIT;KITLG;BAK1;PRDM14"
"12","GO:0048609",0.000773282092904555,6.16966211358735,1.68514412416851,7,114,"multicellular organismal reproductive process","DAZL;DMRT1;HPGDS;FAS;KIT;KITLG;PRDM14"
"13","GO:0032504",0.000816047738746826,6.10754985754986,1.69992609016999,7,115,"multicellular organism reproduction","DAZL;DMRT1;HPGDS;FAS;KIT;KITLG;PRDM14"
"14","GO:0010623",0.000907625576357844,21.2085561497326,0.206947524020695,3,14,"developmental programmed cell death","KIT;KITLG;BAK1"
"15","GO:0008354",0.00122437096549803,73.9444444444444,0.0591278640059128,2,4,"germ cell migration","DMRT1;KIT"
"16","GO:0016246",0.00122437096549803,73.9444444444444,0.0591278640059128,2,4,"RNA interference","DICER1;TERT"
"17","GO:0045836",0.00122437096549803,73.9444444444444,0.0591278640059128,2,4,"positive regulation of meiotic nuclear division","DAZL;DMRT1"
"18","GO:0051446",0.00122437096549803,73.9444444444444,0.0591278640059128,2,4,"positive regulation of meiotic cell cycle","DAZL;DMRT1"
"19","GO:0007276",0.00141216625861634,6.29243697478992,1.34515890613452,6,91,"gamete generation","DAZL;DMRT1;HPGDS;FAS;KIT;PRDM14"
"20","GO:0046660",0.001511741184154,10.1640625,0.532150776053215,4,36,"female sex differentiation","FAS;KIT;KITLG;BAK1"
"21","GO:0051783",0.001511741184154,10.1640625,0.532150776053215,4,36,"regulation of nuclear division","CENPE;DAZL;DMRT1;MAD1L1"
"22","GO:0048872",0.00194092392299716,7.07222222222222,0.960827790096083,5,65,"homeostasis of number of cells","FAS;KIT;KITLG;BAK1;PRDM14"
"23","GO:0070227",0.00195894895613282,15.5058823529412,0.266075388026608,3,18,"lymphocyte apoptotic process","FAS;BAK1;TP53"
"24","GO:0044237",0.00199292982736395,Inf,14.6932742054693,20,994,"cellular metabolic process","CENPE;DAZL;DMRT1;DICER1;HPGDS;FAS;KIT;KITLG;PITX1;RFWD3;ATF7IP;BAK1;PRDM14;TERT;TP53;UCK2;MAD1L1;MCM3AP;LIPG;SLC25A44"
"25","GO:0044238",0.00199292982736395,Inf,14.6932742054693,20,994,"primary metabolic process","CENPE;DAZL;DMRT1;DICER1;HPGDS;FAS;KIT;KITLG;PITX1;RFWD3;ATF7IP;BAK1;PRDM14;TERT;TP53;UCK2;MAD1L1;MCM3AP;LIPG;SLC25A44"
"26","GO:0032461",0.00202251351192456,49.2592592592593,0.073909830007391,2,5,"positive regulation of protein oligomerization","FAS;TP53"
"27","GO:0051704",0.00204705922149,4.11948998178506,4.67110125646711,11,316,"multi-organism process","DAZL;DMRT1;DICER1;HPGDS;FAS;KIT;RFWD3;ATF7IP;BAK1;PRDM14;TP53"
"28","GO:0000003",0.00205414373880449,4.40017398869074,3.22246858832225,9,218,"reproduction","DAZL;DMRT1;DICER1;HPGDS;FAS;KIT;KITLG;BAK1;PRDM14"
"29","GO:0022414",0.00205414373880449,4.40017398869074,3.22246858832225,9,218,"reproductive process","DAZL;DMRT1;DICER1;HPGDS;FAS;KIT;KITLG;BAK1;PRDM14"
"30","GO:0006259",0.00237501884760155,4.56078431372549,2.63118994826312,8,178,"DNA metabolic process","DICER1;KITLG;RFWD3;ATF7IP;PRDM14;TERT;TP53;MCM3AP"
"31","GO:0007281",0.00247722901867719,8.75675675675676,0.606060606060606,4,41,"germ cell development","DAZL;DMRT1;KIT;PRDM14"
"32","GO:0010564",0.00284791827964245,5.40087463556851,1.53732446415373,6,104,"regulation of cell cycle process","CENPE;DAZL;DMRT1;RFWD3;TP53;MAD1L1"
"33","GO:0007548",0.00288960147441536,6.3989898989899,1.04951958610495,5,71,"sex differentiation","DMRT1;FAS;KIT;KITLG;BAK1"
"34","GO:0019953",0.00299242092556106,5.34199134199134,1.55210643015521,6,105,"sexual reproduction","DAZL;DMRT1;HPGDS;FAS;KIT;PRDM14"
"35","GO:0051301",0.00299242092556106,5.34199134199134,1.55210643015521,6,105,"cell division","CENPE;DAZL;DMRT1;DICER1;KIT;MAD1L1"
"36","GO:0071704",0.00316289969225467,Inf,15.0332594235033,20,1017,"organic substance metabolic process","CENPE;DAZL;DMRT1;DICER1;HPGDS;FAS;KIT;KITLG;PITX1;RFWD3;ATF7IP;BAK1;PRDM14;TERT;TP53;UCK2;MAD1L1;MCM3AP;LIPG;SLC25A44"
"37","GO:1902589",0.00339672349841611,3.8062414266118,4.9519586104952,11,335,"single-organism organelle organization","CENPE;DAZL;DMRT1;DICER1;KIT;RFWD3;BAK1;PRDM14;TERT;TP53;MAD1L1"
"38","GO:0010225",0.00417231209326835,29.5111111111111,0.103473762010347,2,7,"response to UV-C","BAK1;TP53"
"39","GO:0048070",0.00417231209326835,29.5111111111111,0.103473762010347,2,7,"regulation of developmental pigmentation","KIT;KITLG"
"40","GO:0051310",0.00417231209326835,29.5111111111111,0.103473762010347,2,7,"metaphase plate congression","CENPE;MAD1L1"
"41","GO:0070242",0.00417231209326835,29.5111111111111,0.103473762010347,2,7,"thymocyte apoptotic process","BAK1;TP53"
"42","GO:0070265",0.00417231209326835,29.5111111111111,0.103473762010347,2,7,"necrotic cell death","FAS;TP53"
"43","GO:0070266",0.00417231209326835,29.5111111111111,0.103473762010347,2,7,"necroptotic process","FAS;TP53"
"44","GO:0090399",0.00417231209326835,29.5111111111111,0.103473762010347,2,7,"replicative senescence","TERT;TP53"
"45","GO:0097300",0.00417231209326835,29.5111111111111,0.103473762010347,2,7,"programmed necrotic cell death","FAS;TP53"
"46","GO:0051726",0.00444487064331403,4.06028368794326,2.89726533628973,8,196,"regulation of cell cycle","CENPE;DAZL;DMRT1;DICER1;RFWD3;BAK1;TP53;MAD1L1"
"47","GO:0001776",0.00459034291474743,11.0252100840336,0.354767184035477,3,24,"leukocyte homeostasis","FAS;KITLG;BAK1"
"48","GO:0042698",0.00516710639587505,10.5160427807487,0.369549150036955,3,25,"ovulation cycle","FAS;KIT;KITLG"
"49","GO:0048608",0.00542411197390374,4.67219387755102,1.74427198817443,6,118,"reproductive structure development","DMRT1;DICER1;FAS;KIT;KITLG;BAK1"
"50","GO:0061458",0.00542411197390374,4.67219387755102,1.74427198817443,6,118,"reproductive system development","DMRT1;DICER1;FAS;KIT;KITLG;BAK1"
"51","GO:0035794",0.00551381204102028,24.5740740740741,0.118255728011826,2,8,"positive regulation of mitochondrial membrane permeability","BAK1;TP53"
"52","GO:0090200",0.00551381204102028,24.5740740740741,0.118255728011826,2,8,"positive regulation of release of cytochrome c from mitochondria","BAK1;TP53"
"53","GO:0097345",0.00551381204102028,24.5740740740741,0.118255728011826,2,8,"mitochondrial outer membrane permeabilization","BAK1;TP53"
"54","GO:1901028",0.00551381204102028,24.5740740740741,0.118255728011826,2,8,"regulation of mitochondrial outer membrane permeabilization involved in apoptotic signaling pathway","BAK1;TP53"
"55","GO:1901030",0.00551381204102028,24.5740740740741,0.118255728011826,2,8,"positive regulation of mitochondrial outer membrane permeabilization involved in apoptotic signaling pathway","BAK1;TP53"
"56","GO:1902108",0.00551381204102028,24.5740740740741,0.118255728011826,2,8,"regulation of mitochondrial membrane permeability involved in apoptotic process","BAK1;TP53"
"57","GO:1902110",0.00551381204102028,24.5740740740741,0.118255728011826,2,8,"positive regulation of mitochondrial membrane permeability involved in apoptotic process","BAK1;TP53"
"58","GO:1902686",0.00551381204102028,24.5740740740741,0.118255728011826,2,8,"mitochondrial outer membrane permeabilization involved in programmed cell death","BAK1;TP53"
"59","GO:0044702",0.00609861340327396,3.82154882154882,3.04508499630451,8,206,"single organism reproductive process","DAZL;DMRT1;HPGDS;FAS;KIT;KITLG;BAK1;PRDM14"
"60","GO:1901990",0.00638277043000436,6.55102040816327,0.783444198078344,4,53,"regulation of mitotic cell cycle phase transition","CENPE;RFWD3;TP53;MAD1L1"
"61","GO:0010948",0.00682739765780328,6.415,0.798226164079823,4,54,"negative regulation of cell cycle process","DMRT1;RFWD3;TP53;MAD1L1"
"62","GO:0051302",0.00682739765780328,6.415,0.798226164079823,4,54,"regulation of cell division","CENPE;DAZL;DMRT1;MAD1L1"
"63","GO:0008283",0.0068385551536461,3.39313818067359,5.38063562453806,11,364,"cell proliferation","DMRT1;DICER1;HPGDS;FAS;KIT;KITLG;BAK1;TERT;TP53;MAD1L1;LIPG"
"64","GO:0044703",0.0069470781145992,4.41283292978208,1.8329637841833,6,124,"multi-organism reproductive process","DAZL;DMRT1;HPGDS;FAS;KIT;PRDM14"
"65","GO:0031050",0.00702643694227727,21.047619047619,0.133037694013304,2,9,"dsRNA fragmentation","DICER1;TERT"
"66","GO:0032459",0.00702643694227727,21.047619047619,0.133037694013304,2,9,"regulation of protein oligomerization","FAS;TP53"
"67","GO:0040020",0.00702643694227727,21.047619047619,0.133037694013304,2,9,"regulation of meiotic nuclear division","DAZL;DMRT1"
"68","GO:0044346",0.00702643694227727,21.047619047619,0.133037694013304,2,9,"fibroblast apoptotic process","BAK1;TP53"
"69","GO:0046902",0.00702643694227727,21.047619047619,0.133037694013304,2,9,"regulation of mitochondrial membrane permeability","BAK1;TP53"
"70","GO:0050000",0.00702643694227727,21.047619047619,0.133037694013304,2,9,"chromosome localization","CENPE;MAD1L1"
"71","GO:0051303",0.00702643694227727,21.047619047619,0.133037694013304,2,9,"establishment of chromosome localization","CENPE;MAD1L1"
"72","GO:0070918",0.00702643694227727,21.047619047619,0.133037694013304,2,9,"production of small RNA involved in gene silencing by RNA","DICER1;TERT"
"73","GO:0008585",0.00715353680096337,9.23294117647059,0.413895048041389,3,28,"female gonad development","FAS;KIT;KITLG"
"74","GO:0008406",0.00729238073070045,6.2843137254902,0.813008130081301,4,55,"gonad development","DMRT1;FAS;KIT;KITLG"
"75","GO:0045137",0.00777812738931694,6.15865384615385,0.827790096082779,4,56,"development of primary sexual characteristics","DMRT1;FAS;KIT;KITLG"
"76","GO:0097191",0.00777812738931694,6.15865384615385,0.827790096082779,4,56,"extrinsic apoptotic signaling pathway","FAS;KITLG;BAK1;TERT"
"77","GO:0007088",0.00790373056509186,8.8710407239819,0.428677014042868,3,29,"regulation of mitotic nuclear division","CENPE;DMRT1;MAD1L1"
"78","GO:0007005",0.00828503770924992,6.0377358490566,0.842572062084257,4,57,"mitochondrion organization","RFWD3;BAK1;TERT;TP53"
"79","GO:0042113",0.00828503770924992,6.0377358490566,0.842572062084257,4,57,"B cell activation","FAS;KIT;BAK1;TP53"
"80","GO:0046545",0.00869914832949159,8.5359477124183,0.443458980044346,3,30,"development of primary female sexual characteristics","FAS;KIT;KITLG"
"81","GO:0071456",0.00869914832949159,8.5359477124183,0.443458980044346,3,30,"cellular response to hypoxia","FAS;TERT;TP53"
"82","GO:1901991",0.00869914832949159,8.5359477124183,0.443458980044346,3,30,"negative regulation of mitotic cell cycle phase transition","RFWD3;TP53;MAD1L1"
"83","GO:2000241",0.00869914832949159,8.5359477124183,0.443458980044346,3,30,"regulation of reproductive process","DAZL;DMRT1;HPGDS"
"84","GO:0007006",0.00870534929082645,18.4027777777778,0.147819660014782,2,10,"mitochondrial membrane organization","BAK1;TP53"
"85","GO:0007091",0.00870534929082645,18.4027777777778,0.147819660014782,2,10,"metaphase/anaphase transition of mitotic cell cycle","CENPE;MAD1L1"
"86","GO:0030071",0.00870534929082645,18.4027777777778,0.147819660014782,2,10,"regulation of mitotic metaphase/anaphase transition","CENPE;MAD1L1"
"87","GO:0044784",0.00870534929082645,18.4027777777778,0.147819660014782,2,10,"metaphase/anaphase transition of cell cycle","CENPE;MAD1L1"
"88","GO:0090559",0.00870534929082645,18.4027777777778,0.147819660014782,2,10,"regulation of membrane permeability","BAK1;TP53"
"89","GO:1902099",0.00870534929082645,18.4027777777778,0.147819660014782,2,10,"regulation of metaphase/anaphase transition of cell cycle","CENPE;MAD1L1"
"90","GO:0070661",0.00881350388640915,5.9212962962963,0.857354028085735,4,58,"leukocyte proliferation","KIT;KITLG;TP53;MAD1L1"
"91","GO:1901987",0.00936391003528981,5.80909090909091,0.872135994087214,4,59,"regulation of cell cycle phase transition","CENPE;RFWD3;TP53;MAD1L1"
"92","GO:0006996",0.00940847002523362,3.20470588235294,6.45971914264597,12,437,"organelle organization","CENPE;DAZL;DMRT1;DICER1;KIT;RFWD3;ATF7IP;BAK1;PRDM14;TERT;TP53;MAD1L1"
"93","GO:0007093",0.00954043080463416,8.22478991596639,0.458240946045824,3,31,"mitotic cell cycle checkpoint","RFWD3;TP53;MAD1L1"
