"","GOCCID","Pvalue","OddsRatio","ExpCount","Count","Size","Term","Symbols"
"1","GO:0035861",0.00192855033420044,50.4814814814815,0.0721500721500721,2,5,"site of double-strand break","RFWD3;TP53"
"2","GO:0005737",0.00448246701086798,9.08874458874459,13.6075036075036,19,943,"cytoplasm","CENPE;DAZL;DMRT1;DICER1;HPGDS;FAS;KIT;KITLG;PITX1;RFWD3;ATF7IP;BAK1;TERT;TP53;UCK2;MAD1L1;MCM3AP;LIPG;SLC25A44"
"3","GO:0072686",0.00526100354879385,25.1851851851852,0.115440115440115,2,8,"mitotic spindle","CENPE;MAD1L1"
"4","GO:0016605",0.00541037696887407,10.304347826087,0.375180375180375,3,26,"PML body","RFWD3;TERT;TP53"
"5","GO:0044429",0.00547025221006026,6.86458333333333,0.75036075036075,4,52,"mitochondrial part","BAK1;TERT;TP53;SLC25A44"
"6","GO:0005643",0.00830973186411835,18.8611111111111,0.144300144300144,2,10,"nuclear pore","MAD1L1;MCM3AP"
